date,text_for_sentiment,title,url,domain,language,sourcecountry,text_length,word_count,sentiment_positive,sentiment_negative,sentiment_neutral,sentiment_score,sentiment_label
2024-12-26,Rusia utilizează Bitcoin pentru plăți internaționale !,Rusia utilizează Bitcoin pentru plăți internaționale ! ,https://romanialibera.ro/la-zi/rusia-printre-liderii-globali-in-productia-criptomonedelor-metoda-de-a-evita-sanctiunile-occidentale/,romanialibera.ro,Romanian,Romania,54,7,0.0921719074249267,0.0184656474739313,0.8893624544143677,0.0737062599509954,neutral
2024-12-27,Bitcoin ( BTC ) Institutional Adoption Accelerates as ETF Filings Show Investor Appetite,Bitcoin ( BTC ) Institutional Adoption Accelerates as ETF Filings Show Investor Appetite,https://www.coindesk.com/markets/2024/12/27/bitcoin-institutional-adoption-accelerates-as-etf-filings-show-investor-appetite,coindesk.com,English,United States,88,13,0.9411608576774596,0.029001684859395,0.0298374705016613,0.9121591728180648,positive
2024-12-28,Bitcoin To End 2024 On A High Note ? This Level Is Key,Bitcoin To End 2024 On A High Note ? This Level Is Key,https://www.newsbtc.com/news/bitcoin/is-bitcoin-ending-2024-on-a-high-note-analysts-say-this-level-is-key/,newsbtc.com,English,United States,54,13,0.133538007736206,0.0198862887918949,0.8465757369995117,0.1136517189443111,positive
2024-12-29,Valkyrie Bitcoin Fund ( NASDAQ : BRRR ) Sees Large Drop in Short Interest,Valkyrie Bitcoin Fund ( NASDAQ : BRRR ) Sees Large Drop in Short Interest,https://theenterpriseleader.com/2024/12/28/valkyrie-bitcoin-fund-nasdaqbrrr-sees-large-drop-in-short-interest-2.html,theenterpriseleader.com,English,United States,73,14,0.0485652089118957,0.9365370273590088,0.0148977153003215,-0.887971818447113,negative
2024-12-30,$18 billion in Bitcoin and Ethereum options expire today : Market braces for big moves,$18 billion in Bitcoin and Ethereum options expire today : Market braces for big moves,https://www.fxstreet.com/cryptocurrencies/news/18-billion-in-bitcoin-and-ethereum-options-expire-today-market-braces-for-big-moves-202412271055,fxstreet.com,English,China,86,15,0.1321050226688385,0.1540490835905075,0.7138459086418152,-0.021944060921669,neutral
2024-12-31,Can Bitcoin as Legal Tender Reshape a Nation Economy ? Lessons from El Salvador,Can Bitcoin as Legal Tender Reshape a Nation Economy ? Lessons from El Salvador,https://www.benzinga.com/markets/cryptocurrency/24/12/42740881/can-bitcoin-as-legal-tender-reshape-a-nations-economy-lessons-from-el-salvador,benzinga.com,English,United States,79,14,0.1108966767787933,0.0177648495882749,0.8713384866714478,0.0931318271905183,neutral
2025-01-01,3 Reasons Bitcoin Is a Must - Buy for Long - Term Investors,3 Reasons Bitcoin Is a Must - Buy for Long - Term Investors,https://www.fool.com/investing/2025/01/01/3-reasons-bitcoin-must-buy-long-term-investors/?source=iedfolrf0000001,fool.com,English,United States,59,13,0.1280387043952942,0.0194382816553115,0.8525229692459106,0.1086004227399826,positive
2025-01-02,Buckle Up Elon Musk X CEO Quietly Confirmed A 2025 Bitcoin And Crypto Price Bombshell,  Buckle Up  Elon Musk X CEO Quietly Confirmed A 2025 Bitcoin And Crypto Price Bombshell,https://www.forbes.com/sites/digital-assets/2025/01/02/buckle-up-elon-musks-x-ceo-quietly-confirmed-a-2025-bitcoin-and-crypto-price-bombshell/,forbes.com,English,United States,85,15,0.123584046959877,0.045941237360239,0.8304746747016907,0.0776428095996379,neutral
2025-01-03,Bitcoin on the Brink : U . S . Plans for a Strategic Reserve Spark Market Frenzy,Bitcoin on the Brink : U . S . Plans for a Strategic Reserve Spark Market Frenzy,http://www.econotimes.com/Bitcoin-on-the-Brink-US-Plans-for-a-Strategic-Reserve-Spark-Market-Frenzy-1698413,econotimes.com,English,United States,80,17,0.1563328355550766,0.3259362578392029,0.5177309513092041,-0.1696034222841262,negative
2025-01-04,Blockstream Celebrates Bitcoin with Jade Plus Wallet Launch,Blockstream Celebrates Bitcoin with Jade Plus Wallet Launch,https://www.coinspeaker.com/blockstream-celebrates-bitcoin-with-jade-plus-wallet-launch/,coinspeaker.com,English,United States,59,8,0.6271745562553406,0.0100148394703865,0.3628105223178863,0.6171597167849541,positive
2025-01-05,Crypto Analyst Says Bitcoin Price At A Critical Point,Crypto Analyst Says Bitcoin Price At A  Critical Point  ,https://www.newsbtc.com/news/bitcoin/crypto-analyst-says-bitcoin-price-at-a-critical-point-whats-happening/,newsbtc.com,English,United States,53,9,0.7516115307807922,0.0367932990193367,0.2115951478481292,0.7148182317614555,positive
2025-01-06,Bitcoin yeniden 100 bin dolar sınırına yükseldi,Bitcoin yeniden 100 bin dolar sınırına yükseldi,https://ekonomi.haber7.com/ekonomi/haber/3493931-bitcoin-yeniden-100-bin-dolar-sinirina-yukseldi,ekonomi.haber7.com,Turkish,Turkey,47,7,0.0813729614019393,0.0134649174287915,0.9051620960235596,0.0679080439731478,neutral
2025-01-07,Bitcoin 102 bin doların üzerini gördü,Bitcoin 102 bin doların üzerini gördü,https://ekonomi.haber7.com/ekonomi/haber/3494204-bitcoin-102-bin-dolarin-uzerini-gordu,ekonomi.haber7.com,Turkish,Turkey,37,6,0.0783344209194183,0.0150925191119313,0.9065729975700378,0.063241901807487,neutral
2025-01-08,Cathie Wood Tuesday Double Dump : Ark Invest Trims Both Palantir And Bitcoin ETF Holdings - ARK 21Shares Bitcoin ETF Common Shares of Beneficial Interests ( BATS : ARKB ),Cathie Wood Tuesday Double Dump : Ark Invest Trims Both Palantir And Bitcoin ETF Holdings - ARK 21Shares Bitcoin ETF Common Shares of Beneficial Interests ( BATS : ARKB ) ,https://www.benzinga.com/25/01/42865484/cathie-woods-tuesday-double-dump-ark-invest-trims-both-palantir-and-bitcoin-etf-holdings,benzinga.com,English,United States,170,30,0.1853459626436233,0.0885430127382278,0.7261109948158264,0.0968029499053955,neutral
2025-01-09,On - Chain AI Platform Atua AI ( TUA ) Advances Decentralized Tools With BTC Integration,On - Chain AI Platform Atua AI ( TUA ) Advances Decentralized Tools With BTC Integration,https://menafn.com/1109071115/On-Chain-AI-Platform-Atua-AI-TUA-Advances-Decentralized-Tools-With-BTC-Integration,menafn.com,English,Qatar,88,16,0.4550739526748657,0.0074471575208008,0.5374788641929626,0.4476267951540649,positive
2025-01-10,"Bitcoin ( BTC ) Chart Registers 14 Green Hourly Candles , Longest Streak Since 2017","Bitcoin ( BTC ) Chart Registers 14 Green Hourly Candles , Longest Streak Since 2017",https://www.coindesk.com/markets/2025/01/10/bitcoin-registers-14-green-hourly-candles-longest-streak-since-2017,coindesk.com,English,United States,83,15,0.1920356452465057,0.2354553937911987,0.5725089907646179,-0.0434197485446929,neutral
2025-01-11,"New Hampshire , North Dakota introduce bills for Strategic Bitcoin Reserve","New Hampshire , North Dakota introduce bills for Strategic Bitcoin Reserve",https://cointelegraph.com/news/new-hampshire-north-dakota-strategic-bitcoin-reserve-bills,cointelegraph.com,English,China,74,11,0.1661365181207656,0.0300502013415098,0.8038132786750793,0.1360863167792558,positive
2025-01-12,Spot Bitcoin ETFs turn 1 - Assessing what done and what next in 2025 - Insurance News,Spot Bitcoin ETFs turn 1 - Assessing what done and what next in 2025 - Insurance News,https://insurancenewsnet.com/oarticle/spot-bitcoin-etfs-turn-1-assessing-whats-done-and-whats-next-in-2025,insurancenewsnet.com,English,United States,85,17,0.0515745989978313,0.0225771646946668,0.9258482456207277,0.0289974343031644,neutral
2025-01-13,"Top 3 Price Prediction Bitcoin , Ethereum , Ripple : BTC and ETH show weakness while XRP remains strong","Top 3 Price Prediction Bitcoin , Ethereum , Ripple : BTC and ETH show weakness while XRP remains strong",https://www.fxstreet.com/cryptocurrencies/news/top-3-price-prediction-bitcoin-ethereum-ripple-btc-and-eth-show-weakness-while-xrp-remains-strong-202501130345,fxstreet.com,English,China,103,19,0.0132354442030191,0.9672271013259888,0.0195374246686697,-0.9539916571229696,negative
2025-01-14,"Tom Lee Forecasts Bitcoin Could Dip To $50K , But Maintains Long - Term Target Of $250K Amid Market Volatility","Tom Lee Forecasts Bitcoin Could Dip To $50K , But Maintains Long - Term Target Of $250K Amid Market Volatility",https://www.benzinga.com/markets/cryptocurrency/25/01/42965795/tom-lee-forecasts-bitcoin-could-dip-to-50k-but-maintains-long-term-target-of-250k-amid-mar,benzinga.com,English,United States,110,20,0.0137060871347785,0.9644628167152404,0.0218311324715614,-0.950756729580462,negative
2025-01-15,Bitcoin yerini alternatiflere mi bırakıyor,Bitcoin yerini alternatiflere mi bırakıyor,https://www.timeturk.com/ekonomi/bitcoin-yerini-alternatiflere-mi-birakiyor-haber-1801826,timeturk.com,Turkish,Turkey,42,5,0.0813143998384475,0.016582066193223,0.9021034836769104,0.0647323336452245,neutral
2025-01-16,"Bitcoin Miners , Quantum Computing Lead Rally : A Look at Wednesday Top 10 Gainers","Bitcoin Miners , Quantum Computing Lead Rally : A Look at Wednesday Top 10 Gainers",https://www.insidermonkey.com/blog/bitcoin-miners-quantum-computing-lead-rally-a-look-at-wednesdays-top-10-gainers-1424708/,insidermonkey.com,English,United States,82,15,0.1059596613049507,0.0167588051408529,0.8772815465927124,0.0892008561640977,neutral
2025-01-17,Giá Bitcoin hôm nay : BTC trở lại mốc 100 . 000 USD,Giá Bitcoin hôm nay : BTC trở lại mốc 100 . 000 USD,https://vnexpress.net/bitcoin-tro-lai-moc-100-000-usd-4840025.html,vnexpress.net,Vietnamese,Vietnam,51,13,0.1180843189358711,0.0135302729904651,0.868385374546051,0.1045540459454059,positive
2025-01-18,"Crypto Liquidations Cross $300 Million As Bitcoin Reclaims $102 , 000","Crypto Liquidations Cross $300 Million As Bitcoin Reclaims $102 , 000",https://www.newsbtc.com/bitcoin-news/crypto-liquidations-320-bitcoin-reclaims-102000/,newsbtc.com,English,United States,69,11,0.1232738494873046,0.609478771686554,0.2672474086284637,-0.4862049221992492,negative
2025-01-19,"Crypto ETFs : Bitcoin Soars Past $104 , 000 On Trump National Priority Plan ; Are Crypto ETFs A Buy Now ?","Crypto ETFs : Bitcoin Soars Past $104 , 000 On Trump  National Priority  Plan ; Are Crypto ETFs A Buy Now ? ",https://www.investors.com/research/crypto-etfs-bitcoin-buy-now-january-2025/,investors.com,English,United States,105,22,0.2267010509967804,0.0223093945533037,0.750989556312561,0.2043916564434766,positive
2025-01-20,Bitcoin Price Stays Above $100K : Calm Before the Next Surge ?,Bitcoin Price Stays Above $100K : Calm Before the Next Surge ? ,https://www.newsbtc.com/analysis/btc/bitcoin-price-stays-above-100k/,newsbtc.com,English,United States,62,12,0.0904605984687805,0.09432303160429,0.8152164220809937,-0.0038624331355094,neutral
2025-01-21,MicroStrategy Bitcoin ( BTC ) Holdings Rise to 461K,MicroStrategy Bitcoin ( BTC ) Holdings Rise to 461K,https://www.coindesk.com/markets/2025/01/21/micro-strategy-added-11-k-bitcoin-for-1-1-b-pushing-holdings-to-461-k-btc,coindesk.com,English,United States,51,9,0.9016491174697876,0.0188770201057195,0.0794737860560417,0.882772097364068,positive
2025-01-22,"Bitcoin Pumps As Trump Grants Full , Unconditional Pardon To Silk Road Ross Ulbricht","Bitcoin Pumps As Trump Grants Full , Unconditional Pardon To Silk Road Ross Ulbricht",https://www.ibtimes.com/bitcoin-pumps-trump-grants-full-unconditional-pardon-silk-roads-ross-ulbricht-3760334,ibtimes.com,English,United States,84,14,0.2386403232812881,0.0635937675833702,0.6977658271789551,0.1750465556979179,positive
2025-01-23,Bitcoin ( BTC ) Neden Dyor ? 23 Ocak 2025,Bitcoin ( BTC ) Neden Dyor ? 23 Ocak 2025,https://www.sporx.com/bitcoin-btc-neden-dusuyor-23-ocak-2025-SXHBQ1079552SXQ,sporx.com,Turkish,Turkey,41,10,0.049182154238224,0.0190835352987051,0.9317343235015868,0.0300986189395189,neutral
2025-01-24,Real Estate Firm Propy Is Rolling Out BTC and ETH - Backed Loans,Real Estate Firm Propy Is Rolling Out BTC and ETH - Backed Loans,https://www.coindesk.com/business/2025/01/24/real-estate-firm-propy-is-rolling-out-crypto-backed-loans-to-buy-houses,coindesk.com,English,United States,64,13,0.3778943717479706,0.0081060379743576,0.6139995455741882,0.369788333773613,positive
2025-01-25,Bitcoin Shark Wallets Set New Record : Bullish Foreshadowing For 2025 ?,Bitcoin Shark Wallets Set New Record : Bullish Foreshadowing For 2025 ? ,https://www.newsbtc.com/bitcoin-news/bitcoin-shark-record-bullish-foreshadowing-2025/,newsbtc.com,English,United States,71,12,0.4351505935192108,0.0233018100261688,0.5415476560592651,0.411848783493042,positive
2025-01-26,Bitcoin Kurs Prognose : Kein schlechtes Setup für ein neues Allzeithoch,Bitcoin Kurs Prognose :  Kein schlechtes Setup für ein neues Allzeithoch  ,https://www.finanzen.net/nachricht/devisen/bitcoin-kurs-prognose-kein-schlechtes-setup-fuer-ein-neues-allzeithoch-14180242,finanzen.net,German,Germany,71,11,0.0889509320259094,0.022148760035634,0.8889002799987793,0.0668021719902753,neutral
2025-01-27,"Bitcoin ( BTC ) oslabil , kvůli děsu z čínské AI krvácí hlavně Nvidia","Bitcoin ( BTC ) oslabil , kvůli děsu z čínské AI krvácí hlavně Nvidia",https://www.e15.cz/kryptomeny/nvidia-kvuli-desu-z-cinske-ai-tezce-krvaci-prisla-o-rekordni-stovky-miliard-dolaru-trzni-hodnoty-1421879,e15.cz,Czech,Czech Republic,69,14,0.1084483712911605,0.013584392145276,0.8779672384262085,0.0948639791458845,neutral
2025-01-28,Bitcoin - Kurs steigt : Aktuelle Preise von Bitcoin & Co .,Bitcoin - Kurs steigt : Aktuelle Preise von Bitcoin & Co . ,https://www.finanzen.net/nachricht/devisen/krypto-marktbericht-bitcoin-auf-erholungskurs-das-sind-die-aktuellen-kurse-von-bitcoin-dogecoin-co-14184927,finanzen.net,German,Germany,58,12,0.0642460957169532,0.0159928612411022,0.919761061668396,0.048253234475851,neutral
2025-01-29,"Bitcoin , Solana , XRP With Strong Month But Challenges Await : Report","Bitcoin , Solana , XRP With Strong Month But Challenges Await : Report",https://www.benzinga.com/markets/cryptocurrency/25/01/43307866/bitcoin-solana-xrp-with-strong-month-but-challenges-await-report,benzinga.com,English,United States,70,13,0.3956273198127746,0.1746539026498794,0.4297187328338623,0.2209734171628952,positive
2025-01-30,"BTC , DOGE , LTC News : Bitcoin Above $105 , 000 as Litecoin Acknowledgment Spurs 14 % Move","BTC , DOGE , LTC News : Bitcoin Above $105 , 000 as Litecoin Acknowledgment Spurs 14 % Move",https://www.coindesk.com/markets/2025/01/30/bitcoin-ada-doge-notch-slight-gains-as-litecoin-etf-filing-spurs-ltc-14-higher,coindesk.com,English,United States,91,19,0.9313940405845642,0.0248445887118577,0.0437613725662231,0.9065494518727064,positive
2025-01-31,"Crypto craze ? What to know before investing in crypto , Bitcoin","Crypto craze ? What to know before investing in crypto , Bitcoin",https://www.abc-7.com/article/what-to-know-before-investing-cryptocurrency-bitcoin/63591861,abc-7.com,English,United States,64,12,0.0351374708116054,0.0258997436612844,0.9389627575874328,0.009237727150321,neutral
2025-02-01,Michael Saylor Featured as The Bitcoin Alchemist on Forbes Cover,Michael Saylor Featured as  The Bitcoin Alchemist  on Forbes Cover,https://article.wn.com/view/2025/02/01/michael_saylor_featured_as_8220the_bitcoin_alchemist_8221_on/,article.wn.com,English,United States,64,10,0.1293641477823257,0.0166214555501937,0.8540144562721252,0.1127426922321319,positive
2025-02-02,Bitcoin Kurs Prognose : Das letzte Mal unter $100k ?,Bitcoin Kurs Prognose : Das letzte Mal unter $100k ? ,https://www.finanzen.ch/nachrichten/devisen/bitcoin-kurs-prognose-das-letzte-mal-unter-$100k-1034299177,finanzen.ch,German,Switzerland,52,10,0.1088156774640083,0.0267589539289474,0.8644254207611084,0.0820567235350608,neutral
2025-02-03,"Piyasalarda Deprem : Dolar 36 TLyi Aştı , Bitcoin Çakıldı , Gram Altın Rekor Tazeledi","Piyasalarda Deprem : Dolar 36 TLyi Aştı , Bitcoin Çakıldı , Gram Altın Rekor Tazeledi",http://onedio.com/haber/piyasalarda-deprem-dolar-36-tl-yi-asti-bitcoin-cakildi-gram-altin-rekor-tazeledi-1273488,onedio.com,Turkish,Turkey,85,15,0.1179430410265922,0.0166201554238796,0.8654367923736572,0.1013228856027126,positive
2025-02-04,Beyaz Saray Kripto Para Çalışma Grubuyla Bitcoin Rezervini İnceleyecek,Beyaz Saray Kripto Para Çalışma Grubuyla Bitcoin Rezervini İnceleyecek,https://www.haberler.com/ekonomi/beyaz-saray-kripto-para-calisma-grubuyla-bitcoin-rezervini-inceleyecek-18337141-haberi/,haberler.com,Turkish,Turkey,70,9,0.1034524068236351,0.0139753790572285,0.8825722336769104,0.0894770277664065,neutral
2025-02-05,"Walton County woman loses $129 , 500 in Bitcoin scam","Walton County woman loses $129 , 500 in Bitcoin scam",https://www.yahoo.com/news/walton-county-woman-loses-129-235832320.html,yahoo.com,English,United States,52,10,0.0137336179614067,0.9422901272773744,0.0439761988818645,-0.9285565093159676,negative
2025-02-06,Bitcoin ( BTC ) Price Edges Up Toward $98K Following Eric Trump Great Time to Enter BTC Statement,Bitcoin ( BTC ) Price Edges Up Toward $98K Following Eric Trump  Great Time to Enter BTC  Statement,https://www.coindesk.com/markets/2025/02/06/bitcoin-edges-near-usd98k-as-eric-trump-pushes-world-liberty-financial-to-make-bitcoin-investment,coindesk.com,English,United States,97,18,0.9440054297447203,0.0225012768059968,0.03349319845438,0.9215041529387236,positive
2025-02-07,"Incertitudinea învăluie industria criptomonedelor după anunțul tarifelor lui Trump . Evoluția Bitcoin , între un nou maxim și o corecție de piață ( analiză )","Incertitudinea învăluie industria criptomonedelor după anunțul tarifelor lui Trump . Evoluția Bitcoin , între un nou maxim și o corecție de piață ( analiză ) ",https://www.stiripesurse.ro/incertitudinea-invaluie-industria-criptomonedelor-dupa-anuntul-tarifelor-lui-trump-evolutia-bitcoin-intre-un-nou-maxim-si-o-corectie-de-piata-analiza_3574663.html,stiripesurse.ro,Romanian,Romania,157,25,0.2223782837390899,0.0136189311742782,0.7640027403831482,0.2087593525648117,positive
2025-02-08,Bitcoin treasury strategy draws interest from more and more companies ( BTC - USD : Cryptocurrency ),Bitcoin treasury strategy draws interest from more and more companies ( BTC - USD : Cryptocurrency ) ,https://seekingalpha.com/news/4405266-bitcoin-treasury-strategy-draws-interest-from-more-and-more-companies,seekingalpha.com,English,United States,100,17,0.3627329766750335,0.0094571337103843,0.6278098225593567,0.3532758429646492,positive
2025-02-09,"Bitcoin Price Holds Above $96 , 000 Analyst Explains This Level Significance","Bitcoin Price Holds Above $96 , 000 Analyst Explains This Level Significance",https://www.newsbtc.com/news/bitcoin/bitcoin-price-holds-above-96000-analyst-explains/,newsbtc.com,English,United States,76,12,0.141701340675354,0.0154987853020429,0.8427999019622803,0.126202555373311,positive
2025-02-10,"Cryptocurrencies Price Prediction : Bitcoin , Litecoin & Crypto – European Wrap 10 February","Cryptocurrencies Price Prediction : Bitcoin , Litecoin & Crypto – European Wrap 10 February",https://www.fxstreet.com/cryptocurrencies/news/cryptocurrencies-price-prediction-bitcoin-litecoin-crypto-european-wrap-10-february-202502101218,fxstreet.com,English,China,91,14,0.0362593606114387,0.023557536303997,0.9401831030845642,0.0127018243074417,neutral
2025-02-11,"Bitcoin Billion - Dollar Ballet : MicroStrategy Bold Move , Whale Migrations , and Price Targets","Bitcoin Billion - Dollar Ballet : MicroStrategy Bold Move , Whale Migrations , and Price Targets",http://www.econotimes.com/Bitcoins-Billion-Dollar-Ballet-MicroStrategys-Bold-Move-Whale-Migrations-and-Price-Targets-1701683,econotimes.com,English,United States,96,16,0.0654260590672493,0.0167349074035882,0.917838990688324,0.048691151663661,neutral
2025-02-12,Giá Bitcoin hôm nay : Trường đại học và quỹ từ thiện đua nhau nhảy vào BTC,Giá Bitcoin hôm nay : Trường đại học và quỹ từ thiện đua nhau nhảy vào BTC,https://vnexpress.net/gia-bitcoin-hom-nay-truong-dai-hoc-va-quy-tu-thien-dua-nhau-nhay-vao-btc-4848522.html,vnexpress.net,Vietnamese,Vietnam,74,17,0.0499996952712535,0.0386141799390316,0.9113861918449402,0.0113855153322219,neutral
2025-02-13,Bitcoin Pepe ( BPEP ) Presale Raises Over $1 . 4M Within 24 Hours,Bitcoin Pepe ( BPEP ) Presale Raises Over $1 . 4M Within 24 Hours,https://www.banklesstimes.com/articles/2025/02/13/bitcoin-pepe-bpep-presale-raises-over-1-4m-within-24-hours/,banklesstimes.com,English,United States,65,14,0.903409779071808,0.0114092715084552,0.0851809456944465,0.8920005075633526,positive
2025-02-14,Plasma Backed By Peter Theil And Tether Paolo Ardoino Raises $20M To Develop Bitcoin - Based Stablecoin Network,Plasma Backed By Peter Theil And Tether Paolo Ardoino Raises $20M To Develop Bitcoin - Based Stablecoin Network,https://www.benzinga.com/markets/cryptocurrency/25/02/43723477/billionaire-peter-theil-backed-crypto-startup-plasma-raises-20m-to-develop-bitcoin-based-s,benzinga.com,English,United States,111,18,0.8104737401008606,0.0075380015186965,0.1819882690906524,0.802935738582164,positive
2025-02-15,MSTR Could Be Eligible for S & P 500 Inclusion in June if BTC Closes Q1 Above $96K,MSTR Could Be Eligible for S & P 500 Inclusion in June if BTC Closes Q1 Above $96K,https://www.coindesk.com/markets/2025/02/15/strategy-could-be-eligible-for-s-and-p-500-inclusion-in-june-if-bitcoin-closes-q1-above-usd96k,coindesk.com,English,United States,82,18,0.3032711148262024,0.016736889258027,0.6799920201301575,0.2865342255681753,positive
2025-02-16,Man in yearslong battle to retrieve lost Bitcoin hard drive worth around $800 million offers to buy landfill,Man in yearslong battle to retrieve lost Bitcoin hard drive worth around $800 million offers to buy landfill,https://www.fox4news.com/news/man-yearslong-battle-retrieve-lost-bitcoin-hard-drive-worth-around-800-million-offers-buy-landfill,fox4news.com,English,United States,108,18,0.1888481676578521,0.0147040970623493,0.79644775390625,0.1741440705955028,positive
2025-02-17,Jerome Powell acknowledges Bitcoin as Digital Gold - Baby steps ... - Insurance News,Jerome Powell acknowledges Bitcoin as  Digital Gold  -  Baby steps ... - Insurance News,https://insurancenewsnet.com/oarticle/jerome-powell-acknowledges-bitcoin-as-digital-gold-baby-steps,insurancenewsnet.com,English,United States,84,14,0.4022467732429504,0.0091746971011161,0.5885785818099976,0.3930720761418342,positive
2025-02-18,Bitcoin Miner HIVE Names Former Apple Exec to Lead Cloud Unit in $100 Million Push,Bitcoin Miner HIVE Names Former Apple Exec to Lead Cloud Unit in $100 Million Push,https://article.wn.com/view/2025/02/18/Bitcoin_Miner_HIVE_Names_Former_Apple_Exec_to_Lead_Cloud_Uni/,article.wn.com,English,United States,82,15,0.1153423860669136,0.00998080894351,0.8746768236160278,0.1053615771234035,positive
2025-02-19,Howmet Aerospace Inc . ( HWM ): Among S & P 500 Stocks That Outperformed Bitcoin in 2024,Howmet Aerospace Inc . ( HWM ): Among S & P 500 Stocks That Outperformed Bitcoin in 2024,https://www.insidermonkey.com/blog/howmet-aerospace-inc-hwm-among-sp-500-stocks-that-outperformed-bitcoin-in-2024-1456981/,insidermonkey.com,English,United States,88,18,0.8025956153869629,0.1014618203043937,0.0959425270557403,0.7011337950825691,positive
2025-02-20,Bitcoin News Today : Whale Accumulation Sends BTC Above to 97K,Bitcoin News Today : Whale Accumulation Sends BTC Above to 97K,https://www.finanznachrichten.de/nachrichten-2025-02/64616220-bitcoin-news-today-whale-accumulation-sends-btc-above-to-97k-is-100k-the-next-stop-385.htm,finanznachrichten.de,English,Germany,62,11,0.908636748790741,0.0217529740184545,0.0696102827787399,0.8868837747722864,positive
2025-02-21,"Bank Of Montreal Expands Offerings With New ETNs , Bitcoin Bet - Bank Of Montreal MicroSectors U . S . Big Banks 3 Leveraged ETNs due February 17 , 2045 ( ARCA : BNKU ), Bank Of Montreal MicroSectors U . S . Big Banks - 3 Inverse Leveraged ETNs due F...","Bank Of Montreal Expands Offerings With New ETNs , Bitcoin Bet - Bank Of Montreal MicroSectors U . S . Big Banks 3 Leveraged ETNs due February 17 , 2045 ( ARCA : BNKU ), Bank Of Montreal MicroSectors U . S . Big Banks - 3 Inverse Leveraged ETNs due F...",https://www.benzinga.com/etfs/new-etfs/25/02/43894083/bank-of-montreal-expands-investment-offerings-with-new-etns-bitcoin-bet,benzinga.com,English,United States,253,52,0.6879812479019165,0.0096887107938528,0.3023300766944885,0.6782925371080637,positive
2025-02-22,Early Bitcoin Investor Sentenced To Prison For Tax Evasion On $3 . 7 Million BTC Sale,Early Bitcoin Investor Sentenced To Prison For Tax Evasion On $3 . 7 Million BTC Sale,https://bitcoinmagazine.com/legal/early-bitcoin-investor-sentenced-to-prison-for-tax-evasion-on-3-7-million-btc-sale,bitcoinmagazine.com,English,United States,85,16,0.0706110075116157,0.7302746176719666,0.1991144269704818,-0.6596636101603508,negative
2025-02-23,Why Bitcoin Will NOT Replace the US Dollar,Why Bitcoin Will NOT Replace the US Dollar,https://www.investing.com/analysis/why-bitcoin-will-not-replace-the-us-dollar-200657512,investing.com,English,United States,42,8,0.046437319368124,0.0284345559775829,0.9251280426979064,0.018002763390541,neutral
2025-02-24,Bitcoin Is Just Getting Started Mathematician Predicts A Massive Future,Bitcoin Is Just Getting Started Mathematician Predicts A Massive Future,https://article.wn.com/view/2025/02/24/Bitcoin_Is_Just_Getting_Started_Mathematician_Predicts_A_Mas/,article.wn.com,English,United States,71,10,0.4127856194972992,0.0231245011091232,0.5640898942947388,0.3896611183881759,positive
2025-02-25,"Bitcoin reels below $90 , 000 , global market jitters combine with Bybit hack","Bitcoin reels below $90 , 000 , global market jitters combine with Bybit hack",https://www.marketscreener.com/quote/cryptocurrency/BITCOIN-BTC-USD-45553945/news/Bitcoin-reels-below-90-000-global-market-jitters-combine-with-Bybit-hack-49151951/,marketscreener.com,English,,77,14,0.0245492327958345,0.922520101070404,0.0529305972158908,-0.8979708682745695,negative
2025-02-26,Compass Mining Expands with 20 MW Hydro - Cooled Bitcoin Mining Facility in North Dakota,Compass Mining Expands with 20 MW Hydro - Cooled Bitcoin Mining Facility in North Dakota,https://www.manilatimes.net/2025/02/26/tmt-newswire/pr-newswire/compass-mining-expands-with-20-mw-hydro-cooled-bitcoin-mining-facility-in-north-dakota/2063238,manilatimes.net,English,Philippines,88,15,0.5655221939086914,0.0092200050130486,0.4252577424049377,0.5563021888956428,positive
2025-02-27,"Bitcoin , Ethereum , Dogecoin Plunge Deeper On Trump Tariff Threats : Analyst Hopeful BTC Will Touch $93 , 500 In Relief Rally - Grayscale Bitcoin Mini Trust ( BTC ) Common units of fractional undivided beneficial interest ( ARCA : BTC )","Bitcoin , Ethereum , Dogecoin Plunge Deeper On Trump Tariff Threats : Analyst Hopeful BTC Will Touch $93 , 500 In Relief Rally - Grayscale Bitcoin Mini Trust ( BTC ) Common units of fractional undivided beneficial interest ( ARCA : BTC ) ",https://www.benzinga.com/trading-ideas/movers/25/02/43996033/bitcoin-ethereum-dogecoin-plunge-deeper-on-trumps-tariff-threats-analyst-hopeful-btc-will-touch-93500-in-relief-rally,benzinga.com,English,United States,237,43,0.7889786958694458,0.0360260307788848,0.1749952882528305,0.7529526650905609,positive
2025-02-28,Bitcoin slides more than 5 % to lowest since November 11,Bitcoin slides more than 5 % to lowest since November 11,https://www.aol.com/bitcoin-slides-more-5-lowest-025610442.html,aol.com,English,United States,56,11,0.0087136104702949,0.9654810428619384,0.0258054137229919,-0.9567674323916436,negative
2025-03-01,"As the price of bitcoin falls , you can leverage this tax loophole , experts say – NBC10 Philadelphia","As the price of bitcoin falls , you can leverage this tax  loophole , experts say – NBC10 Philadelphia",https://www.nbcphiladelphia.com/news/business/money-report/as-the-price-of-bitcoin-falls-you-can-leverage-this-tax-loophole-experts-say/4122008/,nbcphiladelphia.com,English,United States,101,19,0.1724522858858108,0.0234244521707296,0.8041232228279114,0.1490278337150812,positive
2025-03-02,"Bitcoin ve altcoinlerde sert yükseliş ! Trump , kripto rezervini açıkladı","Bitcoin ve altcoinlerde sert yükseliş ! Trump , kripto rezervini açıkladı",https://www.f5haber.com/ekonomi/bitcoin-ve-altcoinlerde-sert-yukselis-trump-kripto-rezervini-acikladi-6749424,f5haber.com,Turkish,Turkey,73,11,0.0933251529932022,0.0175080392509698,0.8891668319702148,0.0758171137422323,neutral
2025-03-03,Bitcoin up over 20 % after Trump flags cryptocurrency reserve,Bitcoin up over 20 % after Trump flags cryptocurrency reserve,https://www.dailysabah.com/business/economy/bitcoin-up-over-20-after-trump-flags-cryptocurrency-reserve,dailysabah.com,English,Turkey,61,10,0.9359209537506104,0.0227033402770757,0.0413756482303142,0.9132176134735346,positive
2025-03-04,Bitcoin Sellers Incur Loss As SOPR Drops To 0 . 95 – A Sign Of Market Bottom ?,Bitcoin Sellers Incur Loss As SOPR Drops To 0 . 95 – A Sign Of Market Bottom ? ,https://www.newsbtc.com/bitcoin-news/bitcoin-sellers-incur-loss-as-sopr-drops-to-0-95-a-sign-of-market-bottom/,newsbtc.com,English,United States,78,18,0.011515405960381,0.965215504169464,0.0232691187411546,-0.9537000982090832,negative
2025-03-05,Bitcoin Was Down 16 % in 30 Days . Here Why I Bought More .,Bitcoin Was Down 16 % in 30 Days . Here Why I Bought More . ,https://www.fool.com/investing/2025/03/04/bitcoin-is-down-18-in-30-days-heres-why-im-buying/?source=iedfolrf0000001,fool.com,English,United States,59,15,0.0122480690479278,0.9403790235519408,0.0473729036748409,-0.9281309545040132,negative
2025-03-06,"Bitcoin News : Krypto - Gipfel treibt Kurs an - BTCBULL schon über 3 , 25 Mio . $","Bitcoin News : Krypto - Gipfel treibt Kurs an - BTCBULL schon über 3 , 25 Mio . $",https://www.finanzen.net/nachricht/devisen/bitcoin-news-krypto-gipfel-treibt-kurs-an-btcbull-schon-ueber-3-25-mio-14296521,finanzen.net,German,Germany,81,19,0.143605038523674,0.0160176027566194,0.8403773307800293,0.1275874357670545,positive
2025-03-07,Trump Was Seen as the Crypto King MAGA Bitcoin Dream is Breaking Apart,Trump Was Seen as the  Crypto King  MAGA Bitcoin Dream is Breaking Apart,https://www.newsweek.com/trump-maga-bitcoin-dream-breaking-apart-2040061,newsweek.com,English,United States,70,13,0.1353924870491027,0.0405760891735553,0.8240314722061157,0.0948163978755474,neutral
2025-03-08,Bitcoin boom,Bitcoin boom,https://www.thenews.com.pk/print/1289691-bitcoin-boom,thenews.com.pk,English,Pakistan,12,2,0.0241414122283458,0.0350955128669738,0.9407631158828736,-0.010954100638628,neutral
2025-03-09,Franklin Bitcoin ETF ( BATS : EZBC ) Trading Down 1 . 6 % – Time to Sell ?,Franklin Bitcoin ETF ( BATS : EZBC ) Trading Down 1 . 6 % – Time to Sell ? ,https://www.wkrb13.com/2025/03/09/franklin-bitcoin-etf-batsezbc-trading-down-1-6-time-to-sell.html,wkrb13.com,English,United States,74,19,0.0092749698087573,0.9678626656532288,0.0228622946888208,-0.9585876958444716,negative
2025-03-10,Trump Has Delivered A Bitcoin Reserve And Digital Asset Stockpile – Why Are Crypto Users Upset ?,Trump Has Delivered A Bitcoin Reserve And Digital Asset Stockpile – Why Are Crypto Users Upset ? ,https://www.ibtimes.com/trump-has-delivered-bitcoin-reserve-digital-asset-stockpile-why-are-crypto-users-upset-3765759,ibtimes.com,English,United States,96,17,0.0474710166454315,0.3618986308574676,0.5906303524971008,-0.3144276142120361,negative
2025-03-11,Giá Bitcoin trượt dài,Giá Bitcoin trượt dài,https://vtv.vn/kinh-te/gia-bitcoin-truot-dai-20250311134117549.htm,vtv.vn,Vietnamese,Vietnam,21,4,0.0645415931940078,0.0408061631023883,0.8946521878242493,0.0237354300916194,neutral
2025-03-12,Ünlü analistten bitcoin uyarısı : Alım için doğru zaman mı ?,Ünlü analistten bitcoin uyarısı : Alım için doğru zaman mı ? ,"https://t24.com.tr/haber/unlu-analistten-bitcoin-uyarisi-alim-icin-dogru-zaman-mi,1225278",t24.com.tr,Turkish,Turkey,60,11,0.0718587562441825,0.0184119790792465,0.9097292423248292,0.053446777164936,neutral
2025-03-13,"Bitcoin Miners Ride The BTC Boom , But Costs Tell A Different Story : JPMorgan Analyst - IREN ( NASDAQ : IREN ), MARA Holdings ( NASDAQ : MARA ), Riot Platforms ( NASDAQ : RIOT )","Bitcoin Miners Ride The BTC Boom , But Costs Tell A Different Story : JPMorgan Analyst - IREN ( NASDAQ : IREN ), MARA Holdings ( NASDAQ : MARA ), Riot Platforms ( NASDAQ : RIOT ) ",https://www.benzinga.com/25/03/44301936/bitcoin-miners-ride-the-btc-boom-but-costs-tell-a-different-story-jpmorgan,benzinga.com,English,United States,178,37,0.0281419493257999,0.0263374652713537,0.9455206394195556,0.0018044840544462,neutral
2025-03-14,Bitcoin Cash ( BCH ) One Day Trading Volume Hits $264 . 68 Million,Bitcoin Cash ( BCH ) One Day Trading Volume Hits $264 . 68 Million,https://www.dailypolitical.com/2025/03/14/bitcoin-cash-bch-one-day-trading-volume-hits-264-68-million.html,dailypolitical.com,English,United States,66,14,0.3096643090248108,0.0377901419997215,0.6525455117225647,0.2718741670250892,positive
2025-03-15,Ethereum Struggles Below $2K as Bitcoin Recovers Will ETH Catch Up ?,Ethereum Struggles Below $2K as Bitcoin Recovers Will ETH Catch Up ? ,https://www.newsbtc.com/news/ethereum/ethereum-struggles-below-2k-as-bitcoin-recovers-will-eth-catch-up/,newsbtc.com,English,United States,68,12,0.4518486559391022,0.2985447347164154,0.2496066689491272,0.1533039212226867,positive
2025-03-16,What if the Market Crashes ? Bitcoin vs . XRP,What if the Market Crashes ? Bitcoin vs . XRP,https://www.fool.com/investing/2025/03/16/if-the-market-crashes-should-you-buy-bitcoin-or-xr/?source=iedfolrf0000001,fool.com,English,United States,45,10,0.0292226281017065,0.739213228225708,0.2315641045570373,-0.7099906001240015,negative
2025-03-17,Ngân hàng Hàn Quốc công khai quan điểm về đồng Bitcoin,Ngân hàng Hàn Quốc công khai quan điểm về đồng Bitcoin,https://www.baogiaothong.vn/ngan-hang-han-quoc-cong-khai-quan-diem-ve-dong-bitcoin-192250317002140598.htm,baogiaothong.vn,Vietnamese,Vietnam,54,11,0.0520220100879669,0.0533937737345695,0.8945842981338501,-0.0013717636466026,neutral
2025-03-18,"Bitcoin Price Set For Reversal To $130 , 000 After Forming Major Cup And Handle Support","Bitcoin Price Set For Reversal To $130 , 000 After Forming Major Cup And Handle Support",https://article.wn.com/view/2025/03/18/Bitcoin_Price_Set_For_Reversal_To_130000_After_Forming_Major_z/,article.wn.com,English,United States,87,16,0.2989389598369598,0.0330547988414764,0.668006181716919,0.2658841609954834,positive
2025-03-19,Tom Emmer says 1M Bitcoin reserve will be enacted under current Congress,Tom Emmer says 1M Bitcoin reserve will be enacted under current Congress,https://article.wn.com/view/2025/03/19/Tom_Emmer_says_1M_Bitcoin_reserve_will_be_enacted_under_curr/,article.wn.com,English,United States,72,12,0.1966222673654556,0.0091541623696684,0.7942235469818115,0.1874681049957871,positive
2025-03-20,Bitcoin - Backed Borrowing ? Gibraltar Bank Rolls Out $1 Million Loans,Bitcoin - Backed Borrowing ? Gibraltar Bank Rolls Out $1 Million Loans,https://article.wn.com/view/2025/03/20/BitcoinBacked_Borrowing_Gibraltar_Bank_Rolls_Out_1_Million_L/,article.wn.com,English,United States,70,12,0.0707254484295845,0.016633378341794,0.912641167640686,0.0540920700877904,neutral
2025-03-21,Bitcoin : Institutional Adoption and Market Reactions,Bitcoin : Institutional Adoption and Market Reactions,https://article.wn.com/view/2025/03/21/Bitcoin_Institutional_Adoption_and_Market_Reactions/,article.wn.com,English,United States,53,7,0.0607426390051841,0.0143296252936124,0.9249277114868164,0.0464130137115716,neutral
2025-03-22,Binance Stablecoin Hoard Hints at Bitcoin Rally as Market Cap Hits $230 Billion : Why So ?,Binance Stablecoin Hoard Hints at Bitcoin Rally as Market Cap Hits $230 Billion : Why So ? ,https://article.wn.com/view/2025/03/22/Binance_Stablecoin_Hoard_Hints_at_Bitcoin_Rally_as_Market_Ca/,article.wn.com,English,United States,90,17,0.3178439438343048,0.066609226167202,0.6155468225479126,0.2512347176671028,positive
2025-03-23,"Stevens Capital Management LP Sells 203 , 297 Shares of iShares Bitcoin Trust ( NASDAQ : IBIT )","Stevens Capital Management LP Sells 203 , 297 Shares of iShares Bitcoin Trust ( NASDAQ : IBIT ) ",https://www.dailypolitical.com/2025/03/23/stevens-capital-management-lp-sells-203297-shares-of-ishares-bitcoin-trust-nasdaqibit.html,dailypolitical.com,English,United States,95,18,0.047400314360857,0.0156505052000284,0.9369491934776306,0.0317498091608285,neutral
2025-03-24,Bitcoin Maximalist Says Gold Stablecoins Will Overtake USD - pegged Rivals,Bitcoin Maximalist Says Gold Stablecoins Will Overtake USD - pegged Rivals,https://www.greenbot.com/gold-stablecoins-will-overtake-rivals/,greenbot.com,English,United States,74,11,0.9228702187538148,0.0108871944248676,0.0662426203489303,0.9119830243289472,positive
2025-03-25,BlackRock ( BLK ) to List Bitcoin Exchange - Traded Product ETP in Europe,BlackRock ( BLK ) to List Bitcoin Exchange - Traded Product ETP in Europe,https://www.coindesk.com/markets/2025/03/25/blackrock-to-list-bitcoin-etp-in-europe-in-first-crypto-foray-outside-u-s,coindesk.com,English,United States,73,14,0.0388853922486305,0.0146585777401924,0.946456015110016,0.0242268145084381,neutral
2025-03-26,GameStop Board Unanimously Approves Bitcoin As Treasury Reserve Asset,GameStop Board Unanimously Approves Bitcoin As Treasury Reserve Asset,https://www.newsbtc.com/bitcoin-news/gamestop-board-unanimously-approves-bitcoin-as-treasury-reserve-asset/,newsbtc.com,English,United States,69,9,0.1948426067829132,0.0148794231936335,0.7902779579162598,0.1799631835892796,positive
2025-03-27,GameStop ( GME ) to Borrow $1 . 3 Billion to Fund Bitcoin Buying Spree,GameStop ( GME ) to Borrow $1 . 3 Billion to Fund Bitcoin Buying Spree,https://www.bloomberg.com/news/articles/2025-03-26/gamestop-to-borrow-1-3-billion-to-fund-bitcoin-buying-spree,bloomberg.com,English,United States,70,15,0.4277495741844177,0.0125856259837746,0.559664785861969,0.415163948200643,positive
2025-03-28,"Why Bitcoin , Ethereum , and Dogecoin Plunged Today","Why Bitcoin , Ethereum , and Dogecoin Plunged Today",https://www.fool.com/investing/2025/03/28/why-bitcoin-ethereum-and-dogecoin-plunged-today/?source=iedfolrf0000001,fool.com,English,United States,51,9,0.0603405088186264,0.2550810277462005,0.6845784783363342,-0.1947405189275741,negative
2025-03-29,"Bitcoin Price Slips Under $84 , 000 Key Support Levels To Watch","Bitcoin Price Slips Under $84 , 000 Key Support Levels To Watch",https://www.newsbtc.com/news/bitcoin/bitcoin-price-slips-under-84000-here-supporte/,newsbtc.com,English,United States,63,12,0.1180132627487182,0.468359500169754,0.4136272668838501,-0.3503462374210357,negative
2025-03-30,Bitcoin Kurs Prognose : Diese beiden Gründe sprechen für ein neues Allzeithoch,Bitcoin Kurs Prognose : Diese beiden Gründe sprechen für ein neues Allzeithoch,https://www.finanzen.net/nachricht/devisen/bitcoin-kurs-prognose-diese-beiden-gruende-sprechen-fuer-ein-neues-allzeithoch-14354390,finanzen.net,German,Germany,78,12,0.0790474638342857,0.0198563560843467,0.9010961651802064,0.0591911077499389,neutral
2025-03-31,"If You Only Buy 1 Cryptocurrency This Year , Make It Bitcoin","If You Only Buy 1 Cryptocurrency This Year , Make It Bitcoin",https://www.fool.com/investing/2025/03/31/if-you-only-buy-1-cryptocurrency-this-year-make-it/?source=iedfolrf0000001,fool.com,English,United States,60,12,0.0283062607049942,0.0228190347552299,0.9488746523857116,0.0054872259497642,neutral
2025-04-01,"DOGE , ADA Lead Crypto Gains as Bitcoin Inches Towards $85K Ahead of Tariffs Kick - In","DOGE , ADA Lead Crypto Gains as Bitcoin Inches Towards $85K Ahead of Tariffs Kick - In",https://www.coindesk.com/markets/2025/04/01/bitcoin-nears-usd85k-before-tariffs-kick-in-doge-xrp-ada-lead-crypto-majors,coindesk.com,English,United States,86,17,0.8609283566474915,0.0465172044932842,0.0925544127821922,0.8144111521542072,positive
2025-04-02,"1 , 5 Milliarden Dollar für Bitcoin ? GameStop schließt Finanzierungsrunde ab","1 , 5 Milliarden Dollar für Bitcoin ? GameStop schließt Finanzierungsrunde ab",https://www.finanzen.net/nachricht/devisen/1-5-milliarden-dollar-fuer-bitcoin-gamestop-schliesst-finanzierungsrunde-ab-14362548,finanzen.net,German,Germany,77,12,0.0910225808620452,0.018877862021327,0.8900995850563049,0.0721447188407182,neutral
2025-04-03,Why Is Bitcoin Price ( BTC ) Down Today : What Might Be Next,Why Is Bitcoin Price ( BTC ) Down Today : What Might Be Next,https://www.coindesk.com/markets/2025/04/03/bitcoin-nears-usd80k-but-turning-point-in-sight-suggests-analyst,coindesk.com,English,United States,60,14,0.0290560107678174,0.3449775874614715,0.6259663701057434,-0.315921576693654,negative
2025-04-04,Bitcoin Slides After Trump Tariff News ; Crypto Stocks Retreat,Bitcoin Slides After Trump Tariff News ; Crypto Stocks Retreat,https://finance.yahoo.com/news/bitcoin-slides-trump-tariff-news-163427301.html,finance.yahoo.com,English,United States,62,10,0.0180030576884746,0.892609715461731,0.0893872380256652,-0.8746066577732563,negative
2025-04-05,"Veteran analyst predicts Bitcoin could reach $250 , 000 in 2025","Veteran analyst predicts Bitcoin could reach $250 , 000 in 2025",https://finance.yahoo.com/news/veteran-analyst-predicts-bitcoin-could-222300084.html,finance.yahoo.com,English,United States,63,11,0.8484978675842285,0.0104524595662951,0.1410497575998306,0.8380454080179334,positive
2025-04-06,"Bitcoin News : BTC Strength Amid Nasdaq Drop is Impressive , But Potential Basis Trade Blowup That Catalyzed the COVID Crash Poses Risk","Bitcoin News : BTC Strength Amid Nasdaq Drop is Impressive , But Potential Basis Trade Blowup That Catalyzed the COVID Crash Poses Risk",https://www.coindesk.com/markets/2025/04/06/bitcoin-s-strength-amid-nasdaq-drop-is-impressive-but-the-risk-of-a-basis-trade-blowup-that-spurred-the-covid-crash-looms,coindesk.com,English,United States,135,23,0.7008174657821655,0.2737869620323181,0.0253955442458391,0.4270305037498474,positive
2025-04-07,Crypto Investors Turn to Hartcoin for Trusted FREE Bitcoin,Crypto Investors Turn to Hartcoin for Trusted FREE Bitcoin,https://www.globenewswire.com/news-release/2025/04/07/3056691/0/en/Crypto-Investors-Turn-to-Hartcoin-for-Trusted-FREE-Bitcoin-Mining-Platforms.html,globenewswire.com,English,United States,58,9,0.0387708656489849,0.0245974343270063,0.936631679534912,0.0141734313219785,neutral
2025-04-08,Long - Term Bitcoin Holders Are Moving Coins Further Sell - Off Incoming ?,Long - Term Bitcoin Holders Are Moving Coins Further Sell - Off Incoming ? ,https://www.newsbtc.com/bitcoin-news/long-term-bitcoin-holders-are-moving-coins-further-sell-off-incoming/,newsbtc.com,English,United States,74,14,0.0596570968627929,0.6546838283538818,0.285658985376358,-0.5950267314910889,negative
2025-04-09,"Uncertainty Rocks Market As ETH / BTC Drops To 6 - Year Low , Where Is Bitcoin Headed Next ?","Uncertainty Rocks Market As ETH / BTC Drops To 6 - Year Low , Where Is Bitcoin Headed Next ? ",https://www.newsbtc.com/news/bitcoin/eth-btc-6-year-low-bitcoin/,newsbtc.com,English,United States,92,20,0.0146075142547488,0.8962881565093994,0.0891043692827224,-0.8816806422546506,negative
2025-04-10,Bitcoin On The Brink As Trump Tariffs Shatter Bond Market,Bitcoin On The Brink As Trump Tariffs Shatter Bond Market,https://www.newsbtc.com/news/bitcoin/bitcoin-on-the-brink-trump-tariffs-shatter-bond-market/,newsbtc.com,English,United States,57,10,0.0727948024868965,0.7409345507621765,0.1862706840038299,-0.66813974827528,negative
2025-04-11,What the bitcoin price surge means for digital marketers in 2025,What the bitcoin price surge means for digital marketers in 2025,https://www.thedrum.com/opinion/2025/04/11/what-the-bitcoin-price-surge-means-digital-marketers-2025,thedrum.com,English,United Kingdom,64,11,0.0447430424392223,0.0271535273641347,0.9281034469604492,0.0175895150750875,neutral
2025-04-12,Save Up to 20 %: Buy Modafinil with Bitcoin From Top Online,Save Up to 20 %: Buy Modafinil with Bitcoin From Top Online,https://www.globenewswire.com/news-release/2025/04/12/3060408/0/en/Save-Up-to-20-Buy-Modafinil-with-Bitcoin-From-Top-Online-Vendor.html,globenewswire.com,English,United States,59,12,0.1911394447088241,0.0095793576911091,0.7992811799049377,0.1815600870177149,positive
2025-04-13,Krypto - Experte : Bitcoin wird auf eine Million Dollar steigen,Krypto - Experte :  Bitcoin wird auf eine Million Dollar steigen  ,https://www.finanzen.net/nachricht/devisen/krypto-experte-bitcoin-wird-auf-eine-million-dollar-steigen-14389204,finanzen.net,German,Germany,63,11,0.0884832516312599,0.0238155014812946,0.8877012133598328,0.0646677501499652,neutral
2025-04-14,Bitcoin ( BTC ) se už nehroutí s větrem . Připomíná teď víc S & P 500,Bitcoin ( BTC ) se už nehroutí s větrem . Připomíná teď víc S & P 500,https://www.e15.cz/kryptomeny/bitcoin-uz-se-nehrouti-s-vetrem-jeho-cenova-bytelnost-je-ted-k-udivu-analytiku-na-urovni-s-p-500-1423885,e15.cz,Czech,Czech Republic,69,17,0.1012428477406501,0.0105268461629748,0.8882303237915039,0.0907160015776753,neutral
2025-04-15,Bitcoin Private Price Tops $0 . 19 on Major Exchanges ( BTCP ),Bitcoin Private Price Tops $0 . 19 on Major Exchanges ( BTCP ) ,https://www.tickerreport.com/banking-finance/12915854/bitcoin-private-price-tops-0-19-on-major-exchanges-btcp.html,tickerreport.com,English,United States,62,13,0.2675744593143463,0.0357758924365043,0.6966496706008911,0.2317985668778419,positive
2025-04-16,"Market , Data Suggests Favorable Outlook for Bitcoin CoinDesk Indices","Market , Data Suggests Favorable Outlook for Bitcoin CoinDesk Indices",https://finance.yahoo.com/news/market-data-suggests-favorable-outlook-174828388.html,finance.yahoo.com,English,United States,69,10,0.9518954157829284,0.020232917740941,0.0278716888278722,0.9316624980419874,positive
2025-04-17,"Bitcoin Price Holds Steady , But Futures Sentiment Signals Caution","Bitcoin Price Holds Steady , But Futures Sentiment Signals Caution",https://www.newsbtc.com/bitcoin-news/bitcoin-price-holds-steady-but-futures-sentiment-signals-caution-details/,newsbtc.com,English,United States,66,10,0.402078241109848,0.4810763895511627,0.1168454214930534,-0.0789981484413147,neutral
2025-04-18,Gold hits new highs as markets flee risk ; what about Bitcoins ? Experts explain where to invest now - Gold hits new highs as markets flee risk ; what about Bitcoins ? Experts explain where to invest now BusinessToday,Gold hits new highs as markets flee risk ; what about Bitcoins ? Experts explain where to invest now - Gold hits new highs as markets flee risk ; what about Bitcoins ? Experts explain where to invest now BusinessToday,https://www.businesstoday.in/personal-finance/investment/story/gold-hits-new-highs-as-markets-flee-risk-what-about-bitcoins-experts-explain-where-to-invest-now-472556-2025-04-18,businesstoday.in,English,India,217,40,0.1753773689270019,0.0139612816274166,0.8106613755226135,0.1614160872995853,positive
2025-04-19,Crypto Enthusiast Makes $7000 a Day by Starting a Bitcoin Miner Using Ripple ( XRP ),Crypto Enthusiast Makes $7000 a Day by Starting a Bitcoin Miner Using Ripple ( XRP ) ,https://www.newsbtc.com/press-releases/crypto-enthusiast-makes-7000-a-day-by-starting-a-bitcoin-miner-using-ripple-xrp/,newsbtc.com,English,United States,84,16,0.0464687794446945,0.0185282249003648,0.9350030422210692,0.0279405545443296,neutral
2025-04-20,Bitcoin ( BTC ) Eyes $139K by Year - End Amid Macro Resilience and On - Chain Strength : 21Shares,Bitcoin ( BTC ) Eyes $139K by Year - End Amid Macro Resilience and On - Chain Strength : 21Shares,https://www.coindesk.com/markets/2024/04/19/bitcoin-eyes-usd139k-by-year-end-amid-macro-resilience-and-on-chain-strength-21shares,coindesk.com,English,United States,97,20,0.9267739057540894,0.0170710813254117,0.056154977530241,0.9097028244286776,positive
2025-04-21,Bitcoin haftaya yükselişle başladı,Bitcoin haftaya yükselişle başladı,https://www.sozcu.com.tr/bitcoin-haftaya-yukselisle-basladi-p165107,sozcu.com.tr,Turkish,Turkey,34,4,0.0770973563194274,0.0165479388087987,0.9063546657562256,0.0605494175106287,neutral
2025-04-22,"Why is Bitcoin up over $90 , 000 and will it continue to spike ?","Why is Bitcoin up over $90 , 000 and will it continue to spike ? ",https://www.fingerlakes1.com/2025/04/22/bitcoin-price-surges-april-22-2025/,fingerlakes1.com,English,United States,64,15,0.3143564760684967,0.0285381395369768,0.6571054458618164,0.2858183365315199,positive
2025-04-23,"Crypto Today : SUI , Solana and Cardano among best performers as BTC tops $94K","Crypto Today : SUI , Solana and Cardano among best performers as BTC tops $94K",https://www.fxstreet.com/cryptocurrencies/news/crypto-today-sui-solana-and-cardano-among-best-performers-as-btc-tops-94k-202504231822,fxstreet.com,English,China,78,15,0.9163987636566162,0.0144077045843005,0.0691935941576957,0.9019910590723156,positive
2025-04-24,"BitMart Donates $10 , 000 to Brink to Support Bitcoin Open - Source Core Development","BitMart Donates $10 , 000 to Brink to Support Bitcoin Open - Source Core Development",https://www.manilatimes.net/2025/04/25/tmt-newswire/globenewswire/bitmart-donates-10000-to-brink-to-support-bitcoins-open-source-core-development/2099021,manilatimes.net,English,Philippines,84,15,0.6749163269996643,0.0087876878678798,0.3162960112094879,0.6661286391317844,positive
2025-04-25,Bitcoin Extends Gains As Fed Pulls Biden - Era Guidance On Bank Crypto Dealings,Bitcoin Extends Gains As Fed Pulls Biden - Era Guidance On Bank Crypto Dealings,https://www.zerohedge.com/crypto/bitcoin-extends-gains-fed-pulls-biden-era-guidance-banks-crypto-dealings,zerohedge.com,English,United States,79,14,0.6186611652374268,0.1318029016256332,0.24953593313694,0.4868582636117935,positive
2025-04-26,Kreu i Bankës Kombëtare Zvicerane refuzon thirrjet për të mbajtur Bitcoin si aset rezervë,Kreu i Bankës Kombëtare Zvicerane refuzon thirrjet për të mbajtur Bitcoin si aset rezervë,https://telegrafi.com/kreu-bankes-kombetare-zvicerane-refuzon-thirrjet-per-te-mbajtur-bitcoin-si-aset-rezerve/,telegrafi.com,Albanian,Kosovo,89,14,0.2054045349359512,0.0220497846603393,0.7725456953048706,0.1833547502756118,positive
2025-04-27,"Best crypto to buy : BTC , Sui and Bitcoin Pepe","Best crypto to buy : BTC , Sui and Bitcoin Pepe",https://invezz.com/news/2025/04/27/best-crypto-to-buy-btc-sui-and-bitcoin-pepe/,invezz.com,English,United Kingdom,47,11,0.1597659289836883,0.0087802447378635,0.8314538598060608,0.1509856842458248,positive
2025-04-28,Bitcoin Next Big Catalyst : Why May could be the most volatile month of 2025,Bitcoin Next Big Catalyst : Why May could be the most volatile month of 2025,https://www.fingerlakes1.com/2025/04/27/bitcoin-volatility-may-2025-outlook/,fingerlakes1.com,English,United States,76,15,0.0431084930896759,0.1793723255395889,0.7775192260742188,-0.136263832449913,negative
2025-04-29,Bitcoin 94 bin doların üzerinde gleniyor,Bitcoin 94 bin doların üzerinde gleniyor,https://www.haberekspres.com.tr/bitcoin-94-bin-dolarin-uzerinde-gucleniyor,haberekspres.com.tr,Turkish,Turkey,40,6,0.0630476102232933,0.0168195217847824,0.9201329350471495,0.0462280884385108,neutral
2025-04-30,Why You Should Convert All Your Crypto to Bitcoin,Why You Should Convert All Your Crypto to Bitcoin,https://www.fingerlakes1.com/2025/04/29/convert-crypto-to-bitcoin-investment-strategy-2025/,fingerlakes1.com,English,United States,49,9,0.0373562835156917,0.0211257599294185,0.941518008708954,0.0162305235862731,neutral
2025-05-01,"Pelliron 01 . 05 . 2025 : Bitcoin a depășit recent pragul de 95 . 000 USD , marcând una dinte cele mai puternice evoluții din 2025","Pelliron 01 . 05 . 2025 : Bitcoin a depășit recent pragul de 95 . 000 USD , marcând una dinte cele mai puternice evoluții din 2025",https://protv.md/profit/pelliron-01-05-2025-bitcoin-a-depa%C8%99it-recent-pragul-de-95-000-usd-marcand-una-dinte-cele-mai-puternice-evolu%C8%9Bii-din-2025---2722814.html,protv.md,Romanian,Moldova,130,27,0.4619947075843811,0.0220312196761369,0.5159740447998047,0.4399634879082441,positive
2025-05-02,Guy Malone - Author Archives - Bitcoin Magazine,Guy Malone - Author Archives - Bitcoin Magazine,https://bitcoinmagazine.com/authors/guy-malone,bitcoinmagazine.com,English,United States,47,8,0.0366331450641155,0.0250769052654504,0.938289999961853,0.011556239798665,neutral
2025-05-03,Bitcoin Stochastic RSI Signals Brewing Bullish Momentum,Bitcoin Stochastic RSI Signals Brewing Bullish Momentum,https://www.newsbtc.com/bitcoin-news/bitcoin-stochastic-rsi-signals-brewing-bullish-momentum-ath-incoming/,newsbtc.com,English,United States,55,7,0.2546899914741516,0.621455192565918,0.1238547712564468,-0.3667652010917663,negative
2025-05-04,Bitcoin VI,Bitcoin VI,https://www.thenews.com.pk/print/1307964-bitcoin-vi,thenews.com.pk,English,Pakistan,10,2,0.0261985789984464,0.0298305377364158,0.9439709186553956,-0.0036319587379693,neutral
2025-05-05,"SMLR News : BTC Stack Grows to 3 , 634","SMLR News : BTC Stack Grows to 3 , 634",https://www.coindesk.com/business/2025/05/05/semler-scientific-adds-167-bitcoin-bringing-holdings-to-3-634-btc,coindesk.com,English,United States,38,10,0.8760862946510315,0.0262226238846778,0.0976910144090652,0.8498636707663536,positive
2025-05-06,New Hampshire Becomes First State to Approve Strategic Bitcoin Reserve,New Hampshire Becomes First State to Approve Strategic Bitcoin Reserve,https://www.fingerlakes1.com/2025/05/06/new-hampshire-bitcoin-reserve-bill/,fingerlakes1.com,English,United States,70,10,0.2711857557296753,0.0123059349134564,0.7165082693099976,0.2588798208162188,positive
2025-05-07,Metaplanet Now Holds 5555 BTC With Another $53M Purchase,Metaplanet Now Holds 5555 BTC With Another $53M Purchase,https://www.coinspeaker.com/metaplanet-now-holds-5555-btc-with-another-53m-purchase/,coinspeaker.com,English,United States,56,9,0.0552234388887882,0.0117344614118337,0.933042049407959,0.0434889774769544,neutral
2025-05-08,"Bitcoin Nears $99K Whale Loses $1 . 6M , But Bullish Case Builds","Bitcoin Nears $99K Whale Loses $1 . 6M , But Bullish Case Builds",https://www.coinspeaker.com/bitcoin-rally-99k-costs-whale-1-6m/,coinspeaker.com,English,United States,64,13,0.6936528086662292,0.2006590366363525,0.1056881174445152,0.4929937720298767,positive
2025-05-09,"Bitcoin ne kadar oldu ? Ethereum neden yükseliyor ? Kripto paralar yükselecek mi ? 9 Mayıs Ethereum , Bitcoin ve kripto paralarda son durum ...","Bitcoin ne kadar oldu ? Ethereum neden yükseliyor ? Kripto paralar yükselecek mi ? 9 Mayıs Ethereum , Bitcoin ve kripto paralarda son durum ... ",https://www.dunya.com/finans/haberler/kriptolar-sert-yukseldi-bitcoin-104-bin-dolari-asti-ethereumda-4-yilin-rekoru-haberi-775694,dunya.com,Turkish,Turkey,143,25,0.083100326359272,0.0165367480367422,0.9003629684448242,0.0665635783225297,neutral
2025-05-10,"Mutare strategică pe piața cripto : Coinbase preia Deribit pentru 2 , 9 miliarde de dolari , liderul mondial în opțiuni pe Bitcoin și Ether","Mutare strategică pe piața cripto : Coinbase preia Deribit pentru 2 , 9 miliarde de dolari , liderul mondial în opțiuni pe Bitcoin și Ether",https://www.stiripesurse.ro/mutare-strategica-pe-piata-cripto-coinbase-preia-deribit-pentru-29-miliarde-de-dolari-liderul-mondial-in-optiuni-pe-bitcoin-si-ether_3678372.html,stiripesurse.ro,Romanian,Romania,139,25,0.4199207425117492,0.0227491687983274,0.5573301315307617,0.3971715737134218,positive
2025-05-11,"The $150K BTC Forecast Is In - Dont Just Watch , Start Cloud Mining Bitcoin Today","The $150K BTC Forecast Is In - Dont Just Watch , Start Cloud Mining Bitcoin Today",https://www.newsbtc.com/press-releases/the-150k-btc-forecast-is-in-dont-just-watch-start-cloud-mining-bitcoin-today/,newsbtc.com,English,United States,81,16,0.0472952313721179,0.0200309325009584,0.9326738119125366,0.0272642988711595,neutral
2025-05-12,"Bitcoin Taps $105 , 000 : Here When It Could Hit $122 , 000","Bitcoin Taps $105 , 000 : Here When It Could Hit $122 , 000",https://www.benzinga.com/markets/cryptocurrency/25/05/45344022/bitcoin-taps-105000-heres-when-it-could-hit-122000,benzinga.com,English,United States,59,14,0.0771012231707573,0.0267916657030582,0.8961071968078613,0.050309557467699,neutral
2025-05-13,Crypto Daybook Americas : Crypto Daybook Americas : BTC Traders Eye CPI as BONK Price Cheers Memecoin Issuance,Crypto Daybook Americas : Crypto Daybook Americas : BTC Traders Eye CPI as BONK Price Cheers Memecoin Issuance,https://www.coindesk.com/daybook-us/2025/05/13/crypto-daybook-americas-bitcoin-traders-look-to-cpi-as-bonk-cheers-memecoin-issuance,coindesk.com,English,United States,110,18,0.0312525071203708,0.8774864077568054,0.0912610739469528,-0.8462339006364346,negative
2025-05-14,"Cryptocurrencies Price Prediction : Solana , Ethereum & Bitcoin Asian Wrap 14 May","Cryptocurrencies Price Prediction : Solana , Ethereum & Bitcoin Asian Wrap 14 May",https://www.fxstreet.com/cryptocurrencies/news/cryptocurrencies-price-prediction-solana-ethereum-bitcoin-asian-wrap-14-may-202505140439,fxstreet.com,English,China,81,13,0.046672336757183,0.0183919705450534,0.934935748577118,0.0282803662121295,neutral
2025-05-15,"Bitcoin holds above $102 , 000 as traders await fresh cues amid cooling inflation","Bitcoin holds above $102 , 000 as traders await fresh cues amid cooling inflation",https://economictimes.indiatimes.com/markets/cryptocurrency/crypto-news/bitcoin-holds-above-102000-as-traders-await-fresh-cues-amid-cooling-inflation/articleshow/121181874.cms,economictimes.indiatimes.com,English,India,81,14,0.8770609498023987,0.0461934171617031,0.0767455995082855,0.8308675326406956,positive
2025-05-16,"Crypto Is Here to Stay , Says Coinbase CEO Brian Armstrong as Exchange Joins S & P 500 While Bitcoin Pulls Back From $105K","  Crypto Is Here to Stay , Says Coinbase CEO Brian Armstrong as Exchange Joins S & P 500 While Bitcoin Pulls Back From $105K",https://finance.yahoo.com/news/crypto-stay-says-coinbase-ceo-152656184.html,finance.yahoo.com,English,United States,122,24,0.6711714267730713,0.1541973054409027,0.1746312230825424,0.5169741213321686,positive
2025-05-17,"Bitcoin Strengthens Vs . Gold , Analyst Sees Higher Than Expected Returns","Bitcoin Strengthens Vs . Gold , Analyst Sees  Higher Than Expected  Returns",https://www.newsbtc.com/news/bitcoin/bitcoin-strengthens-vs-gold-analyst-sees-higher-than-expected-returns/,newsbtc.com,English,United States,73,12,0.949106991291046,0.0278704892843961,0.0230225455015897,0.92123650200665,positive
2025-05-18,"On - Chain Data Tips Bitcoin To Peak At $120 , 000 - But On This Condition","On - Chain Data Tips Bitcoin To Peak At $120 , 000 - But On This Condition",https://www.newsbtc.com/news/bitcoin/on-chain-data-tips-bitcoin-to-peak-at-120000-but-on-this-condition/,newsbtc.com,English,United States,74,17,0.8447805047035217,0.04135712236166,0.1138623282313346,0.8034233823418617,positive
2025-05-19,Best Crypto Presale to Buy Ahead of a Potential $1M Bitcoin Cycle,Best Crypto Presale to Buy Ahead of a Potential $1M Bitcoin Cycle,https://bravenewcoin.com/partner/best-crypto-presale-to-buy-ahead-of-a-potential-1m-bitcoin-cycle,bravenewcoin.com,English,United States,65,12,0.2339559644460678,0.0098919924348592,0.7561520338058472,0.2240639720112085,positive
2025-05-20,"Standard Chartered Backs $500K Bitcoin Target , Citing Growing Government Exposure Through MSTR","Standard Chartered Backs $500K Bitcoin Target , Citing Growing Government Exposure Through MSTR",https://bitcoinmagazine.com/news/standard-chartered-backs-500k-bitcoin-target-citing-growing-government-exposure-through-mstr,bitcoinmagazine.com,English,United States,95,13,0.147310733795166,0.7517479062080383,0.1009414047002792,-0.6044371724128723,negative
2025-05-21,Strive Eyes $7 . 9B Distressed Mt . Gox Bitcoin Claims to Accumulate Discounted BTC,Strive Eyes $7 . 9B Distressed Mt . Gox Bitcoin Claims to Accumulate Discounted BTC,https://www.coindesk.com/business/2025/05/21/strive-eyes-79b-distressed-mt-gox-bitcoin-claims-to-accumulate-discounted-btc,coindesk.com,English,United States,83,15,0.0312871523201465,0.8499326109886169,0.1187802255153656,-0.8186454586684704,negative
2025-05-22,"Bitcoin loves soaring yields , punches new all - time high above $111 , 800 following weak 20 - year bond auction","Bitcoin loves soaring yields , punches new all - time high above $111 , 800 following weak 20 - year bond auction",https://www.fxstreet.com/cryptocurrencies/news/bitcoin-punches-new-all-time-high-above-111-800-following-brief-shock-from-weak-20-year-bond-auction-202505220442,fxstreet.com,English,China,113,22,0.8154614567756653,0.1522832810878753,0.0322552137076854,0.6631781756877899,positive
2025-05-23,"Bitcoin Buyers Regain Control - Spot CVD Flashes Bullish Shift Above $110 , 000","Bitcoin Buyers Regain Control - Spot CVD Flashes Bullish Shift Above $110 , 000",https://www.newsbtc.com/bitcoin-news/bitcoin-buyers-regain-control-spot-cvd-flashes-bullish-shift-above-110000/,newsbtc.com,English,United States,79,14,0.9068087935447692,0.0435059368610382,0.0496852546930313,0.8633028566837311,positive
2025-05-24,Bitcoin Rally Pushes Biggest Token Further Into Record Territory,Bitcoin Rally Pushes Biggest Token Further Into Record Territory,https://finance.yahoo.com/news/bitcoin-tops-111-000-first-034925991.html,finance.yahoo.com,English,United States,64,9,0.2397818714380264,0.6575896143913269,0.102628506720066,-0.4178077429533005,negative
2025-05-25,Bitcoin Price Analysis : BTC Slips Below $107 . 5K on Tariff Sell - Off Fears,Bitcoin Price Analysis : BTC Slips Below $107 . 5K on Tariff Sell - Off Fears,https://www.coindesk.com/markets/2025/05/25/bitcoin-drops-below-usd107-5k-as-trump-tariff-threat-triggers-crypto-sell-off,coindesk.com,English,United States,77,16,0.0176371876150369,0.9705557227134703,0.01180708874017,-0.9529185350984336,negative
2025-05-26,"Trump Media Aims to Raise $3 Billion for Bitcoin , Cryptocurrency Investments","Trump Media Aims to Raise $3 Billion for Bitcoin , Cryptocurrency Investments",https://www.thewrap.com/trump-media-bitcoin-crypto-3-billion/,thewrap.com,English,United States,77,12,0.3674898743629455,0.0078065823763608,0.6247035264968872,0.3596832919865846,positive
2025-05-27,Cykel AI shares jump 11 % on plans to raise funds and buy Bitcoin,Cykel AI shares jump 11 % on plans to raise funds and buy Bitcoin,https://www.proactiveinvestors.co.uk/companies/news/1071891/cykel-ai-shares-jump-11-on-plans-to-raise-funds-and-buy-bitcoin-1071891.html,proactiveinvestors.co.uk,English,United Kingdom,65,14,0.9191334247589112,0.0288596581667661,0.0520069189369678,0.890273766592145,positive
2025-05-28,"Trump Media to Raise $2 . 5 Billion With Plans to Buy Crypto , Create Bitcoin Treasury","Trump Media to Raise $2 . 5 Billion With Plans to Buy Crypto , Create  Bitcoin Treasury  ",https://www.ibtimes.com/trump-media-raise-25-billion-plans-buy-crypto-create-bitcoin-treasury-3774647,ibtimes.com,English,United States,86,17,0.2205666452646255,0.0090460740029811,0.7703872323036194,0.2115205712616443,positive
2025-05-29,"Pakistan to Establish a Bitcoin Strategic Reserve , Allocate 2000 Megawatts of Energy for Crypto Mining","Pakistan to Establish a Bitcoin Strategic Reserve , Allocate 2000 Megawatts of Energy for Crypto Mining",https://www.coindesk.com/policy/2025/05/28/pakistan-to-establish-a-bitcoin-strategic-reserve-allocate-2000-megawatts-of-energy-for-crypto-mining,coindesk.com,English,United States,103,16,0.7217544913291931,0.0077276555821299,0.2705178260803222,0.7140268357470632,positive
2025-05-30,"China imposes fresh ban on holding crypto , including Bitcoin : Report","China imposes fresh ban on holding crypto , including Bitcoin : Report",https://www.financialexpress.com/market/cryptocurrency/china-imposes-fresh-ban-on-holding-crypto-including-bitcoin-report/3862209/,financialexpress.com,English,India,70,12,0.0217484030872583,0.6793200969696045,0.2989314794540405,-0.6575716938823462,negative
2025-05-31,Is Bitcoin Price Doomed For $93K ? Technical Indicators Paint A Bearish Image,Is Bitcoin Price Doomed For $93K ? Technical Indicators Paint A Bearish Image,https://www.newsbtc.com/news/bitcoin/bitcoin-price-for-93k-indicators-paint-a-bearish/,newsbtc.com,English,United States,77,13,0.0388279445469379,0.8487902879714966,0.1123818233609199,-0.8099623434245586,negative
2025-06-01,Bitcoin Has Never Been More Important : Bitwise CEO Reacts To Elon Musk Call To Accelerate GDP Growth,  Bitcoin Has Never Been More Important : Bitwise CEO Reacts To Elon Musk Call To Accelerate GDP Growth,https://finance.yahoo.com/news/bitcoin-never-more-important-bitwise-145822972.html,finance.yahoo.com,English,United States,101,18,0.2623119056224823,0.0165820065885782,0.7211060523986816,0.245729899033904,positive
2025-06-02,21Shares Announces 3 - for - 1 Share Split for ARK 21Shares Bitcoin ETF ( ARKB ),21Shares Announces 3 - for - 1 Share Split for ARK 21Shares Bitcoin ETF ( ARKB ) ,https://www.manilatimes.net/2025/06/03/tmt-newswire/globenewswire/21shares-announces-3-for-1-share-split-for-ark-21shares-bitcoin-etf-arkb/2126090,manilatimes.net,English,Philippines,80,17,0.0911269858479499,0.0108900358900427,0.8979830145835876,0.0802369499579072,neutral
2025-06-03,"Bitcoin Solaris Launches Solaris Nova App , Bringing Mobile Mining to the Masses","Bitcoin Solaris Launches Solaris Nova App , Bringing Mobile Mining to the Masses",https://portal.sina.com.hk/finance/finance-globenewswire/globenewswire/2025/06/03/1203299/bitcoin-solaris-launches-solaris-nova-app-bringing-mobile-mining-to-the-masses/,portal.sina.com.hk,English,Hong Kong,80,13,0.2984321713447571,0.0098836319521069,0.6916842460632324,0.2885485393926501,positive
2025-06-04,Trump Crypto Empire Grows : Truth Social Files for Bitcoin ETF,Trump Crypto Empire Grows : Truth Social Files for Bitcoin ETF,https://www.coinspeaker.com/trumps-crypto-empire-grows-truth-social-files-for-bitcoin-etf/,coinspeaker.com,English,United States,62,11,0.0697952806949615,0.0165012720972299,0.913703441619873,0.0532940085977315,neutral
2025-06-05,"Crypto Today : Bitcoin bullish structure weakens , eyeing $100 , 000 on falling retail demand","Crypto Today : Bitcoin bullish structure weakens , eyeing $100 , 000 on falling retail demand",https://www.fxstreet.com/cryptocurrencies/news/crypto-today-bitcoins-bullish-structure-weakens-eyeing-100-000-on-falling-retail-demand-202506051206,fxstreet.com,English,China,93,16,0.0165148638188838,0.9702252149581908,0.0132599007338285,-0.953710351139307,negative
2025-06-06,"Bitcoin Hash Ribbons Indicating Prime Buying Opportunity , Analyst Says","Bitcoin Hash Ribbons Indicating Prime Buying Opportunity , Analyst Says",https://www.newsbtc.com/bitcoin-news/bitcoin-hash-ribbons-indicating-prime-buying-opportunity-analyst-says/,newsbtc.com,English,United States,71,10,0.8215534090995789,0.0188345648348331,0.159612089395523,0.8027188442647457,positive
2025-06-07,Bitcoin Sees Negative Funding On Binance - A Classic Setup For A Short Squeeze ?,Bitcoin Sees Negative Funding On Binance - A Classic Setup For A Short Squeeze ? ,https://www.newsbtc.com/bitcoin-news/bitcoin-sees-negative-funding-on-binance-a-classic-setup-for-a-short-squeeze/,newsbtc.com,English,United States,80,15,0.0108322612941265,0.941396176815033,0.0477716475725173,-0.9305639155209064,negative
2025-06-08,Bitcoin přinesl největší šanci na zbohatnutí od kuponové privatizace,Bitcoin přinesl největší šanci na zbohatnutí od kuponové privatizace,https://www.e15.cz/nazory-a-analyzy/bitcoin-prinesl-nejvetsi-prilezitost-ke-zbohatnuti-od-kuponove-privatizace-kritici-mu-ale-stejne-neveri-1424778,e15.cz,Czech,Czech Republic,68,9,0.1329165250062942,0.0152761358767747,0.8518073558807373,0.1176403891295194,positive
2025-06-09,KULR Plans to Raise Up to $300M to Fuel BTC Purchases,KULR Plans to Raise Up to $300M to Fuel BTC Purchases,https://www.coindesk.com/markets/2025/06/09/kulr-plans-to-raise-up-to-300m-to-fuel-bitcoin-purchases,coindesk.com,English,United States,53,11,0.5956918001174927,0.0077881393954157,0.3965199887752533,0.5879036607220769,positive
2025-06-10,"Peter Schiff Left Unfazed As Bitcoin Spikes Above $110 , 000 , Doesnt Agree His Legacy Is Destroyed : Ill Eventually Be Proven Right","Peter Schiff Left Unfazed As Bitcoin Spikes Above $110 , 000 , Doesnt Agree His Legacy Is Destroyed :  Ill Eventually Be Proven Right  ",https://biztoc.com/x/7d577e9deb3d1879,biztoc.com,English,,132,24,0.0574397481977939,0.374869704246521,0.5676905512809753,-0.317429956048727,negative
2025-06-11,Bitcoin To $1M ? Michael Saylor Laughs Off Crypto Winter Fears,Bitcoin To $1M ? Michael Saylor Laughs Off Crypto Winter Fears,https://www.newsbtc.com/bitcoin-news/bitcoin-to-1-million-michael-saylor-laughs-off-crypto-winter-fears/,newsbtc.com,English,United States,62,11,0.0992344543337822,0.0416809804737567,0.8590844869613647,0.0575534738600254,neutral
2025-07-02,INDUSTRY EVENTS - Bitcoin Magazine,INDUSTRY EVENTS - Bitcoin Magazine,https://bitcoinmagazine.com/industry-events,bitcoinmagazine.com,English,United States,34,5,0.0288207400590181,0.0305304285138845,0.9406487941741944,-0.0017096884548664,neutral
2025-07-03,Crypto Exchange Coinone Wins Court Battle Over Doubled Bitcoin Withdrawals in 2018 Network Chaos,Crypto Exchange Coinone Wins Court Battle Over Doubled Bitcoin Withdrawals in 2018 Network Chaos,https://www.coindesk.com/policy/2025/07/03/crypto-exchange-coinone-wins-south-korean-court-battle-over-doubled-bitcoin-withdrawals,coindesk.com,English,United States,96,14,0.0488752722740173,0.9244087338447572,0.0267159435898065,-0.8755334615707397,negative
2025-07-04,Bitcoin Eyes New ATH as Bulls Return – Is Bitcoin Hyper Set to Follow ?,Bitcoin Eyes New ATH as Bulls Return – Is Bitcoin Hyper Set to Follow ? ,https://bravenewcoin.com/sponsored/presale/bitcoin-nears-new-ath-above-111k,bravenewcoin.com,English,United States,71,15,0.2549663782119751,0.0414850041270256,0.7035485506057739,0.2134813740849495,positive
2025-07-05,Bitcoin ( BTC ) News : Bhutan May Be Selling Some of Stack,Bitcoin ( BTC ) News : Bhutan May Be Selling Some of Stack,https://www.coindesk.com/markets/2025/06/30/bhutan-possibly-readies-15m-bitcoin-sale-as-holdings-near-13b,coindesk.com,English,United States,58,13,0.167497768998146,0.0511778481304645,0.7813243865966797,0.1163199208676815,positive
2025-07-06,Proposed bill calls for creation of a Bitcoin reserve,Proposed bill calls for creation of a Bitcoin reserve,https://www.coinworld.com/news/us-coins/proposed-bill-calls-for-creation-of-a-bitcoin-reserve,coinworld.com,English,United States,53,9,0.1268965154886245,0.0096528930589556,0.8634505867958069,0.1172436224296689,positive
2025-07-07,Bitcoin Liquidity Lifeline Just Got Cut What You Need To Know,Bitcoin Liquidity Lifeline Just Got Cut What You Need To Know,https://www.newsbtc.com/bitcoin-news/bitcoins-liquidity-lifeline-just-got-cut/,newsbtc.com,English,United States,61,11,0.145771786570549,0.0255233161151409,0.8287049531936646,0.1202484704554081,positive
2025-07-08,"After Its Truth Social Bitcoin And Ethereum ETF , Trump Media And Technology Group ( DJT ) Has Now Applied To Register The Truth Social Crypto Blue Chip ETF","After Its Truth Social Bitcoin And Ethereum ETF , Trump Media And Technology Group ( DJT ) Has Now Applied To Register The Truth Social Crypto Blue Chip ETF",https://wccftech.com/after-its-truth-social-bitcoin-and-ethereum-etf-trump-media-and-technology-group-djt-has-now-applied-to-register-the-truth-social-crypto-blue-chip-etf/,wccftech.com,English,United States,156,29,0.1501216441392898,0.0092669539153575,0.8406113982200623,0.1408546902239322,positive
2025-07-09,"Bitcoin , Ethereum , Dogecoin Recover Even As Trump Reiterates August Tariff Deadline : Analyst Sees Move To $120 , 000 - $130 , 000 If BTC Breaks Above This Silly Wall - Grayscale Bitcoin Mini Trust ( BTC ) Common units of fractional undivided ben...","Bitcoin , Ethereum , Dogecoin Recover Even As Trump Reiterates August Tariff Deadline : Analyst Sees Move To $120 , 000 - $130 , 000 If BTC Breaks Above This  Silly Wall  - Grayscale Bitcoin Mini Trust ( BTC ) Common units of fractional undivided ben...",https://www.benzinga.com/crypto/25/07/46311660/bitcoin-ethereum-dogecoin-recover-even-as-trump-reiterates-august-tariff-deadline-analyst-sees-move-to-120,benzinga.com,English,United States,251,46,0.7893270254135132,0.0110595049336552,0.1996134966611862,0.7782675204798579,positive
2025-07-10,"As Bitcoin surged to an all - time high above $113 , 000 , PaladinMining cloud mining demand hit an all - time high .","As Bitcoin surged to an all - time high above $113 , 000 , PaladinMining cloud mining demand hit an all - time high . ",https://www.manilatimes.net/2025/07/11/tmt-newswire/globenewswire/as-bitcoin-surged-to-an-all-time-high-above-113000-paladinmining-cloud-mining-demand-hit-an-all-time-high/2147454,manilatimes.net,English,Philippines,117,25,0.9049816727638244,0.018656063824892,0.0763623267412185,0.8863256089389324,positive
2025-07-11,Bitcoin rekor kırdı ... Uzmanlardan yeni tahmin,Bitcoin rekor kırdı ... Uzmanlardan yeni tahmin,https://bigpara.hurriyet.com.tr/haberler/bitcoin-haberleri/bitcoin-rekor-kirdi_ID1614746/,bigpara.hurriyet.com.tr,Turkish,Turkey,47,7,0.0454358160495758,0.0151486909016966,0.939415454864502,0.0302871251478791,neutral
2025-07-12,Bitcoin hits $113k all - time - high but analyst predicts $200k,Bitcoin hits $113k all - time - high but analyst predicts $200k,https://finance.yahoo.com/news/bitcoin-hits-113k-time-high-200933677.html,finance.yahoo.com,English,United States,63,12,0.8026009202003479,0.1089184507727623,0.088480643928051,0.6936824694275856,positive
2025-07-13,Bitcoin Solaris Launches Final Presale Phase with Surprise Price Rollback,Bitcoin Solaris Launches Final Presale Phase with Surprise Price Rollback,https://www.manilatimes.net/2025/07/13/tmt-newswire/globenewswire/bitcoin-solaris-launches-final-presale-phase-with-surprise-price-rollback/2148348,manilatimes.net,English,Philippines,73,10,0.6611922383308411,0.0172259807586669,0.3215817511081695,0.6439662575721741,positive
2025-07-14,"Bitcoin hits record high ; tops $120 , 000 first - time ever","Bitcoin hits record high ; tops $120 , 000 first - time ever",https://www.thedailystar.net/tech-startup/news/bitcoin-hits-record-high-tops-120000-first-time-ever-3939181,thedailystar.net,English,Bangladesh,60,13,0.8918853402137756,0.0212423466145992,0.086872398853302,0.8706429935991764,positive
2025-07-15,Bitcoin Holdings of Michael Saylor Strategy Swell to Over $70B,Bitcoin Holdings of Michael Saylor Strategy Swell to Over $70B,https://www.bloomberg.com/news/articles/2025-07-14/bitcoin-holdings-of-saylor-s-strategy-swell-to-over-70-billion,bloomberg.com,English,United States,62,10,0.906912922859192,0.0143709955736994,0.0787161141633987,0.8925419272854924,positive
2025-07-16,"Bitcoin , Ethereum , XRP , Dogecoin Bounce Back As Crypto Week Is Underway - Grayscale Bitcoin Mini Trust ( BTC ) Common units of fractional undivided beneficial interest ( ARCA : BTC )","Bitcoin , Ethereum , XRP , Dogecoin Bounce Back As  Crypto Week  Is Underway - Grayscale Bitcoin Mini Trust ( BTC ) Common units of fractional undivided beneficial interest ( ARCA : BTC ) ",https://www.benzinga.com/crypto/cryptocurrency/25/07/46440195/bitcoin-ethereum-xrp-dogecoin-bounce-back-as-crypto-week-is-underway,benzinga.com,English,United States,185,34,0.8136797547340393,0.0322840958833694,0.1540361046791076,0.7813956588506699,positive
2025-07-17,NCA officer jailed for stealing Bitcoin now worth more than £4 million from Dark Web ...,NCA officer jailed for stealing Bitcoin now worth more than £4 million from Dark Web ... ,https://www.lbc.co.uk/crime/nca-officer-jailed-for-stealing-bitcoin-now-worth-more-than-4-million-from-dark/,lbc.co.uk,English,United Kingdom,88,16,0.0284061636775732,0.6996874809265137,0.2719062566757202,-0.6712813172489405,negative
2025-07-18,Surge In New Bitcoin Holders Fuels Market Rally Study,Surge In New Bitcoin Holders Fuels Market Rally Study,https://www.newsbtc.com/bitcoin-news/whales-no-newbies-surge-in-new-btc-holders-fuels-market-rally-study/,newsbtc.com,English,United States,53,9,0.6741666197776794,0.1041313111782074,0.2217020839452743,0.570035308599472,positive
2025-07-19,Trump - Politik könnte Bitcoin und Kryptowährungen zu neuen Höhen katapultieren,Trump - Politik könnte Bitcoin und Kryptowährungen zu neuen Höhen katapultieren,https://www.finanznachrichten.de/nachrichten-2025-07/65946695-trump-politik-koennte-bitcoin-und-kryptowaehrungen-zu-neuen-hoehen-katapultieren-303.htm,finanznachrichten.de,German,Germany,79,11,0.0832022204995155,0.0170184168964624,0.8997793793678284,0.066183803603053,neutral
2025-07-20,Which Cryptocurrency Is More Likely to Be a Millionaire Maker ? Bitcoin vs . Ethereum,Which Cryptocurrency Is More Likely to Be a Millionaire Maker ? Bitcoin vs . Ethereum,https://finance.yahoo.com/news/cryptocurrency-more-likely-millionaire-maker-084500557.html,finance.yahoo.com,English,United States,85,15,0.065802164375782,0.0128331072628498,0.9213646650314332,0.0529690571129322,neutral
2025-07-21,"As Bitcoin Surges , AIXA Miner Launches High - Yield Cloud Mining Contracts to Convert BTC into Daily Passive Income","As Bitcoin Surges , AIXA Miner Launches High - Yield Cloud Mining Contracts to Convert BTC into Daily Passive Income",https://www.manilatimes.net/2025/07/22/tmt-newswire/globenewswire/as-bitcoin-surges-aixa-miner-launches-high-yield-cloud-mining-contracts-to-convert-btc-into-daily-passive-income/2153340,manilatimes.net,English,Philippines,116,20,0.3822567760944366,0.0108398320153355,0.6069034337997437,0.3714169440791011,positive
2025-07-22,Altcoin Buzz Grows as Bitcoin Swift Breaks 500 Investors in First Presale Stage,Altcoin Buzz Grows as Bitcoin Swift Breaks 500 Investors in First Presale Stage,https://portal.sina.com.hk/finance/finance-globenewswire/globenewswire/2025/07/22/1247022/altcoin-buzz-grows-as-bitcoin-swift-breaks-500-investors-in-first-presale-stage/,portal.sina.com.hk,English,Hong Kong,79,13,0.8708422183990479,0.0453874319791793,0.0837703049182891,0.8254547864198685,positive
2025-07-23,BD MULTIMEDIA : TRACTIAL Enters Global Top 100 Bitcoin Treasuries With New 9 . 77 BTC Acquisition,BD MULTIMEDIA : TRACTIAL Enters Global Top 100 Bitcoin Treasuries With New 9 . 77 BTC Acquisition,https://www.finanznachrichten.de/nachrichten-2025-07/65973071-bd-multimedia-tractial-enters-global-top-100-bitcoin-treasuries-with-new-9-77-btc-acquisition-650.htm,finanznachrichten.de,English,Germany,97,17,0.780783474445343,0.0140986638143658,0.205117866396904,0.7666848106309772,positive
2025-07-24,$332 Million To Minus $85 Million : Why Are Ethereum ETFs Suddenly More Popular Than Bitcoin ETFs ?,$332 Million To Minus $85 Million : Why Are Ethereum ETFs Suddenly More Popular Than Bitcoin ETFs ? ,https://finance.yahoo.com/news/332-million-minus-85-million-132154658.html,finance.yahoo.com,English,United States,99,18,0.063207983970642,0.0311724077910184,0.9056196212768556,0.0320355761796236,neutral
2025-07-25,Bitcoin Swift Presale Enters Final 24 Hours of Stage 1 with Token Fixed at $1,Bitcoin Swift Presale Enters Final 24 Hours of Stage 1 with Token Fixed at $1,https://portal.sina.com.hk/finance/finance-globenewswire/globenewswire/2025/07/25/1249985/bitcoin-swift-presale-enters-final-24-hours-of-stage-1-with-token-fixed-at-1/,portal.sina.com.hk,English,Hong Kong,77,15,0.1282874494791031,0.020268989726901,0.8514435887336731,0.108018459752202,positive
2025-07-26,Tesla 2022 Bitcoin Sale Draws Scrutiny As BTC Surges Near Record Highs,Tesla 2022 Bitcoin Sale Draws Scrutiny As BTC Surges Near Record Highs,https://www.newsbtc.com/bitcoin-news/tesla-2022-bitcoin-sale-draws-scrutiny-as-btc-surges-near-record-highs/,newsbtc.com,English,United States,70,12,0.1892433613538742,0.7327693700790405,0.077987290918827,-0.5435260087251663,negative
2025-07-27,"The Era of Bitcoin Boredom Is Here , And That Exactly the Point","The Era of Bitcoin Boredom Is Here , And That Exactly the Point",https://bravenewcoin.com/insights/the-era-of-bitcoin-boredom-is-here-and-thats-exactly-the-point,bravenewcoin.com,English,United States,63,13,0.0370541810989379,0.1003040671348571,0.8626417517662048,-0.0632498860359191,neutral
2025-07-28,Bitcoin Price Gears Up for Fresh Rally After Tight Range ?,Bitcoin Price Gears Up for Fresh Rally After Tight Range ? ,https://www.newsbtc.com/analysis/btc/bitcoin-price-gears-up-120k/,newsbtc.com,English,United States,58,11,0.7612720131874084,0.0722018554806709,0.1665260642766952,0.6890701577067375,positive
2025-07-29,"Strategy Purchases 21 , 021 Bitcoin After $2 . 52 Billion IPO","Strategy Purchases 21 , 021 Bitcoin After $2 . 52 Billion IPO",https://bitcoinmagazine.com/news/strategy-purchases-21021-bitcoin-after-2-52-billion-ipo,bitcoinmagazine.com,English,United States,61,12,0.0618755482137203,0.0191938392817974,0.9189306497573853,0.0426817089319229,neutral
2025-07-30,Bitcoin - Kurs erreicht 120 . 000 US - Dollar : Zahlt sich Trumps Strategie aus ?,Bitcoin - Kurs erreicht 120 . 000 US - Dollar : Zahlt sich Trumps Strategie aus ? ,https://deutsche-wirtschafts-nachrichten.de/716259/verlockung-bitcoin-kurs-doch-das-misstrauen-waechst-mit-dem-hype,deutsche-wirtschafts-nachrichten.de,German,Germany,81,17,0.1138108596205711,0.0266681890934705,0.8595209121704102,0.0871426705271005,neutral
2025-07-31,Bitcoin Swift Launches Stage 2 of Presale With Programmable Staking Rewards and Audited Infrastructure,Bitcoin Swift Launches Stage 2 of Presale With Programmable Staking Rewards and Audited Infrastructure,https://www.manilatimes.net/2025/07/31/tmt-newswire/globenewswire/bitcoin-swift-launches-stage-2-of-presale-with-programmable-staking-rewards-and-audited-infrastructure/2159662,manilatimes.net,English,Philippines,102,14,0.7808484435081482,0.0079234093427658,0.2112280875444412,0.7729250341653824,positive
2025-08-01,"Bitcoin , Ethereum , XRP dip as Fed keeps interest rate unchanged","Bitcoin , Ethereum , XRP dip as Fed keeps interest rate unchanged",https://finance.yahoo.com/news/bitcoin-ethereum-xrp-dip-fed-211022668.html,finance.yahoo.com,English,United States,65,12,0.0632373765110969,0.8413135409355164,0.095449075102806,-0.7780761644244194,negative
2025-08-02,Bitcoin - To - Ethereum Rotation : Genius Move Or FOMO Trap ? Here What The Data Shows,Bitcoin - To - Ethereum Rotation : Genius Move Or FOMO Trap ? Here What The Data Shows,https://finance.yahoo.com/news/bitcoin-ethereum-rotation-genius-move-170121729.html,finance.yahoo.com,English,United States,86,18,0.0274580232799053,0.0372426249086856,0.9352993369102478,-0.0097846016287803,neutral
2025-08-03,"Bitcoin Analyst Builds BTC Bullish Case After Binance Volume Spike , Fed Liquidity Surge","Bitcoin Analyst Builds BTC Bullish Case After Binance Volume Spike , Fed Liquidity Surge",https://www.newsbtc.com/news/bitcoin/bitcoin-analyst-builds-btc-bullish-case-on-binance-volume/,newsbtc.com,English,United States,88,14,0.8892672061920166,0.05981270596385,0.0509200952947139,0.8294545002281666,positive
2025-08-04,Bitcoin Price Up 1 % As This Layer - 2 BTC ICO Closes On $7M,Bitcoin Price Up 1 % As This Layer - 2 BTC ICO Closes On $7M,https://insidebitcoins.com/sponsored/bitcoin-price-prediction-iconic-satoshi-nakamoto-statue-recovered-as-this-layer-2-btc-presale-closes-on-7-million,insidebitcoins.com,English,United States,60,15,0.9436468482017516,0.0235737450420856,0.032779436558485,0.920073103159666,positive
2025-08-05,"Metaplanet Doubles Down on Bitcoin , Cementing Its Vanguard Status","Metaplanet Doubles Down on Bitcoin , Cementing Its Vanguard Status",http://www.econotimes.com/Metaplanet-Doubles-Down-on-Bitcoin-Cementing-Its-Vanguard-Status-1718009,econotimes.com,English,United States,66,10,0.6485611796379089,0.3244807124137878,0.0269580800086259,0.3240804672241211,positive
2025-08-06,"Dan Morehead assembled his Princeton mafia to pile into Bitcoin at $65 in 2013 , leaving his Wall Street career behind to build a $5 billion crypto fund","Dan Morehead assembled his Princeton mafia to pile into Bitcoin at $65 in 2013 , leaving his Wall Street career behind to build a $5 billion crypto fund",https://finance.yahoo.com/news/dan-morehead-assembled-princeton-mafia-160217888.html,finance.yahoo.com,English,United States,152,28,0.06767338514328,0.0181274693459272,0.9141991138458252,0.0495459157973527,neutral
2025-08-07,Bitcoin Swift Enters Final Hours of Stage 3 Presale With $3,Bitcoin Swift Enters Final Hours of Stage 3 Presale With $3,https://www.globenewswire.com/news-release/2025/08/07/3128917/0/en/Bitcoin-Swift-Enters-Final-Hours-of-Stage-3-Presale-With-3-Price-and-121-APY-Before-Scheduled-Price-Increase.html,globenewswire.com,English,United States,59,11,0.7603955268859863,0.0146351298317313,0.2249694168567657,0.745760397054255,positive
2025-08-08,Bitcoin ( BTC ) price cycle might be breaking,Bitcoin ( BTC ) price cycle might be breaking,https://www.cnbc.com/2025/08/08/bitcoin-btc-price-cycle-might-be-breaking.html,cnbc.com,English,United States,45,9,0.0310861449688673,0.1305508464574813,0.838362991809845,-0.099464701488614,neutral
2025-08-09,"Trump Just Dropped A $12 . 2 Trillion Crypto Price Bombshell Sending Bitcoin , Ethereum And XRP Sharply Higher","Trump Just Dropped A $12 . 2 Trillion Crypto Price Bombshell Sending Bitcoin , Ethereum And XRP Sharply Higher",https://www.forbes.com/sites/digital-assets/2025/08/09/trump-just-dropped-a-122-trillion-crypto-price-bombshell-sending-bitcoin-ethereum-and-xrp-sharply-higher/,forbes.com,English,United States,110,19,0.0809735730290412,0.8387049436569214,0.0803214982151985,-0.7577313706278801,negative
2025-08-10,Bitcoin Swift Announces Stage 4 Presale Progress with 106 %,Bitcoin Swift Announces Stage 4 Presale Progress with 106 % ,https://www.globenewswire.com/news-release/2025/08/10/3130544/0/en/Bitcoin-Swift-Announces-Stage-4-Presale-Progress-with-106-APY-and-580K-Raised.html,globenewswire.com,English,United States,59,10,0.6757468581199646,0.0152377923950552,0.3090153634548187,0.6605090657249093,positive
2025-08-11,Understanding Bitcoin Mining Efficiency : Insights for Digital Asset Stakeholders,Understanding Bitcoin Mining Efficiency : Insights for Digital Asset Stakeholders,https://bravenewcoin.com/insights/understanding-bitcoin-mining-efficiency-insights-for-digital-asset-stakeholders,bravenewcoin.com,English,United States,81,10,0.2218991219997406,0.0094483774155378,0.7686525583267212,0.2124507445842027,positive
2025-08-12,Want to Make $1M with Bitcoin ? Here How in 10 Years,Want to Make $1M with Bitcoin ? Here How in 10 Years,https://www.finanznachrichten.de/nachrichten-2025-08/66162106-want-to-make-dollar-1m-with-bitcoin-here-s-how-in-10-years-385.htm,finanznachrichten.de,English,Germany,52,12,0.0672273784875869,0.0153644634410738,0.9174081683158876,0.051862915046513,neutral
2025-08-13,"Bitcoin Rises As Fed Governor Backs Three Rate Cuts In 2025 ; Ethereum , Dogecoin , XRP Correct : ETH May Have More Room To Run , Says Analyst","Bitcoin Rises As Fed Governor Backs Three Rate Cuts In 2025 ; Ethereum , Dogecoin , XRP Correct : ETH May Have More Room To Run , Says Analyst",https://finance.yahoo.com/news/bitcoin-rises-fed-governor-backs-180104340.html,finance.yahoo.com,English,United States,142,29,0.9181108474731444,0.026640385389328,0.0552487708628177,0.8914704620838165,positive
2025-08-14,Wo steht der Bitcoin - Kurs 2030 ? Aktuelle Studie überrascht,Wo steht der Bitcoin - Kurs 2030 ? Aktuelle Studie überrascht,https://www.morgenpost.de/ratgeber-wissen/finanzen/article409635146/wo-steht-bitcoin-2030-studie-szenario.html,morgenpost.de,German,Germany,61,11,0.0641403272747993,0.0258417855948209,0.9100179076194764,0.0382985416799783,neutral
2025-08-15,"HIVE Digital posts record Q1 revenue and profit on higher Bitcoin mining , HPC growth","HIVE Digital posts record Q1 revenue and profit on higher Bitcoin mining , HPC growth",https://www.proactiveinvestors.com/companies/news/1076775/hive-digital-posts-record-q1-revenue-and-profit-on-higher-bitcoin-mining-hpc-growth-1076775.html,proactiveinvestors.com,English,United States,85,15,0.956034243106842,0.0172951985150575,0.0266704652458429,0.9387390445917844,positive
2025-08-16,"Perspective asupra pieței Bitcoin : tendințe , minerit și creșterea blockchain","Perspective asupra pieței Bitcoin : tendințe , minerit și creșterea blockchain",https://www.kanald.ro/perspective-asupra-pietei-bitcoin-tendinte-minerit-si-cresterea-blockchain-20490674,kanald.ro,Romanian,Romania,78,11,0.1184605211019516,0.010700212791562,0.8708392381668091,0.1077603083103895,positive
2025-08-17,TOOLS - Bitcoin Magazine,TOOLS - Bitcoin Magazine,https://bitcoinmagazine.com/tools,bitcoinmagazine.com,English,United States,24,4,0.0311545096337795,0.0219174064695835,0.9469281435012816,0.009237103164196,neutral
2025-08-18,"Piyasalar haftaya hareketli başladı ! 18 Ağustosta altın , döviz , Bitcoin , Brent petrol","Piyasalar haftaya hareketli başladı ! 18 Ağustosta altın , döviz , Bitcoin , Brent petrol",https://www.ensonhaber.com/ekonomi/piyasalar-haftaya-hareketli-basladi-18-agustosta-altin-doviz,ensonhaber.com,Turkish,Turkey,89,15,0.1085079386830329,0.0104839336127042,0.8810081481933594,0.0980240050703287,neutral
2025-08-19,"Buccaneer Energy raises new equity for new well plans , mulls Bitcoin monetisation options","Buccaneer Energy raises new equity for new well plans , mulls Bitcoin monetisation options",https://www.proactiveinvestors.co.uk/companies/news/1076933/buccaneer-energy-raises-new-equity-for-new-well-plans-mulls-bitcoin-monetisation-options-1076933.html,proactiveinvestors.co.uk,English,United Kingdom,90,14,0.7910935282707214,0.0193324107676744,0.1895741075277328,0.771761117503047,positive
2025-08-20,"Bitcoin Slides Below $115 , 000 While Spot Volume Surges Past $6 Billion","Bitcoin Slides Below $115 , 000 While Spot Volume Surges Past $6 Billion",https://www.newsbtc.com/bitcoin-news/bitcoin-115000-spot-volume-6-billion-recovery/,newsbtc.com,English,United States,72,13,0.3892742395401001,0.5158427953720093,0.0948829352855682,-0.1265685558319091,negative
2025-08-21,The S & P 500 Will Have No Choice But To Buy Bitcoin Here Why,The S & P 500 Will Have No Choice But To Buy Bitcoin Here Why,https://www.newsbtc.com/bitcoin-news/the-sp-500-to-buy-bitcoin/,newsbtc.com,English,United States,61,15,0.0398468859493732,0.0159917473793029,0.944161295890808,0.0238551385700702,neutral
2025-08-22,"Bitcoin Tests $116 , 000 , Ethereum Tops $4 , 600 , XRP Hits $3 On Powell Rate Cut Hints","Bitcoin Tests $116 , 000 , Ethereum Tops $4 , 600 , XRP Hits $3 On Powell Rate Cut Hints",https://www.benzinga.com/crypto/cryptocurrency/25/08/47288560/bitcoin-tests-116000-ethereum-tops-4600-xrp-hits-3-on-powells-rate-cut-hints,benzinga.com,English,United States,88,20,0.6485109329223633,0.1345378458499908,0.2169511914253235,0.5139730870723724,positive
2025-08-23,Jack Dorsey Says There Only One Way To Choose Between Bitcoin And Ethereum Here His Surprising Method,Jack Dorsey Says There Only One Way To Choose Between Bitcoin And Ethereum Here His Surprising Method,https://finance.yahoo.com/news/jack-dorsey-says-theres-only-123727966.html,finance.yahoo.com,English,United States,101,17,0.0449682250618934,0.0189865920692682,0.9360451102256776,0.0259816329926252,neutral
2025-08-24,"Public Keys : Ethereum Treasuries Soar , Bitcoin ETF $1 Billion Bleed , Crypto IPO Chatter","Public Keys : Ethereum Treasuries Soar , Bitcoin ETF $1 Billion Bleed , Crypto IPO Chatter",https://finance.yahoo.com/news/public-keys-ethereum-treasuries-soar-204547044.html,finance.yahoo.com,English,United States,90,16,0.0628185793757438,0.0213362798094749,0.9158452153205872,0.0414822995662689,neutral
2025-08-25,Bitcoin Swift Confirms Early Launch on August 30 as Stage 6 Presale Surges Past $1 Million,Bitcoin Swift Confirms Early Launch on August 30 as Stage 6 Presale Surges Past $1 Million,https://portal.sina.com.hk/finance/finance-globenewswire/globenewswire/2025/08/25/1277930/bitcoin-swift-confirms-early-launch-on-august-30-as-stage-6-presale-surges-past-1-million/,portal.sina.com.hk,English,Hong Kong,90,16,0.666854202747345,0.0191887840628623,0.3139569759368896,0.6476654186844826,positive
2025-08-26,Bitcoin Bull Run Under Attack : Expert Says Wall Street Is To Blame,Bitcoin Bull Run Under Attack : Expert Says Wall Street Is To Blame,https://www.newsbtc.com/bitcoin-news/bitcoin-bull-run-under-attack-wall-street/,newsbtc.com,English,United States,67,13,0.1020184755325317,0.2402146458625793,0.6577669382095337,-0.1381961703300476,negative
2025-08-27,Bitcoin Slips Below $110K After $2 . 7B Whale Dump : Could Wave C Correction Target $105K Next ?,Bitcoin Slips Below $110K After $2 . 7B Whale Dump : Could Wave C Correction Target $105K Next ? ,https://www.newsbtc.com/bitcoin-news/bitcoin-slips-below-110k-after-2-7b-whale-dump-could-wave-c-correction-target-105k-next/,newsbtc.com,English,United States,96,19,0.0432373955845832,0.5581430196762085,0.3986196219921112,-0.5149056240916252,negative
2025-08-28,Trump family - backed American Bitcoin to trade on Nasdaq as crypto investors sign on,Trump family - backed American Bitcoin to trade on Nasdaq as crypto investors sign on,https://nypost.com/2025/08/28/business/trump-family-backed-american-bitcoin-to-trade-on-nasdaq-as-crypto-investors-sign-on/,nypost.com,English,United States,85,15,0.3140545189380646,0.0156360380351543,0.6703094244003296,0.2984184809029102,positive
2025-08-29,Bitcoin Index Highlights Two Accumulations And Five Distribution Waves This Cycle – Details,Bitcoin Index Highlights Two Accumulations And Five Distribution Waves This Cycle – Details,https://www.newsbtc.com/bitcoin-news/bitcoin-index-highlights-two-accumulations-and-five-distribution-waves-this-cycle-details/,newsbtc.com,English,United States,91,13,0.0405994951725006,0.0543965846300125,0.9050039052963256,-0.0137970894575119,neutral
2025-08-30,Making Bitcoin Holdings More Resistant to Quantum Attacks : The El Salvador Way,Making Bitcoin Holdings More Resistant to Quantum Attacks : The El Salvador Way,https://www.coindesk.com/tech/2025/08/30/has-el-salvador-made-its-bitcoin-holdings-quantum-proof-not-exactly,coindesk.com,English,United States,79,13,0.1984372735023498,0.0130588132888078,0.7885039448738098,0.1853784602135419,positive
2025-08-31,Rich Bitcoiners Seem to be Spending BTC on Luxury Holidays . Is This Really a Good Idea ?,Rich Bitcoiners Seem to be Spending BTC on Luxury Holidays . Is This Really a Good Idea ? ,https://www.coindesk.com/markets/2025/08/31/rich-bitcoiners-are-reportedly-spending-btc-on-luxury-holidays-does-this-really-make-sense,coindesk.com,English,United States,89,18,0.0783251151442527,0.0296541787683963,0.8920207023620605,0.0486709363758564,neutral
2025-09-01,Hong Kong University Business School Prepares to Accept Bitcoin for Tuition Payments,Hong Kong University Business School Prepares to Accept Bitcoin for Tuition Payments,https://bravenewcoin.com/insights/hong-kong-university-business-school-prepares-to-accept-bitcoin-for-tuition-payments,bravenewcoin.com,English,United States,84,12,0.2619524598121643,0.0119515508413314,0.7260959148406982,0.2500009089708328,positive
2025-09-02,Bitcoin ( BTC ) Network Hashrate Returned to Record Highs in August : JPMorgan,Bitcoin ( BTC ) Network Hashrate Returned to Record Highs in August : JPMorgan,https://www.coindesk.com/markets/2025/09/02/bitcoin-network-hashrate-returned-to-all-time-highs-in-august-jpmorgan,coindesk.com,English,United States,78,14,0.9217857718467712,0.0267927553504705,0.0514215379953384,0.8949930164963007,positive
2025-09-03,American Bitcoin Deal Boosts Eric Trump Net Worth,American Bitcoin Deal Boosts Eric Trump Net Worth,https://www.forbes.com/sites/kylemullins/2025/09/03/eric-trump-becomes-a-billionaire/,forbes.com,English,United States,49,8,0.9497517347335817,0.0199665445834398,0.0302817076444625,0.9297851901501416,positive
2025-09-04,"MemeCore , Pump . fun rally as Bitcoin stays range - bound","MemeCore , Pump . fun rally as Bitcoin stays range - bound",https://www.fxstreet.com/cryptocurrencies/news/two-meme-coins-to-watch-as-bitcoin-trades-sideways-202509041524,fxstreet.com,English,China,58,12,0.7838056087493896,0.0244238078594207,0.1917705982923507,0.7593818008899689,positive
2025-09-05,Bitcoin Price Gains Steam – $112K Level Could Decide the Next Surge,Bitcoin Price Gains Steam – $112K Level Could Decide the Next Surge,https://www.newsbtc.com/analysis/btc/bitcoin-price-gains-steam-112k/,newsbtc.com,English,United States,67,12,0.2714954316616058,0.056861475110054,0.671643078327179,0.2146339565515518,positive
2025-09-06,"Bitcoin Fumbles After Payroll Shock : Gains Vaporize , $100K Retest Looms","Bitcoin Fumbles After Payroll Shock : Gains Vaporize , $100K Retest Looms",https://bravenewcoin.com/insights/bitcoin-fumbles-after-payroll-shock-gains-vaporize-100k-retest-looms,bravenewcoin.com,English,United States,73,12,0.0947852507233619,0.7968363165855408,0.1083785444498062,-0.7020510658621788,negative
2025-09-07,"Bitcoin Touches $112K Level After US Jobs Report As New Crypto Targets 16 , 500 % ROI","Bitcoin Touches $112K Level After US Jobs Report As New Crypto Targets 16 , 500 % ROI",https://insurancenewsnet.com/oarticle/bitcoin-touches-112k-level-after-us-jobs-report-as-new-crypto-targets-16500-roi,insurancenewsnet.com,English,United States,85,17,0.6156682372093201,0.1072790771722793,0.2770526707172394,0.5083891600370407,positive
2025-09-08,"BTC , Stocks News : Calm Ahead of Fed Rate Cut , Storm Later","BTC , Stocks News : Calm Ahead of Fed Rate Cut , Storm Later",https://www.coindesk.com/markets/2025/09/08/market-storm-likely-after-september-fed-interest-rate-cut-vix-suggests,coindesk.com,English,United States,60,14,0.0995018407702446,0.1063454374670982,0.7941526770591736,-0.0068435966968536,neutral
2025-09-09,Tether CEO Dismisses Suggestions Company Sold Bitcoin to Buy Gold,Tether CEO Dismisses Suggestions Company Sold Bitcoin to Buy Gold,https://finance.yahoo.com/news/tether-ceo-dismisses-suggestions-company-120723264.html,finance.yahoo.com,English,United States,65,10,0.0305216293781995,0.6721237897872925,0.297354519367218,-0.6416021604090929,negative
2025-09-10,"Ethereum Price Forecast $250K If Bitcoin Hits : Ethereum biggest rally yet ? Analyst says ETH could hit $250 , 000 if Bitcoin reaches $1 million","Ethereum Price Forecast $250K If Bitcoin Hits : Ethereum biggest rally yet ? Analyst says ETH could hit $250 , 000 if Bitcoin reaches $1 million",https://economictimes.indiatimes.com/news/international/us/ethereum-price-prediction-ethereums-biggest-rally-yet-analyst-says-eth-could-hit-250000-if-bitcoin-reaches-1-million/articleshow/123809006.cms,economictimes.indiatimes.com,English,India,144,26,0.5495972633361816,0.0211295448243618,0.4292732179164886,0.5284677185118198,positive
2025-09-11,"Cboe to Debut Continuous Bitcoin , Ethereum Futures for US Customers","Cboe to Debut Continuous Bitcoin , Ethereum Futures for US Customers",https://finance.yahoo.com/news/cboe-debut-continuous-bitcoin-ethereum-201021348.html,finance.yahoo.com,English,United States,68,11,0.3501083552837372,0.0090064899995923,0.6408852338790894,0.3411018652841449,positive
2025-09-12,Solana Price Prediction : Chinese Fashion Giant Buys Millions of SOL – Can SOL Overtake Bitcoin ?,Solana Price Prediction : Chinese Fashion Giant Buys Millions of SOL – Can SOL Overtake Bitcoin ? ,https://www.coinspeaker.com/solana-price-prediction-chinese-fashion-giant-buys-millions-sol/,coinspeaker.com,English,United States,97,17,0.148324504494667,0.0124840112403035,0.8391914963722229,0.1358404932543635,positive
2025-09-13,"Bitcoin Climbs Past $115 , 000 on Inflation Relief and ETF Flows , But Bearish Signals Loom","Bitcoin Climbs Past $115 , 000 on Inflation Relief and ETF Flows , But Bearish Signals Loom",https://www.newsbtc.com/bitcoin-news/bitcoin-climbs-past-115000-on-inflation-relief-and-etf-flows-but-bearish-signals-loom/,newsbtc.com,English,United States,91,17,0.3257920742034912,0.6275283098220825,0.0466795600950717,-0.3017362356185913,negative
2025-09-14,US Advances Strategic Bitcoin Reserve with Trump Order,US Advances Strategic Bitcoin Reserve with Trump Order,https://www.webpronews.com/us-advances-strategic-bitcoin-reserve-with-trumps-order/,webpronews.com,English,United States,54,8,0.5766141414642334,0.0176401752978563,0.405745655298233,0.5589739661663771,positive
2025-09-15,Altcoins Poised to Eclipse Bitcoin as Market Conditions Favor Specialized Innovation,Altcoins Poised to Eclipse Bitcoin as Market Conditions Favor Specialized Innovation,https://markets.financialcontent.com/stocks/article/marketminute-2025-9-15-altcoins-poised-to-eclipse-bitcoin-as-market-conditions-favor-specialized-innovation,markets.financialcontent.com,English,United States,84,11,0.9308546781539916,0.0207921527326107,0.0483532324433326,0.910062525421381,positive
2025-09-16,Asia Morning Briefing : Fragility or Back on Track ? BTC Holds the Line at $115K,Asia Morning Briefing : Fragility or Back on Track ? BTC Holds the Line at $115K,https://www.coindesk.com/markets/2025/09/16/asia-morning-briefing-fragility-or-back-on-track-btc-holds-the-line-at-usd115k,coindesk.com,English,United States,80,16,0.1057688444852829,0.054167952388525,0.8400631546974182,0.0516008920967578,neutral
2025-09-17,Bitcoin - Kurs aktuell : Klarer Richtungswechsel erkennbar,Bitcoin - Kurs aktuell : Klarer Richtungswechsel erkennbar,https://www.morgenpost.de/ratgeber-wissen/finanzen/article409588594/bitcoin-kurs-aktuell-btc-klare-richtung.html,morgenpost.de,German,Germany,58,8,0.095138095319271,0.0189390908926725,0.8859227895736694,0.0761990044265985,neutral
2025-09-18,Beyaz Saray ın karşısına Donald Trump ın Bitcoin heykeli dikildi - Dünyadan Son Dakika Haberleri,Beyaz Saray  ın karşısına Donald Trump  ın Bitcoin heykeli dikildi - Dünyadan Son Dakika Haberleri,https://www.ensonhaber.com/dunya/beyaz-sarayin-karsisina-donald-trumpin-bitcoin-heykeli-dikildi,ensonhaber.com,Turkish,Turkey,96,15,0.0796092078089714,0.0176332667469978,0.9027575254440308,0.0619759410619735,neutral
2025-09-19,Bitcoin - Kurs aktuell : Unruhiger Kursverlauf zum Wochenende,Bitcoin - Kurs aktuell : Unruhiger Kursverlauf zum Wochenende,https://www.morgenpost.de/ratgeber-wissen/finanzen/article409588594/bitcoin-aktuell-unruhiger-kursverlauf.html,morgenpost.de,German,Germany,61,9,0.0875106304883956,0.0181163065135478,0.8943731188774109,0.0693943239748478,neutral
2025-09-20,Bitcoin Bottom Day Tomorrow Could Define Trend – Expert Predicts 70 % Chance BTC Secures $100K Floor,  Bitcoin Bottom Day  Tomorrow Could Define Trend – Expert Predicts 70 % Chance BTC Secures $100K Floor  ,https://www.benzinga.com/crypto/cryptocurrency/25/09/47777805/bitcoin-bottom-day-tomorrow-could-define-trend-expert-predicts-70-chance-btc-secures-100k-floor,benzinga.com,English,United States,100,17,0.7870234251022339,0.0296606104820966,0.1833159476518631,0.7573628146201372,positive
2025-09-21,Hex Trust CEO Alessio Quaglini Says US Rules To Unlock Bitcoin Next Wave,Hex Trust CEO Alessio Quaglini Says US Rules To Unlock Bitcoin Next Wave,https://www.benzinga.com/news/financing/25/09/47779424/hex-trust-ceo-alessio-quaglini-says-us-regulatory-clarity-will-unlock-bitcoins-next-wave,benzinga.com,English,United States,72,13,0.1201878562569618,0.0129588143900036,0.8668532967567444,0.1072290418669581,positive
2025-09-22,Strive Buys Bitcoin Hoarder Semler as Treasury Wave Shows Cracks,Strive Buys Bitcoin Hoarder Semler as Treasury Wave Shows Cracks,https://finance.yahoo.com/news/strive-buy-semler-scientific-merger-122342580.html,finance.yahoo.com,English,United States,64,10,0.3379419147968292,0.0886344462633133,0.5734236836433411,0.2493074685335159,positive
2025-09-23,Here The Boundary Bitcoin Bulls Must Defend To Save Rally,Here The Boundary Bitcoin Bulls Must Defend To Save Rally,https://www.newsbtc.com/bitcoin-news/boundary-bitcoin-bulls-must-defend-save-rally/,newsbtc.com,English,United States,57,10,0.162141352891922,0.0371479205787181,0.8007106781005859,0.1249934323132038,positive
2025-09-24,Key Fed Data This Friday Adds More Uncertainty After $1 . 8B Crypto Crash – Bitcoin $107K or $130K ?,Key Fed Data This Friday Adds More Uncertainty After $1 . 8B Crypto Crash – Bitcoin $107K or $130K ? ,https://finance.yahoo.com/news/key-fed-data-friday-adds-133154407.html,finance.yahoo.com,English,United States,100,20,0.0662939548492431,0.5141709446907043,0.4195351302623749,-0.4478769898414612,negative
2025-09-25,Are your lost bitcoins gone forever ? Here how you might be able to recover them – Scranton Times - Tribune,Are your lost bitcoins gone forever ? Here how you might be able to recover them – Scranton Times - Tribune,https://www.thetimes-tribune.com/2025/09/25/are-your-lost-bitcoins-gone-forever-heres-how-you-might-be-able-to-recover-them/,thetimes-tribune.com,English,United States,107,21,0.0780973434448242,0.0272701568901538,0.8946325778961182,0.0508271865546703,neutral
2025-09-26,Best Crypto to Buy as Ukraine Users Bought Almost $1B Bitcoin in a Year,Best Crypto to Buy as Ukraine Users Bought Almost $1B Bitcoin in a Year,https://bravenewcoin.com/partner/best-crypto-to-buy-as-ukraine-users-buy-1b-crypto,bravenewcoin.com,English,United States,71,14,0.4588050842285156,0.0104909408837556,0.5307039618492126,0.4483141433447599,positive
2025-09-27,Fleet Mining Secures $7 . 8 Million to Propel Cloud Mining Expansion and Bitcoin Production,Fleet Mining Secures $7 . 8 Million to Propel Cloud Mining Expansion and Bitcoin Production,https://markets.financialcontent.com/stocks/article/marketminute-2025-9-27-fleet-mining-secures-78-million-to-propel-cloud-mining-expansion-and-bitcoin-production,markets.financialcontent.com,English,United States,91,15,0.9212546944618224,0.0098688649013638,0.0688765347003936,0.9113858295604588,positive
2025-09-28,Core PCE Fails to Dent BTC USD Price : Grok Predicts Bitcoin Monthly Close,Core PCE Fails to Dent BTC USD Price : Grok Predicts Bitcoin Monthly Close,https://finance.yahoo.com/news/core-pce-fails-dent-btc-232518647.html,finance.yahoo.com,English,United States,74,14,0.3760887086391449,0.5035390853881836,0.1203721910715103,-0.1274503767490387,negative
2025-09-29,Woman admits money laundering after united kingdom largest ever Bitcoin seizure of £5 . 5bn,Woman admits money laundering after united kingdom largest ever Bitcoin seizure of £5 . 5bn,https://www.dailyrecord.co.uk/news/uk-world-news/woman-admits-money-laundering-after-35986536,dailyrecord.co.uk,English,United Kingdom,91,15,0.0395470596849918,0.7589618563652039,0.2014911323785781,-0.719414796680212,negative
2025-09-30,"Bitcoin stabilizes above $114 , 000 amid government shutdown concerns and anticipation for Uptober","Bitcoin stabilizes above $114 , 000 amid government shutdown concerns and anticipation for  Uptober  ",https://www.fxstreet.com/cryptocurrencies/news/bitcoin-stabilizes-above-114-000-amid-government-shutdown-concerns-and-anticipation-for-uptober-202509292305,fxstreet.com,English,China,98,14,0.865620493888855,0.1029141768813133,0.0314653404057025,0.7627063170075417,positive
2025-10-01,„ Zeița chineză a bogăției care a spălat miliarde în bitcoin la Londra . Ambiția ei : întemeierea propriului stat - Liberland, „ Zeița chineză a bogăției  care a spălat miliarde în bitcoin la Londra . Ambiția ei : întemeierea propriului stat - Liberland,https://hotnews.ro/zeita-chineza-a-bogatiei-care-a-spalat-miliarde-in-bitcoin-la-londra-ambitia-ei-intemeierea-propriului-stat-liberland-2077089,hotnews.ro,Romanian,Romania,125,22,0.1206459999084472,0.0196481626480817,0.8597058057785034,0.1009978372603654,positive
2025-10-02,Bitcoin Moment of Truth : Will These Key Levels Hold or Break ?,Bitcoin Moment of Truth : Will These Key Levels Hold or Break ? ,https://www.finanznachrichten.de/nachrichten-2025-10/66603776-bitcoin-s-moment-of-truth-will-these-key-levels-hold-or-break-385.htm,finanznachrichten.de,English,Germany,63,13,0.0490177497267723,0.0614934265613555,0.8894888162612915,-0.0124756768345832,neutral
2025-10-03,"Bitcoin Rise : How Lockdowns , Tech Shifts , and Volatility Shaped the Coin","Bitcoin Rise : How Lockdowns , Tech Shifts , and Volatility Shaped the Coin",https://journaltimes.com/life-entertainment/article_39b0110a-2a8e-5bfc-8a47-a43e2a4c61c4.html,journaltimes.com,English,United States,75,14,0.0467784628272056,0.0582444034516811,0.8949770927429199,-0.0114659406244754,neutral
2025-10-04,"BTC Consolidates , XRP Rises , and BullZilla Presale 4 , 327 % ROI","BTC Consolidates , XRP Rises , and BullZilla Presale 4 , 327 % ROI",https://www.openpr.com/news/4208328/btc-consolidates-xrp-rises-and-bullzilla-presale-s-4-327-roi,openpr.com,English,United States,66,14,0.6823861002922058,0.2083920836448669,0.1092217788100242,0.4739940166473388,positive
2025-10-05,"Bitcoin , ABDde hükümetin kapanmasının riskleri artırmasıyla rekor ye","Bitcoin , ABDde hükümetin kapanmasının riskleri artırmasıyla rekor ye",https://www.kibrispostasi.com/c50-EKONOMI/n577491-bitcoin-abdde-hukumetin-kapanmasinin-riskleri-artirmasiyla-rekor-yeniledi,kibrispostasi.com,Turkish,Cyprus,69,9,0.0757789760828018,0.0143132461234927,0.9099077582359314,0.0614657299593091,neutral
2025-10-06,Federal Reserve Dovish Stance Ignites Cryptocurrency Market : Bitcoin Soars to New Highs Amid Rate Cut Expectations,Federal Reserve Dovish Stance Ignites Cryptocurrency Market : Bitcoin Soars to New Highs Amid Rate Cut Expectations,https://markets.financialcontent.com/stocks/article/marketminute-2025-10-6-federal-reserves-dovish-stance-ignites-cryptocurrency-market-bitcoin-soars-to-new-highs-amid-rate-cut-expectations,markets.financialcontent.com,English,United States,115,17,0.7999283671379089,0.1316210478544235,0.0684506371617317,0.6683073192834854,positive
2025-10-07,Global crypto ETFs attract record $5 . 95 billion as bitcoin scales new highs,Global crypto ETFs attract record $5 . 95 billion as bitcoin scales new highs,https://finance.yahoo.com/news/global-crypto-etfs-attract-record-111143735.html,finance.yahoo.com,English,United States,77,14,0.9347041249275208,0.020393805578351,0.0449019521474838,0.9143103193491696,positive
2025-10-08,"Bitcoin Miners Posted Record Profits in 2Q as HPC Push Accelerated , JPMorgan Says","Bitcoin Miners Posted Record Profits in 2Q as HPC Push Accelerated , JPMorgan Says",https://finance.yahoo.com/news/bitcoin-miners-posted-record-profits-142906338.html,finance.yahoo.com,English,United States,82,14,0.9447365999221802,0.02966876514256,0.0255946237593889,0.9150678347796202,positive
2025-10-09,"Cikli katërvjeçar i Bitcoin , i pavlefshëm sipas Hayes","Cikli katërvjeçar i Bitcoin , i pavlefshëm sipas Hayes",https://tv21.tv/cikli-katervjecar-i-bitcoin-i-pavlefshem-sipas-hayes/,tv21.tv,Albanian,Macedonia,54,9,0.0852510705590248,0.0145729314535856,0.9001760482788086,0.0706781391054391,neutral
2025-10-10,Telegram Pavel Durov Once Lauded Bitcoin So Why He Warning Of A Dark Dystopian World On His Birthday ?,Telegram Pavel Durov Once Lauded Bitcoin So Why He Warning Of A  Dark Dystopian World  On His Birthday ? ,https://www.benzinga.com/crypto/cryptocurrency/25/10/48144418/telegrams-pavel-durov-once-lauded-bitcoin-so-whys-he-warning-of-a-dark-dystopian-world-on-his-birthday,benzinga.com,English,United States,102,19,0.0378192663192749,0.1102098748087883,0.8519708514213562,-0.0723906084895134,neutral
2025-10-11,"Bitcoin fiyatı , Trump ın Çin tehditlerinin ardından 110 bin doların altına indi","Bitcoin fiyatı , Trump  ın Çin tehditlerinin ardından 110 bin doların altına indi",https://www.aa.com.tr/tr/ekonomi/bitcoin-fiyati-trumpin-cin-tehditlerinin-ardindan-110-bin-dolarin-altina-indi/3714289,aa.com.tr,Turkish,Turkey,80,13,0.0788124948740005,0.0184570606797933,0.902730405330658,0.0603554341942071,neutral
2025-10-12,"Cryptocurrency Market Faces Renewed Pressure as Bitcoin , Ethereum Drop to Multi - Week Lows","Cryptocurrency Market Faces Renewed Pressure as Bitcoin , Ethereum Drop to Multi - Week Lows",https://finance.yahoo.com/news/cryptocurrency-market-faces-renewed-pressure-140222733.html,finance.yahoo.com,English,United States,92,15,0.0110367154702544,0.9694939851760864,0.0194692127406597,-0.958457269705832,negative
2025-10-13,Bitcoin Weekly Preview : Trump Tariff Playbook Is Back,Bitcoin Weekly Preview : Trump Tariff Playbook Is Back,https://www.newsbtc.com/bitcoin-news/bitcoin-weekly-preview-trump-tariff-playbook/,newsbtc.com,English,United States,54,9,0.1091293022036552,0.0164269786328077,0.8744436502456665,0.0927023235708475,neutral
2025-10-14,Bitcoin - Kurs aktuell : BTC verzeichnet deutliche Trendwende,Bitcoin - Kurs aktuell : BTC verzeichnet deutliche Trendwende,https://www.morgenpost.de/ratgeber-wissen/finanzen/article409588594/bitcoin-kurs-deutliche-kehrtwende.html,morgenpost.de,German,Germany,61,9,0.068796120584011,0.0190568268299102,0.912147045135498,0.0497392937541008,neutral
2025-10-15,Bitcoin Reserves Held By US Could Swell To $36 Billion As DOJ Files Largest Ever Forfeiture Linked To Cambodian Pig Butchering Scams,Bitcoin Reserves Held By US Could Swell To $36 Billion As DOJ Files Largest Ever Forfeiture Linked To Cambodian  Pig Butchering  Scams,https://www.benzinga.com/crypto/cryptocurrency/25/10/48217205/bitcoin-reserves-held-by-us-could-swell-to-36-billion-as-doj-files-largest-ever-forfeiture-linked-to-cambodian-pig-butchering-scams,benzinga.com,English,United States,132,22,0.6371296644210815,0.304835170507431,0.0580351054668426,0.3322944939136505,positive
2025-10-16,"What driving Bitcoin , Ethereum , XRP downtrend on Thursday ?","What driving Bitcoin , Ethereum , XRP downtrend on Thursday ? ",https://www.fxstreet.com/cryptocurrencies/news/crypto-today-bitcoin-ethereum-xrp-downside-risks-escalate-as-traders-reduce-exposure-202510161200,fxstreet.com,English,China,61,11,0.0177141856402158,0.8228118419647217,0.1594739407300949,-0.8050976563245058,negative
2025-10-17,Gold Gleaming Ascent : Is Bitcoin Primed for Its Own Golden Era ?,Gold Gleaming Ascent : Is Bitcoin Primed for Its Own Golden Era ? ,https://markets.financialcontent.com/stocks/article/marketminute-2025-10-17-golds-gleaming-ascent-is-bitcoin-primed-for-its-own-golden-era,markets.financialcontent.com,English,United States,65,13,0.1306950449943542,0.0126367891207337,0.8566681742668152,0.1180582558736205,positive
2025-10-18,$15 Billion Bitcoin Seizure Exposes Challenges For US Crypto Reserve Strategy,$15 Billion Bitcoin Seizure Exposes Challenges For US Crypto Reserve Strategy,https://www.forbes.com/sites/jillgoldenziel/2025/10/18/15-billion-bitcoin-seizure-raises-questions-for-trumps-crypto-reserve-strategy/,forbes.com,English,United States,77,11,0.0302212908864021,0.91600900888443,0.0537696704268455,-0.8857877179980278,negative
2025-10-19,Tính ẩn danh của tiền mã hóa bị hoài nghi sau vụ Mỹ tịch thu 15 tỷ USD Bitcoin,Tính ẩn danh của tiền mã hóa bị hoài nghi sau vụ Mỹ tịch thu 15 tỷ USD Bitcoin,https://baomoi.com/tinh-an-danh-cua-tien-ma-hoa-bi-hoai-nghi-sau-vu-my-tich-thu-15-ty-usd-bitcoin-c53532684.epi,baomoi.com,Vietnamese,Vietnam,78,19,0.136336088180542,0.0621158517897129,0.8015481233596802,0.074220236390829,neutral
2025-10-20,The Buried Treasure of Bitcoin : Unclaimed Casascius Coins Hold Billions in Digital Gold,The Buried Treasure of Bitcoin : Unclaimed Casascius Coins Hold Billions in Digital Gold,https://markets.financialcontent.com/stocks/article/marketminute-2025-10-20-the-buried-treasure-of-bitcoin-unclaimed-casascius-coins-hold-billions-in-digital-gold,markets.financialcontent.com,English,United States,88,14,0.0474472902715206,0.0200221817940473,0.9325305223464966,0.0274251084774732,neutral
2025-10-21,Bitcoin Whale Goes Big $255M Longs Opened Before Trump – China Summit,Bitcoin Whale Goes Big $255M Longs Opened Before Trump – China Summit,https://www.newsbtc.com/bitcoin-news/bitcoin-whale-goes-big-255m-longs-opened-before-trump-china-summit/,newsbtc.com,English,United States,69,12,0.1245108693838119,0.0244376622140407,0.8510514497756958,0.1000732071697712,positive
2025-10-22,Coinbase Bitcoin - Focused Amex Card With Up to 4 % BTC Rewards : What You Need to Know,Coinbase Bitcoin - Focused Amex Card With Up to 4 % BTC Rewards : What You Need to Know,https://www.coindesk.com/markets/2025/10/22/coinbase-opens-amex-card-with-up-to-4-back-in-btc-for-u-s-coinbase-one-members,coindesk.com,English,United States,87,19,0.0784307941794395,0.0116693088784813,0.909899890422821,0.0667614853009581,neutral
2025-10-23,Bitcoin - Kurs aktuell : BTC schlägt neue Richtung ein,Bitcoin - Kurs aktuell : BTC schlägt neue Richtung ein,https://www.morgenpost.de/ratgeber-wissen/finanzen/article409588594/bitcoin-kurs-aktuell-neue-richtung.html,morgenpost.de,German,Germany,54,10,0.0861289128661155,0.0165311973541975,0.8973398804664612,0.069597715511918,neutral
2025-10-24,"Bitcoin : $112 , 000 Level Emerges as Key Resistance for Next Leg Higher","Bitcoin : $112 , 000 Level Emerges as Key Resistance for Next Leg Higher",https://www.investing.com/analysis/bitcoin-112000-level-emerges-as-key-resistance-for-next-leg-higher-200669046,investing.com,English,United States,72,14,0.8734077215194702,0.0452899560332298,0.0813022181391716,0.8281177654862404,positive
2025-10-25,"Weekend Round - Up : Crypto World Buzzes With Coinbase , Cathie Wood , Melania Trump And Bitcoin News","Weekend Round - Up : Crypto World Buzzes With Coinbase , Cathie Wood , Melania Trump And Bitcoin News",https://www.benzinga.com/crypto/cryptocurrency/25/10/48421513/weekend-round-up-crypto-world-buzzes-with-coinbase-cathie-wood-melania-trump-and-bitcoin-ne,benzinga.com,English,United States,101,19,0.0718601793050766,0.0167421661317348,0.9113976359367372,0.0551180131733417,neutral
2025-10-26,Dollar debasement fears send Bitcoin searches to record highs,Dollar debasement fears send  Bitcoin  searches to record highs,https://finance.yahoo.com/news/dollar-debasement-fears-send-bitcoin-185808046.html,finance.yahoo.com,English,United States,61,9,0.0490280985832214,0.9174107909202576,0.0335612036287784,-0.8683826923370361,negative
2025-10-27,Bitcoin - Kurs aktuell : Starker Wochenauftakt belebt den Kryptomarkt,Bitcoin - Kurs aktuell : Starker Wochenauftakt belebt den Kryptomarkt,https://www.morgenpost.de/ratgeber-wissen/finanzen/article409588594/bitcoin-kurs-starker-wochenauftakt.html,morgenpost.de,German,Germany,69,10,0.0639595389366149,0.0209326464682817,0.915107786655426,0.0430268924683332,neutral
2025-10-28,"Satoshi , We Have A Problem : At Seventeen , Banks Love Bitcoin","Satoshi , We Have A Problem : At Seventeen , Banks Love Bitcoin",https://www.forbes.com/sites/jonegilsson/2025/10/28/satoshi-we-have-a-problem-at-seventeen-banks-love-bitcoin/,forbes.com,English,United States,63,13,0.0358994901180267,0.4426842033863067,0.5214162468910217,-0.40678471326828,negative
2025-10-29,"Top 3 Price Prediction : Bitcoin , Ethereum , Ripple – BTC , ETH , and XRP struggle below key resistance levels","Top 3 Price Prediction : Bitcoin , Ethereum , Ripple – BTC , ETH , and XRP struggle below key resistance levels",https://www.fxstreet.com/cryptocurrencies/news/top-3-price-prediction-bitcoin-ethereum-ripple-btc-eth-and-xrp-struggle-below-key-resistance-levels-202510290351,fxstreet.com,English,China,111,22,0.209941878914833,0.7471704483032227,0.0428876318037509,-0.5372285693883896,negative
2025-10-30,France Stuns Europe : Could Lawmakers Adopt Bitcoin and Ban Digital Euro ?,France Stuns Europe : Could Lawmakers Adopt Bitcoin and Ban Digital Euro ? ,https://finance.yahoo.com/news/france-stuns-europe-lawmakers-adopt-214542537.html,finance.yahoo.com,English,United States,74,13,0.0454148650169372,0.3279708623886108,0.6266142725944519,-0.2825559973716736,negative
2025-10-31,Bitcoin breaks October streak with first monthly loss since 2018,Bitcoin breaks October streak with first monthly loss since 2018,https://www.marketscreener.com/news/bitcoin-breaks-october-streak-with-first-monthly-loss-since-2018-ce7d5cd8db8bff26,marketscreener.com,English,,64,10,0.013093358837068,0.9589223861694336,0.027984270825982,-0.9458290273323656,negative
2025-11-01,"Bitcoin and Ethereum Price Prediction : Is BTC Losing Steam After Uptober , and Can ETH Lead the Next Rally ?","Bitcoin and Ethereum Price Prediction : Is BTC Losing Steam After  Uptober , and Can ETH Lead the Next Rally ? ",https://finance.yahoo.com/news/bitcoin-ethereum-price-prediction-btc-192821438.html,finance.yahoo.com,English,United States,109,21,0.0151444701477885,0.9239068031311036,0.0609488077461719,-0.908762332983315,negative
2025-11-02,The secret to Bitcoin success – The Prosperity Project,The secret to Bitcoin success – The Prosperity Project,https://www.nzherald.co.nz/business/the-secret-to-bitcoins-success-the-prosperity-project/BFZBVQ4IJ5BFFOHDAA6GK74CDQ/,nzherald.co.nz,English,New Zealand,54,9,0.0735401064157486,0.0188538376241922,0.9076060652732848,0.0546862687915563,neutral
2025-11-03,Bitcoin Money Vessel Hits $8B Amid ETF Inflow Struggles,Bitcoin  Money Vessel  Hits $8B Amid ETF Inflow Struggles,https://www.el-balad.com/6754183,el-balad.com,English,Egypt,55,9,0.3146381676197052,0.6484091877937317,0.0369526073336601,-0.3337710201740265,negative
2025-11-04,"Bitcoin Price Crashes To $106 , 000 , Bulls Eye Strong November","Bitcoin Price Crashes To $106 , 000 , Bulls Eye Strong November",https://bitcoinmagazine.com/markets/bitcoin-price-continues-selling-off,bitcoinmagazine.com,English,United States,63,12,0.9338719844818116,0.0338132344186306,0.0323147252202034,0.9000587500631809,positive
2025-11-05,"Strategy Wont Face Bitcoin Liquidation , MSTR Stock Crashes 7 %","Strategy Wont Face Bitcoin Liquidation , MSTR Stock Crashes 7 % ",https://www.coinspeaker.com/strategy-wont-face-bitcoin-liquidation-mstr-stock-crashes-7/,coinspeaker.com,English,United States,63,11,0.0194872301071882,0.9120007157325744,0.0685120970010757,-0.8925134856253862,negative
2025-11-06,CleanSpark CEO Just Revealed Why Bitcoin Miners Are Secretly Positioned to Win the AI Power War,CleanSpark CEO Just Revealed Why Bitcoin Miners Are Secretly Positioned to Win the AI Power War,https://finance.yahoo.com/news/cleansparks-ceo-just-revealed-why-141605319.html,finance.yahoo.com,English,United States,95,16,0.1207071170210838,0.018564386293292,0.8607284426689148,0.1021427307277917,positive
2025-11-07,"Bitcoin price poised to go below $100 , 000 as Fed seen to print money earlier than expected","Bitcoin price poised to go below $100 , 000 as Fed seen to print money  earlier than expected  ",https://finance.yahoo.com/news/bitcoin-price-poised-below-100-204840711.html,finance.yahoo.com,English,United States,92,18,0.0825612097978591,0.8462342023849487,0.0712046325206756,-0.7636729925870895,negative
2025-11-08,"Bitcoin Survives the $100 , 000 Crash Test What Next for the Market ?","Bitcoin Survives the $100 , 000 Crash Test What Next for the Market ? ",https://finance.yahoo.com/news/bitcoin-survives-100-000-crash-071754150.html,finance.yahoo.com,English,United States,69,14,0.0324891246855258,0.0704102665185928,0.897100567817688,-0.0379211418330669,neutral
2025-11-09,Which Altcoins Could Outperform Bitcoin in 2026 ?,Which Altcoins Could Outperform Bitcoin in 2026 ? ,https://finance.yahoo.com/news/altcoins-could-outperform-bitcoin-2026-222106106.html,finance.yahoo.com,English,United States,49,8,0.2617000639438629,0.0450416728854179,0.6932582855224609,0.2166583910584449,positive
2025-11-10,"Strategy Acquires 487 BTC for $49 . 9M , Holdings Hit 641 , 692 Bitcoin","Strategy Acquires 487 BTC for $49 . 9M , Holdings Hit 641 , 692 Bitcoin",https://www.coinspeaker.com/strategy-bitcoin-purchase-487-btc-november-2025/,coinspeaker.com,English,United States,71,15,0.1332732141017913,0.0109059307724237,0.8558208346366882,0.1223672833293676,positive
2025-11-11,Will Bitcoin Cash price hit $600 as momentum strengthens ?,Will Bitcoin Cash price hit $600 as momentum strengthens ? ,https://www.fxstreet.com/cryptocurrencies/news/bitcoin-cash-price-forecast-bch-flashes-bullish-potential-as-momentum-strengthens-202511110530,fxstreet.com,English,China,58,10,0.3846398890018463,0.0161581169813871,0.599202036857605,0.3684817720204592,positive
2025-11-12,China Accuses United States of $13 Billion Bitcoin Mining Pool Hack,China Accuses United States of $13 Billion Bitcoin Mining Pool Hack,https://gizmodo.com/china-accuses-united-states-of-13-billion-bitcoin-mining-pool-hack-2000684994,gizmodo.com,English,United States,67,11,0.01656792499125,0.863915741443634,0.1195164173841476,-0.847347816452384,negative
2025-11-13,Trung Quốc tố Mỹ đánh cắp hơn 127 . 000 Bitcoin,Trung Quốc tố Mỹ đánh cắp hơn 127 . 000 Bitcoin,https://thanhnien.vn/trung-quoc-to-my-danh-cap-hon-127000-bitcoin-185251112215813161.htm,thanhnien.vn,Vietnamese,Vietnam,47,11,0.0557128004729747,0.0265334639698267,0.9177537560462952,0.029179336503148,neutral
2025-11-14,"Better Crypto Buy Right Now With $1 , 000 : Cardano vs . Bitcoin","Better Crypto Buy Right Now With $1 , 000 : Cardano vs . Bitcoin",https://www.fool.com/investing/2025/11/14/better-crypto-buy-right-now-with-1000-cardano-vs-b/?source=iedfolrf0000001,fool.com,English,United States,64,14,0.2210973650217056,0.016058275476098,0.762844443321228,0.2050390895456075,positive
2025-11-15,"Bitcoin Drops Below $100 , 000 For The Second Time In a Week","Bitcoin Drops Below $100 , 000 For The Second Time In a Week",https://finance.yahoo.com/news/bitcoin-drops-below-100-000-203824878.html,finance.yahoo.com,English,United States,60,13,0.0185269061475992,0.9522561430931092,0.0292169265449047,-0.93372923694551,negative
2025-11-16,3 ( Bad ) Reasons to Sell Your Bitcoin Right Now,3 ( Bad ) Reasons to Sell Your Bitcoin Right Now,https://www.fool.com/investing/2025/11/16/3-bad-reasons-to-sell-your-bitcoin-right-now/?source=iedfolrf0000001,fool.com,English,United States,48,11,0.0492546781897544,0.2101885825395584,0.7405567765235901,-0.1609339043498039,negative
2025-11-17,Bitcoin bear market could deepen further as liquidity worries take hold,Bitcoin bear market could deepen further as liquidity worries take hold,https://www.cnbc.com/2025/11/17/bitcoin-bear-market-could-deepen-further-as-liquidity-worries-take-hold-.html,cnbc.com,English,United States,71,11,0.0125081771984696,0.956389307975769,0.0311025604605674,-0.9438811307772994,negative
2025-11-18,"When The American Dream Feels Unaffordable , Bitcoin Is For Everyone Reveals Why and How Bitcoin Offers A Hopeful Path Forward","When The American Dream Feels Unaffordable , Bitcoin Is For Everyone Reveals Why and How Bitcoin Offers A Hopeful Path Forward",https://bitcoinmagazine.com/press-releases/when-the-american-dream-feels-unaffordable-bitcoin-is-for-everyone-reveals-why-and-how-bitcoin-offers-a-hopeful-path-forward,bitcoinmagazine.com,English,United States,126,21,0.1404943317174911,0.0125898523256182,0.8469158411026001,0.1279044793918728,positive
2025-11-19,Bitcoin Miner HIVE Digital Scores 285 % Revenue Pump Thanks To BTC Expansion,Bitcoin Miner HIVE Digital Scores 285 % Revenue Pump Thanks To BTC Expansion,https://finance.yahoo.com/news/bitcoin-miner-hive-digital-scores-100634573.html,finance.yahoo.com,English,United States,76,13,0.9274706244468688,0.0083267576992511,0.0642027258872985,0.9191438667476176,positive
2025-11-20,Hơn nửa tỷ USD bốc hơi khỏi quỹ Bitcoin lớn nhất thế giới,Hơn nửa tỷ USD  bốc hơi  khỏi quỹ Bitcoin lớn nhất thế giới,https://vietstock.vn/2025/11/hon-nua-ty-usd-boc-hoi-khoi-quy-bitcoin-lon-nhat-the-gioi-4309-1373979.htm,vietstock.vn,Vietnamese,Vietnam,57,13,0.0611660182476043,0.0310227889567613,0.9078112244606018,0.030143229290843,neutral
2025-11-21,Dont write off Bitcoin yet,Dont write off Bitcoin yet,https://www.spectator.co.uk/article/dont-write-off-bitcoin-yet/,spectator.co.uk,English,United Kingdom,26,5,0.0422721914947032,0.2323511391878128,0.7253767251968384,-0.1900789476931095,negative
2025-11-22,"Strategy Shrugs Off Bitcoin Crash , Claims 71 Years of Dividend Protection","Strategy Shrugs Off Bitcoin Crash , Claims 71 Years of Dividend Protection",https://finance.yahoo.com/news/strategy-shrugs-off-bitcoin-crash-104415721.html,finance.yahoo.com,English,United States,74,12,0.514164924621582,0.0152921350672841,0.4705430269241333,0.4988727895542979,positive
2025-11-23,"Bitcoin crash : Price tumbles near $80 , 000 ; corporate crypto holdings hit hard","Bitcoin crash : Price tumbles near $80 , 000 ; corporate crypto holdings hit hard",https://timesofindia.indiatimes.com/business/international-business/bitcoin-crash-price-tumbles-near-80000-corporate-crypto-holdings-hit-hard/articleshow/125516419.cms,timesofindia.indiatimes.com,English,India,81,15,0.0153432469815015,0.9535829424858092,0.0310737751424312,-0.9382396955043076,negative
2025-11-24,"Biggest market crash in history has begun Robert Kiyosaki warns as he calls to invest in bitcoin , gold & silver","  Biggest market crash in history has begun  Robert Kiyosaki warns as he calls to invest in bitcoin , gold & silver",https://www.livemint.com/market/stock-market-news/biggest-market-crash-in-history-has-begun-robert-kiyosaki-warns-calls-bitcoin-gold-and-silver-only-safe-havens-11763957204443.html,livemint.com,English,India,112,21,0.0306970812380313,0.6698592305183411,0.2994436621665954,-0.6391621492803097,negative
2025-11-25,Bitcoin Swoon Prompts IBIT Exodus,Bitcoin Swoon Prompts IBIT Exodus,https://finance.yahoo.com/news/bitcoin-swoon-prompts-ibit-exodus-110000259.html,finance.yahoo.com,English,United States,33,5,0.055624458938837,0.6947470307350159,0.2496284544467926,-0.6391225717961788,negative
2025-11-26,Nobel laureate Paul Krugman says Bitcoin meltdown is deeply connected to Trump waning power : Think of it as the unraveling of the Trump trade,Nobel laureate Paul Krugman says Bitcoin meltdown is deeply connected to Trump waning power :  Think of it as the unraveling of the Trump trade  ,https://fortune.com/2025/11/26/nobel-laureate-paul-krugman-bitcoin-meltdown-trump-approval-waning-power/,fortune.com,English,United States,142,25,0.0322544910013675,0.1137253418564796,0.8540201783180237,-0.081470850855112,neutral
2025-11-27,"Tái lập mốc 90 . 000 USD , bitcoin đã thực sự thoát đáy ?","Tái lập mốc 90 . 000 USD , bitcoin đã thực sự thoát đáy ? ",https://www.vietnamplus.vn/tai-lap-moc-90000-usd-bitcoin-da-thuc-su-thoat-day-post1079577.vnp,vietnamplus.vn,Vietnamese,Vietnam,57,15,0.1315290778875351,0.0441628843545913,0.8243080377578735,0.0873661935329437,neutral
2025-11-28,S & P downgrades Tether stability rating to weak as Bitcoin holdings exceed safety buffer,S & P downgrades Tether stability rating to  weak  as Bitcoin holdings exceed safety buffer,https://finance.yahoo.com/news/p-downgrades-tether-stability-rating-210430953.html,finance.yahoo.com,English,United States,89,15,0.0164595488458871,0.955963373184204,0.0275770593434572,-0.9395038243383168,negative
2025-11-29,Bitwise Analyst on Bitcoin : Youre Not Even Remotely Bullish Enough,Bitwise Analyst on Bitcoin :  Youre Not Even Remotely Bullish Enough  ,https://www.coindesk.com/markets/2025/11/29/bitcoin-pricing-in-most-bearish-global-growth-outlook-since-covid-and-ftx-crash-bitwise-research,coindesk.com,English,United States,67,11,0.091902419924736,0.2222559005022049,0.6858416795730591,-0.1303534805774688,negative
2025-11-30,JPMorgan Trims Riot Platforms ( RIOT ) Target Citing Lower Bitcoin Prices and Share Dilution,JPMorgan Trims Riot Platforms ( RIOT ) Target Citing Lower Bitcoin Prices and Share Dilution,https://www.insidermonkey.com/blog/jpmorgan-trims-riot-platforms-riot-target-citing-lower-bitcoin-prices-and-share-dilution-1652620/,insidermonkey.com,English,United States,92,15,0.5159097909927368,0.4349883496761322,0.0491018816828727,0.0809214413166046,neutral
2025-12-01,"Bitcoin Falls 5 % Below $90 , 000 as Investors Ditch Risk Assets","Bitcoin Falls 5 % Below $90 , 000 as Investors Ditch Risk Assets",https://english.aawsat.com/business/5214668-bitcoin-falls-5-below-90000-investors-ditch-risk-assets,english.aawsat.com,English,Syria,64,13,0.0291527789086103,0.9262084364891052,0.0446387194097042,-0.8970556575804949,negative
2025-12-02,"Bitcoin lại đi xuống , thị trường bốc hơi gần 1 tỷ USD","Bitcoin lại đi xuống , thị trường  bốc hơi  gần 1 tỷ USD",https://www.vietnamplus.vn/bitcoin-lai-di-xuong-thi-truong-boc-hoi-gan-1-ty-usd-post1080469.vnp,vietnamplus.vn,Vietnamese,Vietnam,56,13,0.1351057142019271,0.0229683872312307,0.8419259190559387,0.1121373269706964,positive
2025-12-03,Proiectul ambițios de bitcoin al fiilor lui Trump pierde aproape 40 % din valoare,Proiectul ambițios de bitcoin al fiilor lui Trump pierde aproape 40 % din valoare,https://ziare.com/sua/american-bitcoin-familia-trump-1980351,ziare.com,Romanian,Romania,81,14,0.3660738468170166,0.023260997608304,0.6106652021408081,0.3428128492087126,positive
2025-12-04,Strategy Dwindling BTC Buys Signal Company is Prepping for Bear Market,Strategy Dwindling BTC Buys Signal Company is Prepping for Bear Market,https://cointelegraph.com/news/strategy-bitcoin-buy-collapse-bracing-bear-market,cointelegraph.com,English,China,70,11,0.0186761431396007,0.9368574023246764,0.044466495513916,-0.9181812591850758,negative
2025-12-05,Bitcoin Coils Near Highs as Bulls Defend Gains Ahead of Resistance,Bitcoin Coils Near Highs as Bulls Defend Gains Ahead of Resistance,https://www.newsbtc.com/analysis/btc/bitcoin-coils-near-highs-94k/,newsbtc.com,English,United States,66,11,0.6945331692695618,0.117469385266304,0.1879974901676178,0.5770637840032578,positive
2025-12-07,"Cathie Wood predicts next gold crash , sees Bitcoin outperforming","Cathie Wood predicts next gold crash , sees Bitcoin outperforming",https://finance.yahoo.com/news/cathie-wood-predicts-next-gold-182231240.html,finance.yahoo.com,English,United States,65,10,0.6077268719673157,0.3115535378456116,0.0807196125388145,0.2961733341217041,positive
2025-12-08,"Ruya launches world first Shariah - compliant Bitcoin trading service for Islamic banking customers - Arabian Business : Latest News on the Middle East , Real Estate , Finance , and More","Ruya launches world first Shariah - compliant Bitcoin trading service for Islamic banking customers - Arabian Business : Latest News on the Middle East , Real Estate , Finance , and More",https://www.arabianbusiness.com/industries/banking-finance/ruya-launches-worlds-first-shariah-compliant-bitcoin-trading-service-for-islamic-banking-customers,arabianbusiness.com,English,Saudi Arabia,186,32,0.1780412793159485,0.0084854867309331,0.8134732842445374,0.1695557925850153,positive
2025-12-09,Texas first state to fund bitcoin reserve with $5 million purchase,Texas first state to fund bitcoin reserve with $5 million purchase,https://www.washingtonexaminer.com/policy/finance-and-economy/3910834/texas-cryptocurrency-reserve-5-million-bitcoin-purchase/,washingtonexaminer.com,English,United States,66,11,0.2299746721982956,0.0094290180131793,0.7605963349342346,0.2205456541851163,positive
2025-12-10,Hơn 400 . 000 Bitcoin bị rút khỏi các sàn giao dịch,Hơn 400 . 000 Bitcoin bị rút khỏi các sàn giao dịch,https://vneconomy.vn/tin-hieu-tich-cuc-voi-bitcoin-dang-xuat-hien.htm,vneconomy.vn,Vietnamese,Vietnam,51,12,0.070009671151638,0.0279586743563413,0.9020316004753112,0.0420509967952966,neutral
2025-12-11,"Bitcoin Is Ready For One More Push To $100 , 000 In 2025 , Trader Claims","Bitcoin Is Ready For One More Push To $100 , 000 In 2025 , Trader Claims",https://www.benzinga.com/crypto/cryptocurrency/25/12/49334133/bitcoin-is-ready-for-one-more-push-to-100000-in-2025-trader-claims,benzinga.com,English,United States,72,16,0.5815499424934387,0.0182024557143449,0.4002475142478943,0.5633474867790937,positive
2025-12-12,Wie Trumps Fed - Chef - Entscheidung zum Bitcoin - Boom vor den Feiertagen werden könnte,Wie Trumps Fed - Chef - Entscheidung zum Bitcoin - Boom vor den Feiertagen werden könnte,https://www.finanzen.net/nachricht/devisen/neuer-fed-chef-voraus-bitcoin-kurs-vor-neuer-rally-trumps-fed-chef-ernennung-koennte-zum-katalysator-werden-15324496,finanzen.net,German,Germany,88,16,0.1499793082475662,0.0191171672195196,0.8309034705162048,0.1308621410280466,positive
2025-12-13,Asia Market Open : Bitcoin Ticks Up As Asian Markets Gain After S & P 500 Record,Asia Market Open : Bitcoin Ticks Up As Asian Markets Gain After S & P 500 Record,https://finance.yahoo.com/news/asia-market-open-bitcoin-ticks-022133892.html,finance.yahoo.com,English,United States,80,17,0.9329743981361388,0.0332904160022735,0.0337351560592651,0.8996839821338654,positive
2025-12-14,Which Cryptocurrency Has More Upside ? Bitcoin vs . Cardano,Which Cryptocurrency Has More Upside ? Bitcoin vs . Cardano,https://www.fool.com/investing/2025/12/14/which-cryptocurrency-has-more-upside-bitcoin-vs-ca/?source=iedfolrf0000001,fool.com,English,United States,59,10,0.0830707550048828,0.0221934020519256,0.8947358131408691,0.0608773529529571,neutral
2025-12-15,Strategy Makes Second Straight $1 Bln Bitcoin Buy Despite Share Price Pressure,Strategy Makes Second Straight $1 Bln Bitcoin Buy Despite Share Price Pressure,https://www.finanzen.ch/nachrichten/aktien/strategy-makes-second-straight-$1-bln-bitcoin-buy-despite-share-price-pressure-1035647161,finanzen.ch,English,Switzerland,78,12,0.7389233112335205,0.0863926336169242,0.1746840476989746,0.6525306776165962,positive
2025-12-16,Bitcoin price drops : Crypto meltdown survival guide : Why experts say Hold On instead of panic selling,Bitcoin price drops : Crypto meltdown survival guide : Why experts say  Hold On  instead of panic selling,https://economictimes.indiatimes.com/news/international/us/crypto-meltdown-survival-guide-why-experts-say-hold-on-instead-of-panic-selling/articleshow/126003980.cms,economictimes.indiatimes.com,English,India,103,18,0.0345361270010471,0.5350931286811829,0.4303707778453827,-0.5005570016801357,negative
2025-12-17,Bitcoin Must Hold $81 . 5K Support Amid Increased Whale Selling,Bitcoin Must Hold $81 . 5K Support Amid Increased Whale Selling,https://cointelegraph.com/news/bitcoin-price-critical-point-whale-moves-348m-btc-to-exchanges,cointelegraph.com,English,China,63,11,0.9047855734825134,0.0153518309816718,0.0798625275492668,0.8894337425008416,positive
2025-12-18,Tether Invests in Crypto Startup Powering Stablecoin Use via Bitcoin Lightning Network,Tether Invests in Crypto Startup Powering Stablecoin Use via Bitcoin Lightning Network,https://finance.yahoo.com/news/tether-invests-crypto-startup-powering-195149259.html,finance.yahoo.com,English,United States,86,12,0.1349224299192428,0.0080187814310193,0.8570588231086731,0.1269036484882235,positive
2025-12-19,Is MARA Holdings ( MARA ) Quietly Pivoting From Pure Bitcoin Bet to Energy - Backed AI Infrastructure Play ?,Is MARA Holdings ( MARA ) Quietly Pivoting From Pure Bitcoin Bet to Energy - Backed AI Infrastructure Play ? ,https://finance.yahoo.com/news/mara-holdings-mara-quietly-pivoting-060955841.html,finance.yahoo.com,English,United States,108,20,0.0476961061358451,0.2245127111673355,0.7277911901473999,-0.1768166050314903,negative
2025-12-20,"12 years ago , a whiskey - fuelled rant coined the iconic term HODL with a drunken mispelling Bitcoin investment strategy would have turned $523 into over $87 , 000 , a 16 , 666 % gain","12 years ago , a whiskey - fuelled rant coined the iconic term HODL with a drunken mispelling Bitcoin investment strategy would have turned $523 into over $87 , 000 , a 16 , 666 % gain",https://www.tomshardware.com/tech-industry/cryptocurrency/hodlers-began-hodling-bitcoin-12-years-ago-iconic-whisky-fuelled-investment-strategy-would-have-turned-usd523-into-over-usd87-000-a-16-666-percent-gain,tomshardware.com,English,United States,184,37,0.4733220934867859,0.1396794915199279,0.3869983553886413,0.3336426019668579,positive
2025-12-21,"Citi Projects $143 , 000 Base Case For Bitcoin in 12 - Month Outlook","Citi Projects $143 , 000 Base Case For Bitcoin in 12 - Month Outlook",https://www.newsbtc.com/news/bitcoin/citi-projects-143000-base-case-for-bitcoin-in-12-month-outlook/,newsbtc.com,English,United States,68,14,0.1506813466548919,0.010892198421061,0.8384264707565308,0.1397891482338309,positive
2025-12-22,Trump Media Buys 451 Bitcoin To Hold Over $1 Billion In BTC,Trump Media Buys 451 Bitcoin To Hold Over $1 Billion In BTC,https://bitcoinmagazine.com/news/trump-media-adds-451-bitcoin,bitcoinmagazine.com,English,United States,59,12,0.1743091791868209,0.0082904761657118,0.817400336265564,0.1660187030211091,positive
2025-12-23,"Jim Cramer Dumped All His Crypto Three Years Ago , Vowed Never In A Million Year Bitcoin Surged 416 % Since That Proclamation","Jim Cramer Dumped All His Crypto Three Years Ago , Vowed Never In A  Million Year Bitcoin Surged 416 % Since That Proclamation",https://finance.yahoo.com/news/jim-cramer-dumped-crypto-three-033113041.html,finance.yahoo.com,English,United States,125,23,0.7185924053192139,0.0169350877404212,0.2644723951816559,0.7016573175787926,positive
2025-12-24,"Bitcoin $200K In 2026 ? Maybe . Probably , According to These Analysts .","Bitcoin $200K In 2026 ? Maybe . Probably , According to These Analysts . ",https://finance.yahoo.com/news/bitcoin-200k-2026-maybe-probably-203629799.html,finance.yahoo.com,English,United States,72,14,0.085874818265438,0.0202818568795919,0.8938433527946472,0.0655929613858461,neutral
2025-12-25,Bitcoin misses out on Wall Street Christmas cheer,Bitcoin misses out on Wall Street Christmas cheer,https://economictimes.indiatimes.com/markets/cryptocurrency/bitcoin-misses-out-on-wall-street-christmas-cheer/articleshow/126169596.cms,economictimes.indiatimes.com,English,India,49,8,0.0299593694508075,0.6498176455497742,0.320222944021225,-0.6198582760989666,negative
2025-12-26,"Bitcoin : Near - Term Outlook Depends on $91 , 000 Breakout Attempt","Bitcoin : Near - Term Outlook Depends on $91 , 000 Breakout Attempt",https://www.investing.com/analysis/bitcoin-nearterm-outlook-depends-on-91000-breakout-attempt-200672382,investing.com,English,United States,67,13,0.0308220963925123,0.2462994456291198,0.7228784561157227,-0.2154773492366075,negative
2025-12-27,Early Tesla investor says $1B worth of paychecks now paid in Bitcoin,Early Tesla investor says $1B worth of paychecks now paid in Bitcoin,https://finance.yahoo.com/news/early-tesla-investor-says-1b-235737230.html,finance.yahoo.com,English,United States,68,12,0.0698270499706268,0.0747409239411354,0.8554320335388184,-0.0049138739705085,neutral
2025-12-28,How company bets on bitcoin can backfire - The Japan Times,How company bets on bitcoin can backfire - The Japan Times,https://www.japantimes.co.jp/business/2025/12/28/bitcoint-bets-backfire/,japantimes.co.jp,English,Japan,58,11,0.0520882904529571,0.0455656424164772,0.9023460745811462,0.0065226480364799,neutral
2025-12-29,Altcoins outpace bitcoin as precious metal historic rally keeps macro focus sharp,Altcoins outpace bitcoin as precious metal historic rally keeps macro focus sharp,https://finance.yahoo.com/news/btc-eth-sol-xrp-doge-114128763.html,finance.yahoo.com,English,United States,81,12,0.5760018229484558,0.214320108294487,0.2096780836582183,0.3616817146539688,positive
2025-12-30,"Prenetics Stops Buying Bitcoin , Pivots Money To Health Brand","Prenetics Stops Buying Bitcoin , Pivots Money To Health Brand",https://bitcoinmagazine.com/news/prenetics-stops-all-bitcoin-purchases,bitcoinmagazine.com,English,United States,61,10,0.0443793907761573,0.0442534983158111,0.9113670587539672,0.0001258924603462,neutral
2025-12-31,"Bitcoin near $88K , Ethereum at $2 , 900 as crypto market ends 2025 on a subdued note","Bitcoin near $88K , Ethereum at $2 , 900 as crypto market ends 2025 on a subdued note",https://economictimes.indiatimes.com/markets/cryptocurrency/bitcoin-near-88k-ethereum-at-2900-as-crypto-market-ends-2025-on-a-subdued-note/articleshow/126264219.cms,economictimes.indiatimes.com,English,India,85,18,0.125122457742691,0.8360108137130737,0.0388667471706867,-0.7108883559703827,negative
2026-01-01,Bitcoin Price Volatility Signals Ignite for 2026 TradFi Return,Bitcoin Price Volatility Signals Ignite for 2026 TradFi Return,https://cointelegraph.com/news/bitcoin-rsi-demands-breakout-exec-says-rip-4-year-btc-price-cycle,cointelegraph.com,English,China,62,9,0.1027489304542541,0.061152596026659,0.8360984921455383,0.0415963344275951,neutral
2026-01-02,Polymarket Odds 21 % Chance For Bitcoin To Hit $150K in 2026,Polymarket Odds 21 % Chance For Bitcoin To Hit $150K in 2026,https://cointelegraph.com/news/polymarket-traders-21-chance-bitcoin-hitting-150k-2026,cointelegraph.com,English,China,60,12,0.9366434812545776,0.0150988148525357,0.0482577346265316,0.921544666402042,positive
2026-01-03,"Bitcoin Becomes a Yardstick for Venezuela Reaction at $90 , 000","Bitcoin Becomes a Yardstick for Venezuela Reaction at $90 , 000",https://cointelegraph.com/news/bitcoin-price-90k-breakout-hangs-in-balance-us-storms-venezuela,cointelegraph.com,English,China,63,11,0.3267880380153656,0.0200779568403959,0.6531339287757874,0.3067100811749697,positive
2026-01-04,Just The Beginning Bitcoin And Crypto Suddenly Braced For A Critical $17 . 3 trillion Oil Price Shock,  Just The Beginning  Bitcoin And Crypto Suddenly Braced For A  Critical  $17 . 3 trillion Oil Price Shock,https://www.forbes.com/sites/digital-assets/2026/01/04/just-the-beginning-bitcoin-and-crypto-suddenly-braced-for-a-critical-173-trillion-oil-price-shock/,forbes.com,English,United States,101,18,0.0668222308158874,0.5125526189804077,0.4206251800060272,-0.4457303881645202,negative
2026-01-05,"Strategy , maior detentora de Bitcoin do mundo , tem prejuízo de US$ 17 , 4 bi no 4º tri","Strategy , maior detentora de Bitcoin do mundo , tem prejuízo de US$ 17 , 4 bi no 4º tri",https://www.infomoney.com.br/mercados/strategy-maior-detentora-de-bitcoin-do-mundo-tem-prejuizo-de-us-174-bi-no-4o-tri/,infomoney.com.br,Portuguese,Brazil,88,20,0.6880709528923035,0.0183898918330669,0.2935391962528229,0.6696810610592365,positive
2026-01-06,"Curaçao Chronicle | Over 1 , 400 new Bitcoin ATMs installed globally in 2025","Curaçao Chronicle | Over 1 , 400 new Bitcoin ATMs installed globally in 2025",https://www.curacaochronicle.com/post/technology/over-1400-new-bitcoin-atms-installed-globally-in-2025-finbold-report,curacaochronicle.com,,,76,14,0.5591921210289001,0.009482836350798607,0.4313249886035919,0.5497092846781015,positive
2026-01-07,"MSTR perpetual preferred STRC returns to $100 , allowing share issuance to buy more BTC","MSTR perpetual preferred STRC returns to $100 , allowing share issuance to buy more BTC",https://www.coindesk.com/markets/2026/01/07/strategy-s-strc-perpetual-preferred-stock-returns-to-usd100-may-trigger-more-bitcoin-buying,coindesk.com,,,87,15,0.9386220574378967,0.018216732889413834,0.04316113144159317,0.9204053245484829,positive
2026-01-08,Ethereum is exploding on institutional inflows,Ethereum is exploding on institutional inflows,https://tynmagazine.com/ethereum-is-exploding-on-institutional-inflows/,tynmagazine.com,,,46,6,0.044249508529901505,0.9079912304878235,0.0477592870593071,-0.863741721957922,negative
2026-01-09,BTC Inc documents over a year of operating bitcoin payments at scale in new BTCPay server case study,BTC Inc documents over a year of operating bitcoin payments at scale in new BTCPay server case study,https://tynmagazine.com/btc-inc-documents-over-a-year-of-operating-bitcoin-payments-at-scale-in-new-btcpay-server-case-study/,tynmagazine.com,,,100,18,0.12180805951356888,0.0114456070587039,0.8667463064193726,0.11036245245486498,positive
2026-01-12,FinancialContent - The $1 . 5 Billion Breach : How the Lazarus Group Safe { Wallet } Exploit Rewrote the Rules of Crypto Security,FinancialContent - The $1 . 5 Billion Breach : How the Lazarus Group Safe { Wallet } Exploit Rewrote the Rules of Crypto Security,https://markets.financialcontent.com/stocks/article/breakingcrypto-2026-1-12-the-15-billion-breach-how-the-lazarus-groups-safewallet-exploit-rewrote-the-rules-of-crypto-security,markets.financialcontent.com,,,129,24,0.04467935115098953,0.22362643480300903,0.731694221496582,-0.1789470836520195,negative
2026-01-13,"Best Altcoins to Buy Now : Tapzi Draws Investor Focus as Bitcoin ,","Best Altcoins to Buy Now : Tapzi Draws Investor Focus as Bitcoin ,",https://www.openpr.com/news/4346843/best-altcoins-to-buy-now-tapzi-draws-investor-focus-as-bitcoin,openpr.com,,,66,13,0.3801441490650177,0.014206982217729092,0.6056488156318665,0.3659371668472886,positive
2026-01-14,Neues Bitcoin - Zeitalter ? Warum 2026 zum Wendepunkt für Kryptowährungsinvestoren werden könnte,Neues Bitcoin - Zeitalter ? Warum 2026 zum Wendepunkt für Kryptowährungsinvestoren werden könnte,https://www.finanzen.net/nachricht/devisen/neues-marktregime-bitcoin-ausblick-2026-warum-der-naechste-zyklus-anleger-ueberraschen-koennte-00-15368203,finanzen.net,,,96,13,0.17631709575653076,0.02191152796149254,0.8017714023590088,0.15440556779503822,positive
2026-01-16,Bitcoin Stalls Near $96K as ETF Inflows Fail to Boost Momentum,Bitcoin Stalls Near $96K as ETF Inflows Fail to Boost Momentum,https://www.coinspeaker.com/bitcoin-stalls-near-96k-as-etf-inflows-fail-to-boost-momentum/,coinspeaker.com,,,62,11,0.014641267247498035,0.9678519368171692,0.017506791278719902,-0.9532106695696712,negative
2026-01-17,Promising Blockchain Stocks To Watch Now – January 17th,Promising Blockchain Stocks To Watch Now – January 17th,https://www.dailypolitical.com/2026/01/17/promising-blockchain-stocks-to-watch-now-january-17th.html,dailypolitical.com,,,55,9,0.152004212141037,0.018959064036607742,0.8290367126464844,0.13304514810442924,positive
2026-01-18,The Crypto ETF Showdown : BITQ Diversification vs . IBIT Bitcoin Bet,The Crypto ETF Showdown : BITQ Diversification vs . IBIT Bitcoin Bet,https://finance.yahoo.com/news/crypto-etf-showdown-bitqs-diversification-164902726.html,finance.yahoo.com,,,68,12,0.11893968284130096,0.011419938877224922,0.8696403503417969,0.10751974396407604,positive
2026-01-20,Huobi BTC ( HBTC ) Reaches One Day Trading Volume of $35 . 42 Thousand,Huobi BTC ( HBTC ) Reaches One Day Trading Volume of $35 . 42 Thousand,https://www.dailypolitical.com/2026/01/20/huobi-btc-hbtc-reaches-one-day-trading-volume-of-35-42-thousand.html,dailypolitical.com,,,70,15,0.5863494277000427,0.01645829528570175,0.3971922695636749,0.569891132414341,positive
2026-01-21,Why Crypto Volatility Isnt What It Used To Be,Why Crypto Volatility Isnt What It Used To Be,https://www.benzinga.com/news/26/01/50049468/why-crypto-volatility-isnt-what-it-used-to-be,benzinga.com,,,45,9,0.0305046197026968,0.13133275508880615,0.8381626009941101,-0.10082813538610935,negative
2026-01-22,Bitcoin Doesnt Have 20 Years,Bitcoin Doesnt Have 20 Years,https://cointelegraph.com/news/bitcoin-20-quantum-threat,cointelegraph.com,,,28,5,0.029045401141047478,0.05573134124279022,0.9152233004570007,-0.026685940101742744,neutral
2026-01-23,Money Flows Out of Crypto Into Silver ; Stock Rally Stalls on Hawkish BOJ ; Hottest IPO Ahead - Apple ( NASDAQ : AAPL ),Money Flows Out of Crypto Into Silver ; Stock Rally Stalls on Hawkish BOJ ; Hottest IPO Ahead - Apple ( NASDAQ : AAPL ),https://www.benzinga.com/Opinion/26/01/50105618/money-flows-out-of-crypto-into-silver-stock-rally-stalls-on-hawkish-boj-hottest-ipo-ahead,benzinga.com,,,119,25,0.034873127937316895,0.9201367497444153,0.044990040361881256,-0.8852636218070984,negative
2026-01-24,US Treasury sell - off impact on Bitcoin BTC USD : Bond market turmoil : How a continued treasury sell - off could impact Bitcoin,US Treasury sell - off impact on Bitcoin BTC USD : Bond market turmoil : How a continued treasury sell - off could impact Bitcoin,https://economictimes.indiatimes.com/news/international/us/bond-market-turmoil-how-a-continued-treasury-sell-off-could-impact-bitcoin/articleshow/127403365.cms,economictimes.indiatimes.com,,,129,25,0.020403003320097923,0.7091572284698486,0.2704397439956665,-0.6887542251497507,negative
2026-01-25,Las Vegas Businesses Ditch Credit Card Fees for Bitcoin Payments,Las Vegas Businesses Ditch Credit Card Fees for Bitcoin Payments,https://finance.yahoo.com/news/las-vegas-businesses-ditch-credit-111139665.html,finance.yahoo.com,,,64,10,0.012563427910208702,0.8981490731239319,0.08928749710321426,-0.8855856452137232,negative
2026-01-26,"Record Crypto Theft In 2025 Will Accelerate Shift From Exchanges to Bitcoin ETFs - 2x Bitcoin Strategy ETF ( BATS : BITX ), Coinbase Global ( NASDAQ : COIN )","Record Crypto Theft In 2025 Will Accelerate Shift From Exchanges to Bitcoin ETFs - 2x Bitcoin Strategy ETF ( BATS : BITX ), Coinbase Global ( NASDAQ : COIN )",https://www.benzinga.com/Opinion/26/01/50127868/record-crypto-theft-in-2025-will-accelerate-shift-from-exchanges-to-bitcoin-etfs,benzinga.com,,,157,30,0.2572072148323059,0.008716803044080734,0.7340760231018066,0.24849041178822517,positive
2026-01-27,"BitMine , the largest Ethereum treasury firm , makes biggest ether purchase of 2026","BitMine , the largest Ethereum treasury firm , makes biggest ether purchase of 2026",https://finance.yahoo.com/news/bitmine-largest-ethereum-treasury-firm-142520355.html,finance.yahoo.com,,,83,14,0.07901565730571747,0.010313641279935837,0.9106706380844116,0.06870201602578163,neutral
2026-01-28,"EQS - News : Citrea startet Mainnet - Bitcoin kann nun für Kredite , Handel und USD - Abrechnungen verwendet werden ( deutsch ) ()","EQS - News : Citrea startet Mainnet - Bitcoin kann nun für Kredite , Handel und USD - Abrechnungen verwendet werden ( deutsch ) ()",https://www.aktiencheck.de/analysen/Artikel-EQS_News_Citrea_startet_Mainnet_Bitcoin_kann_nun_fuer_Kredite_Handel_und_USD_Abrechnungen_verwendet_werden_deutsch-19410799,aktiencheck.de,,,130,25,0.07299317419528961,0.02344479411840439,0.9035620093345642,0.04954838007688522,neutral
2026-01-29,"Bitcoin Drops Below $84 , 000 As Ethereum , XRP , Dogecoin Plummet 7 %","Bitcoin Drops Below $84 , 000 As Ethereum , XRP , Dogecoin Plummet 7 %",https://www.benzinga.com/crypto/cryptocurrency/26/01/50246188/bitcoin-drops-below-84000-as-ethereum-xrp-dogecoin-plummet-7,benzinga.com,,,70,15,0.014087785966694355,0.9362984895706177,0.04961376637220383,-0.9222107036039233,negative
2026-01-30,Armstrong Wall Street War : Coinbase CEO Ignites Stablecoin Showdown,Armstrong Wall Street War : Coinbase CEO Ignites Stablecoin Showdown,https://www.webpronews.com/armstrongs-wall-street-war-coinbase-ceo-ignites-stablecoin-showdown/,webpronews.com,,,68,10,0.0452408492565155,0.3071698248386383,0.6475893259048462,-0.2619289755821228,negative
2026-01-31,Bitcoin Historical Performance Shows How Low The Price Will Go Before A Bottom,Bitcoin Historical Performance Shows How Low The Price Will Go Before A Bottom,https://www.newsbtc.com/news/bitcoin/bitcoin-historical-performance/,newsbtc.com,,,78,13,0.0620153434574604,0.08332889527082443,0.8546558022499084,-0.02131355181336403,neutral
2026-02-01,Bitcoin ( BTC ) Price Prediction : Bitcoin Defends $76K Support as Analysts Weigh $79 . 6K Rebound or $67K Correction,Bitcoin ( BTC ) Price Prediction : Bitcoin Defends $76K Support as Analysts Weigh $79 . 6K Rebound or $67K Correction,https://bravenewcoin.com/insights/bitcoin-btc-price-prediction-bitcoin-defends-76k-support-as-analysts-weigh-79-6k-rebound-or-67k-correction,bravenewcoin.com,,,117,21,0.918775737285614,0.04679059982299805,0.034433577209711075,0.871985137462616,positive
2026-02-02,Bitcoin Rebounds After Dropping Below $75k,Bitcoin Rebounds After Dropping Below $75k,https://www.rttnews.com/3616240/bitcoin-rebounds-after-dropping-below-75k.aspx,rttnews.com,,,42,6,0.05972950905561447,0.8888795375823975,0.05139092355966568,-0.829150028526783,negative
2026-02-03,Ripple CEO says crypto a great investment for the  next ten years,Ripple CEO says crypto a great investment for the  next ten years,https://www.cantechletter.com/2026/02/ripple-ceo-says-crypto-a-great-investment-for-the-next-ten-years/,cantechletter.com,,,65,12,0.7508856654167175,0.006530364975333214,0.24258393049240112,0.7443553004413843,positive
2026-02-04,Cum Poți Câștiga Venit Pasiv pe Crypto,Cum Poți Câștiga Venit Pasiv pe Crypto,https://www.bihon.ro/stirile-judetului-bihor/cum-poti-castiga-venit-pasiv-pe-crypto-5177485/,bihon.ro,,,38,7,0.06964357942342758,0.025210516527295113,0.9051458835601807,0.04443306289613247,neutral
2026-02-05,Winklevoss twin Gemini crypto exchange cuts 25 % of workforce as bitcoin slumps,Winklevoss twin Gemini crypto exchange cuts 25 % of workforce as bitcoin slumps,https://nypost.com/2026/02/05/business/winklevoss-twins-gemini-crypto-exchange-cuts-25-of-workforce-as-bitcoin-slumps/,nypost.com,,,79,13,0.00817890651524067,0.9717797636985779,0.02004137635231018,-0.9636008571833372,negative
2026-02-06,"Bitcoin tops $70 , 000 as risk assets level out","Bitcoin tops $70 , 000 as risk assets level out",https://www.bnnbloomberg.ca/markets/crypto/2026/02/06/bitcoin-rallies-tops-us70000-as-risk-assets-stabilize/,bnnbloomberg.ca,,,47,10,0.7726477980613708,0.058517806231975555,0.16883428394794464,0.7141299918293953,positive
2026-02-07,Bitcoin & crypto ? Pt . 3 : Economics & Finance - Page 28 - Peak Oil News and Message Boards,Bitcoin & crypto ? Pt . 3 : Economics & Finance - Page 28 - Peak Oil News and Message Boards,https://peakoil.com/forums/viewtopic.php?p=1501652,peakoil.com,,,92,21,0.029023168608546257,0.03128701448440552,0.9396898150444031,-0.0022638458758592606,neutral
2026-02-09,Experts Warn that the Bitcoin Slump Isnt Over Yet,Experts Warn that the Bitcoin Slump Isnt Over Yet,https://techstory.in/experts-warn-that-the-bitcoin-slump-isnt-over-yet/,techstory.in,,,49,9,0.03895781189203262,0.9231424331665039,0.03789978846907616,-0.8841846212744713,negative
2026-02-10,Mother and daughter captives rescued by passerby in France latest crypto - linked kidnapping | International News,Mother and daughter captives rescued by passerby in France latest crypto - linked kidnapping | International News,https://www.wxow.com/news/international/mother-and-daughter-captives-rescued-by-passerby-in-france-s-latest-crypto-linked-kidnapping/article_4a567d83-34d8-5442-aa83-c7484022fb7b.html,wxow.com,,,113,17,0.04322579503059387,0.38117319345474243,0.5756010413169861,-0.33794739842414856,negative
2026-02-12,"IRS Warns Crypto Traders : Bitcoin , NFTs and Stablecoin Income Is Taxable","IRS Warns Crypto Traders : Bitcoin , NFTs and Stablecoin Income Is Taxable",https://www.hngn.com/articles/269634/20260212/irs-warns-crypto-traders-bitcoin-nfts-stablecoin-income-taxable.htm,hngn.com,,,74,13,0.027361329644918442,0.03266669809818268,0.9399719834327698,-0.0053053684532642365,neutral
2026-02-13,"Bitcoin Eyes $70 , 000 Reclaim As Ethereum , XRP , Dogecoin Flip Green Bullish Weekend Ahead ?","Bitcoin Eyes $70 , 000 Reclaim As Ethereum , XRP , Dogecoin Flip Green Bullish Weekend Ahead ?",https://www.benzinga.com/crypto/cryptocurrency/26/02/50622430/bitcoin-eyes-70000-reclaim-as-ethereum-xrp-dogecoin-flip-green-bullish-weekend-ahead,benzinga.com,,,94,18,0.21934925019741058,0.02147543802857399,0.7591753005981445,0.1978738121688366,positive
2026-02-14,"EXCLUSIVE : Infrastructure Gap To Widen : Cango , As AI Pivot Flags ETF Opportunity - Global X Artificial Intelligence & Technology ETF ( NASDAQ : AIQ ), Amplify Blockchain Technology ETF ( ARCA : BLOK )","EXCLUSIVE : Infrastructure Gap To Widen : Cango , As AI Pivot Flags ETF Opportunity - Global X Artificial Intelligence & Technology ETF ( NASDAQ : AIQ ), Amplify Blockchain Technology ETF ( ARCA : BLOK )",https://www.benzinga.com/etfs/broad-u-s-equity-etfs/26/02/50632407/exclusive-inference-infrastructure-gap-to-widen-bitcoin-miner-cangos-ai-pivot-signals-an-etf-opportunity,benzinga.com,,,203,37,0.45243608951568604,0.008285959251224995,0.539277970790863,0.44415013026446104,positive
2026-02-15,"Proof Of Work Is What In Your Wallet , Not On The Bitcoin Blockchain","Proof Of Work Is What In Your Wallet , Not On The Bitcoin Blockchain",https://www.forbes.com/sites/johntamny/2026/02/15/proof-of-work-is-whats-in-your-wallet-not-on-the-bitcoin-blockchain/,forbes.com,,,68,14,0.028602421283721924,0.030814914032816887,0.9405826330184937,-0.002212492749094963,neutral
2026-02-16,"Crypto market drowns in red as bitcoin falls to $68 , 000 , XRP , ETH slide over 5 %","Crypto market drowns in red as bitcoin falls to $68 , 000 , XRP , ETH slide over 5 %",https://www.coindesk.com/markets/2026/02/16/crypto-market-drowns-in-red-as-bitcoin-falls-to-usd68-000,coindesk.com,,,84,20,0.026627082377672195,0.8667848706245422,0.1065879687666893,-0.84015778824687,negative
2026-02-17,Return of  YOLO  market : Wells Fargo thinks hefty tax refunds will boost bitcoin,Return of  YOLO  market : Wells Fargo thinks hefty tax refunds will boost bitcoin,https://www.cnbc.com/2026/02/17/return-of-yolo-market-wells-fargo-thinks-hefty-tax-refunds-will-boost-bitcoin.html,cnbc.com,,,81,14,0.9489337205886841,0.0214595478028059,0.029606817290186882,0.9274741727858782,positive
2026-02-19,"Coinbase , zincir üstü kredi ürününe XRP , DOGE , ADA ve LTC teminat desteği ekledi","Coinbase , zincir üstü kredi ürününe XRP , DOGE , ADA ve LTC teminat desteği ekledi",https://www.haberler.com/kripto-para/coinbase-zincir-ustu-kredi-urunune-xrp-doge-19584357-haberi/,haberler.com,,,83,16,0.15997172892093658,0.012513453140854836,0.8275148272514343,0.14745827578008175,positive
2026-02-24,"Unbeirrt trotz Abwärtswind : NASDAQ - Aktie Strategy baut Bitcoin - Bestand aus - Coinbase , Block & Co . tiefrot","Unbeirrt trotz Abwärtswind : NASDAQ - Aktie Strategy baut Bitcoin - Bestand aus - Coinbase , Block & Co . tiefrot",https://www.finanzen.net/nachricht/aktien/zoll-drama-krypto-aktien-brechen-ein-strategy-kauft-dennoch-unbeirrt-bitcoin-nach-coinbase-block-co-im-blick-15512146,finanzen.net,,,113,21,0.08655184507369995,0.01592131331562996,0.8975268602371216,0.07063053175806999,neutral
2026-02-26,El Salvador issues Bitcoin passports to lure global crypto elite,El Salvador issues Bitcoin passports to lure global crypto elite,https://www.azernews.az/region/254961.html,azernews.az,,,64,10,0.04632312431931496,0.0226229690015316,0.9310539364814758,0.023700155317783356,neutral
2026-02-27,"Bitcoin Enters a Downtrend , Holders Flock to WPA Hash for New Profitable Paths","Bitcoin Enters a Downtrend , Holders Flock to WPA Hash for New Profitable Paths",https://newsroompanama.com/2026/02/27/bitcoin-enters-a-downtrend-holders-flock-to-wpa-hash-for-new-profitable-paths/,newsroompanama.com,,,79,14,0.009792887605726719,0.960399866104126,0.029807263985276222,-0.9506069784983993,negative
2026-02-28,$2K to $120K ? APEMARS Could Be the Next Top Crypto to Buy in 2026 as,$2K to $120K ? APEMARS Could Be the Next Top Crypto to Buy in 2026 as,https://www.openpr.com/news/4408611/2k-to-120k-apemars-could-be-the-next-top-crypto-to-buy-in-2026-as,openpr.com,,,69,16,0.05666756629943848,0.012895362451672554,0.9304370284080505,0.04377220384776592,neutral
2026-03-01,Strategy Aktie : Tristes Bild ?,Strategy Aktie : Tristes Bild ?,https://www.stock-world.de/strategy-aktie-tristes-bild/,stock-world.de,,,31,6,0.048337940126657486,0.02242998406291008,0.9292320609092712,0.025907956063747406,neutral
2026-03-03,Why Bitcoin Is Falling Today,Why Bitcoin Is Falling Today,https://finance.yahoo.com/news/why-bitcoin-falling-today-175225283.html,finance.yahoo.com,,,28,5,0.039779823273420334,0.7324990034103394,0.22772112488746643,-0.692719180136919,negative
2026-03-05,"Land Bank hackers demanded R5 . 4m in bitcoin , Godongwana tells MPs","Land Bank hackers demanded R5 . 4m in bitcoin , Godongwana tells MPs",https://www.timeslive.co.za/news/south-africa/2026-03-05-land-bank-hackers-demanded-r54m-in-bitcoin/,timeslive.co.za,,,68,13,0.026516204699873924,0.7467604279518127,0.2267233282327652,-0.7202442232519388,negative
