date,text_for_sentiment,title,subreddit,score,num_comments,author,text_length,word_count
2024-12-26,What’s the best place to buy and hold bitcoin?,What’s the best place to buy and hold bitcoin?,BitcoinMarkets,1,0,Miesampahlevani,46,9
2024-12-26,$BTC MAJOR BUY ALERT Price Target Update And Technical Analysis,$BTC MAJOR BUY ALERT Price Target Update And Technical Analysis,BitcoinMarkets,1,0,Archerinvestors,63,10
2024-12-26,"Binance Free BTC Red Packet Use Code: BP9QKAJOCY in your Binance App or yours this link to get there direktly: For Free 0,000001 BTC!",Binance Free BTC Red Packet ,btctrading,1,0,NiklasHZ,133,24
2024-12-27,"Bitcoin's Christmas Day Price: A Retrospective Bitcoin, as the leader of the cryptocurrency market, has shown remarkable price fluctuations each Christmas Day. Here's a chronology of Bitcoin's Christmas Day prices: * 2010: $0.25 - In its early years, Bitcoin traded at very low prices. * 2011: $4.22 - Its popularity began to rise, though still in the crawling stage. * 2012: $13.35 - A slow but steady increase was observed. * 2013: $690 - Bitcoin started to attract mainstream media attention. * 2014: $318 - A market correction occurred, demonstrating Bitcoin's resilience. * 2015: $455 - It gained stability throughout the year. * 2016: $895 - Price increases gained momentum with growing institutional interest. * 2017: $13,983 - One of the biggest surges in Bitcoin's history happened. * 2018: $3,779 - The beginning of the crypto winter, with a significant drop. * 2019: $7,193 - Signs of recovery were seen. * 2020: $24,705 - It regained investor interest due to the effects of the pandemic. * 2021: $50,440 - Reached record levels. * 2022: $16,828 - Fell due to macroeconomic uncertainties and interest rate hikes. * 2023: $43,146 - Recovery and movement towards new peaks. * 2024: $98,688 - Bitcoin achieved a new record, reaching the highest price on Christmas Day in 2024 source: [",Bitcoin's Christmas Day Price: A Retrospective,BitcoinMarkets,1,0,mentorperplexed,1293,215
2024-12-28,"$BTC MAJOR BUY $95,000 | $KULR 217.18 Millions bitcoin","$BTC MAJOR BUY $95,000 | $KULR 217.18 Millions bitcoin",btctrading,1,0,Archerinvestors,54,9
2024-12-30,"0.01 I’ve bought $10 of BTC every week for a while. I’m not a person who has ever had much money, or financial education. Been struggling for most of my life as a creative person/artist. I had to sell some when things got lean and always hated to, but I was glad it was there to save my butt. I finally got past the 0.01 mark and it made me feel good. Just wanted to share that with people who might appreciate it. Hope you all have a happy new year",0.01,btc,1,0,Eauxddeaux,449,91
2024-12-30,Germany's Free Democratic Party Calls for Bitcoin to Become a Reserve Currency,Germany's Free Democratic Party Calls for Bitcoin to Become a Reserve Currency,btc,1,0,btcxio,78,12
2024-12-30,Real crypto investor and monetizer needed for large quantities of BTC transaction (BTC( bnb) dm WhatsApp ‪+1 (915) 204‑5388‬,Real crypto investor and monetizer needed for large quantities of BTC transaction (BTC( bnb) dm WhatsApp ‪+1 (915) 204‑5388‬,BitcoinMarkets,1,0,Wild_Kick_576,124,19
2024-12-30,Hong Kong Lawmaker Now Proposes Adding Bitcoin To National Reserve,Hong Kong Lawmaker Now Proposes Adding Bitcoin To National Reserve,btc,0,0,TheRivalxx,66,10
2024-12-30,"Indian Prime Minister MR @narendramodi is correct. Start learning about #Bitcoin (p2p electronic) Cash technology from today to secure your #crypto future. After all, who wouldn't love to be the owner of their own bank? #BCH #BitcoinCash","Indian Prime Minister MR @narendramodi is correct. Start learning about #Bitcoin (p2p electronic) Cash technology from today to secure your #crypto future. After all, who wouldn't love to be the owner of their own bank? #BCH #BitcoinCash ",btc,1,0,InstaCrypto_INC,237,37
2024-12-30,"Btc usdt drop? Why did btc just get a huge drop from 97k to almost 90k and why is every other popular coin like sol,tia,eth and other coins dropping so much",Btc usdt drop?,btc,1,0,Impossible_Road7695,156,31
2024-12-30,Michael J. Saylor’s Great Betrayal of the Bitcoin Revolution. Michael J. Saylor plays into the hands of the powerful people of the current system by denying that Bitcoin is money.,Michael J. Saylor’s Great Betrayal of the Bitcoin Revolution. Michael J. Saylor plays into the hands of the powerful people of the current system by denying that Bitcoin is money.,btc,1,0,sylsau,179,30
2024-12-30,150K top for BTC in 2025 Take a look at this graph i found. It's exactly what a think for upcoming year. 150K roughly at tops. Whats your opinion?,150K top for BTC in 2025,btc,0,5,kaneelstokjelikken,146,29
2024-12-30,JACK MALLERS: 🟠 I don't care what Jeffrey Epstein's banker has to say about Bitcoin,JACK MALLERS: 🟠 I don't care what Jeffrey Epstein's banker has to say about Bitcoin 🔥,btc,1,0,orphic2,83,15
2024-12-30,BITCOIN BAILOUT: Why a Bitcoin Strategic Reserve Is a Bailout of the Big Boys,BITCOIN BAILOUT: Why a Bitcoin Strategic Reserve Is a Bailout of the Big Boys,btc,1,0,Bagatell_,77,14
2024-12-30,Who's the biggest hodler in Reddit ? I wonder who's the active redditor with the biggest BTC hodling and how much does he hodl,Who's the biggest hodler in Reddit ?,btc,1,0,Pffff555,126,24
2024-12-31,BTC below $0.1M is always a BUY signal for Me!,BTC below $0.1M is always a BUY signal for Me!,btc,1,0,CryptoAd007,46,10
2024-12-31,"$90 billion VanEck CEO says #Bitcoin is going to be half of all outstanding gold, around $300,000","$90 billion VanEck CEO says #Bitcoin is going to be half of all outstanding gold, around $300,000",btc,1,0,orphic2,97,17
2024-12-31,Support SHIBCH memecoin project: We are fundraising 5 Bitcoin Cash. I had to use images to circumvent censors.,"Support SHIBCH memecoin project: We are fundraising 5 Bitcoin Cash. I had to use images to circumvent censors.
",btc,1,0,francis105d1,110,18
2024-12-31,Happy New Years BTC! What a great 2024! Let’s continue this miraculous run in 2025. Best of health and pro$perity to all.,Happy New Years BTC!,btc,1,0,USMNT_superfan,121,22
2024-12-31,A cool guide to how Bitcoiners will never have to pay taxes once Cantor Fitzgerald starts offering Bitcoin backed loans,A cool guide to how Bitcoiners will never have to pay taxes once Cantor Fitzgerald starts offering Bitcoin backed loans,btc,1,0,Amber_Waring,119,20
2024-12-31,So your telling me my degent phantom wallet i lost thousandths in capital loses is worth more than i ever thought!!!!!!!!!!!!!!!/////???? IRS: protests against the stringent obligations on Bitcoin and DeFi brokers,So your telling me my degent phantom wallet i lost thousandths in capital loses is worth more than i ever thought!!!!!!!!!!!!!!!/////???? IRS: protests against the stringent obligations on Bitcoin and DeFi brokers,btc,1,0,fukadvertisements,213,32
2024-12-31,Switzerland Considers Creating Bitcoin Reserve,Switzerland Considers Creating Bitcoin Reserve,btc,79,27,btcxio,46,5
2024-12-31,"where do you actually spend your bitcoin these days? hey everyone, so i’ve been in the bitcoin space for a while, and while i love hodling, i’ve been thinking about spending a bit of my btc. i’ve used it a few times for gift cards and donations, but it feels like finding places that accept bitcoin for actual products is still a bit of a challenge. recently, i came across correkt com, which advertises a variety of products, from electronics to home goods, all payable with btc. i haven’t tried it yet, but it got me wondering.... what are your go-to platforms for spending bitcoin? are there any solid marketplaces that don’t feel like they’re just gift card resellers? would love to hear your recommendations or experiences!",where do you actually spend your bitcoin these days?,btc,1,0,azrathewise,728,127
2024-12-31,KNOW THIS RIGHT NOW $HOLO Solves Quantum Computers The $BTC Revolution &amp;...,KNOW THIS RIGHT NOW $HOLO Solves Quantum Computers The $BTC Revolution &amp;...,btc,1,0,Archerinvestors,79,12
2024-12-31,"The boldest bitcoin predictions for 2025 are in — and most see prices doubling to $200,000","The boldest bitcoin predictions for 2025 are in — and most see prices doubling to $200,000",btc,1,0,HellYeahDamnWrite,90,16
2024-12-31,Amir Taaki on Bitcoin &amp; DarkFi (Bitcoin Takeover Podcast S15 E71),Amir Taaki on Bitcoin &amp; DarkFi (Bitcoin Takeover Podcast S15 E71),btc,1,0,VampireVlad,69,11
2025-01-01,"Advice on Long-Term Bitcoin Investment Hi everyone, I’m looking for some advice. I’m considering investing in Bitcoin for the long term. Since I’m not very experienced in trading, my plan is to invest $100 in BTC every month. I’m also thinking about using Binance for my purchases. Do you think this is a good idea? Any tips or suggestions would be greatly appreciated! Thanks in advance!",Advice on Long-Term Bitcoin Investment,Bitcoin,1,0,Gionny2000,388,66
2025-01-01,"Bitcoin is fundamentally simple when you break it down. This is how bitcoin works. 1. Bitcoin Transactions: * Transactions are made when users send Bitcoin to one another. Each transaction is broadcast to the Bitcoin network. * These transactions wait in the mempool (a temporary holding area) until they are included in a block by a miner. 2. Blocks: * A block is essentially a ""page"" in the Bitcoin ledger that contains a list of verified transactions. * Each block references the previous block through a cryptographic link (the hash of the previous block), forming a chain — the blockchain — which is the entire history of Bitcoin transactions. 3. Miners' Role: * Miners compete to create the next block by solving a cryptographic puzzle (Proof-of-Work). * The first miner to solve the puzzle adds the new block to the blockchain and broadcasts it to the network. * As a reward, the miner earns the block reward (newly minted Bitcoin) and transaction fees from the transactions in the block. 4. Nodes' Role: * Full nodes receive the newly mined block and validate it to ensure it follows Bitcoin's rules (e.g., no double-spending, proper block structure, valid transactions). * Nodes store a full copy of the blockchain and enforce consensus rules. They reject any invalid blocks or transactions. * By doing so, nodes ensure the network remains secure and decentralized. There are thousands of Bitcoin nodes around the world, many operated by individuals, businesses, and institutions making it impossible for anyone to change Bitcoin without the majority of these nodes agreeing to the change. * Bitcoin Nodes in Space: * Blockstream Satellite: Blockstream has launched satellites into orbit that broadcast the Bitcoin blockchain to the entire Earth. This allows users to access Bitcoin without an internet connection, ensuring resilience during internet outages or censorship. Users only need a simple satellite dish and receiver to connect. * EMP-Resistant Nodes: * Faraday Cage Nodes: While specific examples of individual nodes aren't publicly advertised for security reasons, enthusiasts and businesses have built Bitcoin nodes inside Faraday cages to protect against EMPs. For instance, some survivalist communities incorporate EMP-hardened Bitcoin nodes as part of their disaster preparedness setups. * Bunker Nodes: * The Swiss Fort Knox: Several companies operate Bitcoin nodes in heavily fortified data centers, such as the ones buried deep in Swiss mountains. These facilities are designed to withstand natural disasters, EMPs, and even military attacks. * The Underground Data Center in Stockholm: Located in a former nuclear bunker, this facility houses Bitcoin nodes and other critical infrastructure, designed to survive extreme conditions. * Decentralized Distribution: * Home and Business Nodes: Many individuals run Bitcoin nodes in their homes or offices worldwide. While not as protected as the examples above, the sheer number of nodes (tens of thousands globally) ensures the network continues to function even if some go offline. 5. These examples highlight the extraordinary measures taken by Bitcoin users and organizations to ensure the network remains operational under any circumstances. 6. Decentralized Ledger: * The blockchain, stored on nodes worldwide, acts as the official, tamper-proof record of Bitcoin's transaction history. * This decentralized ledger prevents any single entity from altering the history or rules of Bitcoin. # Key Points to Remember: * Miners: Create and propose new blocks by expending computational power. * Nodes: Validate and store the blockchain, ensuring it adheres to Bitcoin’s consensus rules. * Blockchain: A chronological and cryptographically secure ledger that keeps track of all Bitcoin transactions.",Bitcoin is fundamentally simple when you break it down. This is how bitcoin works.,btc,1,0,Obvireal,3774,580
2025-01-01,0.000044 BTC Please🥺,0.000044 BTC Please🥺,btc,1,0,Acrobatic_Bass_1982,20,3
2025-01-01,"Mycelium android raw key Hi Redditors, i'm seeking your advice because i have an possible big issue and i don't know if it's feasible/possible to do what i'd had to do if i'd like to regain control of an old wallet. So, just to put things in prospective, i'm not 100% sure how much it's in there but AT MOST should be 0.1 btc (but could be like 0.03 or anything in between). The issue is that it's ""stored"" in an old HTC One (M7) phone, that is not working (the battery should not be the issue as far as i remember). So, since it's very unlikely that i will manage to have the phone working again, my only other option is to remove the NAND chip and use one of these NAND reader in order to access the data inside of it. Take into the account that i'm not an electronic engineer, but MAYBE i could manage to un-weld it, the real challenge could come from recovery the private key of the mycelium wallet. 1) i do not know where is stored (/data/data/com.mycelium.wallet/ ?? and then? wallet.dat?) 2) even if i manage to pull out the wallet file, i read that it's encrypted (with the PIN set on mycelium ?) 3) shall i then use this utility ( ) and put as a password my pin and i will be good to go ? (having decrypted the private key) Since all this procedure would need from end to buy a spare HTC One phone (just to try to un-weld and mount the NAND chip on the reader) and buy the reader itself that is not cheap (around 130$), shall i go thru this endeavor or shall i just give up ? Thanks for your help/advises.",Mycelium android raw key,btc,1,0,smoothcoke,1514,296
2025-01-01,MicroStrategy on-chain Bitcoin Holdings increase by $209mil According to Arkham,MicroStrategy on-chain Bitcoin Holdings increase by $209mil According to Arkham ,btc,1,0,crypto_news_source23,79,10
2025-01-01,"Not usually religious, but this hit me differently I'm not a particularly religious person, but yesterday I went to a New Year's church service and saw the ""Jahreslosung"" (a german thing; a bible Verse to follow) for 2025. It struck me: this is exactly the Bitcoin mentality. I hope, with the coming year, more and more people do exactly this. In that spirit, here's to a healthy, successful new year for all of us!","Not usually religious, but this hit me differently",Bitcoin,1,0,Norist,415,74
2025-01-01,Top 5 #Bitcoin Giants,Top 5 #Bitcoin Giants ,btc,1,0,East_Initiative_7731,21,4
2025-01-01,"Sign the Bitcoin Initiative to add Bitcoin - Swiss Chancellery registers the ""Bitcoin Initiative"" for a constitutional amendment. - The initiative needs 100,000 signatures in 18 months to move forward.",Sign the 🇨🇭Bitcoin Initiative to add Bitcoin,Bitcoin,1,0,MagicCookiee,201,30
2025-01-01,Hijacking Bitcoin: the hidden history of btc with Steve Patterson Source,Hijacking Bitcoin: the hidden history of btc with Steve Patterson ,btc,1,0,-Mediocrates-,72,11
2025-01-01,"Mayor of Vancouver, Canada says, “Bitcoin can help protect Vancouver’s financial future for the next 100 years and keep life affordable for our residents”","Mayor of Vancouver, Canada says, “Bitcoin can help protect Vancouver’s financial future for the next 100 years and keep life affordable for our residents”",btc,1,0,orphic2,154,24
2025-01-01,"Bitcoin ATM in Paeroa, New Zealand. First I’ve ever seen in this country","Bitcoin ATM in Paeroa, New Zealand. First I’ve ever seen in this country",btc,1,0,One-Hospital1125,72,13
2025-01-01,"Critics: Bitcoin will go to zero, meanwhile Euro…","Critics: Bitcoin will go to zero, meanwhile Euro…",Bitcoin,1,0,Fit_Put_5648,49,8
2025-01-01,Bitcoin is unstoppable,Bitcoin is unstoppable,Bitcoin,1,0,Fit_Put_5648,22,3
2025-01-01,Bitcoin is the king Top cryptocurrency by market cap: 2009: Bitcoin 2010: Bitcoin 2011: Bitcoin 2012: Bitcoin 2013: Bitcoin 2014: Bitcoin 2015: Bitcoin 2016: Bitcoin 2017: Bitcoin 2018: Bitcoin 2019: Bitcoin 2020: Bitcoin 2021: Bitcoin 2022: Bitcoin 2023: Bitcoin 2024: Bitcoin,Bitcoin is the king,Bitcoin,1,0,Fit_Put_5648,277,41
2025-01-01,"What was your most memorable Bitcoin moment in 2024 ? Mine was in this Christmas when i received so manny Bitcoin related gifts (cups, t-shirts, socks and hat), after several years of trying to explain it go my family and close friends and most of the time being laugh off, but finally seems like my mission has been accomplished.",What was your most memorable Bitcoin moment in 2024 ? ,Bitcoin,1,0,Elly0xCrypto,330,59
2025-01-01,Bitcoin ETF,Bitcoin ETF ,Bitcoin,1,0,Illustrious_Stand319,11,2
2025-01-01,Investing and ETF subs accepting bitcoin talk while this sub... Not?,Investing and ETF subs accepting bitcoin talk while this sub... Not? ,Bitcoin,1,0,Illustrious_Stand319,68,11
2025-01-01,"Bitcoin: Your Voice, Your Style, Your Movement Bitcoin is more than a currency. It’s a movement—a global community fueled by hope, freedom, and empowerment. It stands tall not on institutions, but on math, protocols, and the unbreakable spirit of sovereignty. Like many, I first discovered Bitcoin in 2017. Back then, I saw it as a potential ""get rich quick"" opportunity. But in 2020, amidst the chaos, I went deeper. I studied, learned, and finally understood. That’s when I got orange-pilled, and it transformed my worldview. Since then, I’ve felt a strong desire to share this vision. Yet, in many circles, Bitcoin remains misunderstood—seen as taboo, questioned with skepticism, or dismissed outright. But Bitcoin is so much more: * Revolution * Innovation * Freedom * Verified digital property * Economic empowerment * Decentralized sovereignty * Community * Hope Despite its global reach, I realized something was missing. Nothing in my everyday wardrobe reflected these ideals. That’s why I started @adfinem.shop—a lifestyle clothing brand where Bitcoin meets fashion. Our Mission To symbolize the commitment of this community and spark curiosity for the Bitcoin movement. * Logo: A symbol of unwavering dedication. * Slogan: Wear The Standard To The End. How You Can Represent Bitcoin This isn’t just a brand—it’s a movement. And I need you—Bitcoiners, enthusiasts, freedom seekers—to help shape it. 1. Follow Me * Instagram: @adfinem.shop * X: @mortygamble * Nostr: mortygamble@primal.net 2. Join the Conversation * Sign up for our waiting list to share your insights. * Comment your thoughts, ideas, or must-have designs. 3. Share What Bitcoin Means to YouLet’s start the conversation. Together, we can build a style that represents hope, freedom, and sovereignty—Bitcoin’s true essence. Would you wear this? Let’s represent the movement, in style.","Bitcoin: Your Voice, Your Style, Your Movement",Bitcoin,1,0,MortyGamble,1858,288
2025-01-01,"Need help setting a BTC target going forward Throwaway account for obvious reasons. My wife and I have: 1.67 BTC in normal cold storage 1.80 BTC in a multisig IRA This represents about 40% of our taxable and retirement savings. Rest is in index funds, mixture of Roth and traditional. So we're at 3.47 total. My guy (and heart) wants to say screw putting money in 401ks etc and go all in on BTC from here on. However, if I'm wrong, I'm very wrong, and I affect my wife's life also. Most of our retirement comes from me. What would you guys suggest? Target 4 or 5 and then call it quits? Go all in going forward? 50/50 going forward? Help!",Need help setting a BTC target going forward ,Bitcoin,1,0,Own_Ear8168,638,121
2025-01-01,I own 0.01 bitcoin. AMA,I own 0.01 bitcoin. AMA,Bitcoin,1,0,CoolFunnyPersona,23,5
2025-01-01,"Wallet for my nephew (2yo) Hi, how can convince my sister to give me permission to create a wallet and buy bitcoin for her son (2yo) and hodl. She’s really narrow-minded, sometimes calling it scam. Any arguments besides the general knowledge? She always says that isn’t regulated… money laundering etc",Wallet for my nephew (2yo),Bitcoin,1,0,teerii27,301,50
2025-01-01,"Took some profit to buy some freedom Won’t bore you guys, but I’ve been in a deep, dark depression the past few years mainly due to work and a couple of health concerns I made the decision over Christmas to take some profits from Bitcoin which will slow me to leave my toxic work place and take a year out Some of you will be saying “what a moron”. I get it, it was an unbelievably tough decision which has taken a lot of thought I need this time in order to get my health back and decide what I want to do moving forward I do understand this is a privileged position to be in too Wishing you all a happy and healthy new year",Took some profit to buy some freedom,Bitcoin,1,0,Upper-Somewhere,625,126
2025-01-01,"How I explained Bitcoin wallets to my 12 year old nephew. Am I correct? So most people think that when they generate a new wallet, they’re creating a new one. In reality, all wallets already exist. This is how I explained it to my nephew… Imagine a universe with an infinite amount of planets, more planets than there are atoms in the entire universe we live in. Each of those planets is a BTC wallet. When you generate a wallet, you’re essentially planting your flag on one of those planets and laying claim to it (you don’t create the planet - it already exists). You can store your digital assets right there on the surface of the planet, like treasure. The planet can only be found with your private keys/seed phrase - it’s like a map. It’s highly unlikely anyone will ever land on your planet by accident as there’s just so many of them out there, and while there are space pirates who want to land on people’s planets to steal their coins, it costs them too much money to travel from planet to planet - it’s unlikely they’ll ever find one with treasure on it. Anyone can look at the planets (wallet addresses) through a telescope and see what’s on each planet, but they can get there as they don’t have the map. If you want to be extra-secure, you can use a passphrase wallet which kinda creates an underground bunker on your planet. You can store your treasure in there, so if anyone were to ever land on your on planet, then they’d think it’s an empty one.",How I explained Bitcoin wallets to my 12 year old nephew.  Am I correct? ,Bitcoin,1,0,astralpeakz,1464,271
2025-01-01,How do you buy bitcoin safely Geniune question. I can buy off of binance and transfer to a hot wallet. But what are the other ways. Do I really need to deal with a guy off the streets with a gun in case he doesn't send?,How do you buy bitcoin safely ,Bitcoin,1,0,TipFormal1412,219,46
2025-01-01,"Does this have any credibility? So, I’ve been in bitcoin since 2020 and I consider my self a maximalist. I recently got my dad to become a whole coiner. My Mom sent this interview and is freaking out because my dad is exposed to btc and Mstr. Can anyone help me understand the credibility of the arguments and of the author? Thank you in advance",Does this have any credibility? ,Bitcoin,1,0,Quiet_Access3631,345,65
2025-01-01,Butts are starting to get exposure to Bitcoin whether they like/know it or not ... their managed tradfi portfolios are now buying MSTR. This is as hilarious as it was predictable.,Butts are starting to get exposure to Bitcoin whether they like/know it or not ... their managed tradfi portfolios are now buying MSTR. This is as hilarious as it was predictable.,Bitcoin,1,0,johnfintech,179,31
2025-01-01,"2025 Guess the High Contest Welcome to the first annual Guess the High contest. Inspired by / 's Guess the Low contest I decided it's now or never to create a Guess the High equivalent for 2025. Here are the rules: The time window is 01 Jan 2025 00:00:00 UTC to 22 Dec 2025 00:00:00 UTC. What is your guess for the highest price during that window? (Price is in USD, and comes from Coinbase) Rules: 1. You get one guess. 1. Guesses must be messaged to me, NOT sent as a reply to this post. 1. Guesses must be in $100 increments, in round $100 amounts (i.e. $99900, $165300, etc.) 1. Included with your guess must be the instruction ""higher"" or ""lower"". If your guess has already been entered, your guess will be moved to the next available slot, higher or lower, based on your instruction. (If you guess $99900, but $99900 is already taken, I will move your guess to the next available slot, based on your ""higher or lower"") 1. You must submit an actual number, not ""Whatever the open is on 10th Jan"" 1. I reserve the right to toss your entry if you're a pain in the ass about it or don't follow the rules. The person with the closest guess will get their choice of 0.0005 BTC or $50 worth of BTC at the price at the close of the contest. Once all the entries are in, I will post the guesses here. I will include my guess as well. Rule #4 is a rule, not a suggestion! Include ""higher"" or ""lower""!",2025 Guess the High Contest,BitcoinMarkets,1,0,YouNeedAVacation,1396,268
2025-01-01,"Event Horizon: QQQ and more hundreds of ETFs Swirl into Bitcoin's Money Vortex! An infinite amount of cash in the federal reserve now flow into MicroStrategy stock, fueling Bitcoin growth. It's just the beginning. Michael Saylor's MicroStrategy is already present in hundreds of ETFs and will likely join many more after entering the S&amp;P 500, which is highly probable. ETFs ensure a constant cash flow directed toward share purchases, aiding Saylor's strategy of selling new shares to finance additional Bitcoin buys for the company. Many believe this dilutes shareholder capital, but that's because they haven't thoroughly researched and understood that he's selling share premiums and increasing Bitcoin per share. Returning to the main point, MicroStrategy's ETF presence grows daily, attracting more passive income. Saylor utilizes this cash to buy more Bitcoin, increasing the company's market capitalization therefore ETF weight. This creates a snowball effect, infinitely fueled by the Federal Reserve's ability to print limitless money. Understand this: the more MicroStrategy receives from ETFs, the more its ETF weight increases, generating even more funds. This is a trend toward infinity, comprehensible to those familiar with the money printing problem. You're not bullish enough, for real! We're about to melt faces!""",Event Horizon: QQQ and more hundreds of ETFs Swirl into Bitcoin's Money Vortex!,BitcoinMarkets,1,0,Illustrious_Stand319,1335,199
2025-01-01,"El Salvador Trip Report Keeping this out of the daily because it’s not strictly market-related, but wanted to post it here on this sub because it’s my Reddit home at the risk of sounding corny … Just got back from a week in El Salvador with family including kids. Here’s my report: - It’s incredibly safe. Walked around town at night, left doors unlocked, belongings unsecured on the beach, zero problems. Lots of police and military around city centers and tourist sites. Biggest vices I saw were a few drunk dudes lounging outside the liquor store waiting for it to open in the morning in a rural town. I would not hesitate to come here again. - Bitcoin use was hit or miss. I offered to pay our driver in Bitcoin, but he wanted a 25% premium due to volatility. I ended up sending it Western Union (which was a pain in the butt), and paying the remainder in cash. Another person I met said their driver preferred payment in Bitcoin though. And I spoke with a hotelier in a rural town (Suchitoto) who has a German elderly couple that’s been staying there for a year and a half and pays in Bitcoin. Much more Bitcoin adoption in El Zonte (Bitcoin Beach), but we didn’t go there. We stayed in quiet areas and visited cities and I hardly saw any Bitcoin adoption to be honest. Still room for growth for sure. - Downtown San Salvador on Christmas Day had a Christmas Market, and part of it was sponsored by Tether. Big Tether and Bitcoin symbols all over the display. Interesting. COUNTRY OBSERVATIONS: - Almost zero tourists here. We were the only non-Salvadorans on our plane coming and going, and were met with “Gringo gringo” more than a few times lol. Saw maybe 5 American families our whole stay, and very few other tourists. We were in Costa Rica in the spring, and I thought “man this would have been awesome 20-30 years ago before the hordes of tourists came”. El Salvador is Costa Rica 20-30 years ago. - The country is beautiful. I’m tempted to move there to be honest. Gorgeous beaches with crystal clear water and black sand, volcanoes, lakes, mountains, Mayan ruins. Beautiful architecture in the old parts of cities and towns. Delicious food. Frankly it’s a paradise untouched by tourism. - Because it is untouched by tourism, some things feel a bit third-world. No flushing your toilet paper. Driving is crazy. Trash in the alleys and gutters of cities. Horses on the beach. Stray dogs everywhere. If you are a resort-type person, go to Costa Rica. If you like authenticity, El Salvador is perfect. I loved it. My boomer mom would have been mortified. To each their own. - Bukele is extremely popular, and I understand why. Our driver was constantly pointing out areas that used to be controlled by gangs. You couldn’t drive thru certain areas without paying a bribe. You couldn’t go to some areas at all without being robbed or killed. The gangs ruled every aspect of life and commerce. Now they are totally gone. Easy for foreigners to judge his methods from our comfortable homes, but the Salvadorans (who aren’t criminals) can finally live their lives. I may have bought a t-shirt with Bukele’s giant face on it. I’m a fan, for now. - Lots of investment from China building new tourism sites, the new library in San Salvador, bridges and infrastructure. I’m wary of this due to Africa’s experience, but it’s El Salvador’s business not mine. - Coming from the US, prices are cheap. Like 50% of what I would expect to pay at home. Costa Rica was more expensive than US, El Salvador is super cheap. Pupusas $2. Frozen pina coladas $3-4. One-hour boat tour of the lake $25 for 8 people. If you’re considering ExpatFIRE, El Salvador should be on the list. - The people are incredibly welcoming and warm. Almost no English speakers, so some Spanish is a must (can hobble by on Google Translate). Having people thank you for visiting their country is a nice feeling, and high contrast to somewhere like Europe. Lots of smiles and efforts to be helpful. Street vendors were not aggressive at all. I think that’s all. To sum it up - awesome experience and will go back again. Bitcoin adoption still has a long way to go.",El Salvador Trip Report,BitcoinMarkets,1,0,gozunker,4128,735
2025-01-01,"Bitcoin Transaction not going through I need help with following transaction: 77a54d6c78d196a26a42e5abc6791b424ce4ab784b04bbeaac608dc00b9677c3 I was sending 10€ for my friend as a small Christmas gift to a paperwallet. It has been 2,5 weeks since then. I read somewhere the Sats would return after 2 weeks if it does not go through. Any idea what could have happened? Happy new year holders &lt;3",Bitcoin Transaction not going through,Bitcoin,1,0,Longjumping_Ad3447,396,61
2025-01-01,"Adoption By end of 2007 when the first Smartphone was released, 122 Million were in circulation. This is the same number as there are non-zero bitcoin wallet addresses estimated to be held by individuals. I suspect bitcoin adoption has room to grow...",Adoption,Bitcoin,1,0,simonj69,251,42
2025-01-01,"Bitcoin Node Hi, I'm trying to build a Bitcoin node with Raspberry Pi 4 and Umbrel. I went to download Umbrelnand it doesn't seem like they allow you to download their OS anymore. Nothing on their site matches up with old YT videos of them downloading the UmbrelOS. Is UmbrelOS no longer a thing unless you buy their node?",Bitcoin Node,Bitcoin,1,0,migs2k3,322,59
2025-01-01,Natalie Brunnell YT Channel I'm kinda new to BTC and I found this YT channel with a lot of good interviews but the channel only has 181K subscribers. I feel that is is very low specially with BTC in the news lately. Why? Her content is good I think or is it that too many people dont know about BTC yet and still early?,Natalie Brunnell YT Channel ,Bitcoin,1,0,TomorrowSalty3187,319,64
2025-01-01,"How stock investors are going to acelerate bitcoin adoption without even knowing I am so tired of this moderation, i am a top1% voted poster here and cant do posts anyway Is envy or what?",How stock investors are going to acelerate bitcoin adoption without even knowing ,Bitcoin,1,0,Illustrious_Stand319,187,35
2025-01-01,"Thanks to the Bitcoin Cash Community, the Relampago Cup BCH lives ON! Now it is time to deliver an Amazing Final.","Thanks to the Bitcoin Cash Community, the Relampago Cup BCH lives ON! Now it is time to deliver an Amazing Final.",btc,1,0,Moneronando,113,21
2025-01-01,"I know it’s not much but I just found 25$ worth of bitcoin in my old cashapp account lol it’s just like the feeling of finding a $20 bill in your jacket but better because it’s bitcoin! I bought it in 2022 for an average cost of 43,000 too bad it wasn’t when it was at 17,000 but beggars can’t be choosers… 43,000 sounds so cheap at the moment!",I know it’s not much but I just found 25$ worth of bitcoin in my old cashapp account lol it’s just like the feeling of finding a $20 bill in your jacket but better because it’s bitcoin!,Bitcoin,1,0,TotallyNotAbot-10,344,69
2025-01-01,"I guess some people may be in a rush to buy bitcoins What happens when there is too much people needing to buy something ? That’s why the price is not dropping that much. Just hold, don’t give your profit to who shorted.",I guess some people may be in a rush to buy bitcoins ,Bitcoin,1,0,Ok_Sundae_1680,220,43
2025-01-01,"What happens if I find a (probably) lost BTC wallet by chance? Thought experiment: I find the pass phrase to a BTC wallet. This could happen for instance if I buy an old computer from a recycling center and the hard disk contains a txt file with a pass phrase. Would the wallet belong to me then? If yes, How would I declare taxes?",What happens if I find a (probably) lost BTC wallet by chance?,Bitcoin,1,0,darkwolff38,331,64
2025-01-01,"Join the Movement: Help Us Collect Signatures for the Bitcoin Initiative in Switzerland! We’re excited to announce the start of signature collection for the Bitcoin Initiative in Switzerland! This initiative aims to include Bitcoin in the reserves of the Swiss National Bank, alongside gold, to strengthen our country’s financial stability and sovereignty. Here’s how you can help: 1⃣ Sign the Initiative If you’re a Swiss citizen, your signature can make a difference. Head over to our website, download the form, and submit your signature. Every signature counts! [ 2⃣ Help Print Forms Want to support the cause beyond signing? You can print additional forms and distribute them in your community. This is a great way to spread awareness and get more people involved. 3⃣ Share the Message Not in Switzerland? You can still help by spreading the word on social media, sharing this post, or encouraging Swiss friends and family to participate. The more visibility we get, the stronger our impact. 4⃣ Join Local Events Stay tuned for meetups and events across Switzerland where you can meet like-minded people and contribute to the movement. Let’s work together to bring financial innovation and sovereignty to Switzerland. Every signature, every share, and every conversation brings us closer to making history. Learn More &amp; Get Involved Here: [ \#Bitcoin #Switzerland #FinancialFreedom #InitiativeBitcoin #BTC",🚀 Join the Movement: Help Us Collect Signatures for the Bitcoin Initiative in Switzerland! 🇨🇭,Bitcoin,1,0,Psychological_Fox139,1414,220
2025-01-01,"Help with self-storage Is there any comprenhesive guide from a source you trust on how to store Bitcoin? I don't trust myself too much as I suffer from memory issues. Everything I currently own is in an exchange. Should I just sell my BTC and buy IBIT? Is self custody worth the inconveniency? Also, how does it work? Do I lose my Bitcoin if I lose the hardware wallet? Thanks a bunch for your input",Help with self-storage,Bitcoin,1,0,Khiuny,399,75
2025-01-01,Bitcoin was 700 at the time,Bitcoin was 700 at the time,Bitcoin,1,0,Fit_Put_5648,27,6
2025-01-01,"Bitcoin performance since 2010 2010: 9,900% 🟢 2011: 1,473% 🟢 2012: 186% 🟢 2013: 5,507% 🟢 2014: -58% 2015: 35% 🟢 2016: 125% 🟢 2017: 1,331% 🟢 2018: -73% 2019: 95% 🟢 2020: 301% 🟢 2021: 66% 🟢 2022: -65% 2023: 156% 🟢 2024: 121% 🟢 Do you notice the pattern?",Bitcoin performance since 2010,Bitcoin,1,0,Fit_Put_5648,251,51
2025-01-01,Scammed by echocaptial Please advise in what to do sent them a bunch of Bitcoin to release my funds and it never works,Scammed by echocaptial ,Bitcoin,1,0,ActuatorAgitated6024,118,23
2025-01-01,"Tired of the ""everything deprecates in value against Bitcoin"" memes? Here's BTC/COCOA crashing and going sideways!","Tired of the ""everything deprecates in value against Bitcoin"" memes? Here's BTC/COCOA crashing and going sideways!",Bitcoin,1,0,moon-lambo-now,114,16
2025-01-01,"Lump sum now or DCA? As per the title, I have around 20k to invest into bitcoin and wondering if I should lump in now or dca over the next year. I have sorted my cold wallet for storage and have been looking at exchanges with Kraken Pro coming out a favourite at the minute. Any other suggestions on low fee exchanges would be welcomed. Many thanks",Lump sum now or DCA?,Bitcoin,1,0,Darren0590,348,67
2025-01-01,"Bullish or Bearish? BTC right now is absolutely amazing. But do you guys think it will go up soon, or will it go down first?",Bullish or Bearish?,Bitcoin,1,0,ksoshxudheuaj,124,25
2025-01-01,Xapo Bank's Ad so apparently Xapo is now dissing on reddit.,Xapo Bank's Ad,Bitcoin,1,0,shvm23,59,11
2025-01-01,"Bitcoin is fundamentally simple. Here's how it works. 1. Bitcoin Transactions: * Transactions are made when users send Bitcoin to one another. Each transaction is broadcast to the Bitcoin network. * These transactions wait in the mempool (a temporary holding area) until they are included in a block by a miner. 2. Blocks: * A block is essentially a ""page"" in the Bitcoin ledger that contains a list of verified transactions. * Each block references the previous block through a cryptographic link (the hash of the previous block), forming a chain — the blockchain — which is the entire history of Bitcoin transactions. 3. Miners' Role: * Miners compete to create the next block by solving a cryptographic puzzle (Proof-of-Work). * The first miner to solve the puzzle adds the new block to the blockchain and broadcasts it to the network. * As a reward, the miner earns the block reward (newly minted Bitcoin) and transaction fees from the transactions in the block. 4. Nodes' Role: * Full nodes receive the newly mined block and validate it to ensure it follows Bitcoin's rules (e.g., no double-spending, proper block structure, valid transactions). * Nodes store a full copy of the blockchain and enforce consensus rules. They reject any invalid blocks or transactions. * By doing so, nodes ensure the network remains secure and decentralized. There are thousands of Bitcoin nodes around the world, many operated by individuals, businesses, and institutions making it impossible for anyone to change Bitcoin without the majority of these nodes agreeing to the change. * Bitcoin Nodes in Space: * Blockstream Satellite: Blockstream has launched satellites into orbit that broadcast the Bitcoin blockchain to the entire Earth. This allows users to access Bitcoin without an internet connection, ensuring resilience during internet outages or censorship. Users only need a simple satellite dish and receiver to connect. * EMP-Resistant Nodes: * Faraday Cage Nodes: While specific examples of individual nodes aren't publicly advertised for security reasons, enthusiasts and businesses have built Bitcoin nodes inside Faraday cages to protect against EMPs. For instance, some survivalist communities incorporate EMP-hardened Bitcoin nodes as part of their disaster preparedness setups. * Bunker Nodes: * The Swiss Fort Knox: Several companies operate Bitcoin nodes in heavily fortified data centers, such as the ones buried deep in Swiss mountains. These facilities are designed to withstand natural disasters, EMPs, and even military attacks. * The Underground Data Center in Stockholm: Located in a former nuclear bunker, this facility houses Bitcoin nodes and other critical infrastructure, designed to survive extreme conditions. * Decentralized Distribution: * Home and Business Nodes: Many individuals run Bitcoin nodes in their homes or offices worldwide. While not as protected as the examples above, the sheer number of nodes (tens of thousands globally) ensures the network continues to function even if some go offline. 5. These examples highlight the extraordinary measures taken by Bitcoin users and organizations to ensure the network remains operational under any circumstances. 6. Decentralized Ledger: * The blockchain, stored on nodes worldwide, acts as the official, tamper-proof record of Bitcoin's transaction history. * This decentralized ledger prevents any single entity from altering the history or rules of Bitcoin. # Key Points to Remember: * Miners: Create and propose new blocks by expending computational power. * Nodes: Validate and store the blockchain, ensuring it adheres to Bitcoin’s consensus rules. * Blockchain: A chronological and cryptographically secure ledger that keeps track of all Bitcoin transactions.",Bitcoin is fundamentally simple. Here's how it works.,Bitcoin,1,0,Obvireal,3745,574
2025-01-01,Scaramouche is bullish,Scaramouche is bullish,Bitcoin,1,0,tjreid1987,22,3
2025-01-02,"Advice on Investing in Bitcoin: Spot vs. Futures + Modified DCA Strategy Hi everyone! I’m looking for advice and opinions from more experienced investors regarding my current Bitcoin investment strategy. I’m set on using a DCA (dollar-cost averaging) methodology, but with a bit of a twist. Instead of buying regularly at fixed intervals, I accumulate Bitcoin over time and occasionally increase my investment when the market dips significantly. Currently, I’m using Binance to trade futures contracts and take long positions. My strategy looks something like this: 1. I buy futures long contracts periodically, following a modified DCA approach. 2. I use low leverage, typically 3x, to manage risk. 3. When the market experiences a sharp dip, I increase my investment slightly more than usual to take advantage of the opportunity. 4. When the position reaches a certain percentage of profit (depending on market conditions), I sell and lock in the gains. The Issue: I’m worried about the funding fees that come with futures. I understand that these fees slowly eat into my position’s value over time, which means that if I hold a position for too long, a chunk of the profit goes towards these maintenance costs. My Questions for You: 1. Would it make more sense to switch entirely to the spot market, trade Bitcoin there, and avoid the funding fees? I’m not looking to hold BTC long term—I just want to profit from trading. However, with spot trading, I lose the ability to use leverage, which could limit my returns. 2. Does it make sense to stick with futures contracts and my modified DCA strategy using low leverage (3x)? This approach allows me to grow my position faster and take advantage of leverage, but the funding fees are a concern. What would you recommend for someone who: * Trades on Binance and is familiar with the platform. * Wants to profit from BTC price movements rather than holding it long term. * Prefers to use low leverage to minimize risks (3x). * Occasionally increases investments during significant market dips to take advantage of lower prices. * Is actively monitoring the market and trades regularly. I’m also curious about your experiences with funding fees and whether anyone has successfully used futures with a low-leverage DCA strategy on Binance. Thanks in advance for any advice!",Advice on Investing in Bitcoin: Spot vs. Futures + Modified DCA Strategy,BitcoinMarkets,2,14,dynamix16,2321,385
2025-01-03,"2025 is the year of Bitcoin. Here's why (analysis). Happy new year bitcoiners! 2025 will be a monumental year for Bitcoin. Galaxy has made some bold predictions and I decided to make this thread to dive into each one and see what magic internet money has in store for us. Bitcoin’s Path to $185K Bitcoin is set to cross $150K in H1 2025 and test $185K by Q4. Institutional, corporate, and nation-state adoption will drive this growth, reinforcing Bitcoin’s historical outperformance against gold, equities, and other asset classes. [BTC Correlations]( Bitcoin ETPs to Overtake Gold The total AUM of U.S. spot Bitcoin ETPs will surpass $250B in 2025, bringing them within striking distance of overtaking U.S. gold ETPs. Major institutional investors, including hedge funds and public entities, continue to drive record inflows. [Spot Bitcoin ETFs AUM]( Bitcoin as a Top Risk-Adjusted Asset Bitcoin will rank among the top-performing global assets on a risk-adjusted basis in 2025. Its strong Sharpe ratio underscores its appeal, rivaling equities like MicroStrategy. This performance highlights Bitcoin’s value as a diversified portfolio component. [Bitcoin Sharpe Ratio]( Broader Bitcoin Adoption At least five Nasdaq 100 companies and five nation-states will add Bitcoin to their balance sheets or sovereign wealth funds in 2025. Strategic diversification, trade settlement, and geopolitical competition will drive this trend, signaling broader global adoption. [Bitcoin Treasuries]( Bitcoin DeFi to Double in 2025 Bitcoin DeFi will almost double in 2025, driven by a 30% rise in WBTC, 150% rise in cbBTC supply, and new layer 2 solutions. By leveraging Bitcoin’s scalability and security, DeFi adoption will expand across multiple chains and protocols. [WBTC Balance]( Bitcoin Miners to Diversify Operations More than half of the top 20 publicly traded Bitcoin miners will diversify into AI and high-performance computing partnerships. This shift will moderate YoY hashrate growth, which will reach 1.1 zetahash by the end of 2025. [Bitcoin Hashrate]( Trump Administration The new Trump administration will play a pivotal role in fostering Bitcoin adoption by prioritizing deregulation, fostering innovation, and encouraging investment in digital assets. Pro-Bitcoin policies will attract institutional capital and drive broader adoption across the U.S. financial system. Bitcoin strategic reserve anyone? [Trump at the Bitcoin 2024 conference in Nashville]( Predictions came from the original Galaxy [research article]( and all charts can be found on [Newhedge](",2025 is the year of Bitcoin. Here's why (analysis).,BitcoinMarkets,1,0,AlonShvarts,2565,381
2025-01-06,Lian Eagen on Crypto(graphy) Research (Bitcoin Takeover Podcast S16 E2),Lian Eagen on Crypto(graphy) Research (Bitcoin Takeover Podcast S16 E2),btc,1,0,VampireVlad,71,10
2025-01-06,"What a pump!!!!!!! BTC just crossed 101k putting us in 8.2% profit, a new ATH is next Like it was said in yesterday's post Bitcoin was consolidating below 100k it was slow but with a strong momentum Now it just pumped hard jumping from 98k straight to 101k in a matter of an hour solidifying it's stance Now we're back at price discovery a new ATH above 108k is inevitable From our part we're 8.2% in ROI on spot BTC and still holding for People should keep holding or start buying the bull run is back","What a pump!!!!!!! BTC just crossed 101k putting us in 8.2% profit, a new ATH is next",btc,1,0,kouwa,502,96
2025-01-06,"You just bought $10 worth of Bitcoin, what's your next move?","You just bought $10 worth of Bitcoin, what's your next move?",BitcoinMarkets,1,0,notareddituser--,60,11
2025-01-06,"Happy Bitcoin P2P Electronic Cash Birthday Month to all the #Crypto believers and builders! This month, we celebrate the birth of Bitcoin, the revolutionary technology that has redefined the meaning of money and financial freedom. Since its inception, Bitcoin Cash has empowered millions, fostering a decentralized and borderless economy. Let’s take a moment to honor the vision of Satoshi Nakamoto and the incredible community that continues to build, innovate, and uphold the principles of freedom, transparency, and inclusion. Here’s to BCH’s journey so far and the exciting future ahead. Together, let’s keep pushing boundaries and shaping the future of finance!",Happy Bitcoin P2P Electronic Cash Birthday Month to all the #Crypto believers and builders!,btc,1,0,InstaCrypto_INC,666,100
2025-01-06,"Bitcoin Technical Analysis for January 6 , 2025 - BTC","Bitcoin Technical Analysis for January 6 , 2025 - BTC",btc,1,0,Far_Ad379,53,10
2025-01-06,"JUST IN: 🟠 MicroStrategy has acquired an additional 1,070 $BTC for ~$101 million at ~$94,004 per bitcoin. Microstrategy currently hodls 447,470 $BTC acquired for ~$27.97 billion at ~$62,503 per bitcoin.","JUST IN: 🟠 MicroStrategy has acquired an additional 1,070 $BTC for ~$101 million at ~$94,004 per bitcoin.

Microstrategy currently hodls 447,470 $BTC acquired for ~$27.97 billion at ~$62,503 per bitcoin.",btc,1,0,Jem_colley,202,30
2025-01-07,Start the new year with new Income #gomining #BTC #Mining #crypto #coin #bullrun #Neujahr #Ziele2025 #Motivation #bitcoin #btb #eth #rich #getrich #giveaway #airdrop,Start the new year with new Income,btc,0,0,Educational-Ad-1741,165,23
2025-01-07,"🟠 Michael Saylor says buying #Bitcoin at $100,000 is still a 90% discount 🤯","🟠 Michael Saylor says buying #Bitcoin at $100,000 is still a 90% discount 🤯",btc,1,0,orphic2,75,14
2025-01-07,"🟠 BTC didn't win the blocksize war, we all lost. Imagine what we could have accomplished if the most known coin had stayed the course. Imagined it stayed useful p2p cash and would have attracted more people than the get rich quick crowd. Imagine El Salvador had really started to used actual p2p cash. Do you think BTC would struggle to get over 100k like it does today? Or would it already easily break 500k.... That's the question that should keep you up at night","🟠 BTC didn't win the blocksize war, we all lost.",btc,1,0,DangerHighVoltage111,465,85
2025-01-07,BTC taking a hit.. I don’t know why I get this sinking feeling BTC is taking a hit because of the new virus on the news. Maybe it’s trauma from COVID and markets got crushed… but it feels like news/ governments might announce a new sort of lockdown of some sorts… or something on the news soon and big players are selling before the news hits. Feels all familiar and I really really hope I’m wrong here. Thoughts??,BTC taking a hit.. ,btc,1,0,Decent-Government-51,414,78
2025-01-07,"BCH vs BTC: Something Worth Discussing. Today, while browsing some block explorers, I came across something interesting I've found that almost simultaneously: * BCH block 880001 was generated with 3 transactions (one of which is the coinbase!). * BTC block 878232 processed 3,889 transactions. Here’s a bit of irony: the BCH block is 32 times larger than the BTC block... yet it’s *practically empty*. At first glance, it’s easy to dismiss BCH as a redundant project, but hold on—let’s look at the pending transactions. BTC currently has around 180,000 transactions waiting in line, some of which might be processed in hours, days, or *never*, due to uncompetitive fees. Now, let’s compare transaction fees: * BCH: an average of $0.002. * BTC: an average of $1.05. If all those pending BTC transactions were moved to BCH, they could be cleared in just a couple of blocks. Which brings me to this question: why are there still so many small payments on BTC? Paying a $1 fee for a transaction that takes days to confirm feels absurd—worse than a bank transfer or services like PayPal. Sure, if Saylor wants to move his millions, he can afford to wait. But for micro-payments, it’s just not practical. Finally, let’s talk about mining and rewards: * The BCH block issued 3.15 new BCH for processing just 2 transactions. This means that, virtually, each transaction cost about $700. * While transaction fees on BCH are incredibly low, such generous rewards for so few transactions create another problem: too many BCH are entering circulation without enough demand to back them up. This ultimately harms BCH holders (or hodlers, if you prefer) by flooding the market with supply. What do you think? BTC wins by transaction volume, but its practical limitations are glaring. On the other hand, BCH... almost feels pointless.","BCH vs BTC: Something Worth Discussing. Today, while browsing some block explorers, I came across something interesting",btc,1,0,schiantoRG,1819,303
2025-01-07,"Treasury yields put pressure on risky assets as bitcoin falls below $97,000","Treasury yields put pressure on risky assets as bitcoin falls below $97,000",btc,0,3,c01n_r4d4r,75,12
2025-01-07,"Here's Why Bitcoin, Ethereum, XRP, and Other Altcoins Just Crashed","Here's Why Bitcoin, Ethereum, XRP, and Other Altcoins Just Crashed",btc,0,5,c01n_r4d4r,66,10
2025-01-07,"altcoins price action patterns For the past couple of months, one pattern has been clear: when BTC pumps, alts barely move, but when BTC drops, alts plummet even harder. Is this typical during a crypto bull cycle? Can anyone recall if a similar pattern occurred during Nov/Dec/Jan of 2021, the last bull cycle? Or is this time different, with BTC becoming more mainstream? I’m starting to wonder if the alt season we’ve come to expect might not happen this time. Thoughts?",altcoins price action patterns,btc,1,0,Distinct-Hold7796,472,81
2025-01-07,"$100k price prediction on Jan 7, 2024 One year back when BTC price was $43K, I had written an email to the future me that the price of BTC will be $100k by Jan 7, 2025. I started investing when the price had crossed $50k, from then, all I am doing is weekly SIPs to buy BTC. I am at 100% gains.","$100k price prediction on Jan 7, 2024",btc,1,0,Snoo_96688,294,62
2025-01-07,"Bitcoin closed it's daily candle above 102k triggering panic sales, the trend is untouchable we're heading towards 108k Bitcoin just closed it's daily candle at 102k confirming the breakout and once again ending all the speculations concerning the dip Now we're back at price discovery there's no resistance in our way only the ATH. Even though we have a major panic sales but we're still bullish the volatility was expected due the the Friday anticipated meetings, we're just shaking the weak In the other hand Trump inauguration jan 20th will have a big hand in pushing this bull run even further As from our part we're 5.5% in profit despite the panic sales thanks to out perfect entry at 93k","Bitcoin closed it's daily candle above 102k triggering panic sales, the trend is untouchable we're heading towards 108k",btc,1,0,kouwa,695,120
2025-01-07,"From Paper Bills to Digital Coins: Why Bitcoin Cash Is Leading the Charge In a era of digital decentralized money, Fiat is dying and currencies such as Bitcoin Cash are here to stay and to make themselves known by the next 1Billion people. In the article I dive into money production versus decentralized world (BCH) and the topic centre in pro and cons about the two world and why Bitcoin Cash is thriving, enjoy.",From Paper Bills to Digital Coins: Why Bitcoin Cash Is Leading the Charge,btc,1,0,alberdioni8406_,414,74
2025-01-07,Canadian Man Hunted by Kidnappers in Bitcoin Heist Attempt,Canadian Man Hunted by Kidnappers in Bitcoin Heist Attempt,btc,1,0,webbs3,58,9
2025-01-07,"Will the price of BTC rise to $120,000 in half a month?","Will the price of BTC rise to $120,000 in half a month?",btc,1,0,Global-Wonder330,55,12
2025-01-07,"Looking for Sellers: Confirmed Buyer for 1250 BTC (~$125 Million USD / ₹1000 Crores INR) Hi everyone, I have a confirmed buyer based in India who is ready to purchase approximately 1250 BTC (worth around $125 million USD or ₹1000 crores INR). Payment will be made in INR via a legitimate bank transfer. If you are a seller or know someone reliable, please share leads or get in touch directly. This is a serious inquiry, and we’re looking to close the deal efficiently. Thank you in advance!", Looking for Sellers: Confirmed Buyer for 1250 BTC (~$125 Million USD / ₹1000 Crores INR),btc,1,0,Present-Woodpecker35,491,87
2025-01-07,#Binance launch #Megadrop as #Solv Protocol.The rewards pool 588M $ in Solv . 7 or 8 % of supply . #BTC ecosystem project. Binance launch megadrop as Solv Protocol.The rewards pool 588M $ in Solv . 7 or 8 % of supply Everyone participate . The rewards pool huge .,#Binance launch #Megadrop as #Solv Protocol.The rewards pool 588M $ in Solv . 7 or 8 % of supply . #BTC ecosystem project.,btc,1,0,arrasel52,263,50
2025-01-07,Forum moderator in hiding after Bitcoin kidnapping,Forum moderator in hiding after Bitcoin kidnapping  ,btc,1,0,btcxio,50,7
2025-01-08,Czech Central Bank Governor Mulls Bitcoin Allocation,Czech Central Bank Governor Mulls Bitcoin Allocation,btc,1,0,c01n_r4d4r,52,7
2025-01-08,We're in the golden zone Bitcoin now is in the golden zone between 95-97k signaling the beginning of the recovery We'll reclaime 102k in no time then contie our road to 108k We're still bullish and holding,We're in the golden zone ,btc,1,0,kouwa,205,37
2025-01-08,Bitcoin Price Prediction 2025 – 2030: Will BTC Reach $200k?,Bitcoin Price Prediction 2025 – 2030: Will BTC Reach $200k?,btc,1,0,crypto_news_source23,59,10
2025-01-08,"Communist seems to be talking about ""scaling"" Bitcoin via *anything but increasing blocksize*? Thanks, Mr 2017!","Communist seems to be talking about ""scaling"" Bitcoin via *anything but increasing blocksize*? Thanks, Mr 2017!",btc,16,14,hardly_trolling,111,16
2025-01-08,"What Happened to Bitcoin Being “For the People”? I've been hearing a lot of people complaining that it was supposed to be a “peer-to-peer cash system"". Big corporations/(Goverments?) are buying up huge amounts of Bitcoin, treating it like digital gold or store or value. So even if this bidding war could be good for the price, shouldn't we be worried about Bitcoin really having a day to day use? It makes me wonder if this was always the plan. Like, was the whole “cash system” thing just a stepping stone to turn Bitcoin into what it is now? A lot of people seem okay with the store of value idea, but I can’t help feeling a bit skeptical. Also what do you think about the corporations or governments controlling the system itself? I've been reading these theories about how the block size was manipulated by the government. Anyway, I’m curious what others think. Is Bitcoin still for the people, or has it been overtaken?",What Happened to Bitcoin Being “For the People”? ,btc,1,0,kouzark,925,164
2025-01-08,"A Closer Look at BCHBULL: Bitcoin Cash’s First DeFi Smart Contract App Why you sell your BCH when you can use BCHBULL TO leverage or Hedge them up to 5x?! In today's article we are discussing the first smart contract built on top of Bitcoin Cash with real world usecase, enjoy!",A Closer Look at BCHBULL: Bitcoin Cash’s First DeFi Smart Contract App,btc,1,0,alberdioni8406_,277,51
2025-01-08,Bhutan’s Gelephu Mindfulness City Pioneers Adoption of Bitcoin and Other Digital Assets in City’s Strategic Reserves,Bhutan’s Gelephu Mindfulness City Pioneers Adoption of Bitcoin and Other Digital Assets in City’s Strategic Reserves,btc,4,2,ChanakyaZ,116,16
2025-01-08,"Hypothetical redesign of btc, thoughts post 2025 Hi guys I’m curious… let’s say someone could create bitcoin in 2025, if it were never invented… what changes would you like implemented? What are its shortfalls that can be altered right from the beginning? Is the scalability a problem when we’re constantly using more electricity and compute post halving ? Is the network not as good as it should be ? Is quantum compute a serious threat to the integrity and if so, how do you solve for it? Thank you.","Hypothetical redesign of btc, thoughts post 2025",btc,1,0,ArcteryxAnonymous,501,89
2025-01-09,"""Fiat money is built on deception—Bitcoin is built on truth and transparency” - New podcast with Stephan Livera","""Fiat money is built on deception—Bitcoin is built on truth and transparency” - New podcast with Stephan Livera",Bitcoin,1,0,BRVM,111,18
2025-01-09,Long btc F everyones mother who shorts btc all some Kids with 200€,Long btc ,Bitcoin,1,0,Mean-University-9564,66,13
2025-01-09,"James Howells told he can't recover £598m of Bitcoin from tip [ A judge has thrown out a man's attempt to sue a council to recover from a rubbish tip a Bitcoin hard drive that is now worth about £598m. James Howells had argued that [his former partner had mistakenly dumped the hard drive ]( a Bitcoin wallet in 2013, and he wanted to access the site and recover the cryptocurrency. [But Newport council asked a High Court judge to strike out Mr Howells' legal action]( to access the landfill or get £495m in compensation. Judge Keyser KC said there were no ""reasonable grounds"" for bringing the claim and ""no realistic prospect"" of succeeding at a full trial.",James Howells told he can't recover £598m of Bitcoin from tip,Bitcoin,1,0,RollerKokster,660,118
2025-01-09,"BTC - What's Next? | Jan 9, 2025 | Short- and Long-term Elliott Wave Analysis","BTC - What's Next? | Jan 9, 2025 | Short- and Long-term Elliott Wave Analysis",Bitcoin,1,0,InvestingAngles,77,15
2025-01-09,"Hiiii I Need help lplease My na,e is Tara and please are there someone who Borrow me 1,7 btc? That would be Grate. I Can Tell YOU why in private Chat Chat chattteti Chat","Hiiii I Need help lplease My na,e is Tara and please are there someone who",btc,1,0,SluttySissyTari69,169,34
2025-01-09,"Who owns the most bitcoins... Blackrock, Microstrategy, Grayscale and US state... seems to be pretty centralyzed.",Who owns the most bitcoins...,Bitcoin,1,0,the_little_alex,113,16
2025-01-09,CashApp for Bitcoin How does the community feel about buying and storing your bitcoins on cash app at least to get started?,CashApp for Bitcoin,Bitcoin,1,0,BthtsMe,123,22
2025-01-09,Latest Bitcoin ownership distribution,Latest Bitcoin ownership distribution,Bitcoin,1,0,Hi-archy,37,4
2025-01-09,Judge halts attempt to retrieve £600m bitcoin wallet from Welsh dump | Bitcoin,Judge halts attempt to retrieve £600m bitcoin wallet from Welsh dump | Bitcoin,Bitcoin,1,0,uncapchad,78,13
2025-01-09,"Bitcoin's ability to end wage slavery Let's look at this with some numbers. Take a world population rough estimate of 8 billion. Divide perhaps by 3 as an approximation to the working population (rest are too young or too old to be working, they need to be housed, clothed and fed and cared for medically by the workers). Assume those workers need to be paid a salary at least once a month. That's 12 wage payments a year. At 7 tps (220M tx/year), BTC can only handle monthly salary payments for less than 1% (it's closer to half a percent actually) of those workers. _That's without having space for any other transactions people need to do with their wages._ Now, increase it's transactional capacity by about 100-200x , and we are getting into the volume range where at least it could pay peoples' salaries, and not just those of the less-than-1%. Another 100x the capacity, and those people might be able to use it for their monthly expenditures, which of course would form the income streams that businesses in turn need to pay their employees their salaries in the first place. --- _FYI: when I talk about ending 'wage slavery', I am not referring to people not having to work. I am referring to people having the ability to earn sound, hard money in exchange for their labor. The kind of 'sound, hard money' that I look to Bitcoin (the idea) of providing to people all around the world in the form of decentralized, non-debasable p2p electronic cash._",Bitcoin's ability to end wage slavery,btc,1,8,LovelyDayHere,1458,258
2025-01-09,Mes provisions pour le BTC S’il casse la zone en rouge on assistera à la chute du Bitcoin jusqu’au $72000 dans le cas contraire le prix va continuer de monter,Mes provisions pour le BTC🚨    S’il casse la zone en rouge on assistera à la chute du Bitcoin jusqu’au $72000 dans le cas contraire le prix va continuer de monter,btc,1,0,JeanYvane,158,30
2025-01-09,US Government Set to Liquidate Massive Silk Road Bitcoin Stash as Trump Comes into Office,US Government Set to Liquidate Massive Silk Road Bitcoin Stash as Trump Comes into Office,btc,1,0,btcxio,89,15
2025-01-09,How to use deposited funds immediately Hello does anyone know of a platform (besides Coinbase and cashapp) that will let me deposit funds and send bitcoin immediately to another wallet?,How to use deposited funds immediately,btc,1,0,_AldoTheApache_,185,30
2025-01-09,Never regret swapping all my Ethereum to fully have 1 bitcoin at 54k 0.380 bitcoin is king.!,Never regret swapping all my Ethereum to fully have 1 bitcoin at 54k 0.380 bitcoin is king.!,btc,1,0,Live-You167,92,17
2025-01-09,"""So You're Saying Bitcoin is the only way and using shitcoin platforms is harmful?""","""So You're Saying Bitcoin is the only way and using shitcoin platforms is harmful?""",Bitcoin,62,1,Fiach_Dubh,83,14
2025-01-09,"California Fires and Bitcoin First responder and Bitcoin maxi here. There is nothing like working for the government to make you not trust it. I cannot express the amount of devastation I've seen over the last two days. It felt like I was in the middle of a war zone. Fires, explosions, power outages, injured people, people refusing to leave their residences as they were going up in flames, helpless people trying to recover what they could—99 % of what they owned gone in an instant. It's important to note that these people did not live in the mountains or hills. We are several miles from the base of the closest mountain. These are populated communities. This could happen anywhere at any time, something I did not fully understand until the last two days. How is this relative to Bitcoin? 1) Seed phrases and self custody. I've preached this several times before. If you self custody any meaningful amount, you should use multi-sig with geographically dispersed keys. Splitting one key in half or three locations is not a good idea. Suppose you lose one part of that; you won't be able to recover anything. You can also look into Bitcoin-only companies who assist with multi-sig. Unchained and SWAN are two off the top of my head. You hold two keys; they hold one. You can still recover your funds if you lose or have one key compromised. 2) Bitcoin is a safer investment than real estate. ""You can't live in a Bitcoin"" - Very true. But I can rent and put the excess money into Bitcoin. I hope insurance helps people who have lost everything. Even if they are compensated financially, the process will take years, and they will never truly make up for the property they lost. Bitcoin does not have nearly as much counterparty risk. Matthew Kratter has two great videos on this subject: [ and [ . Although I had already watched these videos and agreed to some extent, the last few days have hammered these points home. Just remember, devastation like this can happen to you, no matter where you are. Plan accordingly.",California Fires and Bitcoin,Bitcoin,1,0,PheelGoodInc,2023,357
2025-01-09,"Bitcoiners are the new enlightened elites It occurs to me that bitcoiners possess a superior intellectual capacity to those who fail to see its merits. Bitcoin skeptics should be seen as the intellectual equivalents of financial flat earthers. They have never seen the curvature of the financial world from the necessary heights (or depths if we invert convexity) to truly understand the forces at play. Bitcoin skeptics often have a rudimentary understanding of finance, economics, computer science, cryptography, monetary history, game theory etc. and the complex interactions of these advanced factors driving bitcoin to new heights. They often conflate currency with money and cannot come to terms with the cognitive dissonance created by their antiquated beliefs in the face of an advanced asset like bitcoin. It has become increasing evident that only bitcoiners truly grasp the esoteric reality of the global monetary system and its gross failings. As a result, bitcoiner will be rewarded with vast wealth to empower their genius and foresight even further into the future. Just remember to stay calm, and buy more bits.",Bitcoiners are the new enlightened elites,Bitcoin,1,0,Bitcoinmonk69,1127,177
2025-01-09,"Comparing last two Bitcoin Cycles with the current one I recently drew a plot comparing Bitcoin's cumulative daily percentage change across three different market cycles: 1. Oct 2016 - Jan 2017: The early phase of the legendary 2017 bull run. 2. Oct 2020 - Jan 2021: The heart of the explosive 2020-2021 bull market, where Bitcoin surged from \~$10K to over $30K. 3. Oct 2024 - Jan 2025: The current cycle (ongoing), showing relatively flat growth so far. # Key Takeaways from the Plot: * The 2020-2021 cycle saw the most dramatic cumulative growth, with Bitcoin nearly tripling in price over just three months. This period reflects heightened institutional interest and mainstream adoption of BTC. * The 2016-2017 cycle showed moderate, steady growth, signaling the start of what would become Bitcoin’s first major mainstream rally. * The 2024-2025 cycle so far has been relatively quiet compared to 2020s. This closely resembles pattern seen during the 2017 bull run over the same period. Should the current cycle repeat 2017's bull run, where BTC peaked at end of December 2017, we can expect a market explosion latter this year. Thoughts? \#Crypto #Bitcoin #BTC #DataAnalysis #CryptoTrends I recently drew a plot comparing Bitcoin's cumulative daily percentage change across three different market cycles: * Oct 2016 - Jan 2017: The early phase of the legendary 2017 bull run. * Oct 2020 - Jan 2021: The peak of the explosive 2020-2021 bull market, where Bitcoin surged from \~$10K to over $30K. * Oct 2024 - Jan 2025: The ongoing cycle, which has shown relatively flat growth so far. # Key Takeaways from the Plot: 1. 2020-2021 cycle: This period saw the most dramatic cumulative growth, with Bitcoin nearly tripling in price in just three months. The rally was driven by heightened institutional interest and widespread adoption. 2. 2016-2017 cycle: Moderate, steady growth characterized this period, marking the beginning of Bitcoin's first major bull run. 3. 2024-2025 cycle: So far, the current cycle has been relatively quiet compared to the explosive 2020 bull run. Interestingly, it closely resembles the 2016-2017 cycle over the same time frame. If the current cycle follows a similar pattern to 2017, where Bitcoin peaked at the end of December, we could potentially witness the peak of BTC in the third quarter this year. It’s fascinating to see how history might repeat itself in the crypto space. What do you think? Are we due for another massive rally, or is this time different? \#Crypto #Bitcoin #BTC #DataAnalysis #CryptoTrends",Comparing last two Bitcoin Cycles with the current one,btc,45,4,Distinct-Hold7796,2548,416
2025-01-09,Comparing last two Bitcoin Cycles with the current one,Comparing last two Bitcoin Cycles with the current one,btc,1,0,Distinct-Hold7796,54,9
2025-01-09,UK Judge Dismisses James Howells' $770 Million Bitcoin Landfill Case,UK Judge Dismisses James Howells' $770 Million Bitcoin Landfill Case,btc,1,0,btcxio,68,10
2025-01-09,FC Galaxy are the champions of the Relampago Cup BCH in Cuba! Thanks Bitcoin Cash community for your support.,FC Galaxy are the champions of the Relampago Cup BCH in Cuba! Thanks Bitcoin Cash community for your support.,btc,1,0,Moneronando,109,19
2025-01-09,Please share which exchanges offers the lowest taker fees to trade 1 bitcoin. I want to do scalping.,Please share which exchanges offers the lowest taker fees to trade 1 bitcoin.,Bitcoin,1,0,RemoteSea1480,100,18
2025-01-09,What's the lowest that Bitcoin will hit in 2025? Want to buy the dip. $92k at the time of writing. Should I wait or buy now? Planning to put all my monthly savings ($6k/month) into Bitcoin this year and see where that takes me.,What's the lowest that Bitcoin will hit in 2025?,Bitcoin,1,0,musicalfantasies69,227,44
2025-01-09,Bitcoin Audible Chat #123,Bitcoin Audible Chat #123,Bitcoin,1,0,Cryptoconomy,25,4
2025-01-09,Mark Cuban: Bitcoin is 'a better version of gold' in a crisis,Mark Cuban: Bitcoin is 'a better version of gold' in a crisis,Bitcoin,1,0,HellYeahDamnWrite,61,12
2025-01-09,"Locking in for next 4 years Just posting for accountability. I have held Bitcoin since 2021. I have been blown away by the information, lessons learnt and the community here. Bitcoin has surpassed what I thought it was. I may “take some profits” / “use some Bitcoin” later this year but I won’t if I can help it. My plan is to start putting a good chunk of every pay check away until the next bull run. I’ll be increasing said amount during 2026/2027. This could be life changing money for me. I understand this is a fiat mindset but the options this could unlock is unbelievable. It could be the difference of CHOOSING to retire early, helping my family, paying off home. I’m not going to overcomplicate things. Stay motivated guys",Locking in for next 4 years 📈,Bitcoin,1,0,ToneSeparate1164,732,132
2025-01-09,"Join my bitcoin mining block party. We mine for a solo block on Saturday, Jan 11th. Hi, I'm coordinating a group solo mining party - aka *block party* \- for this Saturday, Jan 11th. * Bid on hashrate (starting at 100 sats) * We combine our hashrate on Saturday, Jan 11th * We mine with 1,000+ TH/s to try and mine a block solo, via [CK Pool]( [ The Goal We mine a block, earn 3.125 bitcoin + tx fees, and split the reward The Incentive I've always wanted to mine a block, and so I'm adding a special twist: * After each auction, I'll add bonus hashrate to improve the mining odds * You can see the bonus hashrate on the auction bid calculator How to verify You can verify the mining hashrate is going to the party's btc escrow address at [ once we're mining. You can also check out my last block party, on Genesis Block Day, in this Stacker News post: [ Details * [ * Hashrate and auction hosting is provided via [Rigly]( and we will use [CK Pool]( to mine Feedback welcome. I plan to make this a recurring ""team solo mining"" party every Saturday. Thanks, Evan","Join my bitcoin mining block party. We mine for a solo block on Saturday, Jan 11th.",Bitcoin,1,0,edb66,1061,203
2025-01-09,"Can somebody help me here with buying my first BTC I kinda studied a bit what is crypto and how everything works so i decided i will be ready to invest greater amount that would be something between 25-30k euros. I plan to invest this in maybe 2months from now. The problem is i never really bought any crypto in my life and I would like to know what platform is best for Balkans area(Serbia) and which wallet is most secure and best as i plan to hold for really long time (5,10years). And also i suppose the process of buying would be me cashing in 30k on my visa card and then proceeding to buy on whatever platform i plan to buy on,then transfering amount i bought on my wallet. Im just making sure if i got that right because I don’t know if bank would need to open some special card for this amount of money. I’m fairly young (22) so yeah not really experienced. Scammers can fk off i will not answering any DMs.",Can somebody help me here with buying my first BTC,Bitcoin,1,0,AdditionalMonth6864,917,177
2025-01-09,"A reminder from U.S. Senator Cynthia Lummis of Wyoming (R) about Bitcoin TL;DR: Max Pain is watching the dollar debase while you hold no Bitcoin. Zoom out, stack responsibly.",A reminder from U.S. Senator Cynthia Lummis of Wyoming (R) about Bitcoin,Bitcoin,124,18,skeetskeetamirite,174,29
2025-01-09,Oklahoma intoduces Bitcoin freedom act This is exciting. Any thoughts about this and what does this mean for this year? Okla. Senator introduces Bitcoin Freedom Act,Oklahoma intoduces Bitcoin freedom act,Bitcoin,72,2,nervous1231,164,26
2025-01-09,"The US Government wanting to hold Bitcoin is the biggest inflation warning of my lifetime. They can't call it a strategic reserve. The issuer of the most powerful currency in the world can't just say to the world, ""We're going to hold Bitcoin as a hedge against the dollar ... but it's cool. Just go about your business."" They can't openly undermine the only currency that they can print themselves. It would panic the world. It's basically an admission that they're going to try to print their way out of the debt crisis. Everyone else in the world can hold Bitcoin and it's OK. Every other country can accumulate it and it will just be seen as prudent. But not the USA. We are the only ones with control over printing the dollar. The more Bitcoin that the US government tries to quietly accumulate, the more you'll know that the dollar is in big trouble. And the US is f\*\*ked ... because they're the only ones who can't protect themselves. (Not openly anyway.)",The US Government wanting to hold Bitcoin is the biggest inflation warning of my lifetime.,Bitcoin,1,0,InfiniteMonkeySage,964,173
2025-01-09,"Want to get serious I’ve been playing with bitcoin for a long time, doing small transactions, sending money to friends, thinks like that, never keeping more than $1000-3000 with at a time, and spending it like I would money, taking small wins with the fluctuations. But I want to get serious about it. In the past I used coinbase, and never a physical wallet, so I’m looking for info on the best place to buy and store bitcoin. Thanks!",Want to get serious ,Bitcoin,1,0,aveavesxo26,435,79
2025-01-09,Lamentation: In 2017 I withdrew .09 BTC I earned from selling video games for about $20 Today that would have been worth $8200🥲🥲🥲 I was a poor college student with paper hands sadge. Who’s like me?,Lamentation: In 2017 I withdrew .09 BTC I earned from selling video games for about $20,Bitcoin,1,0,literallyacactus,197,36
2025-01-09,"Le prix du bitcoin est certainement instable, mais le minage est toujours à la mode. Si vous regardez le graphique de prix, vous verrez que celui-ci monte et descend constamment. Mais les baisses ne sont pas un motif d'inquiétude. Vous pouvez miner dès maintenant .","Le prix du bitcoin est certainement instable, mais le minage est toujours à la mode. Si vous regardez le graphique de prix, vous verrez que celui-ci monte et descend constamment. Mais les baisses ne sont pas un motif d'inquiétude. Vous pouvez miner dès maintenant .",Bitcoin,1,0,Under974,265,45
2025-01-09,"Bet against the system Crypto sparked my interest in the financial system and I've been learning about the topic since I started back in 2021. &amp;nbsp; I can't say I've nearly grasped all of it, but here are some takeaways that lead to my conclusion. &amp;nbsp; Money is a right to goods and services out of the system, as a reward for providing goods and service to the system. &amp;nbsp; Money is not a thing, it's a concept. &amp;nbsp; Theoretically there should never be more money than unclaimed goods and services in circulation. &amp;nbsp; Of course that is hard to realise in practice. &amp;nbsp; It also doesn't consider credit. &amp;nbsp; Credit is a promiss for goods and services, for a major sum of goods and services coupons. &amp;nbsp; The money is created out of thin air. No service or good has been provided and there is abstract guarantee for the promised good or service to be worth the coupons granted. This is especially hard to judge for services like coaching and consulting. Since good credit is only granted to credit worthy, e.g. wealthy people, new money stays in these circles. People get paid someones yearly salary in plumbing on a single day, to advice someone to fire half of the staff and raise the price. Is that worth the same to society? I'll let you be the judge o that. &amp;nbsp; That money has no value at the second of creation. Or even worse, technically it wateres down the worth of everyone else's truly earned money. &amp;nbsp; At a projected rate of ""symmetrical 2% inflation"", aimed for by the European central bank (EZB). &amp;nbsp; Sure, Credits also allow for small company's to start business, but these credits mostly have interest rates to high, to actually beat inflation. Therefore you're the product in the supermarkets, at the bank and on social media. &amp;nbsp; Credits aren't the only problem, but I feel like that's where the frog has it's bangles. I feel like the next biggest problem would be the obligation to maximise profits for shareholders. I don't want to get into it too much tho, it kind of speaks for itself. &amp;nbsp; We live on a limited planet, with material cycles, that luckily balance the exact way, that it's possible for us to live. &amp;nbsp; Please zoom out for a moment. Like really far out. Life on earth started 3.8 billion years ago. Oxigen as a redox equivalent became the meta around 1.5 billion later. This planet had 5 mass extinctions, with this century arguably becoming the sixth. &amp;nbsp; It is by far not to be taken for granted, that our climate is the way it is now. This planet doesn't give a shit about us. If we continue to fuck up the balance in every single material cycle that supplies us with THE FUCKING ATOMS AT THE RIGHT DOSAGE THAT WE NEED TO SURVIVE AND THRIVE. DO YALL KNOW ABOUT F*CKIN FOREVER CHEMICALS? &amp;nbsp; Sorry... +3°C average, means, that weather extremes will become 10-15°C more extreme and increase in rate and intensity, because higher heat means higher combustion, meaning bigger clouds meaning badder storms. &amp;nbsp; It's not that hard y'all, pick up a science book. We're fucked. &amp;nbsp; &amp;nbsp; If you still read this, thank you &lt;3 &amp;nbsp; I will now close the circle to how bitcoin comes into play. &amp;nbsp; Companys are incentivised to maximise profits. &amp;nbsp; Bitcoin is the most promising newcomer to serious finance in decades. &amp;nbsp; And that makes it a self fulfilling prophecy. More company's conclude, that way more company's buy, yada yada yada... &amp;nbsp; The thing is. Bitcoin will keep delivering. As long as every cicle manages to increase the userbase even just slightly. It will come back every four years and reap dumb money. &amp;nbsp; This happens exponentially, because of the halving, every four years there is double the people in the community for the same amount of new BTC. Sooner or later, this will blow out of proportion. &amp;nbsp; Since financial markets are financial markets, it will be possible to lend against your BTC ETF and trade derivatives. That allows BlackRock and co to lend absurd amounts of money. Money they will throw into bitcoin and use the rest to absurdly water down the value of real work. &amp;nbsp; Sooner or later the dollar isn't worth shit. And we will have to find some solution other then inflationary monetary systems. &amp;nbsp; I can't really grasp the implications and I might just be insane but I would love to hear y'all's thoughts. Stay friendly and have fun debating :)",Bet against the system,Bitcoin,0,11,SgtMicky,4499,766
2025-01-09,"I mined bitcoin for a month in 2011, lost most of it to MtGox, cashed out the rest this month Story Time: I heard about Bitcoin in 2011, it had just spiked to an ATH of $8, so I thought I would give mining it a try. The first few days, I was mining 1BTC/day. Mining rate slowed drastically as BTC gained popularity. I was sending my BTC to MtGox as it was mined, until the price of BTC crashed again. I evidently lost interest, and promptly forgot about the \~$20 of BTC I had accumulated. Come 2014, MtGox shuts down, taking 2/3 of my BTC with it. I wrote it off entirely, lamenting my loss of a couple hundred $. 2021 rolls around, BTC is at an ATH of $50k. I hear about the Mt Gox settlement, wondering if I still have my account info. I can't find it. What I *do* find is my old wallet, and see there's still 2BTC in it. Last month, when BTC hits $100k, I finally decide it's time to cash out the majority of it, for a down payment on a house later this year. original wallet address for proof: [","I mined bitcoin for a month in 2011, lost most of it to MtGox, cashed out the rest this month",Bitcoin,1,0,BtcThrowaway734859,1000,199
2025-01-09,How many bitcoiners AREN’T redditors? Like who out there is finding out about bitcoin and getting interested without having any interactions with Reddit? What are these mysterious people doing?,How many bitcoiners AREN’T redditors?,Bitcoin,1,0,UnpleasantEgg,193,29
2025-01-09,"Got another SOFTWAR book copy As title read. Got a mint condition book since I’ve practically ran through this theory. Still the best bitcoin book on the market, and also contains the most useful page summary on the planet on where Bitcoin goes next!",Got another SOFTWAR book copy,Bitcoin,1,0,Select_Evidence7484,250,44
2025-01-09,"NEW: Solo Satoshi unveils the Bitaxe Touch. The world’s first open-source touch-screen Bitcoin miner, built on Bitaxe and AxeOS, represents a groundbreaking step in the Open Source Bitcoin Mining Revolution.","NEW: Solo Satoshi unveils the Bitaxe Touch. The world’s first open-source touch-screen Bitcoin miner, built on Bitaxe and AxeOS, represents a groundbreaking step in the Open Source Bitcoin Mining Revolution.",Bitcoin,1,0,BitCypher84,207,30
2025-01-09,BREAKING: Biden Destroys America's Strategic Bitcoin Reserve!,BREAKING: Biden Destroys America's Strategic Bitcoin Reserve!,Bitcoin,1,0,RustinSats,61,7
2025-01-09,"Bitstamp Dear Alen Brunec, Thank you for registering at Bitstamp. At this moment, you have taken a big step toward the decentralized monetary system. If you are not yet a Bitcoin user, we suggest you read about the benefits it offers to modern society. Invite your friends to the Bitcoin community and discover the advantages Bitcoin provides to its users.",Bitstamp,Bitcoin,1,0,FinancialCause6774,356,60
2025-01-09,Reasons for 2025 being BIG I love how we say every year: This year will be BIG for btc For real though: This year will be BIG! What will be the main factors pushing btc this year in your opinion?,Reasons for 2025 being BIG,Bitcoin,1,0,Psychological-Bit58,195,40
2025-01-09,"Bitcoin Core node hard drive failed The spare laptop I have runs Bitcoin Core on it. Thats all. I have a failed SSD now. I did not use the app as a wallet, but did use it to associate my hardware wallet on it for confirmations. Did I lose anything of value here? Will I be able to replace drive and install Core and associate my wallet address again?",Bitcoin Core node hard drive failed,Bitcoin,1,0,PowerSlave666_,350,69
2025-01-09,Bitcoin-Based DeFi Protocol Velar Announces Brand Transformation,Bitcoin-Based DeFi Protocol Velar Announces Brand Transformation,btc,1,0,baillyjonthon,64,7
2025-01-09,"Can someone explain this to me? So where am I going to keep my bitcoin if is not in a wallet? Is it referring to an exchange? I buy bitcoin on River and then I transfer to my ledger, am I doing something wrong? I'm confused .. isn't ledger a cold wallet? Cold wallet and hardware wallet is the same, right?",Can someone explain this to me? ,Bitcoin,1,0,flocamuy,306,61
2025-01-09,"Whats the safest Bitcoin Hardware Wallet? Hello, im looking for a Bitcoin Hardware Wallet, the most popular is Ledger, but i heard the company can get access to ur Bitcoin in some case. Does Someone know a Hardware wallet where no one can get access without the password, so no Software or Goverment? #",Whats the safest Bitcoin Hardware Wallet?,Bitcoin,1,0,unkownbav,302,54
2025-01-13,"Guy Swans take on Hijacking Bitcoin Guy Swan did pod cast following up on his ""debate"" with Steve Pederson on Hijacking Bitcoin. I found it to be a good listen and useful for individuals trying to understand the so called ""blocksize wars"".",Guy Swans take on Hijacking Bitcoin,btc,1,0,FroddoSaggins,239,42
2025-01-13,"BTC bearish, don't matter...","BTC bearish, don't matter...",btc,0,0,LeahFarnsworth,28,4
2025-01-13,"PAIN: Iowa’s first industrial bitcoin mine with 1,800 computers was destroyed by a fire.","PAIN: 🇺🇸 Iowa’s first industrial bitcoin mine with 1,800 computers was destroyed by a fire.",btc,1,0,orphic2,88,14
2025-01-14,"Strengthening USD with BTC Reserve I get the supply and demand impacts of the U.S. holding BTC as a reserve currency and how it would trigger other governments and businesses to hold BTC. Wouldn’t the USD be strengthened if the U.S. government decides to hold larger amounts of BTC in a strategic reserve thus putting downward pressure on BTC in terms of USD? The fed keeping interest rates high strengthens the USD The trump administration (the pro crypto people he has appointed) having a much better understanding of fiat currency and the impacts of printing money on inflation of the USD also strengthens USD if it leads to better policies. Is the supply and demand situation enough to overcome the strengthening USD to still meet these price targets of $500,000+ floating around? Maybe it makes more sense for people who don’t have access to USD to hold BTC than those that deal with USD everyday. Stronger USD puts pressure on BTC price when expressed in terms of USD. Btw, I’m a huge bitcoin bull, just asking questions.",Strengthening USD with BTC Reserve,BitcoinMarkets,1,0,Temporary-Mirror-375,1027,177
2025-01-14,Has Bitcoin been hijacked? Fiery debate between Guy Swann and Steve Patterson,Has Bitcoin been hijacked? Fiery debate between Guy Swann and Steve Patterson,btc,1,0,sandakersmann,77,12
2025-01-14,"BCH ETF possible/probable this cycle? As we probably are going into the final stage ( year ) of this 4 year cycle I‘m wondering if there is an BCH-ETF in the making? Also do you think the big boys would let a BCH-ETF happen due to the risk that investors could confuse it with BTC, or the risk that BCH takes away market share from their beloved BTC?",BCH ETF possible/probable this cycle? ,btc,1,0,Genniro,350,68
2025-01-14,"My friend just paid $0.50 for an snack, using Bitcoin as P2P Cash in Cuba. BCH is the continuation of the original Bitcoin : A Peer to Peer Electronic Cash System as defined by Satoshi's white paper. You can't do this with BTC today.","My friend just paid $0.50 for an snack, using Bitcoin as P2P Cash in Cuba. BCH is the continuation of the original Bitcoin : A Peer to Peer Electronic Cash System as defined by Satoshi's white paper. You can't do this with BTC today.",btc,1,0,Moneronando,233,44
2025-01-14,"Bitcoin Price Surges to $96,000, Trump Prepares Crypto-Friendly Executive Orders","Bitcoin Price Surges to $96,000, Trump Prepares Crypto-Friendly Executive Orders",btc,1,0,crypto_news_source23,80,10
2025-01-15,BCHD Returns: Bitcoin Cash's Feature-Rich Node is Back,BCHD Returns: Bitcoin Cash's Feature-Rich Node is Back,btc,1,0,zquestz,54,8
2025-01-15,"If Bitcoin would centralized with scaling the first narrative you would hear is: We need to be scaling faster. If Bitcoin does scale decentralized the first narrative you would hear is, that they do not scale and that you need to limit it to prevent centralization...",If Bitcoin would centralized with scaling the first narrative you would hear is: We need to be scaling faster.,btc,1,0,DangerHighVoltage111,267,46
2025-01-15,Thailand SEC to Greenlight BTC ETFs as Leading Italian Bank Invests in Bitcoin,Thailand SEC to Greenlight BTC ETFs as Leading Italian Bank Invests in Bitcoin,btc,1,0,crypto_news_source23,78,13
2025-01-15,"Flipstarter: Transparency is key, Help us raise 0.85 BCH to cover media costs of Relampago Cup BCH and keep Bitcoin Cash initiatives thriving in Cuba.","Flipstarter: Transparency is key, Help us raise 0.85 BCH to cover media costs of Relampago Cup BCH and keep Bitcoin Cash initiatives thriving in Cuba.",btc,1,0,Moneronando,150,25
2025-01-15,Marcelo Fleischer speaking about the hijacking of Bitcoin (Spanish),Marcelo Fleischer speaking about the hijacking of Bitcoin (Spanish),btc,1,0,sandakersmann,67,9
2025-01-15,XRP seems like a better buy in the end. Why keep BTC as a proof of work (burning GPUs) instead of using something functional like XRP seems like banks want to get behind something like XRP but don't want to touch BTC. Without smart contract banks won't touch specifcally Escrow-Based Smart Contracts like XRP. Really considering getting out while they getting is good.,XRP  seems like a better buy in the end.,btc,1,0,Dynamiclynk,368,63
2025-01-16,"I dont buy the narrative at every ATH that ""anyone who bought BTC in history has made a profit"" - even if a small percentage of BTC holder try to realize their 'profit' at every ATH - the price would dip significantly.","I dont buy the narrative at every ATH that ""anyone who bought BTC in history has made a profit"" - even if a small percentage of BTC holder try to realize their 'profit' at every ATH - the price would dip significantly.",btc,1,0,Dapper-Horror-4806,218,42
2025-01-16,"Do you see the market going down from here? Here is my view on the market fluctuations BTC reached $100,600 where a big Supply level was formed previously. [ Currently is getting high time to continue moving upward. The RSI has also a clear bearish divergence which can let the price drop If the price drops then we have few options where we can buy and get quite BIG on those trades Like SOL - [ with a Risk/Reward of 1:14 Or the LINK [ with a Risk/Reward of 1:10.4 And the XML is not looking bad either. [ with a 1:7 Risk reward ratio. These are the trades I am preparing for! Let's see how it goes. Here is one trade I did yesterday which grew my account from $570 ic to $798 with a single trade. Its a challenge I am doing to see how much I can grow an account with only 300 USD there. I'm also trying to share my journey so people can benefit somehow. What do you think about the trades I'm waiting for?",Do you see the market going down from here?,btc,1,0,hrantm400,908,180
2025-01-16,Do you think Bitcoin still has the potential to flip gold as the ultimate store of value?,Do you think Bitcoin still has the potential to flip gold as the ultimate store of value?,BitcoinMarkets,1,0,Indicators_View,89,17
2025-01-16,"If you treat bitcoins like a lottery ticket, there will be a similarly high number of losers. Among the people who first got into Bitcoin, many started businesses or actively used it. A few might've mined it, got bored, stopped, forgot about it until the price rose and then regained their interest. When the price first rose significantly, more waves of pure speculators arrived. Many of whom initially dismissed Bitcoin: the peer to peer electronic cash system (at the time - e.g. up to ~ 2014). The number of people who took an interest in really using it as currency has been dwarfed by the number of people who have been attracted for no reason other than to seemingly 'make easy money' by buying and holding. Very often holding it on some custodial service instead of even really 'owning' the coins by holding their own private keys. This situation of course pleased market makers who run the crypto exchanges and other gateways into and out of Bitcoin &amp; other tokens. A huge zoo of price-manipulated tokens has been created, of which many have no real utility and have only been created as get-rich-quick schemes, to be pumped and dumped or rug-pulled on less savvy ""investors"". The question of ""how do we get to a sound financial system?"" has been swept under the table by hype and propaganda. The relatively small number of people who currently benefit from the price increase in Bitcoin and other cryptos is what is seen and marketed. Those who lose out are not advertised much. They are often painted as having done something wrong. Like selling when they needed money instead of holding on until eternity. I don't think anyone counts up the losers, and compares their numbers to those who ""won"" the lottery. Yet, this is part of what will shape public perception of the utility of cryptocurrency in the longer term. Anyone who's been to a casino knows that the house keeps an advantage, and unless you're an inveterate gambler, you probably wouldn't consider your money spent there as an investment, but rather be prepared to kiss it goodbye. To me, that's a key difference between a real currency and a mere speculative asset.","If you treat bitcoins like a lottery ticket, there will be a similarly high number of losers.",btc,1,0,LovelyDayHere,2143,370
2025-01-16,BTC at 2.7 million on coincap Whats happening on Coincap....,BTC at 2.7 million on coincap,btc,1,0,kaneelstokjelikken,60,10
2025-01-16,UP or DOWN? Bitcoin Is Causing Investors To Panic, UP or DOWN? Bitcoin Is Causing Investors To Panic ,btc,1,0,daveey_g,49,9
2025-01-16,Coinbase Launches Bitcoin Loans for US with DeFi Backing,Coinbase Launches Bitcoin Loans for US with DeFi Backing,btc,1,0,btcxio,56,9
2025-01-16,"Stronghold Agreed to Pay $4.75M And 25 Bitcoins to Investors Over 2021 IPO Scandal Hey there, I guess there are some Stronghold investors here, I found some good news for y’all — Stronghold’s finally agreed to settle over the financial issues they had a few years ago. For newbies, back in 2022, Stronghold was accused of hiding issues with contracted suppliers, missed deadlines, and difficulties in obtaining new mining equipment. In March 2022, their financial reports revealed losses higher than they had claimed during their IPO a few months earlier. As a result, $SDIG fell, and investors sued for being misled about Stronghold’s mining capacity, operational costs, and the feasibility of expanding its mining fleet during its IPO. The good news is that the company finally agreed to pay investors $4.75M + 25 BTC over this whole situation. So, if you were an investor back then, you can check the details and [file for payment here]( Anyways, did you invest in Stronghold back then? How big were your losses due to all this?",Stronghold Agreed to Pay $4.75M And 25 Bitcoins to Investors Over 2021 IPO Scandal,btc,1,0,thesatisfiedplethora,1031,173
2025-01-16,First Bitcoin Cash Conference in Argentina: Aftermovie (October 2024),First Bitcoin Cash Conference in Argentina: Aftermovie (October 2024),btc,1,0,Ian_Blas27,69,9
2025-01-16,Peter Rizun on Mass Scaling Bitcoin with Cheap Custom Hardware and Parallelization,Peter Rizun on Mass Scaling Bitcoin with Cheap Custom Hardware and Parallelization,btc,1,0,sandakersmann,82,12
2025-01-17,"Bitcoin soars past $100,000 ahead of possible early action on crypto by Trump &amp;#x2d; WTOP News","Bitcoin soars past $100,000 ahead of possible early action on crypto by Trump &amp;#x2d; WTOP News",btc,1,0,lalaci,98,16
2025-01-17,On shielded address for Bitcoin Cash using Zero-Knowledge Proof (ZKP) covenants,On shielded address for Bitcoin Cash using Zero-Knowledge Proof (ZKP) covenants,btc,1,1,bitjson,79,11
2025-01-17,Bitcoin Miner BitFuFu Aims to Boost Operations with Oklahoma Facility Acquisition,Bitcoin Miner BitFuFu Aims to Boost Operations with Oklahoma Facility Acquisition,btc,1,0,btcxio,81,11
2025-01-17,"Top 10 crypto in 2024 among our traders, with BTC leading by far","Top 10 crypto in 2024 among our traders, with BTC leading by far",btc,1,0,capital_com,64,13
2025-01-17,"Arkham found most wallets of Microstrategy with proof of reserve of 330 000 bitcoin After many of my comments under saylors and other twitter bitcoin influencers Arkham posted update - with more wallets associated with MicroStrategy's Now the Bitcoin holdings are at 330000 bitcoins - still missing 120 000. Arkham tracker was showing long time [ 4 times less - only 80 000 coins. At least one can see that saylor also selling bitcoin, was last time in 2023 And pump of last months since November was mainly due to Mircostrategy bought almost 200 000 bitcoins",Arkham found most wallets of Microstrategy with proof of reserve of 330 000 bitcoin,btc,1,0,voterit,559,96
2025-01-17,What is supply Shock ? Many Redditor’s on bitcoin community talking about Exchange supply shock. Why we suddenly talking about this ? Cuz BTC gonna complete its circulation supply after 100 years. So why everybody is concerned bow ?,What is supply Shock ? ,Bitcoin,0,15,NazrulAnsari,232,39
2025-01-17,"Bitcoin Technical Analysis for January 17 , 2025 - BTC","Bitcoin Technical Analysis for January 17 , 2025 - BTC",btc,1,0,Far_Ad379,54,10
2025-01-17,"Is Bitcoin (specifically: BTC) being set up as a 'bad bank' for the US national debt? I'm looking for opinions on this scenario: - US promotes the idea of 'national strategic Bitcoin reserve' or 'stockpile' - however they call it, the idea is the government spending fiat money to buy significant amounts of BTC - a kind of arms race of BTC accumulation breaks out where other countries (mostly vassals of the US) embark on similar strategy of stockpiling BTC on their taxpayer dime - USD experiences massive inflation (for simplicity assume that an amount equal to the US national debt is printed and used to pay off the debt while essentially collapsing the dollar as a reserve) - A new currency, backed by BTC and other hard assets like gold, is proposed to replace the USD. This would likely be fully digital again, and using blockchain technology to accomodate modern expectations towards digital money, and run by the central bank, i.e. it would be a CBDC in all but name. - USD savings would be convertible to this new digital currency (to lessen the public curiosity it might be called by a name that retains 'dollar' in it, as has been done with CBDC's in other countries), but due to inflation it would wipe out a significant amount of public wealth - Of course the ripple effects of USD inflation would be felt throughout the world, likely triggering cascades of financial crises which cumulate in another massive Global Financial Crisis, but which can be the excuse for other countries' central banks to push their own CBDCs to the forefront as 'solutions' (even though it'd be just replacing some existing fiat currencies by new fiat currencies) - in the wash of global financial instability, the focus on the US may be lessened as everyone is struggling with these problems What do you think about such a scenario? One question I have myself is whether BTC even needs to be retained as a reserve asset in such a scenario, or whether central bankers might find a way to implode BTC, crash the entire crypto market (possibly even blaming financial system woes on such a crypto collapse) _before_ pushing hard for CBDCs as their 'stability fix'.",Is Bitcoin (specifically: BTC) being set up as a 'bad bank' for the US national debt?,btc,1,0,LovelyDayHere,2156,374
2025-01-17,SEC CHAIR GENSLER SLAMMED FOR FAILED BITCOIN POLICIES JOE: You either stood in the way of an extraordinary industry or utterly failed to stop a massive bubble.,"SEC CHAIR GENSLER SLAMMED FOR FAILED BITCOIN POLICIES
JOE: You either stood in the way of an extraordinary industry or utterly failed to stop a massive bubble.",btc,1,0,orphic2,159,27
2025-01-17,"How to recover your funds from Forex, Binary option and Bitcoin","How to recover your funds from Forex, Binary option and Bitcoin ",btc,1,0,Nic-Ole91,63,11
2025-01-17,"Opinions on my next move TLDR; Do I buy a house next month and buy bitcoin after, or start buying bitcoin again now and keep living with my parents? About a year ago I had 3.5btc and lost it on leverage like the degen regard I am (leasson learned). The price went up almost 2x like a month later and sent me into a depression, ended up losing my job and it took me about 6 months to emotionally recover. Once I got over it and got another job I really wanted to get start stacking again, but I decided to pay off all my debt and save up for a house instead. Im at the point now where I can start shopping for that house I wanted, but seeing BTC over 100k and knowing the supply shock that would happen if governments start to FOMO has me feeling like this is genuinley my last chance to get a substantial ammount of sats. Im in a very fortunate situation, I make enough that i could buy a house this month and then start stacking after, and If prices stay at around these levels I could still end the year with a couple BTC, but theres no guarentee prices wont go a lot higher. But at the same time theres no guarentee that house prices wont also go a lot higher once interest rates fall. Idk, I have a history of making terrible choices, crypto has been keeping me up at night and I'm hoping someone says something that clears my head. Knowing how much I've lost is driving me crazy, and I really just want to start getting that back ASAP, but I'm also way too old to continue living with my parents. What would you do? I know this post is kind of pathetic and cringe so sorry in advance lol",Opinions on my next move,btc,1,0,zomgbab,1592,312
2025-01-17,Bitcoin Cash 2025 Velma Upgrade Enhances Smart Contract Capabilities,Bitcoin Cash 2025 Velma Upgrade Enhances Smart Contract Capabilities,btc,1,0,btcxio,68,9
2025-01-17,When governments realize there aren't any bitcoins left for them.,When governments realize there aren't any bitcoins left for them.,Bitcoin,1,0,SpaceToadD,65,10
2025-01-17,"Bitcoin rocketing off of the lows, leaving investors sidelined in worthless fiat - Jan 2025","Bitcoin rocketing off of the lows, leaving investors sidelined in worthless fiat - Jan 2025",Bitcoin,1,0,Comfortable_Gear5104,91,15
2025-01-17,"ELI5 why won’t Bitcoin go the way of myspace I have .2 bitcoin and I'm hopeful it will be a good long term investment. Also I'm a noob and don't understand bitcoin well so apologies in advance. My ignorant concern is that bitcoin will go way up in value and then if I continue to hodl, by like 2028 digital money may end up revolving around a different currency that like bitcoin has a finite supply, but is easier to trade quickly. MySpace was THE social media for a few years. Why won't bitcoin go the way of MySpace? Thanks in advance",ELI5 why won’t Bitcoin go the way of myspace,Bitcoin,1,0,Capital_Spot_2460,537,102
2025-01-17,Bitcoin mining made easy, Bitcoin mining made easy ,Bitcoin,1,0,Low_Horse2890,24,4
2025-01-17,State Of Wyoming Just Introduced A Bill For Strategic Bitcoin Reserve. Crazy Times!!!,State Of Wyoming Just Introduced A Bill For Strategic Bitcoin Reserve. Crazy Times!!!,Bitcoin,1,0,LongTermStocks,85,13
2025-01-17,Doing some BTC poster on my free time !!!,Doing some BTC poster on my free time !!!,Bitcoin,2,0,na7oul,41,9
2025-01-17,Bitcoin mining Bitcoin mining made easy,Bitcoin mining ,Bitcoin,1,0,Low_Horse2890,39,6
2025-01-17,Can’t lend Bitcoin for USDC in New York State ? I just seen Coinbase allows users to borrow usdc against Bitcoin in every state in US except NYS what the hell is the reason for this?! Can anyone explain this to me because I’m pissed !,Can’t lend Bitcoin for USDC in New York State ? ,Bitcoin,1,0,OHGMotive,234,46
2025-01-17,"Fidelity’s Head or Research Chris Kuiper: ""Bitcoin’s fixed supply is like the invention of the wheel—it changes everything.” On my podcast ‘Bitcoin for Millennials’ I talked with Chris Kuiper, Director of Research at Fidelity Digital Assets. We discuss Bitcoin’s comparison to gold, proof of work’s real-world ties, digital scarcity, Bitcoin's S-curve adoption, reserve asset potential, global adoption, and philosophical views on money","Fidelity’s Head or Research Chris Kuiper: ""Bitcoin’s fixed supply is like the invention of the wheel—it changes everything.”",Bitcoin,1,0,BRVM,436,62
2025-01-17,Moving Beyond Mining: How Bitcoin-Related Services Will Change Web3,Moving Beyond Mining: How Bitcoin-Related Services Will Change Web3,btc,1,0,RevulsedSaltern32,67,9
2025-01-17,"Explaining BTC ordinals Eth and smart chains use smart contracts to store nft in form of a couple (owner of nft pbk, URL of image representing the nft). When you sell your nft you submit a transaction to the contract and it updates its record with the new owner pbk. Btc does not have smart contracts. Here is where ordinals come into place. Ordinals are Satoshi with inscription. A Satoshi is 1/1mln BTC. Inscribing a Satoshi means sending a transaction with one output that contains exactly one Satoshi and properly formatted metadata (for example the bytes representing an image) They are named ordinals because they are actually enumerated in order (1, 2, ...) Changing the owner of the ordinal require sending a transaction to the new owner with input that Satoshi. Note that data representing the nft will be available in the original transaction. The first known Ordinal is Bitcoin Frogs, created in block 654321 in the first transaction. For more detailed information, check out the Ordinals Protocol.",Explaining BTC ordinals,btc,1,0,sbifido,1009,168
2025-01-17,"How to confirm my Trezor Wallet Backup/Recovery seed words Hi, I just set up a Trezor Safe 5 today. I wrote down my 20 word wallet backup, word by word. But I was at work and I kept getting interrupted. I transferred some BTC from coinbase to my new wallet to confirm it was working but as the day has continued, I'm worried I may have accidentally written down the wrong word or spelled it incorrectly or something. I tend to get paranoid LOL. Anyway, is there any way to check my wallet backup words if I have the Trezor Safe 5 in my possession? If not I think I have 3 options.... 1. Just hope I wrote everything down correctly. 2. Transfer the money out of the Trezor 5 (small amount) and then factory reset the trezor and set it up as a new wallet and triple check each word as I write it. 3. Buy another wallet and recover my current wallet to confirm the recovery seed. Are there any other options for me to confirm my recovery seed words?",How to confirm my Trezor Wallet Backup/Recovery seed words ,Bitcoin,1,0,KeepCrushin247,946,182
2025-01-17,How much BTC is actually life changing in 2025? Recent newcomer to bitcoin and started stacking since March 2024.Wish I knew earlier about bitcoin but as most wasted time and money with shit coins.I am aiming for 5BTC in the next 5 years.Am I too late? Will this stack be enough in 2035 to live a more easy life or do you have tbe one of the lucky early adopters to actually experience life changing gains? eg &gt;10btc?,How much BTC is actually life changing in 2025?,Bitcoin,1,0,Gutsystoicspartan27,420,78
2025-01-17,Bitcoin Journalist Exposes Scams at an Ordinals Conference,Bitcoin Journalist Exposes Scams at an Ordinals Conference,Bitcoin,1,0,JoeNakamoto,58,8
2025-01-17,"Coinbase user discovers it costs $7 to send $5 on the Ethereum network. Yes the famous cryptos like ETH and BTC are not functional blockchains, they have become ponzies that you must hold on centralized exchanges and never use for any purpose except dumping on greater fools.","Coinbase user discovers it costs $7 to send $5 on the Ethereum network. Yes the famous cryptos like ETH and BTC are not functional blockchains, they have become ponzies that you must hold on centralized exchanges and never use for any purpose except dumping on greater fools.",btc,1,0,upunup,275,47
2025-01-17,"I dont understand Seed Phrases (kinda) I understand the general concept behind seed phrases, using math to asign your wallet spesific words, but there are just some things about it I still dont understand. How does the seed phrase know that I created a new wallet adress? I can create a seed phrase that can recover a spesific wallet, but I can create another wallet which can be recovered by the same seed phrase, how does that work? Why are seed phrases not in btc core? This just seems like a no brainer to me. Are there tools that I can use to convert an non seed phrase wallet adress into a seed phrase one, since its just math?",I dont understand Seed Phrases (kinda),Bitcoin,3,7,Till_Kodols_Leader,633,119
2025-01-17,Just Logged Back Into Coinbase to See How Much My $1.00 in BTC from 2014 Is Worth Now (Gift from Sign-Up),Just Logged Back Into Coinbase to See How Much My $1.00 in BTC from 2014 Is Worth Now (Gift from Sign-Up),Bitcoin,1,0,Daniel-sp,105,21
2025-01-17,"Is bitcoin really gonna pump on jan 20? Curious, cause everyone's thinking its gonna pump ..but what if it dumps instead ...whats the possibilities?",Is bitcoin really gonna pump on jan 20? ,Bitcoin,1,0,furious__72,148,24
2025-01-17,BITCOINS TO THE MOOOOOOOOON! ! ! ! !,BITCOINS,Bitcoin,1,0,The_narrators_son,36,8
2025-01-17,Survey: 52% of Americans sold stocks or gold to purchase Bitcoin.,Survey: 52% of Americans sold stocks or gold to purchase Bitcoin.,Bitcoin,1,0,ranelpadon,65,11
2025-01-17,"Overtaxed on my Bitcoin HODL'ing I have been a long term holder since Bitcoin was under 100USD (yep) in fact. Anyway long story short due to the girthy gains I was contacted by the FBI (Federal Bitcoin Inspector), who informed me that it was imperative I submit to him my seed for a full audit. I think he's made a mistake and emptied my account entirely. Right now I have 0 Bitcoin and I am a povo NoCoiner. How long does it usually take for the tax charge to be reversed?",Overtaxed on my Bitcoin HODL'ing,Bitcoin,1,0,Mount_Kailash_Awaits,473,91
2025-01-17,Dave Portnoy takes it as a major insult after CoinCorner sends him a Bitcoin children’s book because he “struggles with Bitcoin.”,Dave Portnoy takes it as a major insult after CoinCorner sends him a Bitcoin children’s book because he “struggles with Bitcoin.” 😅,Bitcoin,1,0,BitCypher84,129,21
2025-01-17,"Banned from for mentioning aliens and quantum computing threats Tried to get mental juices flowing with thought-provoking posts (and hoping for well-thought-out replies) on the r \[SLASH\] Bitcoin subreddit, instead ended up being banned with an immature response from a moderator: &gt;First you post a stupid thread about aliens and now you post a stupid thread about quantum computers. Look at the these charts. &gt;[ &gt;[ &gt;Now go shill shiny rocks somewhere else. We are not interested. My [first post]( was asking about the threat to Bitcoin if an announcement was made that we had made alien contact, and my [second post]( was linking to a YouTube video which suggests quantum computers could break encryption. TL;DR Definition of irony: Moderators of a ""Freedom Money"" group suppressing and denigrating those who dare speak about anything outside their rigid world view.",Banned from r/Bitcoin for mentioning aliens and quantum computing threats,btc,1,0,daskalou,880,139
2025-01-17,What do you predict bitcoin will be on Monday? Mine is 120-130K (not advice),What do you predict bitcoin will be on Monday? ,Bitcoin,1,0,RevolutionaryNeck778,76,14
2025-01-17,"Could BTC take over the world? Was having a discussion with a coworker today about bitcoin, the history of when it was under a $1, the idea of $1,000 or $10,000 would seem crazy! Yet here we are with $100K, it will happen that it will go to $1,000,000 and more. This is where the conversation took a turn, if as we believe will happen that nation states will create bitcoin reserves, it will eventually be a race to convert fiat currencies into bitcoin, hyperbolic inflation of fiat will inevitably lead to an evermore crisis of printing money to buy more, eventually we will have all the nation states in a Zimbabwe type economy and all fiat will be worthless in a sense. Then will the vision of Satoshi be realized? Or will nations rebase their currencies to a BTC standard before that happens and will the First Nation that does it will be the default fiat currency of the next century?",Could BTC take over the world?,Bitcoin,1,0,Henrik-Powers,889,162
2025-01-17,Bitcoin Journalists Exposes Scams at an Ordinals Conference,Bitcoin Journalists Exposes Scams at an Ordinals Conference,Bitcoin,1,0,JoeNakamoto,59,8
2025-01-17,"NEW: The Royal Government of Bhutan transfers 633 Bitcoin ( $64.57M) to three new wallets. They currently hold 11,055 Bitcoin ($1.13B).","NEW: 🇧🇹 The Royal Government of Bhutan transfers 633 Bitcoin (💵 $64.57M) to three new wallets. They currently hold 11,055 Bitcoin ($1.13B).",Bitcoin,1,0,BitCypher84,135,21
2025-01-17,I’m sold on the BTC train. How should I pivot my investments? Hey guys. I’m sons on the efficacy and societal need of BTC. Is it worth it to pivot my investments in the stock market to BTC? The tax implications are frustrating. Or have many of you opted to keep what you’ve already invested in fiat and just start a new process of primarily going into BTC?,I’m sold on the BTC train. How should I pivot my investments?,Bitcoin,1,0,UsualConversation894,356,68
2025-01-17,Question Is it a smart thing to take out a heloc against my house and long term it into Bitcoin? I currently have 65k of equity according to the loan specialists who want to give me a heloc at around 8% I’d say? $430 roughly a month?,Question ,Bitcoin,1,0,DylanMichaud,233,47
2025-01-17,"Lost all my BTC I was sitting on a bench, with my cold wallet, I come to this spot everyday. There is always a lot of birds to watch around there. Sometimes I feed the birds my leftover food from lunch. This day I decided to feed the birds seeds, mainly sunflower seeds. When I got home I realized the birds had eaten my seed phrase as well. Now my wallet has 0 BTC, transactions that wiped it went to Armenian IP address. Any chance I can recover?",Lost all my BTC,Bitcoin,1,0,Key_Competition_3223,448,88
2025-01-17,"Bitcoin Buenas, espero esten bien, queria consultarles a los conocedores si recomiendan dejar 200/300 dolares que me sobren, en bitcoin. Gracias!!",Bitcoin,Bitcoin,1,0,General_Temporary_43,146,21
2025-01-17,Which will be harder? Going from $0 to $100k took 15 years (2009-2024) for bitcoin. Conventional wisdom is that the first $100k is hardest and bitcoin will now zoom to $1M (10x) because of growing adoption and the snowball effect. But is that really true? Something … law of big numbers … something. Maybe going from $100k to $1M is harder and a longer slog than 0 to $100k. 0 to $100k was like a startup. But now Bitcoin has IPO’d and needs to grow up as a public company in full scrutiny of the world. Maybe that’s harder. Who knows???,Which will be harder?,Bitcoin,0,15,True-Whereas6812,537,101
2025-01-17,"Bitcoin: Separating Money and State Great conversation with Rob Wallace, co-founder of Bitcoin News. How bitcoin separates money and state, how bitcoin fundamentally changes people, and why it’s the hope for the future and the antidote to nihilism",Bitcoin: Separating Money and State,Bitcoin,1,0,thesatdaddy,247,38
2025-01-17,Bitcoin has a 4 year cycle. It’s now or never!!,Bitcoin has a 4 year cycle. It’s now or never!! 🚀🚀,Bitcoin,1,0,MixEast6786,47,10
2025-01-17,"My Dad’s Friend Is A Millionaire But Lives Like A Poor Person So my dad’s friend (let’s call him Fred) isn’t the smartest person. Back when bitcoin was first out, there was a guy paying people to bring in signatures for a cause with bitcoin. He had a limit of 5 pages of signatures per person, but Fred forgot about that and turned in a bunch of papers. The guy felt bad, so he paid for all of the papers that Fred turned in. Fred received a little over 200 bitcoin from that, and just didn’t do anything with it. Now, you would think a person who has around 20 million dollars of bitcoin would be living in at least a decent home and living a good life? No, he lives in a small house barely getting by, because he only has sold a few of his bitcoin to live off of. The reason for this? Because he thinks the government will spy on him if he sells a lot of his bitcoin. He doesn’t even work a job or anything. Now, I don’t do anything with crypto currency, but I am pretty sure this is a poor choice",My Dad’s Friend Is A Millionaire But Lives Like A Poor Person,Bitcoin,1,0,Front-Ice-2924,999,199
2025-01-19,"One potential odd path to a Bitcoin Strategic Reserve The Trump administration have repeatedly stated they want to boost exports, reduce imports, and return manufacturing to the USA. This will be very hard to do even with tariffs etc because of the USD role as the global reserve currency. It will be almost impossible for the USA to reduce current account deficits and trade deficits while maintaining the USD as global reserve currency as they must provide the world with sufficient dollars to trade or else or all falls apart anyway. A reversion to the gold standard or alternatively a Bitcoin Strategic reserve/Bitcoin standard could be an easy path for Trump to achieve a weaker USD and could be done unilaterally. Even without legislation, if Trump declared that Bitcoin held by govt wouldn't be sold and talked about it a lot, the impact would be significant.",One potential odd path to a Bitcoin Strategic Reserve,BitcoinMarkets,1,0,DesperateToHopeful,866,146
2025-01-19,Should we buy bitcoin before Trump come to the office? Will it actually go higher after?,Should we buy bitcoin before Trump come to the office? Will it actually go higher after?,BitcoinMarkets,1,0,Altruistic-Lychee907,88,16
2025-01-19,"We should be highly sceptical of the Trump administration While it is great that Trump is taking a pro-bitcoin stance, the launch of his shitcoin $TRUMP is going to have a very negative effect on Bitcoin adoption. I wrote an article about it here: Any ideas on how we can persuade the administration to abandon crypto &amp; focus on Bitcoin?",We should be highly sceptical of the Trump administration,BitcoinMarkets,1,0,Bitman321,341,60
2025-01-20,"Is Trump or his people smart enough to see what others have done before him? Imagine SBF but never having given CZ enough coins to rekt him. What would be the state today if CZ hadn't dumped on him? I imagine FTX would still be running, Bitcoin would be at SBF's beck and call, loans would be impossible to margin call. All Trump would have to do is hold the 80% and use some of the loan money to put in bids to prop up the price. Someone out there would be greedy enough to offer loans against it as collateral. SBF simply took too much meth and couldn't keep track of things. They gave CZ a bunch of coins to entice him to buy them out when still early, then forgot all about it. The books got messy because they never wanted to record any of the fraud, so they couldn't figure out how much reserve was needed to protect against him selling (or simply didn't realise it was a risk). CZ got a look at the books and is much smarter, so he knew exactly how much FTT he needed to sell and how much Bitcoin he needed to buy in order to rekt them. How? Well... CZ was using BNB in the exact same way, so he knew the game. In the weeks before BNB pumped in order to get the ammo required. Then it all unwound. Some time later, SBF realised he was rekt. Not long after that, he was in prison. The first turd is where CZ was positioned. The 2nd turd is when SBF realised he was rekt. The 3rd turd is when SBF went to prison.",Is Trump or his people smart enough to see what others have done before him?,BitcoinMarkets,1,0,ChadRun04,1417,283
2025-01-20,"Grift ends every bull market. Is Trump or his people smart enough to see what others have done before him? Imagine SBF but never having given CZ enough coins to rekt him. What would be the state today if CZ hadn't dumped on him? I imagine FTX would still be running, Bitcoin would be at SBF's beck and call, loans would be impossible to margin call. All Trump would have to do is hold the 80% and use some of the loan money to put in bids to prop up the price. Someone out there would be greedy enough to offer loans against it as collateral. SBF simply took too much meth and couldn't keep track of things. They gave CZ a bunch of coins to entice him to buy them out when still early, then forgot all about it. The books got messy because they never wanted to record any of the fraud, so they couldn't figure out how much reserve was needed to protect against him selling (or simply didn't realise it was a risk). CZ got a look at the books and is much smarter, so he knew exactly how much FTT he needed to sell and how much Bitcoin he needed to buy in order to rekt them. How? Well... CZ was using BNB in the exact same way, so he knew the game. In the weeks before BNB pumped in order to get the ammo required. Then it all unwound. Some time later, SBF realised he was rekt. Not long after that, he was in prison. The first turd is where CZ was positioned. The 2nd turd is when SBF realised he was rekt. The 3rd turd is when SBF went to prison.",Grift ends every bull market. Is Trump or his people smart enough to see what others have done before him?,BitcoinMarkets,1,0,ChadRun04,1447,288
2025-01-22,"What Ross Ulbricht's release means for Bitcoin Ross Ulbricht has been pardoned and is now a free man. I can't help but wonder how this will impact the price of Bitcoin. I've seen so many other posts in different subs talking about how he could possibly be the richest man in the world, with billions stored away in Bitcoin. I would expect to see a massive sell off so that he can buy some nice accommodations and other things for himself. Which would probably result in a massive price drop, right? What do you guys think?",What Ross Ulbricht's release means for Bitcoin,BitcoinMarkets,1,0,brumballer420,522,96
2025-01-22,/ mods desperate to censor the Ross Ulbricht pardon. Why?!,/r/bitcoin mods desperate to censor the Ross Ulbricht pardon.  Why?!,btc,1,0,GAW_CEO,58,10
2025-01-22,Bitcoin Cash BCH: Public Acceptance is Inevitable,Bitcoin Cash BCH: Public Acceptance is Inevitable,btc,1,0,upunup,49,7
2025-01-22,"Trump Pardons Former Silk Road Founder and Bitcoin Icon Ross Ulbricht President Donald Trump announced Tuesday a pardon for Ross Ulbricht, ending the Silk Road founder’s more than decade-long imprisonment. In a social media post on Truth Social, Trump said he had granted Ulbricht a ""full and unconditional pardon,"" citing support from the Libertarian movement and criticizing the government’s handling of Ulbricht’s case. Ulbricht, 40, was convicted in 2015 on charges including conspiracy to traffic narcotics and money laundering in connection with the Silk Road, a darknet site that facilitated billions of dollars in illegal drug transactions. He received a sentence of two life terms plus 40 years without parole, sparking years of debate over the fairness of his punishment. In his post, Trump labeled Ross' sentence as ""ridiculous."" Those who convicted Ulbricht were ""some of the same lunatics involved in the modern-day weaponization of government against me,"" Trump wrote Tuesday.",Trump Pardons Former Silk Road Founder and Bitcoin Icon Ross Ulbricht,btc,1,0,coinfanking,990,151
2025-01-22,"What do you think about Cango’s lightweight mining model and ESG? Bitcoin mining gets a lot of heat for its crazy energy use, but Cango’s strategy—investing in rigs without running massive farms—might actually help reduce their footprint. If they set up operations in areas with lots of renewable energy, like Canada or parts of the US, they could stand out compared to other miners. That said, with plans to scale up to 50 EH/s by 2025, sustainability is still a big question. Should they start looking at carbon offsets or partnerships with renewable energy providers? If they nail the ESG side, this could be a game-changer for them and even attract ESG-focused investors. Thoughts?",What do you think about Cango’s lightweight mining model and ESG?,btc,1,0,Tukidoggy,685,114
2025-01-22,"How did you start your crypto journey? Any advice for newcomers? Hey everyone, I’ve been part of the crypto space for a while now, and I’ve always found it fascinating how everyone’s journey into crypto is so unique. Whether you’re an experienced trader or just starting out, there’s always something new to learn. That got me thinking: what advice would you give to someone who’s completely new to crypto and Bitcoin? When I started, I remember feeling overwhelmed with the sheer amount of information out there and not knowing where to begin. For those just stepping into the world of Bitcoin and cryptocurrencies, having a solid foundation is so important. In fact, that’s what inspired me to write a concise e-book for newcomers who need a clear starting point. It’s packed with easy-to-understand explanations and practical tips to help them get up to speed. If that sounds helpful, feel free to check it out on [My Site]( But enough about me! I’d love to hear about your experiences. What do you wish you knew when you started? What resources helped you the most? Let’s share some tips for the new folks here!",How did you start your crypto journey? Any advice for newcomers?,btc,1,0,UhmWraithIsOP,1115,192
2025-01-22,"Fell into a scam today. Don't do as I did. (Discord Exchange) Hi, I was basically scammed for not knowing better. In my country, most if not all CEX are blocked or unavailable, and apart from that, I'm a minor. But, I do have a way to buy bitcoin. The problem is when I want to have other altcoins. So I bought 30$ worth of bitcoin, then I tried to figure a way to get this bitcoin to solana. When figuring it out, I stumbled upon a discord server which promised to exchange crypto to crypto. Basically an exchange within discord. Seemed legit from reviews online, and it had 20k+ members, so I decided to give it a shot. Well, I open the ticket, fill out my information, then the conversation starts: scammer - ""which crypto"" me - ""btc"" scammer - ""(bitcoin address)"" scammer - ""send TXID once sent"" me - *sends the btc and txid"" scammer - *instantly bans me* Being honest, I thought I just sent the transaction wrong and they banned me for it. Which wouldn't be so rare since I'm a beginner, I don't know many terminologies and even had to figure out what a TXID is. So I joined on an alt, opened a ticket and asked if I was scammed or if I did something wrong... Guess what?! The owner knew who I was because I put in the same information. So he banned me for ""alt evading"". So now I'm down -$30... Yayy! What a way to be discouraged of using crypto. I know it's not crypto's fault, it's mine, but I still have this weird sad/void feeling after being scammed. I will be sending out a modmail to see if it's possible to link the server which scammed me, so stay tuned for that update.",Fell into a scam today. Don't do as I did. (Discord Exchange),btc,1,0,Feeling_Simple_4779,1585,303
2025-01-22,"Could Bitcoin Reach $250,000 in 2025? An In-Depth Analysis","Could Bitcoin Reach $250,000 in 2025? An In-Depth Analysis",btc,0,3,voyagerdx,58,9
2025-01-22,"Unsure why the sub removed this so posting here: MSTR have purchased 34% of newly minted Bitcoin since they started buying in 2020 *MSTR have purchased 34% of newly minted Bitcoin since they started buying in 2020* MSTR made its first Bitcoin purchase on August 11th, 2020. In that time, approximately 1.33 million Bitcoin have been mined. This is over a period of 4.5 years. MSTR’s newest total holding as of 20th January 2025 is 461,000 Bitcoin. That amounts to 34% of the entire new supply of Bitcoin during that period.",Unsure why the r/bitcoin sub removed this so posting here: MSTR have purchased 34% of newly minted Bitcoin since they started buying in 2020,btc,1,0,samcornwell,523,91
2025-01-22,"Crypto etfs Bitcoin etfs are essentially a middleman, who is unneeded, and expensive, buying bitcoin you have access to yourselves, and expecting you to invest in the increasing value of their holdings. Beside the obvious fact that you pay fees for someone else to procure an asset you have access to, think about the broader implications to bitcoin's value. Bitcoin will rise in value quicker if you invest your money directy in bitcoin. Because, noone is removing fees from the transaction between you and the exchange. Noone is charging maintenance fees that could be increasing the value of bitcoin. And noone can lie about the amount of bitcoin that is purchased. You will make more money because you won't be paying fees, by holding, and your investment will appreciate in value faster because you contributed directy, 100% of your investment, to the demand for the asset. This is al common sense, but needs to be stated.",Crypto etfs,btc,1,0,solomoncobb,927,156
2025-01-22,"cloud nft btc miner , permanent miners good returns Download and earn free BTC with me now! My invitation code:YUYVME Appstore: Google play:","cloud nft btc miner , permanent miners good returns",btc,1,0,AcanthisittaProper72,140,23
2025-01-22,"What crypto is about... (on the back of Ross's recent release) As rBitcoin is still censored a lot of newbies hit this sub during events like DPR's release, so I would like to offer the following quote: “Every single transaction that takes place outside the nexus of state control is a victory for those individuals taking part in the transaction,” - Ross Ulbricht This sentence encompasses the real purpose and goal of these protocols. NGU while nice, it is just noise and in itself, won't contribute to your liberation. The real 'NGU event' happens when most of the population actually uses these networks, what we have now, will be considered as a farce in retrospect. Of course if you don't actually implement crypto in your life, it will never happen. First step of mass adoption is using these networks to settle everyday money matters within your family and closest peers. Wider merchant adoption and closed loop economies can only arise from that. I recommend reading the 'hijacking bitcoin' book too as it perfectly tells the history of the bitcoin blockchain and answers why BTC is not viable since 2017 as p2p money. DYOR.",What crypto is about... (on the back of Ross's recent release),btc,6,11,FelcsutiDiszno,1133,193
2025-01-22,staking bitcoin to buy memecoin. I want to stake 0.1btc and put the earnings on meme coins. I have some questions. How safe is this? Can I lose my bitcoin? Is bitcoin the right choice for my plan? Should I use eth or binance coin? Will the commissions hurt much? What exchange do you recommend for this ?,staking bitcoin to buy memecoin.,btc,1,0,vtuber_fan11,304,58
2025-01-23,"Cynthia Lummis Appointed Chair of Key Crypto Committee, Decision Soon on Bitcoin Reserves * Senator Cynthia Lummis has been appointed as the Chair of Senate Banking Subcommittee on Digital Assets. * Lummis has been a key advocate of Strategic Bitcoin Reserves * Her appointment as the chief of the committee signals that a decision on Bitcoin Reserve is imminent. * Donald Trump could also reverse the $6.5 billion Bitcoin sale two days before he was sworn-in. [","Cynthia Lummis Appointed Chair of Key Crypto Committee, Decision Soon on Bitcoin Reserves",BitcoinMarkets,1,0,KingCryptAlgo,462,77
2025-01-23,"Where to learn to trade BTC? Hello, I’ve been buying small amounts of BTC weekly to hold for years now. After the recent run I decided to realise some small profits. Most of it I’m putting into my ISA and the other half I want to try trading BTC. I appreciate this is basically gambling and I will probably loose everything, but it’s not much and I want to FAAFO to learn more about the market in general and have some fun. What is the most honest and reliable place to learn this? Something like a YouTube series or consultant who can teach online. Thanks",Where to learn to trade BTC?,BitcoinMarkets,1,0,just_the_q_tip,556,105
2025-01-23,Only the richest individuals and businesses can hold BTC. Not right. Have you ever heard you can mine bitcoins just in the background by surfing the Net? How — check here,Only the richest individuals and businesses can hold BTC. Not right. Have you ever heard you can mine bitcoins just in the background by surfing the Net? How — check here,btctrading,1,0,babygirl1245698,170,31
2025-01-23,"BITCOIN Takes The Lead In 2025 Cryptocurrency Boom? Is Bitcoin poised to take the lead in the next cryptocurrency boom? With experts predicting a major surge in 2025, many investors are wondering if now is the time to buy Bitcoin. In this video, we'll take a closer look at the factors driving the crypto market and explore the potential for Bitcoin to dominate the space. From institutional investment to global adoption, we'll cover it all. So, is Bitcoin really ready to take the lead? Watch to find out!",BITCOIN Takes The Lead In 2025 Cryptocurrency Boom?,btctrading,1,0,Fickle-Marzipan6509,507,88
2025-01-23,"$30k on btc I have currently 30k sitting around, should i dca btc or just put everything in.",$30k on btc,btc,1,0,Heavy_Elk_7679,92,18
2025-01-23,"Sent BTC from GateHub to Coinbase 12h ago - where are they? Hey guys, I sent about .01 BTC from my gatehub wallet to my Coinbase wallet. More than 12hrs passed since then, nothing happened. What can I do? Thanks",Sent BTC from GateHub to Coinbase 12h ago - where are they?,btc,1,0,Appropriate_City_389,211,40
2025-01-23,Coinbase CEO Believes Trump Will Create Bitcoin Reserve Despite Criticism,Coinbase CEO Believes Trump Will Create Bitcoin Reserve Despite Criticism,btc,1,0,crypto_news_source23,73,10
2025-01-23,BlackRock CEO Reveals Sovereign Wealth Fund Bitcoin Talks—Predicts $14 Trillion As Dollar Collapse Fears Boost Price,BlackRock CEO Reveals Sovereign Wealth Fund Bitcoin Talks—Predicts $14 Trillion As Dollar Collapse Fears Boost Price,btc,1,1,Constant_Falcon_2175,116,16
2025-01-23,Would your trade btc for xrp? If you have a .08 of btc would you trade it all in for xrp?,Would your trade btc for xrp?,btc,1,0,Over_Studio9799,89,21
2025-01-23,Bitcoin miner If I buy a Bitcoin miner is all I have to is turn on and connect to internet?,Bitcoin miner,btc,1,0,Raineyst24,91,20
2025-01-23,"Request to mods: Please allow image comments on Many subreddits don't allow it, because allowing images in within comments on posts is a somewhat new feature on reddit. By default it is left off. But I would find it useful to for example, share a screenshot of something than have to explain it in text. As they say ""a picture is worth a thousand words."" Mods, if you decide to allow image comments: If you go to the ""Post and comments"" section of Mod Tools [ and click ""media in comments"" you can enable images in the comment section. I appreciate the work you guys do, and for keeping a free speech haven. Thank You.",Request to r/BTC mods:  Please allow image comments on r/BTC,btc,1,0,zrad603,618,115
2025-01-23,Bitcoin strategic reserve Incoming,Bitcoin strategic reserve Incoming,btc,25,28,Glasspekka,34,4
2025-01-24,"Intraday I aspire to become a successful day trader and currently analyze Bitcoin charts daily. I apply technical analysis using support/resistance levels and the RSI indicator. Additionally, I check liquidity data on Coinglass. However, I’m struggling to develop a solid intraday trading strategy. Any tips or guidance would be greatly appreciated!",Intraday,btctrading,1,0,Little_Ad_7535,349,51
2025-01-24,"Will bitcoin be completely irrelevant when quantum computers can easily crack elliptical encryption? I work in IT, and we are already quantum-proofing hardware and firmware. Most people estimate that RSA and Elliptical Curve will be cracked wide open in 2030-2035. Does this mean bitcoin will be completely compromised in this timeframe? If so, are you guys looking at quantum-secure coins? Which ones look good?",Will bitcoin be completely irrelevant when quantum computers can easily crack elliptical encryption?,btc,1,0,ShadowK2,412,64
2025-01-24,"Question about moving my sats. I used to use a Ledger back in the day. 24 word seed phrase. I moved it to Bitcoin Core. Currently ver 28.0 I know Core doesn't use seed phrases. My question is, if someone knew my seed phrase from the Ledger, can they get to my sats? Thank you in advance.",Question about moving my sats.,btc,1,0,Ramswillwin,287,57
2025-01-24,WARNING! Is A Bitcoin ($BTC) Dump Coming??? Technical Analysis &amp; Price Predictions To Buy The Dip!!! #btc #bitcoin $btc WARNING! Is A Bitcoin ($BTC) Dump Coming??? Technical Analysis &amp; Price Predictions To Buy The Dip!!! [ \#btc #bitcoin $btc,WARNING! Is A Bitcoin ($BTC) Dump Coming??? Technical Analysis &amp; Price Predictions To Buy The Dip!!! https://youtu.be/zrSfDozq1hM #btc #bitcoin $btc,btctrading,1,0,GoldContribution7047,250,39
2025-01-24,Blown away by the number and variety of business accepting bitcoin in Argentina.,Blown away by the number and variety of business accepting bitcoin in Argentina.,btc,76,44,susonotabi,80,13
2025-01-24,"Trump creates crypto group, but no bitcoin stockpile order","Trump creates crypto group, but no bitcoin stockpile order",btc,1,0,lalaci,58,9
2025-01-24,"Is BTC the Future or Not? Why does everyone with even the slightest understanding of economics dislike it? Let’s imagine a scenario where we all use Bitcoin, and the total supply of BTC is fixed, similar to the gold standard system. This means the amount of money in the economy cannot adjust to changes in population, production, or demand. Savings and reduced circulation of BTC: Suppose you earn a salary and spend 70% of it while saving the remaining 30%. Considering a large number of people (say X billion) behaving similarly, less and less BTC remains in circulation because people save it, expecting its value to grow in the future. Deflation and price drops: As the amount of BTC in circulation decreases, deflation occurs – prices in the economy fall because the same amount of BTC has to be distributed across more goods and services. For example, a merchant who buys 10 eggs for 1 BTC in January would have to sell them for 0.5 BTC in July because the value of BTC has increased. Reduced spending and economic stagnation: Deflation encourages people to delay spending, as they expect to be able to buy more for the same money in the future. This reduces demand for goods and services, leading to decreased revenue for merchants and producers. Economic cooling and recession: When spending decreases, business activity slows down, and the economy enters a deflationary spiral. Companies cut costs (including layoffs), which further reduces spending and deepens the recession. The main problem with BTC's fixed supply is its inability to adapt to economic changes. In traditional economies, central banks can increase the money supply to stimulate spending or reduce recessionary pressures. Bitcoin, due to its fixed supply, cannot offer this flexibility. It’s not that complicated; you just need to understand how macroeconomics works from beginning to end, think critically, and use your brain – think!",Is BTC the Future or Not?,btc,1,0,RadomirSpankovic,1914,314
2025-01-24,"""Anonymous"" identification for the internet age - a question for the crypto community I was just reading a [reddit dicussion]( about age verification online and got to thinking about BCH/ETH and other smart contract platforms and tying in with Monero/Zcash style ZKPs (all of which, [it seems]( will be coming to a cashtoken near you ... ""soon"" I hope). Would it be possible to create a digital token for a person which could then be used as an ID everywhere BUT, in a provably anonymous way. i.e. the website or 3rd party service verifying the specific details about you would obtain no information - instead they would only obtain a ZKP response to the specific question they asked - for example, ""is the user &gt;18yo?"" Such a token could be issued at birth and could be expanded to include much more than just a person's age (e.g. genetic data, health, financial, lifestyle...). But ALL the data would be provably securely encrypted and inaccessible even to the service provider asking questions about the data. Inaccessible even to the token issuer (presumably the govt).","""Anonymous"" identification for the internet age - a question for the crypto community",btc,2,13,fergalius,1076,182
2025-01-24,"Bitcoin Technical Analysis for January 24 , 2025 - BTC","Bitcoin Technical Analysis for January 24 , 2025 - BTC",btc,1,0,Far_Ad379,54,10
2025-01-24,"SEC Revokes SAB 121, Paving Way for Banks to Offer Crypto and Bitcoin Services","SEC Revokes SAB 121, Paving Way for Banks to Offer Crypto and Bitcoin Services",btc,1,0,crypto_news_source23,78,14
2025-01-25,"Whats the future looking like for crypto? I dont really understand what crypto is but if its looking strong id like to learn more, ive got about 15 $ in bitcoin, just wondering if its worth getting in to. heard of a LOT of people losing money.",Whats the future looking like for crypto?,Bitcoin,1,0,MatthewNugent05,243,47
2025-01-25,had an account with bitcoins back in the days can anyone find this site for me,had an account with bitcoins back in the days can anyone find this site for me,Bitcoin,1,0,Full-Cardiologist751,78,16
2025-01-25,"What do you think are the biggest reasons for not understanding Bitcoin? I was reading through Reddit and found a post on ValueInvesting talking about how Warren Buffet doesn't like Bitcoin. It's interesting to see the arguments. Stuff like: &gt;It has no intrinsic value and produces no revenue. It doesn’t even have a use as a commodity, like silver or gold. So it’s more of a collectors item than an actual investment. A lot of people don't find value in Bitcoin. They don't look at it, don't study it, and then don't understand it. It leads me to the idea that it's all about financial intelligence AND a need to know basis. If you probably have looked at the macroeconomics, you have surely concluded that things are not going well and fiat is the outmost problem. I believe people that understand macroeconomics are the ones that understand that fiat is the problem or vice-versa.",What do you think are the biggest reasons for not understanding Bitcoin?,Bitcoin,1,0,Friendly_Airline2619,886,154
2025-01-25,Amazon’s new sci-fi show ‘Pantheon’ mentions Bitcoin,Amazon’s new sci-fi show ‘Pantheon’ mentions Bitcoin,Bitcoin,1,0,BitCypher84,52,7
2025-01-25,SEC Revokes SAB 121 | Banks Can Now Custody Bitcoin,SEC Revokes SAB 121 | Banks Can Now Custody Bitcoin,Bitcoin,1,0,No-Comparison-9307,51,10
2025-01-25,Epic new Bitcoin ad. They keep getting better . Uhh who’s gonna tell them…,Epic new Bitcoin ad. They keep getting better 🙌. Uhh who’s gonna tell them…,btc,1,0,Bagmasterflash,74,14
2025-01-25,"Would you play a game where you can stake BTC on yourself before a match, and earn based on your performance?","Would you play a game where you can stake BTC on yourself before a match, and earn based on your performance?",btc,1,0,BodybuilderOk96,109,21
2025-01-25,Help me Understand (honest to God) Why are people saying that the Don is entering the BTC market is a good thing when he pulled the rug out from under the people who basically funded it? How does a con benefit BTC when it is clearly not long term like BTC? I really want to understand.,Help me Understand (honest to God),btc,1,0,G0G0Gadget00,285,56
2025-01-25,"SAB 121, SAB 122 and Bank Custody. Short term market reaction is moot but don’t be fooled. The SEC recently removed SAB 121 and introduced SAB 122, marking a monumental shift in how banks can interact with Bitcoin and digital assets. Previously, banks faced regulatory barriers that prevented them from custodying Bitcoin, limiting their ability to participate in the digital asset market. With this change, banks can now legally offer custody services for Bitcoin, opening a brand-new revenue stream for financial institutions. This development is significant, and here’s why. Banks make money by charging fees for services, and Bitcoin custody is no different. Custodying digital assets involves safeguarding them in secure, institutional-grade wallets. Banks can generate revenue through custody fees by charging clients a percentage of their Bitcoin holdings or a flat fee for secure storage. Institutional investors, family offices, and high-net-worth individuals willing to pay for secure custody will likely be early adopters. Additionally, banks can earn transaction fees from buying and selling Bitcoin on behalf of clients. They may also create Bitcoin-backed lending products, allowing clients to borrow fiat or other assets against their Bitcoin holdings while collecting interest on these loans. Partnerships enabling staking or yield generation could provide another revenue stream, with banks taking a margin while offering clients a share of the yield. Finally, banks could bundle Bitcoin custody with advisory services like portfolio management or tax optimization, charging additional fees. It’s critical to emphasize that this regulatory shift is a point-in-time event. Just a few days ago, banks legally couldn’t custody Bitcoin. Today, they can not only custody it but also potentially integrate it into their balance sheets, depending on how SAB 122 evolves. This means that while some banks may have been planning for this possibility, they’ve only just gotten the green light to act. Historically, we know banks love money. If there’s a new revenue stream, banks will race to capitalize on it. While a few might have contingency plans ready to go, the majority will need time to develop, announce, and roll out these services. So, even though the shift has started, most of the upside likely isn’t priced into the market yet. Over the coming weeks and months, we should expect banks to announce plans for Bitcoin custody services. This will likely begin with large, forward-thinking institutions, followed by smaller regional banks eager to compete. It’s reasonable to anticipate collaborations with existing crypto custody platforms and blockchain technology providers as banks ramp up. As banks begin building custody divisions, we could see Bitcoin’s adoption curve steepen. Institutional investors who were hesitant to use third-party crypto firms now have a secure and regulated option through banks they already trust. This regulatory shift is a game-changer, and it’s happening at an inflection point. Banks now have the opportunity to tap into the $1 trillion Bitcoin market in ways they couldn’t before. While some of this news might be baked into the current sentiment, the real adoption and rollout are only just beginning. As more banks announce custody services and related products, the long-term implications for Bitcoin adoption—and the financial system as a whole—could be profound.","SAB 121, SAB 122 and Bank Custody. Short term market reaction is moot but don’t be fooled.",btc,1,0,EZ_PZ_LM_SQ_ZE,3423,523
2025-01-25,"This is going to have a price effect, btc could go up a lot due to this post.","This is going to have a price effect, btc could go up a lot due to this post.",btc,1,0,Illustrious_Lead_396,77,18
2025-01-25,Bitcoin,Bitcoin,btc,1,0,Brilliant-Thanks5930,7,1
2025-01-25,"Read this if you don't want to get banned - Trumpcoin &amp; off-topic political commentary is not allowed here I'm sure that you've noticed that we've been locking politically related threads in here lately and I'm going to explain why. We've been locking these threads because many of the commenters can't manage to stay on-topic when posting in threads that have anything to do with current politics. Many of the comments in these threads used to be insults, arguing about politics, and off-topic political commentary, and not about Bitcoin. But now after Trump's meme coin was recently released, more of the comments in these threads end up being about his shitcoin. It's typical for half of the comments in Trump related threads to either be about his shitcoin or about politics now, and not about bitcoin. This is why we've been locking these threads lately. This is the Bitcoin subreddit. This is not the Trumpcoin sub. So stop commenting about Trump related shitcoins in r\/Bitcoin. Everybody in this sub is aware of Trump's shitcoin. You don't need to keep posting about it. If you want to post comments about Trump's shitcoin, then head over to r\/OfficialTrumpCoin and stop spamming about it in r\/Bitcoin. Anybody that posts about Trump related shitcoins in r\/Bitcoin will be banned from r\/Bitcoin for 1 week. This is not a politics subreddit. Stop posting off-topic political commentary in r\/Bitcoin. There are countless political subreddits where you can post about politics unrelated to Bitcoin. This is not one of them. Anybody that posts political comments that are not about Bitcoin in r\/Bitcoin will be banned from r\/Bitcoin for 1 week. Subsequent rule violators will be banned for longer than 1 week if we notice that you're a repeat offender. Let's try to keep r\/Bitcoin about Bitcoin, and not about Trumpcoin or off-topic politics. Thank you.",Read this if you don't want to get banned - Trumpcoin &amp; off-topic political commentary is not allowed here,Bitcoin,1,0,longonbtc,1869,308
2025-01-25,"Weird, into Bitcoin for years and finally just thought of a baseball card kind of Bitcoin collectible. Figured somebody had to have started this... And no I'm not advertising for sales. Four screenshots posted.","Weird, into Bitcoin for years and finally just thought of a baseball card kind of Bitcoin collectible.",Bitcoin,1,0,Secure-Rich3501,210,34
2025-01-25,I had an account with bitcoins back in the days can anyone find this site for me It would be a big help if any of you guys can find this Site and tell me also if its real!!!,I had an account with bitcoins back in the days can anyone find this site for me,Bitcoin,1,0,Full-Cardiologist751,173,39
2025-01-25,Epic new Bitcoin ad. They keep getting better,Epic new Bitcoin ad. They keep getting better 🙌,Bitcoin,1,0,BitCypher84,45,8
2025-01-25,"Plug and play node hardware Hey ! I'm Interested in running a full node, and after reading more into using a rasberry pi 4 i've mostly lost interest in that pursuit. What do you guys think of something like this as a plug and play solution?: Thanks in advance!",Plug and play node hardware,Bitcoin,1,0,johneillil,260,49
2025-01-25,Bitcoin and Capital,Bitcoin and Capital,Bitcoin,1,0,Soft-Necessary-9237,19,3
2025-01-25,Fun ways to get my 10 year old nephew into bitcoin? I want to do something fun for his birthday other than just buying him bitcoin. I saw way back in the day a father got his son an actual node (when BTC was around $400). Is there something similar I can do?,Fun ways to get my 10 year old nephew into bitcoin?,Bitcoin,1,0,Kpop2258,258,53
2025-01-25,"Jack Dorsey: Strategic Bitcoin Reserve is good for the nation state. I don't know if it's necessarily good for Bitcoin. If Bitcoin ends up being just digital gold, then it's failed. If it ends up being a currency people can use on a daily basis, then it's succeeded","Jack Dorsey: Strategic Bitcoin Reserve is good for the nation state. I don't know if it's necessarily good for Bitcoin. If Bitcoin ends up being just digital gold, then it's failed. If it ends up being a currency people can use on a daily basis, then it's succeeded",Bitcoin,1,0,HealthyMolasses8199,265,48
2025-01-25,"Bitcoin 2010- 4 Guests, 1 User","Bitcoin 2010- 4 Guests, 1 User",Bitcoin,1,0,CobraBTC,30,6
2025-01-25,"Transferring BTC to cash app on Web 3.0 stuck on Applying Hey guys, I wanted to remove a bit of that back to cash app. It’s been about 12 hours since and it was only a little bit of money but still wondering how long it usually take I’ve gotten Mix of answers. Any input would be great thanks guys! I’ve been told and seen that it usually takes no more than a couple hours.",Transferring BTC to cash app on Web 3.0 stuck on Applying,btc,1,0,TopReason121,373,75
2025-01-25,Looking for some advice. I have been blessed with my wife’s parents allowing us to stay with them for awhile so we can save up. I was doing some researching and was curious if bitcoin would be a better investment then a house. I’m in Az so to get a good home here your looking at 450-500k easy. I wouldn’t mind renting until the bitcoin investment pays off and sell a little and get a home with that. Curious if this is a good path to take or where I can learn more about it thank you for any advice.,Looking for some advice.,Bitcoin,1,0,EuphoricCheesecake82,500,100
2025-01-25,Is there a custodial bitcoin platform that can distribute bitcoin to my family once I’m gone? I’m looking for a place who would custodian bitcoin for people much like a trust fund that can be trusted no pun intended. Ideally it would be decentralized. Does something like that exist?,Is there a custodial bitcoin platform that can distribute bitcoin to my family once I’m gone?,Bitcoin,1,0,EconomistSuper9503,283,49
2025-01-25,"I sold....stock. Investing at all time Highs - Profits I decided to sell a good portion of my stocks and move it into BTC. At the same time, I realized I mostly bought BTC during the hype. Last two cycles I bought at the peak. I JUST started DCA'ing into BTC on a regular basis (thanks River). Even buying at all time highs, I've doubled my investments. What takes the stock market 7 years to do, BTC did in 2 (with me buying at all time highs). I pray, in the next 4 days BTC crashes HARD so I can buy it lower but if not....another all time high that'll eventually 10x.",I sold....stock. Investing at all time Highs - Profits,Bitcoin,1,0,Traditional_Bug1626,571,112
2025-01-25,"Use profit without paying tax I have a small amount of Btc and other crypto, I’m getting on a bit ( sixties). Is there a way to pay for let’s say a 2 week foreign vacation using some of the profit from my crypto without paying any taxes. Or buy products ie computer, phone, tv that sort of thing for family members. I not selling all but just want enough to enjoy it and not let the government have any of it, I have paid enough in taxes my whole working life I don’t see why I can’t enjoy something that I had the foresight to look into.",Use profit without paying tax,Bitcoin,1,0,Comfortable-Shop7421,538,108
2025-01-25,How can I buy? How can I buy bitcoin without doing kyc and in Europe Thanks the minimum I'll need at least 5 euro,How can I buy?,Bitcoin,1,0,vincenzosco6645,113,24
2025-01-25,I don't sell my Bitcoin because I don't sell my freedom I buy Bitcoin Because I value freedom. Bitcoin = Freedom + more,I don't sell my Bitcoin because I don't sell my freedom,Bitcoin,1,0,realbacktofuture,119,23
2025-01-25,Sign up now to claim a BTC welcome gift worth 6200 USDT!,Sign up now to claim a BTC welcome gift worth 6200 USDT!,Bitcoin,1,0,Weak-Ad-6240,56,12
2025-01-25,"How come every existing Bitcoin hasn‘t been sold yet? I know that every Bitcoin hasn't been mined yet, but regarding the ones on the market right now: Why havent all big institutions and companies (Tesla, MicroStrategy, potentially US-Government, etc) haven't purchased all Bitcoins yet if they believe so much in as they do, especially when the supply is limited? Why is it possible to still buy Bitcoin (even if's just a fraction)?",How come every existing Bitcoin hasn‘t been sold yet?,Bitcoin,1,0,Dancecube,433,72
2025-01-25,"Shitpost Saturday: In response to American Imperialist Aggression, The Govt Of Canada Should Print CAD and Buy ONLY Bitcoin For a Strategic Reserve - A Speculative Attack Against the USD. Furthermore, All Exported Energy Resources to America Can Stay At Home to Mine Bitcoin.","Shitpost Saturday: In response to American Imperialist Aggression, The Govt Of Canada Should Print CAD and Buy ONLY Bitcoin For a Strategic Reserve - A Speculative Attack Against the USD. Furthermore, All Exported Energy Resources to America Can Stay At Home to Mine Bitcoin.",Bitcoin,1,0,Fiach_Dubh,275,44
2025-01-25,bitcoin mine have any bitcoin mines ever collapsed and stranded on lucky miners¿,bitcoin mine,Bitcoin,1,0,watravis22,80,13
2025-01-25,"Sold all my BTC Just wanted to share my BTC journey and my reasons for pausing Back in July I bought 2800$ in bitcoin that was being put aside for tax time. My reasoning for that was to hedge $CAD inflation and maybe make a little extra. Since then its been sitting with 100$ thrown in here and there and today I make the regrettable but responsible decision to sell at 80% profit totalling 6500$. I hate selling as I know BTC is only going up in price but I will be able to pay the remaining 3200$ I owe on a 27% APR car loan. No more stress about a 200$ bi weekly car payment means I can allocate the 200$ into buying more bitcoin and with time my BTC reserve will sit above 6000$+, hedge CAD$ devaluation with no pressure to sell it. Thank you for reading. Taking profit is good and all but It cannot be enjoyed if I owe that amount with a 27% interest rate. Bonus is my credit score will be looking snazzy!",Sold all my BTC,Bitcoin,1,0,Fresh_Chedd4r,910,179
2025-01-25,"Grant Cardone getting creative with Bitcoin! “I opened up a new fund that combines the stability of real estate with the explosive potential of Bitcoin. This is the first fund of its kind—no debt, positive cash flow, and the opportunity for everyday investors to build wealth like never before. By reinvesting real estate cash flow into Bitcoin, we’re creating a model that balances risk and maximizes returns. This is the future of investing, and I’m inviting you to be part of it. Let’s make history together!”",Grant Cardone getting creative with Bitcoin!,Bitcoin,0,2,Similar-Alps-2581,512,86
2025-01-25,"Nearsightedness Why are so many people so nearsighted when it comes to owning Bitcoin? I know we’re still early and much more adoption will inevitably happen but the inability of investors to see things far away is really going to, ultimately, damage a lot of people’s long term portfolios. Sad…",Nearsightedness,Bitcoin,1,0,Covetoast,295,50
2025-01-25,"In-Kind Redemptions for BlackRock IBIT Does this mean those with IBIT shares get to ""sell"" IBIT for BTC? How would this work on non-defi exchanges like Schwab and Fidelity? How would rules apply to retirement vs. non retirement accounts. [",In-Kind Redemptions for BlackRock IBIT,Bitcoin,1,0,Mental-Sock-1551,239,40
2025-01-25,"BTC investment Hello everyone, I would like to invest in BTC every month. I hear about hot and cold wallets, I also see several crypto platforms. I registered on Coinbase and so far I have not made any investments. I try to find out as much as possible. My goal is to invest every month without withdrawing for several years. Do you have any advice for me for this?",BTC investment,Bitcoin,1,0,KernelBacktoBack,365,69
2025-01-25,It is ripple trying to undermine the bitcoin reserve? I have no evidence other than what is suggested by Jack. One might assume they are because why wouldn’t they?,It is ripple trying to undermine the bitcoin reserve?,Bitcoin,1,0,NeoDynomite,163,29
2025-01-25,"How much bitcoin can you purchase on kraken in one time Hi everyone. So I want to buy bitcoin on kraken and I was wondering how much I can purchase in one time? I want to buy like 30k worth of bitcoin and would like to do it in one purchase and not in separate ones. I understand there’s weekly limit of some sort? I couldn’t really find information online… Anyway, thanks",How much bitcoin can you purchase on kraken in one time,Bitcoin,1,0,Feeling_Power_1699,372,72
2025-01-25,Why do you buy BTC? What's your motivation?,Why do you buy BTC? What's your motivation?,Bitcoin,1,0,Past_Coconut_4473,43,8
2025-01-25,"Potential 30% capital gains tax coming to BTC in the US, since it's not ""US-based""?","Potential 30% capital gains tax coming to BTC in the US, since it's not ""US-based""?",Bitcoin,1,0,whatdoidowithmycoins,83,15
2025-01-25,"Which website is legitimate Bitcoin options provider? I am looking for consolidated options data from various websites. My question is, is mysoftdeals.com a legitimate Bitcoin options provider?",Which website is legitimate Bitcoin options provider?,Bitcoin,1,0,Hot_Celebration390,193,27
2025-01-25,I asked deepseek if btc is a psyop like the gold bugs are saying,I asked deepseek if btc is a psyop like the gold bugs are saying,Bitcoin,1,0,Lenininy,64,14
2025-01-25,"OK so this is a buddy of mine. He's a small time Bitcoiner. My buddy has a couple of these ""Miners"" on his phone. I thought it was stupid and pointless as it would take years and years to accumulate anything significant. Yesterday however he posed an interesting theory. His idea is if he could get his hands on say 200 burner phones (ik its unlikly) that he could actually make a lot of Bitcoin. Has anyone else ever had this thought?",OK so this is a buddy of mine. He's a small time Bitcoiner.,Bitcoin,1,0,Active-Confusionn,435,82
2025-01-25,"Suddenly, the CEO of UBS (Switzerland's largest bank) speaks positively about Bitcoin after being skeptic about it for a long time...","Suddenly, the CEO of UBS (Switzerland's largest bank) speaks positively about Bitcoin after being skeptic about it for a long time...",Bitcoin,1,0,Perfspots,133,21
2025-01-25,"Should I invest £3,000? I've never purchased bitcoin before, but I was thinking of investing £3,000 in bitcoin and maybe getting around 30% return in 12 months. Is that a good idea?","Should I invest £3,000?",Bitcoin,1,1,QuoteNation,181,32
2025-01-25,"I found my wallet from 2013 Hi guys, I was cleaning up my bedroom for moving and found old laptop and drive from 2013. This was a wallet I remembered I had that has about 3,500 bitcoins inside. I cannot remember the passcode. What are ways I can enter into it, is there anyone who has hacked into a wallet and gotten there coins? Im even willing to split the profits if anyone knows.",I found my wallet from 2013,Bitcoin,1,0,Ok-Conversation-395,383,74
2025-01-27,"Bitcoin to big to fail? Bitcoin will not die—it’s simply too big to fail. As the largest and most established cryptocurrency, Bitcoin has become a vital asset for individuals, institutions, and even governments. Major corporations are starting to hold Bitcoin as a reserve asset, recognizing its value as a hedge against inflation and its potential as digital gold. Crypto adoption is accelerating globally, with America even discussing creating a “crypto hub city.” This signals a shift in the mainstream view of cryptocurrencies as a cornerstone of future financial systems. Countries that fail to adapt to the growing crypto market risk falling behind economically, as massive capital is poised to flow into the space over the coming years. Bitcoin’s growing integration into the financial world ensures its long-term survival and relevance. What are you’re thoughts",Bitcoin to big to fail?,btc,0,11,DuckFalse2591,869,134
2025-01-27,"If Bitcoin had full 8mb blocks since the start in 2009, the blockchain today would only be 6.72 Terabytes.... Which can fit on a $160 Hard drive","If Bitcoin had full 8mb blocks since the start in 2009, the blockchain today would only be 6.72 Terabytes.... Which can fit on a $160 Hard drive",btc,1,0,FlyingScotzman,144,27
2025-01-28,Bitcoin's Social Layer w/ Matteo Pellegrini of Orange Pill App,Bitcoin's Social Layer w/ Matteo Pellegrini of Orange Pill App,btc,1,0,Themuzzman,62,10
2025-01-28,"Looking for some advice - sell vs collateralized loan? Alright I'm looking for some advice here on risk management/strategy. I figured this sub is best to ask. I hold some bitcoin and have for like 10 years. Never sold a thing, had a conviction then, and still have it now. I expect price will still at least double this year. Problem is right now I need some money, and let's say I need 100k for simplicity. I could sell 1btc, take the profit quick and simple, but then potentially lose out on \~100k in future gains. Or, I could put 2btc up for collateral, pay 12k interest, and get 100k loan. If price doubles, I would be saving 88k in this scenario. But obviously there is the counterparty risk of losing 2btc. There's also some risk of liquidation if things go south. I do plan to sell/trade/diversify my stack this year anyhow. So the cap gains isn't a huge consideration. What would you do? Take the easy/simple profit and move on with life, or let it ride and find/manage a btc backed loan, and try to maximize gains at all costs? I'm not risk averse, it's how I got here in the first place. But I want to make the smartest decision.",Looking for some advice - sell vs collateralized loan?,BitcoinMarkets,5,4,TrapperMcNutt,1141,212
2025-01-28,Bitcoin's Potential Crash to $50K in 2026: Unveiling Halving Cycle Insights,Bitcoin's Potential Crash to $50K in 2026: Unveiling Halving Cycle Insights,btc,1,0,voyagerdx,75,11
2025-01-28,Bitcoin tumbles amid broader market jitters over Chinese AI app DeepSeek,Bitcoin tumbles amid broader market jitters over Chinese AI app DeepSeek,btc,1,0,lalaci,72,11
2025-01-28,"Electron Cash: The OG Bitcoin Cash Wallet Since 2017! In today's article I dive into Electron Cash features and why I consider a ""complete BCH"" also one that everyone in the space must have and use, enjoy.",Electron Cash: The OG Bitcoin Cash Wallet Since 2017!,btc,2,0,alberdioni8406_,205,37
2025-01-28,"Check Out This Clip from Yesterdays BAM Episode with our Guest Robert Warren Answering the Common Question - ""What is Bitcoin Mining""🤔","Check Out This Clip from Yesterdays BAM Episode with our Guest 
Robert Warren Answering the Common Question -

""What is Bitcoin Mining""🤔",btc,1,0,Adorable_Incident717,134,22
2025-01-29,Where to buy Bitcoin if going to DCA? What is the best way to buy bitcoin if you plan to DCA? How do you then store it. Do you move it to cold wallet weekly?,Where to buy Bitcoin if going to DCA?,btc,1,30,mikael122,157,35
2025-01-29,"How Minisatoshi.cash Helps New Users Explore the Bitcoin Cash Ecosystem In today's article we dive into a website that have a lot to offer in terms of material to educate people about BCH, a site built by a BCH enthusiast, enjoy.",How Minisatoshi.cash Helps New Users Explore the Bitcoin Cash Ecosystem,btc,1,0,alberdioni8406_,229,41
2025-01-29,"What exchanges interact well with multiple currencies? I have yet to find an exchange that also functions like Wise for currency conversion. For being ideal as a global medium of exchange Bitcoin exchanges are still very complicated to use with multiple fiat currencies. For example: I’m in Thailand and need to pay fiat for something like a computer or a car… I can’t pay in BTC so I have to move my BTC to an exchange to sell. BUT I can only sell the currency of my connected bank (USD), so then I have to wait a week and transfer the USD to a service like Wise (kudos to Kraken for allowing this direct transfer, saving me the extra step of going to my US bank and then Wise)… But then in Wise I have to pay conversion fees to switch USD to a separate THB account, and only after that can I transfer the THB to the seller of the item. 4-5 steps involved! Why can’t a BTC exchange combine the service of Wise and cut the process in half as well as the fees. Sell BTC to any fiat I chose and transfer directly to a seller from there. I tried Strike, Crypto App, Revolut, Gemini, Uphold and Moon Pay, which ALL claim to offer a few currencies but NONE of them were successful to sign up and none are close to the global reach of Wise. Are we really still so early? Sigh.",What exchanges interact well with multiple currencies?,btc,1,0,CoolJoeLiam,1270,246
2025-01-29,"Bitcoin Market Outlook for 2025: A Path to $150,000?","Bitcoin Market Outlook for 2025: A Path to $150,000?",btc,1,0,voyagerdx,52,9
2025-01-29,HISTORY: 🟠 Naval explains Bitcoin when it traded at $245,HISTORY: 🟠 Naval explains Bitcoin when it traded at $245 👀,btc,1,0,orphic2,56,10
2025-01-29,Trump Media to invest in Bitcoin and similar cryptocurrencies,Trump Media to invest in Bitcoin and similar cryptocurrencies,btc,1,0,g1ll3es,61,9
2025-01-29,"BTC is NOT the future I wouldn’t invest in Bitcoin, and here’s why: Bitcoin was designed as a peer-to-peer payment system, but it has largely failed in that role due to two key issues: 1. Scalability Problems – Bitcoin's network is too slow to handle a high volume of transactions efficiently. Transactions can take minutes to hours, making it impractical for everyday use. 2. High Transaction Fees – As the network gets congested, transaction fees rise significantly, making microtransactions expensive. Another major concern is ownership and control: * Anonymous Founders – No one knows who controls the largest Bitcoin wallet. If the original creator (Satoshi Nakamoto) were to sell off their holdings, it could cause a massive price crash. This could also be a controlled asset of another country or group of people. * Potential Foreign Control – If a single country were to mine over 51% of the Bitcoin supply, they could effectively censor transactions and manipulate the network. With these risks in mind, I believe the U.S. will favor domestically supported cryptos over Bitcoin. I’d look into ISO 20022-compliant cryptos like XRP, HBAR, and XLM, which are designed for fast, cost-effective, and regulated financial transactions. Would love to hear your thoughts—what’s your take on Bitcoin’s future?",BTC is NOT the future,btc,0,52,Soft-Glass-4737,1308,208
2025-01-29,Hong Kong SFC Issues Crypto Trading Licenses as Bitcoin Trading Grows in the Region,Hong Kong SFC Issues Crypto Trading Licenses as Bitcoin Trading Grows in the Region,btc,0,1,crypto_news_source23,83,14
2025-01-30,"Censorship of BCH... On X BCH seems censored...such a disappointment... Elon knows that BCH is far superior but prefers to support Doge and BTC. In my eyes he betrays the original vision of Satoshi Nakamoto... I really like his whimsical side but I realize that he is not the white knight on all subjects... money makes you blind, they say....",Censorship of BCH...,btc,1,0,BCHisFuture,343,60
2025-01-30,"Buying BTC in Robinhood or Coinbase Folks, is there a disadvantage of buying bitcoin in Robinhood or Coinbase? Is the fee too high on these platforms? On Robinhood, I always see the buy market order at least 600 to 700$ above the trading price. Do you know why that is? Is the zero dollar trading fee a myth in Robinhood?",Buying BTC in Robinhood or Coinbase,btc,1,0,Silent_Basis_8785,321,60
2025-01-30,"Tether Brings USDt to Bitcoin’s Lightning Network, Ushering in a New Era of Unstoppable Technology","Tether Brings USDt to Bitcoin’s Lightning Network, Ushering in a New Era of Unstoppable Technology",btc,1,0,flowthruster,98,15
2025-01-30,European Central Bank President says Bitcoin will not be included in any EU central bank reserves,European Central Bank President says Bitcoin will not be included in any EU central bank reserves,btc,1,0,g1ll3es,97,16
2025-01-30,Bitcoin Rallies as Fed Greenlights Crypto Banking,Bitcoin Rallies as Fed Greenlights Crypto Banking,btc,1,0,420246yiw,49,7
2025-01-30,El Salvador Changes Bitcoin Legal Tender Policy to Comply with IMF Loan Terms,El Salvador Changes Bitcoin Legal Tender Policy to Comply with IMF Loan Terms,btc,1,0,btcxio,77,13
2025-01-30,"FED Avoids New Rate Cuts Allowing Bitcoin to Bounce, Powell Says Banks Can Serve Crypto","FED Avoids New Rate Cuts Allowing Bitcoin to Bounce, Powell Says Banks Can Serve Crypto",btc,1,0,crypto_news_source23,87,15
2025-01-30,"MTgox finished selling their coins for those who selected cash repayment, they received 85.5k per BTC and $430 per BCH. $430 per BCH:","MTgox finished selling their coins for those who selected cash repayment, they received 85.5k per BTC and $430 per BCH.",btc,1,0,upunup,133,23
2025-01-30,Tesla’s Q4 Surprise: Bitcoin Holdings Soar to $600 Million,Tesla’s Q4 Surprise: Bitcoin Holdings Soar to $600 Million,btc,1,0,webbs3,58,9
2025-01-30,Grayscale Introduces Bitcoin Miners ETF for Indirect BTC Investment,Grayscale Introduces Bitcoin Miners ETF for Indirect BTC Investment,btc,1,0,voyagerdx,67,9
2025-01-31,"Crypto Market Analysis – January 31, 2025: Bitcoin’s Next Move, Regulatory Shifts, and Key Technical Insights","Crypto Market Analysis – January 31, 2025: Bitcoin’s Next Move, Regulatory Shifts, and Key Technical Insights",btc,1,0,gogas2,109,16
2025-01-31,Tether Brings USDT to Bitcoin’s Lightning Network,Tether Brings USDT to Bitcoin’s Lightning Network,btc,1,0,webbs3,49,7
2025-01-31,"Bitcoin Price (BTC) Lower After Mexico, Canada, China Tariffs","Bitcoin Price (BTC) Lower After Mexico, Canada, China Tariffs",btc,0,0,lalaci,61,9
2025-02-01,Can Lightning Scale Bitcoin? | The Truth About Layer 2 Solutions – My Talk with Layer 2 Expert Veronika Kütt,Can Lightning Scale Bitcoin? | The Truth About Layer 2 Solutions – My Talk with Layer 2 Expert Veronika Kütt,btc,1,0,road_x,108,20
2025-02-01,What’s holding Bitcoin back on the bull cycle? I keep hearing that there’s a massive jump about to happen if it follows the path of previous bull cycles. There’s been so much good news -15+ states with SBR bills -MSTR convertible bonds/STRK -Czech Republic and other nation state interest -Italy bank buying -Executive Orders from trump -Lummis bill on the table -SAB 121 repeal -Pro Bitcoin appointments by trump -Positive comments on banks adopting BTC services -more buying from Blackrock and other ETFs -Relatively good comments from Jerome Powell on banks role with Bitcoin I’m sure I’m missing more bullish items. The only negative I can think of is the language of crypto and digital assets that gets used and not straight up Bitcoin. Is it cause no new money has hit yet? Countries and states have bills but no inflow of money until they go through. Banks now have more favorable regulations around bitcoin but no big banks have started doing anything yet. Things are happening that definitely weren’t priced in. Some were but some couldn’t have been. Is it just a matter of time?,What’s holding Bitcoin back on the bull cycle?,BitcoinMarkets,1,0,Temporary-Mirror-375,1088,186
2025-02-01,"SWAP BTC for USDT I would like to know if anyone knows a way to sell btc without being asked for KYC. I bought BTC in 2015 I would like to start taking small profits because I will soon become a father, no idea how handle that ( we are talking 7fig +) for now just need it in USDT and decide next move, but since my BTC came from mining and forgot about it, idk where/how can I swap. NO CEX!",SWAP BTC for USDT,btc,1,0,Fabiolaaranda,391,82
2025-02-01,"Old wallet Have found an old wallet address and what I think is a 54 character private key from an old HDD. This is from 2011 when I mined bitcoin for a short while. Because it was so long ago, I can't remember where I created the wallet or what type it is. Is it possible at all to retrieve the bitcoin? I've tried mycelium and the wallet address shows my wallet, but when I try adding what I think is the private key it says ""Unrecognized format"". My knowledge of using bitcoin is practically non existent so any help would be appreciated. Thank you",Old wallet,btc,1,0,ObscureNemesis,551,105
2025-02-01,Advice Only on your second cycle do you realise (I feel like you have to go through the pain - the first cycle top or this ‘cycle’) that being a BTC maxi is just simply the best option.,Advice,btc,1,0,Flat-Atmosphere-4303,185,38
2025-02-01,Brandon Black explains some of the issues with rich logic enabling MEV (Maximal Extractable Value) on Bitcoin Cash,Brandon Black explains some of the issues with rich logic enabling MEV (Maximal Extractable Value) on Bitcoin Cash,btc,1,0,sandakersmann,114,18
2025-02-01,What are the best BTC self custodial wallet and safe DEFI/staking option? Want to take my BTC off exchange. Thanks for any advice,What are the best BTC self custodial wallet and safe DEFI/staking option?,btc,1,0,crypto123future,129,23
2025-02-01,"Bitcoin sub moderators are legitimately trash What a bunch of fedora collecting, blade studying, incel, turd goblers. That is all.",Bitcoin sub moderators are legitimately trash,btc,1,0,midmasa,130,20
2025-02-01,"Meet Jeremy: The Man Behind 4 Years of the Bitcoin Cash Podcast One of the best resources we have in BCH and surely deserve appreciation is the ""BitcoinCash Podcast"" and in todays article I highlight Jeremy the founder. I hope you enjoy and support my writings guys.",Meet Jeremy: The Man Behind 4 Years of the Bitcoin Cash Podcast,btc,1,0,alberdioni8406_,266,47
2025-02-01,"French news declares: ""#Bitcoin has become a safe haven, just like gold."" (watch with subtitles)","🇫🇷 French news declares: ""#Bitcoin has become a safe haven, just like gold."" 🙌
(watch with subtitles)",btc,1,0,orphic2,96,15
2025-02-01,12 Year Old Explains BTC 13 Years Ago,12 Year Old Explains BTC 13 Years Ago,btc,1,0,Historical_Use6152,37,8
2025-02-01,I was in at 18 cents plz cashapp me so I don't feel like dying everything I check btc Cashapp $frogmandan,I was in at 18 cents plz cashapp me so I don't feel like dying everything I check btc,btc,1,0,hedonictonic1923,105,21
2025-02-01,GP Spaces 41 Recap: BCH/BTC Approach to Network Upgrades,GP Spaces 41 Recap: BCH/BTC Approach to Network Upgrades,btc,1,0,GeneralProtocols,56,9
2025-02-02,Sold my avax for BTC today!!!,Sold my avax for BTC today!!!,btc,1,0,guardian_of_the_wave,29,6
2025-02-02,"How do i buy and hold bitcoin Hello guys, total beginner here. I am thinking of diversifying my investment portfolio with about 5-10% of it in bitcoin (about 150euro). I am from Europe and i am looking for the best platform to buy bitcoin with lowest fees. Will be happy to hear what you are using and why. + any information on how to hold it in a wallet or something will be greatly appreciated.",How do i buy and hold bitcoin,btc,1,0,Lost-Cryptographer31,396,75
2025-02-02,BTC 2010 -,BTC r/economics 2010 - https://www.reddit.com/r/Economics/comments/hdqi8/bitcoin_is_a_ludicrously_bad_idea_it_is_a_scam_a/,btc,1,0,Longjumping-Path2076,10,3
2025-02-02,Bitcoin vs shitcoins I’m going to sleep good tonight with my BTC lol should share this as much as possible. Just goes to show that there’s only one true KING,Bitcoin vs shitcoins I’m going to sleep good tonight with my BTC,Bitcoin,1,0,Soggy-Welder2265,157,30
2025-02-02,"Bitcoin booms after crisis, according to BlackRock","Bitcoin booms after crisis, according to BlackRock",Bitcoin,1,0,kingofsats,50,7
2025-02-02,What Would The World Be Like With No Inflation? A Conversation with Bitcoine Bitcoin Shooter,What Would The World Be Like With No Inflation? A Conversation with Bitcoiner/Documentarian Bitcoin Shooter,Bitcoin,1,0,BENshakalaka,92,15
2025-02-02,Btc,Btc,Bitcoin,1,0,Ok_Doughnut_125,3,1
2025-02-02,"BTC and Tariffs Isn't cryptocurrency-based value storage ironically a great way to avoid dealing with national tariffs or geopolitical climate? At least for the average Earthling (of any nationality)? Countries (i.e., their governments) trade gold, precious metals, consumer goods, etc., which can all be subjected to tariffs and other forms of free trade manipulation for whatever reason. But as far as I know, they don't trade cryptocurrencies directly with each other: at least not yet. A counterargument many people use against Bitcoin is that it has no ""real-world applications""; shouldn't this also shield its value from ""real-world"" import/export agreements, quotas, and economic sector compartmentalization? discuss below",BTC and Tariffs,Bitcoin,1,0,zStormraiderz,729,106
2025-02-02,Exchanges should offer this The ability to pay a network fee to move your bitcoin that is sitting on an exchange into an isolated address so that you have visibility on it. Kind of like a partial proof of reserve.,Exchanges should offer this,Bitcoin,1,0,Imaginary_Fault3763,213,40
2025-02-02,"Best way to buy bitcoin in Europe (EU)? I want to be able to buy bitcoin either direct to my cold wallet (Trezor) or transfer it cheaply. So far, I have been buying via bank transfer on BTC Direct, but the payment takes so long to go through, the price can change a lot from when I place the order. My bank doesn't even do transfers on weekends because apparently we still live in the Stone Age. Card payments come with high fees and I don't want to sign up to any DCA offers because I have an irregular income. I tried Relai but it didn't accept any of my IDs and the app kept crashing, so that's out too. Would love to know your cheapest and fastest recommendations!",Best way to buy bitcoin in Europe (EU)?,Bitcoin,1,0,tw231116,668,129
2025-02-02,"hacking hash in bitcoin A few weeks ago I had a question regarding the Bitcoin blockchain specifically What would happen if, for example, I have node 102 and it generates its correct hash and distributes it within the network for validation, but node 153, upon receiving that hash to validate it, distributes that hash as if it were its own Is Bitcoin protected against this kind of thing? Why don't you identify in the block which wallet or node generates that block?",hacking hash in bitcoin,Bitcoin,1,0,ney-ven,468,82
2025-02-02,"Should I spend half my wage on BTC I’m only 18, I live with parents so I don’t have financial problems. I work at a decent job for around £2000 a month. I have a bit in savings just in case i suddenly need money, but is it worth buying £1000 worth of BTC now, or should i wait till its at like a 80k dip and buy then? Losing the money wouldn’t affect me coz most of it goes to savings anyway.",Should I spend half my wage on BTC,Bitcoin,1,0,Maz54official,392,83
2025-02-02,Tariffs and BTC How do you think tariffs will affect BTC this time around?,Tariffs and BTC,Bitcoin,1,0,xcrazyczx,74,14
2025-02-02,"Bitcoin Poor Hello, Do people have a way to make money with their bitcoin? I see some people live rich lives owning bitcoin, but i am under the impression you only make money when you sell, but all these people say not to sell. So, is there a different way they are making money with their BTC? Yield aggregators? loaning it? How do you make money owning Bitcoin?",Bitcoin Poor,Bitcoin,1,0,Electronic_Major_826,363,68
2025-02-02,Transaction limits... and how it slows panic sells. It's a great feature really. this saved me once when i was still new to Bitcoin. By the time my transaction confirmed the price already recovered.,Transaction limits... and how it slows panic sells.  It's a great feature really.  this saved me once when i was still new to Bitcoin.  By the time my transaction confirmed the price already recovered.,Bitcoin,1,0,i-love-k9,198,34
2025-02-02,No more btc. Thanks all. I got rid of my whole stack. I'll buy back in at 250k. Psychological barrier for me sub 100k. I may diversify into fartcoin,No more btc. Thanks all.,Bitcoin,1,0,Phonktrax,148,29
2025-02-02,Join in ASAP Download and earn free BTC with me now! My invitation code:DGMPJK Appstore: Google play:,Join in ASAP,btc,1,0,Elevenated420,101,17
2025-02-02,"How I got convinced to buy many satoshis Hi random humans from the world. Following bitcoin's principle ""Don't Trust, Verify"", I made some plots because I do not trust other's. Here is how I convinced myself to recently jump big onto BTC: To get that plot (known as ""rainbow plot""), the first step is to fit a linear function in log-log space. Then we extrapolate the fit to the future and hope that bitcoin will keep following the same trend: We can also have a look at the fluctuations of BTC around its average evolution: Based on this, in the next months we should see at some point about 200 kUSD/BTC, hopefully.",How I got convinced to buy many satoshis,Bitcoin,1,0,001011110101000101,617,112
2025-02-02,"Does burning BTC positively affect the holders? For an instance, someone burned 100,000 BTC, would it have a positive affect or would it have a positive affect right now but mess up the long run?",Does burning BTC positively affect the holders?,Bitcoin,1,0,Maz54official,195,35
2025-02-02,Sell ETF at open market and rebuy at dip? Obviously BTC is dropping over the weekend and ETF price is still at market close price. Should I sell my entire ETF portfolio at Market open tomorrow and rebuy at the dip?,Sell ETF at open market and rebuy at dip?,Bitcoin,1,1,Rare-Ad4671,214,41
2025-02-02,"Yes, you should SELL What did you feel when reading this title ? What was your first instinct ? Did you feel like yes that's right I must sell? Then sell Did you feel that no I can't part with my BTC ? Then don't sell Now fuck off about the price","Yes, you should SELL",Bitcoin,1,0,RedditTooAddictive,246,52
2025-02-02,"Why is my Robinhood trade not executing? I’m trying to buy $1000 of bitcoin with limit price of $97,400. I had one in place since 4 hours ago and It dropped below $97,000 yet my order didn’t execute. I thought maybe just a bug so I canceled the old order and placed a new one and it still won’t execute. And when I tried to test buy $1 at market price when it was showing as $97,100, it executed at a price of $97,700. So confused",Why is my Robinhood trade not executing?,Bitcoin,1,0,HauntingArtichoke830,430,86
2025-02-02,"Alert!! BTC at 96,930 at time of posting!","Alert!! BTC at 96,930 at time of posting!",Bitcoin,6,3,Millenial-Mike,41,8
2025-02-02,Large mining pools derive... *checks notes* ...1% of their revenue from transaction fees. How can Bitcoin possibly survive now?,Large mining pools derive... *checks notes* ...1% of their revenue from transaction fees. How can Bitcoin possibly survive now?,Bitcoin,1,0,seedor,127,19
2025-02-02,"It's clearly going down way too fast, according to my analysis bitcoin is dead. Save your money. (Preferably in bitcoin)","It's clearly going down way too fast, according to my analysis bitcoin is dead. Save your money. (Preferably in bitcoin)",Bitcoin,52,43,Old-Championship-324,120,20
2025-02-02,"Which app to make larger trades Never bought BTC, don’t plan to yet. But if you were going to buy large amounts for a swing trade. Which app would you use, for safety, easy to convert to fiat etc? (Large amounts: $25,50 or 100k) thx",Which app to make larger trades,Bitcoin,1,0,FinanceBroKnows,232,45
2025-02-02,"Is fretting over having non-KYC Bitcoin worth it? Newish to Bitcoin and got started with an initial purchase while setting up a DCA on River. Like most people on here I quickly became obsessed with trying to make my wallets as secure and private as possible. Once I learned that all my BTC was purchased via KYC means I figured I should make it non-KYC, so I investigated CoinJoin options and P2P exchanges. Now I'm wondering if it's worth the headache and I should just keep stacking Sats the KYC way, especially since I'm planning on HODLing. Thoughts?",Is fretting over having non-KYC Bitcoin worth it?,Bitcoin,0,6,GodEmperorOfArrakis,554,98
2025-02-02,"Bitcoin valuation I’m newer to crypto. I’ve been going back and forth on whether or not to believe Bitcoin has near infinite upside (several million a coin) or whether it will have a dark future. Saylor and Raoul Pal and many other Bitcoin maxis had moved me to the point of buying $4k worth and then planning $1k a week for a year, possibly further at weekly intervals. I have come to a huge issue though with basic math. The argument for this huge valuation is that Bitcoin is rare. Only 21 million max. That is “somewhat” rare, but not extremely rare. There has to be other asset classes with a 21 mil supply that doesn’t put that off as being ectremely rare. Further, is the supply truly only 21 mil? Let’s assume BTC price is $100k for simplicity. Most dont buy a full btc. Let’s say a common purchase is $250. At current mcap rounded up to $2T, that would be 8B units if the whole supply was purchased at this rate. The simple fact that it won’t split like a stock doesn’t mean that the supply is only 20M units. If you can buy a fraction of a unit, then to me, there is more than 20M total out there. Far more It brings me to this conclusion - if everyone on earth was given an equal amount of btc until it was gone, everyone would get $250 worth roughly. At $1M that equates to $2500 and at $10M (a hundred bagger from now), $25k. With that in mind, it’s so hard for me to see it go higher. Sorry about the TLDR - but how can you argue for btc values continuing to increase given that they provide no underlying tangible benefit and that it is currently valued at about $250 for every single person on the planet? I want to believe and invest heavily, but it seems almost impossible. However, where we’re at now seemed impossible 10 years ago. I may be wrong. I’d like to hear the counter to this. Not trying to start a shoving match here. Just dialogue. Thanks",Bitcoin valuation,Bitcoin,0,13,Huskers1588,1869,356
2025-02-02,Helping out a newbie Hey fellas. So a long time friend of mine decided he wants to get into bitcoin and wants me to help him understand or point him in the right direction. Can anyone help me out in explaining it to him aside from just telling him to read the white paper. Thanks in advance,Helping out a newbie,Bitcoin,0,3,Delusioned1232,290,57
2025-02-02,"To those saying BTC is done. Remember 3M ago, when BTC was £55k? Hodl and","To those saying BTC is done. Remember 3M ago, when BTC was £55k?  Hodl and 👀",Bitcoin,11,7,Gaia4495,73,15
2025-02-02,"CAD plunges as Canada races to print more stimulus unseen since the pandemic, and you want to be bearish on Bitcoin?","CAD plunges as Canada races to print more stimulus unseen since the pandemic, and you want to be bearish on Bitcoin?",Bitcoin,1,0,stringings,116,21
2025-02-02,How to find BTC scalpers? I have spent a whole day reading different exchanges APIs trying to identify scalpers from BTC buy/sell transactions (and try to find profitable ones) in order to copy trade them manually. Anyone who tried something like this?,How to find BTC scalpers?,Bitcoin,1,0,YZHSQA,252,42
2025-02-02,first btc purchase bought my first small piece of btc $1100 yesterday afternoon…..guess i should waited until this afternoon,first btc purchase,Bitcoin,1,0,Standing_firm_,124,19
2025-02-02,"Bitcoin 101 - Timestamps On Blocks In the Bitcoin network, each block includes a timestamp indicating when the miner believes the block was created. This timestamp is set by the miner's system clock and is included in the block header. However, to maintain consistency and prevent manipulation, the Bitcoin protocol enforces specific rules regarding these timestamps: 1. Median Past Time (MPT) Rule: A block's timestamp must be greater than the median of the previous 11 blocks' timestamps. This ensures that time in the blockchain moves forward and prevents miners from setting arbitrarily low timestamps. 2. Future Time Limit: A block's timestamp cannot be more than two hours ahead of the network-adjusted time. The network-adjusted time is calculated as the median of the timestamps reported by all connected nodes, providing a consensus-based current time. These rules allow for minor discrepancies in individual miners' system clocks but prevent significant deviations that could disrupt the network. As a result, while miners do use their local time to set block timestamps, the protocol's constraints ensure that these times remain within an acceptable range, maintaining the integrity and chronological order of the blockchain.",Bitcoin 101 - Timestamps On Blocks,Bitcoin,3,0,i-love-k9,1236,188
2025-02-04,Watch out for possible hard drop on btc very soon. Monthly has an almost perfect example of inverse cup and handle pattern. I have been watch it for a few days now and it is completely set up for the hard drop down now. Keep and eye out and good luck!,Watch out for possible hard drop on btc very soon.,btctrading,1,0,Parapadarapper1,251,51
2025-02-05,Would you buy runes/meme coins on BTC if the fees weren't so bad? Odin.fun seems to have completely solved the speed and fee issue. Check it out.,Would you buy runes/meme coins on BTC if the fees weren't so bad?,btc,1,0,ToohotmaGandhi,145,27
2025-02-05,"Where you spend your Bitcoin? Hey folks, I’ve been thinking about how bitcoin is slowly becoming more practical for everyday use. I’ve used it for some casual things here like paying for my vpn subscription and buying a couple of items from newegg. I'm thinking, does anyone use it only for online shopping or travel bookings? I’ve heard some people use it for gaming credits or [security services]( too. So what services are you buying with btc?",Where you spend your Bitcoin?,btc,1,0,MercedesFanForever,446,77
2025-02-05,New to btc Hey all! New to btc and all .. any recommendations on how we can actually learn on how to trade ? Instead of just moving like headless chickens ? Thanks,New to btc,btc,2,1,nddjjsdj,163,33
2025-02-05,Bitcoin entering 2025 smh,Bitcoin entering 2025 smh,btc,6,1,Jem_colley,25,4
2025-02-05,Satoshi Nakamoto's Enormous $108 Billion Bitcoin Fortune Revealed,Satoshi Nakamoto's Enormous $108 Billion Bitcoin Fortune Revealed,btc,1,0,btcxio,65,8
2025-02-05,"Will Bitcoin reach $200k this year? With everything going on with the strong dollar and trade war, to US government stocking up bitcoins for the wealth fund and so on. How much more bitcoins will be scooped up by foreign countries and their citizens? I'm expecting everyone is trying to hedges agains their currencies. Are we going to see $BTC at $200k soon?",Will Bitcoin reach $200k this year?,btc,1,0,bananaspeaches69,358,63
2025-02-05,Crypto Czar David Sacks Explores Bitcoin Reserve Feasibility at Latest Conference,Crypto Czar David Sacks Explores Bitcoin Reserve Feasibility at Latest Conference,btc,1,0,crypto_news_source23,81,11
2025-02-05,"Trump | Promising A Pump *Do to my last meme I'm putting this here. I do NOT wanna see anything like ""Look at nov 4th"", ""Crypto is up since nov 4th"", ""Bitcoin use to be 67k"", ect. this is a MEME not a serious thing .* [Trump Promising A Pump](",Trump | Promising A Pump,btc,1,0,Correct-Potential-15,243,50
2025-02-06,El Salvador's Bitcoin Experiment: Success or Failure?,El Salvador's Bitcoin Experiment: Success or Failure?,btc,1,0,Flygate,53,7
2025-02-06,Bitcoin mining app I know it's cloud minging but just want y'all's thoughts on the app,Bitcoin mining app I know it's cloud minging but just want y'all's thoughts on the app,btc,2,0,TTV_alko12121212,86,16
2025-02-06,"""This time is different"" [Link to original post I made almost 8 years ago.]( Since mid-2014, I've maintained a personal chart for Bitcoin's historical price. Even at that time, it was interesting to me to see similar trends in stability followed by quick jumps in price. Perhaps this is Elliott Wave behavior? [Anyway, I thought I'd share the updated chart]( The blue line is the price history. For the red line, it's a rough trace of the first box. For the third and subsequent boxes, it's about 60% residual height to show some decay over time. Today, you see quite a bit of this stuff with explanations related to halving cycles, so perhaps this doesn't need too much explanation for people these days. My point for posting today, is that so many people are caught up with recent news as it relates to Bitcoin. People have almost always tried to create a narrative around WHY Bitcoin is moving up or down in recent days. Yes, current events and the actions of larger participants in the ecosystem will have some impact on the charts (MtGox, FTX, US SBR). And those impacts will cause deviations in the pattern. But the larger picture is the *almost* inevitable march forward on the curve. ZOOM OUT! If SBR happens soon, maybe we get a peak this year. If not, maybe Apple or a large group of companies start the next stage rolling. Either way or any other way, it still appears to be fairly early in this cycle. For those interested, [link to my thoughts on why this behavior exists]( As the sidebar says, this isn't trading advice. However, most TA is understanding that large populations of people can be ""simulated"" with mathematical models and then finding the one that best fits the data.","""This time is different""",BitcoinMarkets,46,15,Venij,1695,299
2025-02-06,No sure why this is moderated from,No sure why this is moderated from r/bitcoin,btc,1,0,yosibop,34,7
2025-02-06,"NEW: President Trump's Crypto Czar David Sacks says Bitcoin is an ""excellent store of value.""","NEW: 🇺🇸 President Trump's Crypto Czar David Sacks says Bitcoin is an ""excellent store of value."" 👀",btc,1,0,orphic2,93,15
2025-02-06,Trump Media’s Truth.fi files trademark for bitcoin “plus” ETF,Trump Media’s Truth.fi files trademark for bitcoin “plus” ETF,btc,0,3,IndubitablePrognosis,61,9
2025-02-06,"GoFundMe’s Got 10% of the World… Flipstarter’s Got ALL of It! Flipstarter is a tool that enable the world to raise funds in BCH and get their business on ""feet"" that most of the world doesn't know about. In today's article I dive into it and I hope you enjoy all about this amazing Bitcoin Cash powered tool to empower the globe.",GoFundMe’s Got 10% of the World… Flipstarter’s Got ALL of It!,btc,1,0,alberdioni8406_,329,62
2025-02-06,"Looking for datasets that highlight fiat’s decline compared to Bitcoin I want to expand the BTC vs. Fiat comparisons on our tools kit, and I'd need to find historical price data for goods/services in various currencies (Yuan, Euro, Pounds, Rubles, etc.) I want to prove with data &amp; facts that anything priced in BTC goes down, the same item priced in Fiat goes up due to inflation &amp; currency debasement. To do so, I need datasets showing the yearly average price of a good/service from 2008 until 2024 (or similar). No indexes, CPI, etc, but actual average prices across years. For example, think about: the average yearly cost of a new house; average yearly cost of child care service; average yearly cost of a full tank of gasoline; average yearly cost of a new car; etc etc. Ideally, data must come from sources, such as government authorities, institutional research institutes, research/statistic firms, or reliable websites like Statista or similar. If you know where to find such type of data source, please share the link with me (it will be included in the tool). Thank you in advance for your time! Ps: for context, [storeofvalue.net](",Looking for datasets that highlight fiat’s decline compared to Bitcoin,btc,1,0,Bitcoin_StoreOfValue,1153,194
2025-02-06,"ELI5 to cash out a large amount of Bitcoin to a bank I should start by saying I am helping a friend. This is not my Bitcoin, but this person has struggled all their life and 2017 this person won money from an online Casino and they paid them in Bitcoin. Then it sat there the person not knowing what to do with it and now it is worth almost 200K and they desperately need the money due to losing their place to the fires in LA, and I said I would research it and help. Here are the steps I have given them already: 1) setup a Coinbase account ( higher fees but they seem the most reliable). We only plan to keep it there long enough to sell the Bitcoin and transfer it to the bank. 2) Complete the KYR requirements for Coinbase and add a bank account. 3) Speak to your bank by going in and explaining what is about to happen and what kinds of holds and reporting requirements he will have. 4) Expect to have fees along the way and a large tax liability, and that it will be a process that takes time. I am concerned about how to transfer from the Bitcoin wallet to Coinbase and making sure a mistake doesn't happen and the money goes somewhere else. Also did I miss anything in the first steps? Is there any headwinds my friend is going to run into I am not aware of?",ELI5 to cash out a large amount of Bitcoin to a bank,btc,1,0,Own_Manufacturer6959,1267,250
2025-02-06,I’m a bitcoin beginner. I’ve seen a lot of posts about the Trezor wallet. Which Trezor bitcoin only wallet would you recommend?,I’m a bitcoin beginner. I’ve seen a lot of posts about the Trezor wallet. Which Trezor bitcoin only wallet would you recommend?,btc,1,0,Active_Act_7370,127,22
2025-02-06,BlackRock To Launch European Bitcoin ETPs Within 2025,BlackRock To Launch European Bitcoin ETPs Within 2025,btc,0,1,crypto_news_source23,53,8
2025-02-06,Someone made a song for Tom the Bitcoin Kid,Someone made a song for Tom the Bitcoin Kid,btc,1,0,Historical_Use6152,43,9
2025-02-06,"Are there any proposals or research on making bitcoin's PoW useful for real-world computation? Bitcoin’s proof of work (PoW) mechanism secures the network by requiring miners to perform massive amounts of computations to find a valid nonce. However, these computations—though essential for Bitcoin’s security—are purely wasteful in terms of real-world utility, as they serve no purpose beyond reaching the target hash. Are there any proposals, research papers, or experimental ideas exploring ways to make PoW contribute to useful computational tasks while still maintaining Bitcoin’s security? For example, could mining be designed to also perform: * Scientific simulations * Protein folding for medical research * AI model training * Other forms of distributed computing If such ideas exist, what are the technical and economic challenges preventing their implementation? Would altering PoW in this way compromise Bitcoin’s decentralization or security? Curious to hear thoughts and any research on this topic!",Are there any proposals or research on making bitcoin's PoW useful for real-world computation?,btc,1,0,allexj,1012,148
2025-02-07,"New Bitcoin trading game Hey, guys! I'm a solo developer and I've been working on a bitcoin trading game Boxo. It is a mix of arcade and real-time Bitcoin price. You need to tap boxes where you think the price will go in the next few seconds. The more times the price hits your boxes, the higher score you get. I'll be really grateful for any feedback. Google Play: [ AppStore: [",New Bitcoin trading game,btctrading,1,0,Aromatic-Pipe-7422,379,72
2025-02-07,"CLSK Wins When BTC Goes Up AND Down PSA: Remember CLSK makes more revenue at better margins every day. Downward volatility is beneficial to CLSK in long run. If BTC price goes down, others shut down and CLSK mines more. When BTC price recovers, what CLSK mined is worth more. CLSK is the only big miner with high efficiency AND holding their BTC. CLSK still has plenty of room to go from here with no ATM and fully funded growth to 50 EH/s. TLDR: BTC volatility helps CLSK the most out of any other miner. CLSK executives smart.",CLSK Wins When BTC Goes Up AND Down,BitcoinMarkets,1,0,charliealza,528,98
2025-02-07,After my Post became Big user send me my first btc and adviced me to share it here,After my Post became Big r/bitcoin user send me my first btc and adviced me to share it here,btc,1,0,maho90,82,18
2025-02-07,"Peter Schiff to BTC-Maxi: ""I guess you never read the whitepaper""","Peter Schiff to BTC-Maxi:   ""I guess you never read the whitepaper""",btc,1,0,zrad603,65,11
2025-02-07,"Contact DC Politicians to Support Bitcoin in a Strategic Reserve Hi everyone, I know this post isn't as cool as Bitcoin memes, but I want to make everyone aware of a letter writing campaign being sent to DC politicians advocating for Bitcoin's inclusion in a Strategic Reserve. The Satoshi Action team created a super simple [one-click tool]( to make your voice heard in DC. As someone who's been in DC for the last 3 years lobbying for Bitcoin and Bitcoin mining, these campaigns really do make a difference since congressional offices need to hear from their constituents why they should care about Bitcoin. The more letters an office receives on Bitcoin, the easier it is for me when I talk to staffers on Capitol Hill since they will remember how many of their constituents contacted their office to support Bitcoin. If you've ever wanted to make your voice heard and advocate for Bitcoin, [please use this tool]( to ask your elected officials to support Bitcoin in a strategic reserve. You can check this [X post from Dennis Porter]( to learn more information about this campaign. Thanks so much for your help and using this tool is 100% free. We're hoping to get as many people as possible from the Bitcoin community to contact DC politicians to let them know why BTC must be in a strategic reserve. Thanks all and I hope everyone has an excellent weekend.",Contact DC Politicians to Support Bitcoin in a Strategic Reserve,btc,1,0,tpmv69,1362,237
2025-02-07,"My take on why btc might range for another 3 to 6 months We are the most bullish stage of btc ever but price is stalled. I believe it can remain so for a few more months: - M2 supply which is highly correlated to btc needs to increase first, and for now the FED is still on quantitative tightening mode, so if in march they stop the QT process or even start quantitative easing, it could be a catalyst - the US has around 6 months to either approve or reject the SBR (I believe it will pass) which puts it around june/july, another potential catalyst for btc - we have been seeing transfers of btc (on chain) from binance and coinbase to wintermute, and wintermute (a market maker) performs OTC transactions between parties, which effectively don’t affect the price of btc: and to me this can either mean one of two things: 1. They are actively suppressing the price by countering all the buys in the market in order to let institutions, governments etc to accumulate at a lower price covertly, or 2. There are players that are buying btc over the counter accumulating without moving the price. Either way, this could go on for several months until the approval of btc SBR according to the btc reserves in binance and coinbase. I speculate that btc will only top by end of year due to this, and altcoins will see a very late rally, because btc first needs to attract retail, go up in dominance and finally drop the dominance as whales rotate to smaller coins. That’s just my speculation. What are your thoughts?",My take on why btc might range for another 3 to 6 months,btc,1,0,Noxgar,1511,276
2025-02-07,"Is it a good time to buy? I’m new to crypto and bought bitcoin when it was around $104000, now that it’s below $100000 should I buy more or hold? Are trumps policies or china effecting the price? Is it expected to drop even lower? I’m basically clueless so any advice would be amazing.",Is it a good time to buy?,btc,1,0,Certain-Impression93,285,54
2025-02-07,In 2019 CNBC host called Tom Lee's advice to allocate 2% of one's portfolio to #Bitcoin at $5k crazy,In 2019 CNBC host called Tom Lee's advice to allocate 2% of one's portfolio to #Bitcoin at $5k crazy,btc,1,0,orphic2,100,19
2025-02-07,"CLSK Earnings Call Takeaways • Indirect expenses expected to be FLAT meaning depreciation AND compensation will be constant (aka MORE dollars to shareholders as exahash grows). • Path to 50 EH/s fully funded with CLOSURE of ATM program (this means much less sell pressure). • Expansion is the advantage. CLSK supports untapped energy assets in rural America. Flexibility to power off builds relationships with communities. Current strategy will be to expand outside of Georgia to reduce concentration risk from weather changes. • All mining facilities and rigs are owned entirely by CLSK (increases margins over time). CLSK market share and revenue grow as competitors FOMO into HPC-AI. • CFO Gary Vecchiarelli said they are open to the idea of returning capital to shareholders via additional share buybacks in the future (likely after expansion goals met). • $2.8B assets while CLSK market cap is $2.9B. Margins increased per kWh and cost per BTC is down. • With altcoins in the mud, the best beta play on BTC will likely be CLSK. When it goes up, it might go up quick. Not financial advice. DYOR.",CLSK Earnings Call Takeaways,BitcoinMarkets,1,0,charliealza,1099,183
2025-02-07,Time is running out Eventually bitcoin is going to show its hands. I see a huge crash coming.,Time is running out,btc,0,7,Former-Measurement10,93,18
2025-02-07,What is the most btc you can buy I know btc has a market cap of 2 trillion but say I had infinite funds what would be the most I could buy right now? Could I buy 2 trillion? Sorry for the arrogance I couldn’t find any answers online and I’m really dumb when it comes to stocks or crypto.,What is the most btc you can buy,btc,0,12,CyanideSuicides,287,60
2025-02-08,Trump Bitcoin News أخبار ترامب عن بيتكوين التشفير,Trump Bitcoin News أخبار ترامب عن بيتكوين التشفير,BitcoinMarkets,1,0,Significant_Bed7670,49,8
2025-02-08,Do you know How to make money with Bitcoin??,Do you know How to make money with Bitcoin??,BitcoinMarkets,1,0,Odd-Swordfish-5038,44,9
2025-02-08,Can someone explain to me the role and relationship between btc core developers and the miners. Just some info currently i am reading Roger vers book on hijacking bitcoin but one thing that isn't making sense to me is that btc code is controlled by a group of developers that only allow changes that they agree. My question now is what would have happened if back in 2016 if the miners simply stopped listening to the devs.,Can someone explain to me the role and relationship between btc core developers and the miners.,btc,1,0,Jelly-Shot,423,77
2025-02-08,"JUST IN: 🟠 Former PayPal President and Lightspark CEO David Marcus says Bitcoin ""is a better version"" of gold and should be in a US strategic reserve","JUST IN: 🟠 Former PayPal President and Lightspark CEO David Marcus says Bitcoin ""is a better version"" of gold and should be in a US strategic reserve 🔥",btc,1,0,orphic2,149,27
2025-02-08,Have you Guys Heard of The Build a Mine Podcast? Here is a Nice little Conversation on some of the latest Bitcoin trends!,Have you Guys Heard of The Build a Mine Podcast? Here is a Nice little Conversation on some of the latest Bitcoin trends!,btc,1,0,Adorable_Incident717,121,23
2025-02-08,"% allocation in btc, hoping from some input. Hello everyone. I know this is a trading sub but there is a lot of smart people that post in the daily so i was hoping for some input. I dont have an crazy amount of btc and have since 2020 been 100% of my money in btc (etf and hardwallet). never sold and never taken profits because ive always been awful with that. I dont want to part with my stack, think it will outperform a lot of other assets in the future which is why ive always only saved in btc, but im also scared of riding another wave down and a part of me wants to allocate into gold, indexfunds and have some fiat on the side, but that would mean losing btc when the market keeps giving good news while also im scared of a market crash. Suffering from some great FOMO which is why i always never sold. Would love some reflections from you guys on this. As you can tell i dont have a plan which i am trying to figure out. Cheers","% allocation in btc, hoping from some input.",BitcoinMarkets,1,0,randomforestguy,937,187
2025-02-08,"Bitcoin + GameStop=? I've seen a couple posts lately of Ryan Cohen (CEO) meeting with with Michael Saylor (Bitcoin guru) does anyone have any thoughts on why these two would meet? It's suspected that GameStop stock price is being suppressed by illegal hedge fund activity, is it possible that these two are meeting to find a way to combat this fraud? If so, what would be the best way to use Bitcoin as a tool to fight against corruption? TSO ( tokenized stock offering) ?",Bitcoin + GameStop=?,BitcoinMarkets,1,0,1stinkyfinga,472,85
2025-02-09,Bad Bits and Bitcoin – Common Types of Crypto Malware,Bad Bits and Bitcoin – Common Types of Crypto Malware,btc,1,0,pgh_ski,53,10
2025-02-09,Join coinbase and get $20 worth of free Bitcoin Ready to explore the world of cryptocurrency? Join Coinbase today and get $20 of free Bitcoin using my referral link! It's never been easier to start your crypto journey. Sign up now: [Coinbase Referral Link]( #Crypto #Bitcoin #Coinbase #FreeBitcoin #Investing #CryptoCommunity #DigitalCurrency #Blockchain #CryptoInvesting #FinancialFreedom #CryptoLife #InvestmentOpportunities #news #cryptonews #CryptoTrading #cryptocommunity #cryptoscam #love #stockmarket #stocks Happy investing and welcome to the future of finance!,Join coinbase and get $20 worth of free Bitcoin,btc,1,0,ValuableTea9277,569,73
2025-02-09,"Just found this sub, wow I’m impressed Nice to see a BTC sub with actual intelligent discussion about all the encompasses Bitcoin. The good the bad and the ugly.","Just found this sub, wow I’m impressed",btc,1,0,True-Culture2804,161,29
2025-02-09,"Quantum Computing Looms as Future Threat to Bitcoin Security, Says Tether CEO Paolo Ardoino","Quantum Computing Looms as Future Threat to Bitcoin Security, Says Tether CEO Paolo Ardoino",btc,0,0,btcxio,91,14
2025-02-09,"Notice the small hints guys, this is not a street hot dog vendor, it's the 47th president of USA. got banned from for this post 🤷‍","Notice the small hints guys, this is not a street hot dog vendor, it's the 47th president of USA.",btc,1,0,FuzzyAttitude_,130,26
2025-02-09,"I need help Yo if anyone has the money I need $3,000 in btc. I currently have 75,000 in btc and I can’t get it out because of a pay requirement. If you do assist I will give you $9,000 in btc. If you are interested please reach out and message me. I have proof so just ask.",I need help,btctrading,1,0,Organic_Ad2709,273,58
2025-02-09,"For the first time in the history of Bitcoin, since the last halving the price has gapped ahead of miner revenue.","For the first time in the history of Bitcoin, since the last halving the price has gapped ahead of miner revenue.",btc,4,22,Leithm,113,21
2025-02-10,The Bitcoin Cash Podcast #141: Organizing BLISS 2025 &amp; Trump’s Ross Pardon ft. Jonathan Silverblood,The Bitcoin Cash Podcast #141: Organizing BLISS 2025 &amp; Trump’s Ross Pardon ft. Jonathan Silverblood,btc,1,0,Shibinator,103,15
2025-02-10,"Strategy Makes First Bitcoin Purchase Under New Name, Acquiring 7,633 BTC","Strategy Makes First Bitcoin Purchase Under New Name, Acquiring 7,633 BTC",btc,0,0,fookingyeah,73,11
2025-02-10,Bitcoin: Newport man wants to buy tip where he lost £620m fortune,Bitcoin: Newport man wants to buy tip where he lost £620m fortune,btc,3,0,Captain_Crypto01,65,12
2025-02-10,"YAHOO FINANCE: Chris Klein, COO and Co-founder of Bitcoin IRA, explains why Bitcoin should be included in people’s retirement portfolios.","🚨 YAHOO FINANCE: Chris Klein, COO and Co-founder of Bitcoin IRA, explains why Bitcoin should be included in people’s retirement portfolios.",btc,0,2,orphic2,137,20
2025-02-10,"A project for all of us BTC is losing its principal values due to the market manipulation, the big whales, trump, elon... This is not what satoshi created BTC for. We all should organize against this Im looking for serious blockchain and smart contract developers, to make the protect im attaching below. Whitepaper: BTC Community Staking Protocol (BCSP) Introduction The BTC Community Staking Protocol (BCSP) is a decentralized protocol designed to organize the Bitcoin holder community and reduce the circulating supply, generating a positive impact on its price and stability without whale manipulation. Unlike traditional staking systems, BCSP does not allow whales or centralized entities, ensuring an equitable distribution and 100% decentralized governance. 2. Problem Currently, the cryptocurrency market is dominated by large investors ('whales') and entities that manipulate BTC cycles. Small and medium holders lack organization and power over the BTC supply, leading to: Price instability. Loss of trust within the community. Dependence on speculative trading rather than long-term holding. Solution: BTC Community Staking Protocol We still got the mayority of btc but wont last much more with the institutions and big whales playing the game. More than half of the existing btc are in ''small'' hands, in plenty of wallets. 3.1. BTC Locking with On-Chain Transparency Holders can lock their BTC in smart contracts for defined periods (e.g., 2, 5, or 10 years). Information about the locked BTC will be public, allowing the protocol's strength and its impact on reducing circulating supply to be demonstrated. 3.2. Incentive for Holders: $BTCU Token To reward those who lock BTC, a native token, $BTCU, is issued based on the amount of BTC locked and the staking duration. The issuance of $BTCU is limited and deflationary to ensure its long-term value. Distribution of $BTCU: 1 BTC locked for 2 years 100 $BTCU 1 BTC locked for 5 years 250 $BTCU 1 BTC locked for 10 years 600 $BTCU Gradual distribution: Tokens are released progressively according to the lock duration to prevent market dumping. 3.3. Decentralized Governance (DAO) BCSP will be managed by the community through a DAO system, where $BTCU holders can vote on key decisions: Changes in staking parameters. Use of potential development funds. Implementation of new features. 3.4. Liquidity and Flexibility To avoid liquidity loss for holders: Locked positions can be traded on a secondary P2P market. $BTCU token can be used in DeFi as collateral on decentralized lending platforms. Security and Regulation BCSP will be 100% decentralized and intermediary-free, with: Audited smart contracts to ensure security. Open-source code, allowing community verification. No fixed return promises, only incentives based on real supply and demand. Roadmap Phase 1: Development of the smart contract and testing on the testnet. Phase 2: Launch of the protocol and initial staking. Phase 3: Implementation of DAO and decentralized governance. Phase 4: Expansion of integrations with DeFi platforms. Phase 5: Global growth and mass adoption. Conclusion The BTC Community Staking Protocol is the first initiative to unite BTC holders in a collective effort, free from whales and institutional manipulation. The combination of transparent staking, well-designed incentives, and decentralized governance could mark a turning point in the crypto ecosystem, making us(the mayority) the ones with the control over it and not them.",A project for all of us,btc,0,6,Accomplished-Fold261,3487,535
2025-02-10,"Their Debt Is Your Greatest Asset Their debt is *your* problem until you OWN Bitcoin, and the moment you OWN Bitcoin *their debt is YOUR greatest asset.*",Their Debt Is Your Greatest Asset,Bitcoin,11,1,xtexm,153,27
2025-02-10,"Looking for Ideas: Charging Credit Cards &amp; Converting to Crypto Without Fund Freezing I'm exploring ways to charge a customer’s credit card while receiving Bitcoin (BTC) or stablecoins (USDT, USDC) instead—mainly to prevent chargebacks since crypto transactions are irreversible. I've heard that some crypto payment processors allow credit card payments and auto-convert them into crypto, but I also want to avoid account freezing issues. I’ve seen platforms like CoinGate and similar services freeze funds, so I want to ensure that once I charge a customer, I can immediately withdraw the money to prevent any risks. I’d love to hear from others: What are the best platforms or services for this? How can I avoid account freezing and ensure smooth withdrawals? Are there any legal or compliance considerations? What challenges should I expect, and how can they be handled? Any insights, recommendations, or experiences would be greatly appreciated!",Looking for Ideas: Charging Credit Cards &amp; Converting to Crypto Without Fund Freezing,btc,0,3,PiccoloWonderful8185,953,147
2025-02-10,"Suggestion? Or just following the trend? I have been here for a while and I have seen many people being driven by emotions in discussions about Bitcoin, especially when prices are rising. Some people may make overly optimistic statements in this craze, encouraging others to ""buy in"" and ignoring the uncertainty of the market. Such behavior is essentially irresponsible speculation, but lacks in-depth analysis of the market and real help for novices, misleading novices to follow the trend and suffer serious losses. I have found in some posts that some people may advocate that the price of Bitcoin will inevitably continue to rise, or predict that there will be huge profit opportunities in the future. Such statements can easily mislead newcomers who are not familiar with the market, especially those who use Bitcoin as a tool to get rich quickly and ignore its risks. Others are too aggressive in the forums, boasting that Bitcoin is the ""ultimate currency"" of the future, and completely ignoring or simplifying real-world challenges such as regulatory issues, scalability, environmental impact, etc. While Bitcoin is indeed innovative, it is irresponsible to over-exaggerate its potential without mentioning its limitations. For novices, it is important to understand the potential of Bitcoin while also understanding its limitations and risks in order to make wise decisions. Regardless of personal investment goals and risk tolerance. As a high-risk asset, Bitcoin is not suitable for everyone to invest in, especially for novices who do not have sufficient knowledge and experience. Bitcoin investors should have their own independent thinking and establish rational strategies that are in line with their own financial situation and investment goals.",Suggestion? Or just following the trend?,Bitcoin,0,6,Illustrious_Job_2964,1762,272
2025-02-10,"9 to 5? Nah, I’m Busy Checking Bitcoin Prices 24/7","9 to 5? Nah, I’m Busy Checking Bitcoin Prices 24/7",Bitcoin,1,0,Gaurav_212005,50,10
2025-02-10,"Bitcoin mining and free lottery ticket I see some people say that if you mine Bitcoin, you also get free lottery ticked per X time. So, you don't just get X Bitcoins as a reward, but you get something else additionally. Can someone clarify what the ""free lottery ticket"" metaphor means in this context, and if the ticket can be achieved with these cheap $100-300 miners. Yes, I know mining a whole Bitcoin will take decades or hundreds of years with such miners, but what about the so-called lottery ticket? Can I get such tickets using cheap miners?",Bitcoin mining and free lottery ticket,Bitcoin,1,0,Amphibious333,550,98
2025-02-10,"Wallet problems; Mycelium wallet A roommate and I, mined bitcoin 10+ years ago. My wallet only has 4 transactions on it over the last few years, Mycelium. I recovered the wallet when I got a new phone. I sent someone about $50 in bitcoin in March 2024. I went to use my wallet the other day to purchase something. Set the priority to low. 20 hours later it, bounced back into my balance. (Was not sent) and there is nothing in my transaction history. I then sent it again and set, gas fee to ‘priority’. Again, it came back and was not sent. I started to get nervous and used my seed keys to recover in a different wallet. (Trust) and my balance was 0 BTC. Same with blue wallet. My balance still shows on Mycelium like it always has. How fucked am I?",Wallet problems; Mycelium wallet,Bitcoin,1,0,MAD_MlKE,751,144
2025-02-10,"Not recieved funds from Kraken? Hi, I withdrew my bitcoin from Kraken, and used an address (a recieving address) I copied exactly from my Sparrow wallet, and yet nothing so far, no indication. Whats going on? Is my bitcoin gone for good?",Not recieved funds from Kraken?,Bitcoin,1,0,sorrowfulronin,237,42
2025-02-10,Watch only wallet connected to sparrow Hey i heard that i can view transactions sent to my sparrow wallet on my phone with a watch only wallet. Can anyone explain how to do this? Someone mentioned something about an xpub? I been thinking of accepting BTC at my restaurant and this would help me confirm if customers sent it or not to my sparrow wallet. Anyways thank you for taking the time to read this,Watch only wallet connected to sparrow,Bitcoin,1,0,Yung_Kaneki,403,75
2025-02-10,What are your favorite books to Orange-Pill your loved ones? I recently published Unstable Innovation to help with the Bitcoin journey.,What are your favorite books to Orange-Pill your loved ones? I recently published Unstable Innovation to help with the Bitcoin journey.,Bitcoin,2,0,nelsonjav,135,21
2025-02-10,Nice try bitcoin but I'm not touching grass,Nice try bitcoin but I'm not touching grass,Bitcoin,2,2,Siddy676,43,8
2025-02-10,Your Daily Bitcoin Breakdown newsletter is now live. Check out today’s Top Stories and a sneak peek at the latest Quick Bits snippets. Full issue link is in the comments.,Your Daily Bitcoin Breakdown newsletter is now live. Check out today’s Top Stories and a sneak peek at the latest Quick Bits snippets. Full issue link is in the comments.,Bitcoin,1,0,GeeWow,170,30
2025-02-10,"More prone to being hacked when joining Bitcoin Mining? I'm tech savvy but not sure about that topic. I've read somewhere that one is more prone to being hacked when running a Bitcoin Node, not sure if that's right. If so, does that also count for Bitcoin Mining? I guess others can see the IP on the Mining Pools and that's how they get interested in hacking you.",More prone to being hacked when joining Bitcoin Mining?,Bitcoin,1,0,ChrisVizze,364,68
2025-02-10,HD wallet public key When we derive a non hardened keys we get the tree of public keys and can be used to create addresses in which we can receive bitcoin. But I'm not able to understand how can we spend this bitcoins?,HD wallet public key,Bitcoin,1,0,sdoshi578,218,43
2025-02-10,"Are we ready for $180,000 Bitcoin? Chart technicals","Are we ready for $180,000 Bitcoin?  Chart technicals",Bitcoin,1,0,Options_Phreak,51,8
2025-02-10,NEW: Florida Senator Joe Gruters introduces bill to invest in Bitcoin,NEW: Florida Senator Joe Gruters introduces bill to invest in Bitcoin 🇺🇸,Bitcoin,20,2,BitCypher84,69,11
2025-02-10,Bitcoin Anyone here a crypto investor? I’ve got £1000 I’m trying to invest and I’m not sure if I should dump it into bitcoin or do smth else,Bitcoin,btc,1,0,Lumpy-Theme3817,140,28
2025-02-10,We are at a point where we don’t know what will happen with Bitcoin.,We are at a point where we don’t know what will happen with Bitcoin.,Bitcoin,79,16,KenyaMatto_,68,14
2025-02-10,"Where's the best place to buy a small amount of bitcoin? I've never bought before, but would like to at least start off small, maybe £50 here and there. For the first few purchases I don't mind storing the bitcoin on something like coinbase or one of those other places you can buy stocks ect. I know if it's not your wallet then it isn't technically yours, I'll set up my own wallet once I've bought more than a small amount.",Where's the best place to buy a small amount of bitcoin?,Bitcoin,1,0,anobeg5,426,81
2025-02-10,"Bitcoin for the first time (Newbie) I am 14 years old and want to invest my pocket money in Bitcoin so that I don’t have to take on debt for my mathematics studies later. I created a Bitcoin wallet, and my dad allowed me to invest $100, but I can only withdraw it when I turn 18. Is my wallet set up correctly, or do I need to adjust any settings? How and where can my dad deposit my pocket money into the wallet? Did I set up my wallet correctly, or is there anything else I need to configure? Wallet address: bc1q0wyjetfagptgrn249sscrepmwhsfsp90mf6kwr",Bitcoin for the first time (Newbie),Bitcoin,1,0,Crafty_End_2205,553,103
2025-02-10,"Hey guys, I want some feedback about my solution to protect your bitcoin! So I have been working for a while with a solution that solves the whole issue of loosing your assets because you lost your seed phrases that have your bitcoin, and I want everyone to adopt it I would appreciate the feedback if you can test out my product! [ try it and let me know if it's good or what should I change to make the message super clear about the value this brings to the community Cheers","Hey guys, I want some feedback about my solution to protect your bitcoin!",Bitcoin,1,0,Lumpy_Estimate2960,476,92
2025-02-10,Quick sell scalp bitcoin at night 1min trendline sell,Quick sell scalp bitcoin at night,btc,0,12,FinanceSpecialistt,53,9
2025-02-10,Is the Strategy₿ hinting at Strategy₿ank? The end game is be your own bank? They have bonds. They issue equity. Neither is tied directly to the Bitcoin. What is the end game for Strategy₿?,Is the Strategy₿ hinting at Strategy₿ank?,Bitcoin,5,23,Socialists-Suck,188,34
2025-02-10,"Just How Secure Exactly? Bitcoin's network hashrate is reaching new ATHs. Breaking *1 Zettahash per second* has become so commonplace that it can escape our minds on just how insane that number truly is. 1 Zettahash, 1000 Million Terahashes, 1,000,000,000,000,000,000,000 (10^(21)) hashes is a number so unfathomable that we can take the security of Bitcoin's blockchain for granted. Earth has approximately 10^(18) individual grains of sand across all of it's beaches and oceans. &gt;Every single second, the amount of mining calculations collectively done by the network outnumbers the number of grains of sand on earth by a factor of one thousands. But it is so much greater than that. This is just the amount of hashes that happens per second. Let's extrapolate a little further. If each block requires approximately 10 minutes of compute to find a solution, that means it takes approximately 600 seconds of this network hashrate to find a solution. That's over 600,000,000,000,000,000,000,000 hashes to find one single solution, or 6\*10^(23) hashes. How big is this number? Well the number of stars in the entire observable universe is on the order of 7\*10^(22) stars. &gt;Every single block added to the blockchain is protected by more individual calculations than the entire known universe by a factor of ten. Ok, lets do the hail Mary. How many hashes have ever been calculated for the Bitcoin network? Well using [historical Bitcoin hashrate charts]( and a little bit of calculus, it's easy to get a quick estimate! As of February 2025, 5.45\*10^(28) hashes have been approximately computed by miners since the dawn of Bitcoin. That's 54.5 Billion Exahashes, 54.5 Million Zettahash, 54,500 Yottahash, or 54.5 [Ronnahash]( This is approximately the same amount as the observable universe is wide. in centimeters. Here's to the next ZH/s. Cheers",Just How Secure Exactly?,Bitcoin,0,0,8A8,1854,295
2025-02-10,Man who lost £600m Bitcoin fortune considers buying landfill site to search for it | UK News,Man who lost £600m Bitcoin fortune considers buying landfill site to search for it | UK News,Bitcoin,1,0,Man_in_the_uk,92,17
2025-02-10,New Podcast w/ Michael Goldstein AKA Bitstein: Accelerating The Bitcoin Awakening,New Podcast w/ Michael Goldstein AKA Bitstein: Accelerating The Bitcoin Awakening,Bitcoin,1,0,BENshakalaka,81,11
2025-02-10,"I hate the banking system I've saved up some money in a HYSA, the interest rate of the Citi Accelerated Savings has currently dropped below what the money market is paying. So i went to move the money to Fidelity, and you can only move ""X"" amount per day from Citi... And now I'm on day 3 of waiting for my ""daily limit"".. (I haven't transferred anything in 3 days) to reset, so i don't know how i can be over my daily limit because i haven't transferred anything in 3 days!! And even when transferring into Fidelity, i can't do it at once.. what the hell?! Where is my money? I hate zero reserve banking. I wouldn't have this issue with BTC it seems, I've transferred larger amounts without delays in the past. Sorry just venting, it's my money and i want it now!",I hate the banking system,Bitcoin,28,12,ekfah,764,145
2025-02-10,Bitcoin wallet.dat hash value So I recently recovered an old wallet.dat file off an old hardrive and when I loaded it into bitcoin core I get an error saying initial key values needed. I used btcrecovery and py wallet to get the wallets hash value and was wondering what should I do to attempt to make the wallet work?,Bitcoin wallet.dat hash value,Bitcoin,0,9,Remote-Metal1059,318,59
2025-02-10,"Real World Paths to Retirement with Bitcoin I'm curious to hear about your real-world experiences and strategies for using Bitcoin as a path to retirement. What is your target amount before you feel you can retire, and when do you think you'll reach it? Looking forward to hearing your stories and insights! Personally for me, I am targeting 6. Hoping that this will be realistic to take secured loans against in 4 years at 4-5% of ratio BTC value.",Real World Paths to Retirement with Bitcoin,Bitcoin,1,0,Dry_Skirt_5287,448,79
2025-02-10,"Bitcoin Adress: For my own understanding # Bitcoin Adress: For my own understanding This is a question about wallets for my understanding. If existing content in a blockchain must not/cannot be subsequently changed, how can the ownership of bitcoins be recorded in bitcoin addresses after they have been traded? I understand the principle of blockchain as such. Full stop. However, I do not understand how the current content of a Bitcoin address can be updated? Does the address of my ‘vault’ change after every transaction to keep it up to date?",Bitcoin Adress: For my own understanding,Bitcoin,1,0,No-Copy-4184,547,91
2025-02-10,"Indian company now on the Bitcoin Standard - ""JetKing""","Indian company now on the Bitcoin Standard - ""JetKing""",Bitcoin,1,0,SquarePresence8267,54,9
2025-02-10,"BTC on exchanges hits new low Hey, can someone maybe explain this. How does the amount of BTC on the exchanges influence the price? As of now we keep putting in new lows every week. Yet the price does not directly correspont to the lows. How does this work? Did the short flow increase or what could be other factors?",BTC on exchanges hits new low,Bitcoin,1,0,Capital_Prune_9127,317,60
2025-02-10,"So is bitcoin at 90-100k considered a dip? Is bitcoin at 95k atm considered a dip? I bought .1 of it and have another 50k to play with to potentially get .5 more but my best friend keeps telling me to relax and wait for it to hit 70-80. I’m a newb, not trying to make a mistake that will cost me my future. (29 male, Single, no kids, no wife, no family, renting apartment) thank you in advance for any insight",So is bitcoin at 90-100k considered a dip?,Bitcoin,1,0,007Russian,409,82
2025-02-10,"Bitcoin recovery I'm currently going through a lot of hard drives from that era (2009-2010-2011). Using keywords like \*btc\*, \*bitcoin\*, \*wallet\* I have like 30-40 HD's, Much of them PATA I just can't remember if I had mined any. Probably did, since I'm a hardware geek. Hell, I just found a board with a Pentium Pro on it. Carefully wrapped. Had to search it up by S/N. any suggestions for more keywords?",Bitcoin recovery,Bitcoin,1,0,lolosss1,410,72
2025-02-10,Tourism In El Salvador - The Bitcoin Dictatorship,Tourism In El Salvador - The Bitcoin Dictatorship,Bitcoin,4,1,Malthus0,49,8
2025-02-10,Bitkey My brother just bought be a bitkey. He's heavily invested in Bitcoin. I'm sitting with .3 in Fidelity. Should I take it out of there and put in cold storage? I don't plan on touching it for years so I don't see the benefits of taking in our. Any insight would be helpful. Still trying to educate myself.,Bitkey,Bitcoin,1,0,College-Outside,310,59
2025-02-10,"How much bitcoin is lost per day in your opinion? How many bitcoin do you think is lost forever per day ? I mean sent to non existing/wrong adress, lost keys, etc I think its around 5-10 :D",How much bitcoin is lost per day in your opinion?,Bitcoin,3,10,Hajika12,189,38
2025-02-10,BREAKING: Ron Paul &amp; Elon Musk to Audit the Fed?! | Bitcoin to EXPLODE,BREAKING: Ron Paul &amp; Elon Musk to Audit the Fed?! | Bitcoin to EXPLODE,Bitcoin,1,0,RustinSats,74,14
2025-02-10,I'm starting to become a BTC maximalist. I don't see any alt that will leapfrog bitcoin. Holy damn. Of all my portfolio is down. Except BTC. I'm in profit as hell in BTC,I'm starting to become a BTC maximalist.,Bitcoin,1,0,Ikki_The_Phoenix,169,33
2025-02-10,Why Bitcoin is a Game Changer for Cheap Electricity,Why Bitcoin is a Game Changer for Cheap Electricity,Bitcoin,1,0,dbudlov,51,9
2025-02-10,TESLA also increased their BTC holdings,TESLA also increased their BTC holdings,Bitcoin,1,0,stringings,39,6
2025-02-10,"Advice on DCAing Good morning. I am a total novice and very recently I started my Bitcoin journey. Made 5 purchases over about a week through Coinbase because a friend suggested buying through them. I want to get into doing DCA but not sure of how best to get started, meaning what’s the best strategy (hourly, daily, weekly, monthly, etc), and who is the best to go with for doing DCA? Also, will I be charged a fee every time I make a DCA purchase like I seem to have been when I made my 5 previous purchases through Coinbase? Thanks in advance for any advice and help.",Advice on DCAing,Bitcoin,3,3,passing_gas_,571,108
2025-02-11,$BTC Get your credit card with bitcoin sats rewards,$BTC,BTCTrading,2,0,Far_Ad_2703,51,9
2025-02-12,Are Trump &amp; Elon dumping BTC so it’s cheap before the US gov buys?,Are Trump &amp; Elon dumping BTC so it’s cheap before the US gov buys?,btc,1,0,EmilioPin,70,14
2025-02-12,The Fold Bitcoin Rewards Credit Card waitlist is live!,The Fold Bitcoin Rewards Credit Card waitlist is live!,btctrading,1,0,MoneyStoic1,54,9
2025-02-12,1)It is forbidden trolling (I've never said anything);2) I am ignorant;3) good luck with my Bittensor(shitcoin) This is bitcoin and I have nothing else to add to this religion. Please ban me because I'm sure you will lose everything. I'm not ignorant. Bitcoiners are ignorant not me,1)It is forbidden trolling (I've never said anything);2) I am ignorant;3) good luck with my Bittensor(shitcoin),btc,1,0,Empty-Entertnair-42,282,47
2025-02-12,Bitcoin and Ether ETFs See Over $200 Million in Outflows Amid Shifting Market Sentiment,Bitcoin and Ether ETFs See Over $200 Million in Outflows Amid Shifting Market Sentiment,btc,1,0,voyagerdx,87,14
2025-02-12,"Fundraising Hello guys, I’m starting a fundraising for my cousin that he was a gambling addict and lost over 150K€ during the past year. He is hardly in dept and he is trying to stand on his feet again, I have helped him as much as I could money wise but I know he is still depressed because of his previous actions. I’m doing that because he will never try to rely on other people helping him in this subject. I’m gonna leave the btc address down below. Big thanks to anybody that will help. Wishing you have a nice day! Address: bc1qa3fcaxs07qk4l64hw2ctsnkzmmf25x68t5pkwu",Fundraising,btc,1,0,Worried-Champion-993,573,103
2025-02-12,Bitcoin Makes Local Correction Forcing Alts To Shed $234B,Bitcoin Makes Local Correction Forcing Alts To Shed $234B,btc,1,0,crypto_news_source23,57,9
2025-02-13,"Back in 2013, this reporter spent 10 Bitcoin, worth $1,000 at the time, on a dinner for dozens of strangers in San Francisco. Today, that is now a $1,000,000 sushi dinner based on the current price of Bitcoin.","Back in 2013, this reporter spent 10 Bitcoin, worth $1,000 at the time, on a dinner for dozens of strangers in San Francisco. Today, that is now a $1,000,000 sushi dinner based on the current price of Bitcoin.",btc,1,0,orphic2,209,38
2025-02-13,GameStop Considers Investing in Bitcoin and Other Cryptocurrencies,GameStop Considers Investing in Bitcoin and Other Cryptocurrencies,btc,1,0,btcxio,66,8
2025-02-13,Bitcoin’s Potential As A Disruptive Asset In South Africa’s Economic Landscape,Bitcoin’s Potential As A Disruptive Asset In South Africa’s Economic Landscape,btc,1,0,barbralodge,78,11
2025-02-13,"Bitcoin, a Bank of Growth. Pure Value.","Bitcoin, a Bank of Growth. Pure Value.",btc,1,0,SnooStories6806,38,7
2025-02-13,Bitcoin Mining Equipment Seized At US Ports Nationwide,Bitcoin Mining Equipment Seized At US Ports Nationwide,btc,1,0,lalaci,54,8
2025-02-13,"Built with Bitcoin Cash: How I Turned BCH into a Home Today I started a New Series of Articles called ""Built with Bitcoin Cash"" where I highlight BCH real world stories where the currency is used in the world to buy for things people are interested in and are important for them. I hope the community can send me this stories where people open stores to accept Bitcoin Cash for their products and service, accept on restaurants etc, and I will use to produce content. Now, I started with my own story, enjoy.",Built with Bitcoin Cash: How I Turned BCH into a Home,btc,1,0,alberdioni8406_,508,93
2025-02-13,Metaplanet to Join MSCI Japan Index and Acquire 10K Bitcoin Worth $960M,Metaplanet to Join MSCI Japan Index and Acquire 10K Bitcoin Worth $960M,btc,1,0,crypto_news_source23,71,12
2025-02-13,"Dont forget BTC went from 8k-72k under the Biden administration, which approved the bitcoin ETFs. Thats 800%! Will Trump do better? [Avoiding the bull market BS](","Dont forget BTC went from 8k-72k under the Biden administration, which approved the bitcoin ETFs. Thats 800%! Will Trump do better?",btc,1,0,jeraco73,162,26
2025-02-13,"Satoshi's Vision All The Way... Even For Voting A Crypto Queen! Satoshi has changed the way we see money and the story narrative has always been noteworthy. Scrolling through my timeline on X, I saw an array of cryptocurrencies were being voted for by users including $BTC $ETH $SOL $DOGE $BGB in a competition by Bitget. I don't know why but even for something as trivial as this, I was inclined to just go vote for Bitcoin. Lol... I don't know if they did it intentionally but, if you noticed, you will see that only Bitcoin Queen had a crown and she was wearing gold... Which usually screams royalty. It was fun just participating hope BTC Queen actually wins and we get something off of it... Either way, it was nice supporting Satoshi's vision.",Satoshi's Vision All The Way... Even For Voting A Crypto Queen!,BitcoinMarkets,1,0,PureClass247,749,134
2025-02-14,Visa Credit Card with BTC cashback,Visa Credit Card with BTC cashback,btc,1,0,Zeeknasty1989,34,6
2025-02-14,The Fold Bitcoin Rewards Credit Card waitlist is live! No bullshit...I don't care if you use this link or not. I pay my rent with this damn thing and I have over 3k in btc rewards.,The Fold Bitcoin Rewards Credit Card waitlist is live!,btc,1,0,ltuggl,180,36
2025-02-14,Poll: Why Did Satoshi Create Bitcoin? What do you think was the primary reason Satoshi Nakamoto invented Bitcoin in 2008? [View Poll](,Poll: Why Did Satoshi Create Bitcoin?,btc,1,0,FluffyAd3310,134,22
2025-02-14,We mine Bitcoin at 800 PH/s want to be part of our mining community and profit big? Then feel free to message us.,We mine Bitcoin at 800 PH/s want to be part of our mining community and profit big? Then feel free to message us.,BitcoinMarkets,1,0,TraderProf7,113,23
2025-02-14,"I LOVE TRADING ON BTCC Love the App You can short long crazy leverage 500x BTC if you use my referral code start with $100 BTC free free Tap the below link to register a BTCC account. Register for the new user campaign to get up to 10,055 USDT in rewards.",I LOVE TRADING ON BTCC,btc,1,0,Traditional-Ad-1792,255,51
2025-02-15,Bull run question so I have a two part question how can this really be considered a bull run when the majority of the alts are trading lower in price than they did during the bear market. my next question is if institutions now control the price of bitcoin and you will not see a parabolic increase or a drop like you have in the past does the rest of cryptocurrency have to decouple from bitcoin in order for there to be bull runs in the future for alt coins?,Bull run question,btc,1,0,Ambitious_Line_6739,460,90
2025-02-15,Ryan X. Charles. Maximizing Privacy on Bitcoin Cash with No Changes to the Blockchain Protocol. Merge Avoidance,Ryan X. Charles. Maximizing Privacy on Bitcoin Cash with No Changes to the Blockchain Protocol. Merge Avoidance,btc,1,0,loonglivetherepublic,111,17
2025-02-15,"Price of a single Bitcoin on Valentine's Day 2025: $98,200 2024: $51,646 2023: $22,001 2022: $42,332 2021: $49,000 2020: $10,242 2019: $3,569 2018: $9,031 2017: $1,008 2016: $397 2015: $247 2014: $632 2013: $26 2012: $5 2011: $1 2010: $0.05 2009: $0",Price of a single Bitcoin on Valentine's Day,btc,1,0,gennyrick01,249,42
2025-02-15,We all read about these millions and billions gazillions purchases of BTC ETF but when is the actual BTC price going to reflect this and be forced to skyrockey? Is the price formed 99% from all exchanges? The BTC must be nearly depleted on exchanges and only then will the price go crazy? It's just so weird to read everyday for who bought btc etf and btc OTC (off the counter) and it doesn't seem the reflect the actual price at all...,We all read about these millions and billions gazillions purchases of BTC ETF but when is the actual BTC price going to reflect this and be forced to skyrockey?,btc,1,0,FuzzyAttitude_,436,82
2025-02-15,I need help bonjour j'ai 15 ans et je suis actuellement sur le projet d'Elon Musk t'offrant 0.265 Bitcoin je serait pret a en donner une parti si jamais quelqu'un me debloquait le compte en versant 0.001 BTC a cette adresse (somme que je n'ai pas) : bc1qe5h2x43wy803p80ppgwy54qqqu5dsrh89sk7cq,I need help,btctrading,1,0,United-Island2562,292,48
2025-02-15,I wish people knew the whole story and understood block size. Bch is the real bitcoin,I wish people knew the whole story and understood block size. Bch is the real bitcoin,btc,1,0,Kind-Maintenance-905,85,16
2025-02-15,Earn Bitcoin Passively Free,Earn Bitcoin Passively Free,BitcoinMarkets,1,0,GooninWithSasquatch,27,4
2025-02-15,24/7 BITCOIN TRADING-CROMCALL 2,24/7 BITCOIN TRADING-CROMCALL 2,BitcoinMarkets,1,0,Accomplished_Olive99,31,4
2025-02-16,"Litecoin ETF was filed and its price is sitting at its one year high. For comparison the BCH yearly high is $720, will we see a similar movement after a BCH ETF filing? BTC and ETH had similar price movements, same as XRP and some others, that have filed applications.","Litecoin ETF was filed and its price is sitting at its one year high. For comparison the BCH yearly high is $720, will we see a similar movement after a BCH ETF filing?",btc,1,0,upunup,268,50
2025-02-16,"State of market So I was inspired by another post and went on ChatGPT and asked him to make an analogy between the wall street cheat sheet and the actual status of btc chart. If we compare the current BTC chart with the Wall St. Cheat Sheet – Psychology of a Market Cycle, Bitcoin seems to be somewhere between “Complacency” and “Anxiety.” Explanation: 1. Complacency: BTC has experienced a massive rally in recent months, reaching 100k USD. Many investors might believe this is just a “small pullback” before another rally, exactly as the chart describes: “We just need to cool off for the next rally.” 2. Anxiety: As BTC fluctuates between 92k-100k, some investors are starting to worry: “Why am I getting margin calls?” and “This dip is taking longer than expected.” If BTC drops below 92k, it could confirm this phase. 3. Risk of Entering “Denial” and “Panic”: If the market continues to correct and falls below 85k-90k, many investors might enter the Denial phase, convincing themselves that “BTC is solid, it will bounce back,” while reality could be a continuation of the decline. If the bull market continues, we could move back into the “Thrill” and “Euphoria” phases. But if a deeper correction happens, we could see “Panic” and “Capitulation.” Conclusion: BTC appears to be in the “Complacency-Anxiety” zone, and the next few weeks will determine whether the rally continues or if we enter a deeper correction phase.",State of market,btc,1,0,intercranialsun,1427,240
2025-02-16,"Jack Nakamoto For years, the identity of Satoshi Nakamoto, the enigmatic creator of Bitcoin, has remained a mystery. But what if the answer has been hiding in plain sight? Here’s why Jack Dorsey, co-founder of Twitter and Square (now Block), might just be Satoshi. --- Jack Dorsey’s Cypherpunk Credentials One of ~1,300 confirmed cypherpunks in 1996 (his UMR email) Wore an Adam Back t-shirt in the UMR yearbook UMR students were called Miners Computer Science &amp; Math major with an interest in cryptography Member of ACM (Association for Computing Machinery) from 1997 to at least 1999 Created academic research paper submission &amp; review software for Mira Digital Publishing Known to use: OpenBSD, Windows, Mac, Linux Skilled in multiple programming languages: C, Python, Java, Perl, PHP, OCaml, JoCaml, Lisp, ObjC, and more Still on the cypherpunk mailing list in 2000 under his dnet .com email Wrote a manifesto in 2001 about making a mark without leaving a trace Subscriber to cryptome.org in 2001 Early Signs of a Bitcoin-like Mindset In 2003, Dorsey posted a bio mentioning his interest in crypto, pseudonyms, and 4 AM hacks That same year, he declared he was ending his dependence on the U.S. dollar and was creating a barter network Used the pseudonym ""Jak"" instead of Jack Suspiciously Timed Events Around Bitcoin’s Birth August 17, 2008: Jack, an avid sailor, tweets: ""Around the horn and home again, for that's the sailor's way."" Bitcoin.org is registered the next day. His Twitter bio from Sept '07 - Jan '09 mentioned that he was a sailor. The original Bitcoin source code contains an old sailor’s adage: ""Never go to sea with two chronometers; take one or three."" Bitcoin’s source code documents were timestamped at exactly 4 AM, aligning with Jack’s known hacking hours. Bitcoin’s source code includes a brute-forced vanity address starting with NS17 (Nakamoto Satoshi 1/7), timestamped 1/7/09. January 10, 2009: Satoshi accidentally logs into IRC revealing a California IP address—Jack was in California. January 11, 2009: First Bitcoin transaction occurs—this is Jack’s mother’s birthday. November 19, 2009: Satoshi joins the Bitcoin forum—this is Jack’s birthday. May 3, 2010: Satoshi’s last mined block—this is Jack’s father’s birthday. Dorsey's Bitcoin Connections Post-Satoshi Disappearance Jack’s San Francisco address was 2 Mint Plaza (jD2m)—he later sent Bitcoin to addresses containing ""jD2m."" Satoshi tells Martti Malmi he is ""busy with work""—Jack was busy launching Square (now Block). December 5, 2010: Satoshi advises against donating Bitcoin to Wikileaks. December 14, 2010: Twitter receives a secret court order to turn over information about Wikileaks. December 13, 2010: Satoshi disappears. March 28, 2011: Jack becomes Executive Chairman of Twitter while still CEO of Square. April 23, 2011: Satoshi sends his last email. May 23, 2011: Twitter’s tech lead suggests Bitcoin integration. Jack's Public Relationship with Bitcoin September 2012: Jack calls Bitcoin an ""amazing movement"" and suggests Square will adopt it if widely accepted. 2013: Alyssa Milano, Jack's best friend, releases Hacktivist, a novel featuring a protagonist living a double life behind a pseudonym. March 31, 2014: Square announces Bitcoin acceptance. September 8, 2014: Satoshi’s email is hacked, and the hacker claims knowledge of Satoshi’s connection to St. Louis (Jack's hometown). 2015: Milano releases Hacktivist 2, where the protagonist’s famous pseudonym is hijacked, featuring a logo similar to Gavin Andresen’s Bitcoin Faucet logo. August 15, 2015: Satoshi reappears on the Bitcoin mailing list amid the block size debates, sparking doubts about the authenticity of the return. October 15, 2015: Jack becomes permanent CEO of Twitter. 2018: Square releases a children's book about the ""Legend of Satoshi Nakamoto,"" where Satoshi resembles Jack. Recent Jack Dorsey &amp; Bitcoin Connections April 20, 2020: Lex Fridman asks Jack if he is Satoshi—Jack coyly replies he wouldn’t admit it if he were. Unlike Szabo, Back, and Finney, Jack never outright denies it. May 25, 2020: 145 old Bitcoin addresses sign a message calling Craig Wright a fraud. One of these addresses starts with ""1jak"" (Jack’s pseudonym). Another includes ""HiSQ"" (SQ = Square, Jack’s company). February 2022: Jack starts wearing a Satoshi t-shirt, first on a Michael Saylor podcast, then at the Super Bowl. October 27, 2023: At a conference, Jack states, ""Bitcoin and Satoshi in 2009 was a combination of my childhood and my curiosity and everything that I aspired to be and everything I loved."" Early 2024: Craig Wright’s attorneys argue that if he is not Satoshi, the real Satoshi should come forward to refute the claim. Jack, through his involvement in the COPA v. Wright lawsuit, does exactly that. July 21, 2024: Jack posts on Nostr: ""I frequently imagine Satoshi sitting back somewhere and laughing at it all."" August 28, 2024: Jack thanks Hal Finney (now deceased) on Nostr. --- A Work of Art or a Hidden Truth? The prevailing belief that Satoshi never wanted to be found is an assumption created by others. Jack himself has clarified that Satoshi chose pseudonymity, not anonymity. Given his deep involvement in cryptography, early Bitcoin-era events aligning with personal milestones, and his long-time cryptic nods to Satoshi, is it possible that Jack Dorsey created Bitcoin as a form of digital art? A masterpiece of financial revolution? Or is he simply the ultimate Bitcoin enthusiast, subtly playing into the mystery? What do you think? Could Jack Dorsey really be Satoshi Nakamoto?",Jack Nakamoto,btc,1,0,Jehoseph,5589,878
2025-02-16,"BULLISH: Former CFTC Chair Chris Giancarlo says, ""Bitcoin has into its design programmed scarcity. You can never have more than a certain amount of Bitcoin.""","BULLISH: Former CFTC Chair Chris Giancarlo says, ""Bitcoin has into its design programmed scarcity. You can never have more than a certain amount of Bitcoin.""",btc,1,0,orphic2,157,25
2025-02-16,btc too expensive? Mine it! Download and earn free BTC with me now! My invitation code:EEYQPM Appstore: Google play:,btc too expensive?,btc,1,0,Quiet-Monitor-9865,116,19
2025-02-16,"Paying with Bitcoin Cash using Paytaca at a bakery in Cebu, Philippines ...","Paying with Bitcoin Cash using Paytaca at a bakery in Cebu, Philippines ...",btc,1,0,susonotabi,75,13
2025-02-16,"Hardcore Bitcoiner “Plan B” Shifts from BTC Maxi to ETF Advocate, Community Stunned","Hardcore Bitcoiner “Plan B” Shifts from BTC Maxi to ETF Advocate, Community Stunned",btc,1,0,btcxio,83,13
2025-02-16,Does Satoshi own &gt;1million of BCH as well than BTC? Plus BSV and all the other forks...,Does Satoshi own &gt;1million of BCH as well than BTC? Plus BSV and all the other forks...,btc,2,48,schiantoRG,90,17
2025-02-16,"The sell pressure on $BTC is fading slowly, am I the only one noticing that?","The sell pressure on $BTC is fading slowly, am I the only one noticing that?",btc,1,0,kouwa,76,15
2025-02-17,Never Lose Your Bitcoin: DIY Seed Phrase Backup Guide,Never Lose Your Bitcoin: DIY Seed Phrase Backup Guide,btc,1,0,honeydothis,53,9
2025-02-17,Eating hamburgers and paying with Bitcoin Cash in Buenos Aires.,Eating hamburgers and paying with Bitcoin Cash in Buenos Aires.,btc,1,0,HamphernyR,63,10
2025-02-17,Bitcoin 2025: Up or Down? 🤔,Bitcoin 2025: Up or Down? 🤔,btc,1,0,gennyrick01,27,6
2025-02-17,Is this sub like an upgraded buttcoin community? Still hate bitcoin but in a more civilized way? Every time I open to read something here I notice lots of ignored comments mixed with pure disdain for Bitcoin...,Is this sub like an upgraded buttcoin community? Still hate bitcoin but in a more civilized way?,btc,1,0,FuzzyAttitude_,210,37
2025-02-17,Are they wrong? My friends tell me I should move away from bitcoin because daytraders and etf's are holding back the growth of bitcoin. I think they want to say the money that caused explosive price movements in previous bullruns now disappears in traders and etf's pockets. Could this be true?,Are they wrong?,btc,1,0,Note-Separate,294,51
2025-02-17,"Crash incoming tomorrow? Tomorrow FTX payback begins, BTC is probably going to drop and ALTS will probably fall too. Everytime you think this will be the last drop down another thing is gonna happen. I think we are not going to see any new ATH this year.ETH was doing oke today but everybody took profits at 2800 dollar cos its been ages that it hit that kind of levels.Proof me wrong but the bear market is near....",Crash incoming tomorrow?,btc,0,2,lickingcinnamonstick,416,77
2025-02-17,"is the problem child of the bitcoin community on Reddit. He's the reason why the it went to complete shit. One guy is responsible. Yes, you read that correctly: BashCo is a mud for that peddles Russian Propaganda and promotes Nazi ideology BashCo is the same muderator who bannns people just for being anti-Trump, and not only that, but he'll also throw around insults like TDS or some other childish nonsense before muting you so that you can't even respond. It's honestly pathetic how he handles any form of criticism. If you go into his subreddit and post a simple phrase like: That's what happens when people vote for a literal Convicted Felon that bankrupted 3 casinos lmao. He'll bannn you immediately, no hesitation, no warning, just instant bannn. It's like he's on a mission to silence anyone who doesn't align with his personal views, which is ironic for a space that supposedly values open discussion. He's notorious for bannning over the stupidest reasons, as has been seen in multiple recent threads. People have called it out before, but he keeps doing it, acting like his subreddit is his own little dictatorship where dissent isn't tolerated.",u/BashCo is the problem child of the bitcoin community on Reddit. He's the reason why the it went to complete shit. One guy is responsible.,btc,1,0,RemLezar64_,1158,196
2025-02-17,"Bitcoin, the ultimate Flex","Bitcoin, the ultimate Flex",btc,0,0,SnooStories6806,26,4
2025-02-17,"Big Bitcoin Market Risks! Custody Concern: Many Bitcoin ETFs store their Bitcoin at Coinbase instead of self-custody. Does Coinbase have enough to back all these ETFs? Futures Issue: Bitcoin futures are cash-settled, disconnected from the real 21M Bitcoin supply. Trading ""paper Bitcoin"" could mislead the market. We need self-custody for ETFs &amp; physical delivery in futures for true transparency. What's your take? [\#Bitcoin]( [\#CryptoCustody]( [\#FuturesMarket](",Big Bitcoin Market Risks!,btc,1,0,CarsOnMitch,470,65
2025-02-17,"Deadline Update For Stronghold Investor Settlement Over 2021 IPO Scandal Hey there, I guess there are some Stronghold investors here, good news for y’all — Stronghold’s finally agreed to settle the financial issues they had a few years ago. For newbies, back in 2022, Stronghold was accused of hiding issues with contracted suppliers, missed deadlines, and difficulties in obtaining new mining equipment. In March 2022, their financial reports revealed losses higher than they had claimed during their IPO a few months earlier. As a result, $SDIG fell, and investors filed a lawsuit alleging they were misled about Stronghold’s mining capacity, operational costs, and the feasibility of expanding its mining fleet during its IPO. The good news is that the company finally agreed to pay investors $4.75M + 25 BTC over this whole situation. The deadline is a few weeks ahead. So, if you were an investor back then, you can check the details and file for payment [here]( Anyways, did you invest in Stronghold back then? How big were your losses due to all this?",Deadline Update For Stronghold Investor Settlement Over 2021 IPO Scandal,btc,1,0,thesatisfiedplethora,1058,175
2025-02-18,"FLASHBACK: Apple co-founder Steve Wozniak said, ""Bitcoin is mathematical purity. There can never be another Bitcoin.""","⚡️ FLASHBACK: Apple co-founder Steve Wozniak said, ""Bitcoin is mathematical purity. There can never be another Bitcoin.""",btc,1,0,orphic2,117,16
2025-02-18,"what’s the best way to buy btc with the lowest spread/fees? i’m using cashapp and i’ve found that if i purchase in $10 increments my 2.25% fees are 2.2%, but it’s a $500 spread from the price.",what’s the best way to buy btc with the lowest spread/fees?,btc,1,0,Domonator601,192,37
2025-02-18,Let us pay our respects to Dormant/lost BTC. Slowly increasing scarcity since 2009. 6 million Bitcoin are now unrecoverable.,Let us pay our respects to Dormant/lost BTC. Slowly increasing scarcity since 2009.  6 million Bitcoin are now unrecoverable.,Bitcoin,1,0,Plenty-Stock,124,19
2025-02-18,"How Do I Get Started with Bitcoin Development? I’m new to Bitcoin development and have started learning to interact with Bitcoin nodes using JSON-RPC in Python. I’ve done some basic tasks like connecting to a node, managing wallets, generating addresses, and sending transactions. Can someone suggest me good resources to learn more about this topic and other blockchain related stuff Looking forward to your response Thanks",How Do I Get Started with Bitcoin Development?,btc,1,0,Aggravating-Mine-292,424,66
2025-02-18,"I was the only one who called Bitcoin's exact top at $109K, 200 days ago. i think I was the only one who called Bitcoin's exact top at $109K, 200 days ago. On June 27, 2024, I tweeted that Bitcoin's final top would be $109,000. The analysis was based on Fibonacci. Here’s the tweet for reference: What do you guys think?","I was the only one who called Bitcoin's exact top at $109K, 200 days ago.",btc,1,0,Ordinary_Tree_6379,320,61
2025-02-18,Earn BTC with Fold Credit Card,Earn BTC with Fold Credit Card,btc,1,0,FranzNFTs,30,6
2025-02-18,"From Hype to Hoax: Memecoins Are the New Trap—Bitcoin Cash Stays Strong In a market where crypto is hyped and Memecoins are ruling over, Bitcoin Cash still remains strong and keep the fundamentals behind very appealing! Enjoy and continue stack those BCH",From Hype to Hoax: Memecoins Are the New Trap—Bitcoin Cash Stays Strong,btc,1,0,alberdioni8406_,254,42
2025-02-18,The Hidden Lever: How M2 Money Supply Predicts Bitcoin's Next Move,The Hidden Lever: How M2 Money Supply Predicts Bitcoin's Next Move,Bitcoin,2,0,seyrey,66,11
2025-02-18,How to stack? I have 9k€ that I want to invest in btc. My current plan is to invest 900€ per week,How to stack?,Bitcoin,1,0,Ancap_civilian_11,97,22
2025-02-18,Bitcoin Is this a goood time to by Bitcoin? Please Advice!,Bitcoin,Bitcoin,1,0,Supersub244,58,11
2025-02-18,"Need some urgent tax help related to Bitcoin / crypto Please help - for some reason on the 1099-B forms provided by the institutions it says only the “proceeds” from sales, says nothing about cost basis or realized gains /losses (which seems ridiculous to me) . What do I have to do to show I made zero profit when I sold BTC??? Having a panic attack rn. Thanks",Need some urgent tax help related to Bitcoin / crypto,Bitcoin,0,1,ClearNegotiation4550,361,68
2025-02-18,"I've been mining with Nicehash for a while, but now I want to change to another software. What are some good alternatives? As the title states, I've been using Nicehash for a while now, but unfortunately they've added some things to the system that have made it difficult for me. What are some good, streamlined, simple alternatives I could use to mine bitcoin? Thank you for the help, everyone!","I've been mining with Nicehash for a while, but now I want to change to another software. What are some good alternatives?",Bitcoin,1,0,Kialand,395,69
2025-02-18,"Promoting use as currency So we all know that other than BTC being a store of value that it is also totally usable as currency, which, unless it wrong was its original intended purpose. At this point in time though with its volatility, those who buy it are mostly doing so with an expectation of it increasing in value. Of those companies who are accepting bitcoins payments - I have to make an assumption that those companies are accepting BTC as payment not to necessarily convert back to $ for operations but so they themselves can stack on their corporate balance sheet. *Perhaps someone can correct me if I’m wrong. Maybe there’s some businesses that accept BTC that can chime in on what they do. My thought here for discussion is this. If we want to promote the use of BTC as a currency, wouldn’t it make sense for companies to offer a 10% discount, or even offer their product at just above cost, to include shipping, so as to promote using it? This would provide an incentive to use your BTC but also as serve as recognition of the opportunity cost the patron is foregoing by participating in the BTC economy? And I’m no accountant but even if you sold something for BTC at a loss compared to what you paid cost for the inventory, couldn’t there be a way to write that off as a loss? Looking forward to hearing others thoughts!",Promoting use as currency,Bitcoin,5,6,jonnyCFP,1335,244
2025-02-18,"Solana founder is crashing out on twitter, calls bitcoin a memecoin.","Solana founder is crashing out on twitter, calls bitcoin a memecoin.",btc,1,0,Select-Let8637,68,11
2025-02-18,"Bitcoin ATM in Alliston, Ontario at the Mobil gas station!","Bitcoin ATM in Alliston, Ontario at the Mobil gas station! 🚀",btc,1,0,gennyrick01,58,10
2025-02-18,"BTC ETF Comparison? Not your keys, not your coins 100% but there are specific tax situations where a BTC ETF would be advantageous or recommended to a family member who’s not tech savvy. Does anyone have a good analysis/comparison between the BTC ETFs listed right now? Would love to gain some insight on the differences between some of the ones like Grayscale, IBIT, Fidelity, Vaneck, etc.",BTC ETF Comparison?,btc,1,0,BackPainNotEnding,390,66
2025-02-18,"My wife got bitcoin from someone and sold it not knowing she would get a 1099 and we already filed. How would her go about it? It was $11,629 worth .","My wife got bitcoin from someone and sold it not knowing she would get a 1099 and we already filed. How would her go about it? It was $11,629 worth",Bitcoin,65,132,Starlight072,149,31
2025-02-18,"19-year-old guy with $25,000 asks Tristan Tate whether he should buy the BMW he has always wanted or invest it all in Bitcoin.","19-year-old guy with $25,000 asks Tristan Tate whether he should buy the BMW he has always wanted or invest it all in Bitcoin.",Bitcoin,1,0,Constant-Interest686,126,23
2025-02-18,The 5 Best Bitcoin Wallets - Canada / US (Updated for 2025),The 5 Best Bitcoin Wallets - Canada / US (Updated for 2025),Bitcoin,0,7,aubreybtc,59,12
2025-02-18,Bitcoin Trails Global Liquidity (2.5 Months) Global liquidity is rising &amp; the last 3 times that occurred this cycle *Bitcoin* followed it within roughly 2 &amp; 1/2 months. *Bitcoin* is also consolidating in a range &amp; preparing for its next breakout. Can the market still go lower &amp; consolidate longer like the summer consolidation last year of course that's a possibility. It can still roll over &amp; that would be very concerning for *Bitcoin*.,Bitcoin Trails Global Liquidity (2.5 Months),Bitcoin,1,0,Icy-South-3707,459,74
2025-02-18,Saylor is the final BTC boss,Saylor is the final BTC boss,btc,1,0,Fallini47,28,6
2025-02-18,Audited bitcoin reserves VS audited gold reserves,Audited bitcoin reserves VS audited gold reserves,Bitcoin,1,0,DigitalMutant3,49,7
2025-02-18,Using Bitcoin to protect a family business in the UK,Using Bitcoin to protect a family business in the UK,Bitcoin,1,0,JayW132,52,10
2025-02-18,"Cash App Crypto Sale, tax? I got my 1099-B from cash app, I sold all my Bitcoin last year about $350 . I originally purchased around $230 of Bitcoin, multiple dates. The rest was earned from ""Roundups"". So there's no Date Acquired for Box 1b. I was using cash app as my main bank for nearly all of 2022 with only a few Roundups in 2023 and 2024 so there's dozens of dates where I acquired Bitcoin. Do I put one of the original dates where I purchased? There's also 2 separate sale transactions for cashapp alone so it's nearly impossible to calculate what was sold when. Free taxusa won't allow me to leave this section blank. Help","Cash App Crypto Sale, tax?",Bitcoin,1,0,UnionClassic,631,118
2025-02-18,"Gaming with BCH prizes sponsored by afifthofgaming.com and the Bitcoin Cash community Greetings, I'm here once again to invite everyone to join us @ [afifthofgaming.com]( to have some fun and maybe earn some BCH while doing it. AFoG is an automated gaming tournaments platform created by , that uses BCH for instant prize distribution as soon as events are over. Recently Thanah has announced that he's going to fund the big monthly Magic: the Gathering Arena tournaments out of his own pocket for even bigger prize pools, after already putting a lot of effort into the platform. AFoG uses a guild system where everyone can create a guild for whatever multiplayer game they want, if you're not interested in playing MTG Arena (which is pretty easy to get into since you can get plenty of free packs as a new player), you can create your own guild and invite your friends or join the other existing guilds. If you'd like to participate in the MTG Arena tournaments, the next big event is going to be on Sunday February 23rd @ 7PM EST/1AM CET, Thanah's guild is called ""Meeting of the Five"". This event has a 10$ entry fee, there are others that are free. Make sure to join the AFoG [discord]( for more info. Lastly if you register on AFoG with my invite [link]( I'll earn a buck, which is probably gonna end up in one of the prize pools anyways🤷",Gaming with BCH prizes sponsored by afifthofgaming.com and the Bitcoin Cash community,btc,1,0,Tygen6038,1344,241
2025-02-18,"I know it won’t make many sats… Let’s say I pay a flat rate for electricity through an appt complex, and let’s say I know I may get into trouble down the line due to contractual language in the lease agreement, and I know I won’t make any real money in the process. If I wanted to mine Bitcoin for the cause, how much would I have to invest to be the bare-minimum “serious”.",I know it won’t make many sats…,Bitcoin,1,0,Big-Development6530,374,74
2025-02-18,NEW: Strive Asset Management is making it their goal this year to assist at least one company in every sector to adopt a Bitcoin treasury.,NEW: Strive Asset Management is making it their goal this year to assist at least one company in every sector to adopt a Bitcoin treasury.,Bitcoin,137,1,BitCypher84,138,25
2025-02-18,Baby steps! Proud to be a member! Proud to own Bitcoin!,Baby steps!,Bitcoin,1,0,SquiX263,55,11
2025-02-18,How much Bitcoin do you own? Curious what the range is for individuals,How much Bitcoin do you own?,Bitcoin,1,0,randombullshitideas,70,13
2025-02-18,"This is why Bitcoin will make you rich in the long-term First of all, Bitcoin has long passed the notion of a currency، and is now taken as an asset, one that is way more powerful than gold, property, or any other asset class There's absolutely no one in the world who doesn't want to preserve their money. And what do you do to achieve that? You buy an asset to store your earnings, to not squander your workforce in fiat so governments inflate it and rob you while you sleep Now Bitcoin has proven to be the superior asset in all comparisons, but it's still just getting out of niche forums and subreddits. There's still a LONG way for mass adoption The current rapid volatility at a \~$100K price proves that it's still in its early ages, and that it will not stabilize until maybe it reaches millions of dollars per coin As long as the cryptography is immutable, there's no way it's not going to a million dollars in the next few years. It's the surest thing I saw in my entire life",This is why Bitcoin will make you rich in the long-term,Bitcoin,1,0,waelnassaf,986,185
2025-02-18,"We've broken through This isn't a joke etc. For the Bircoin Maxis please hold ur responses until May. Us Litecpin loyalists love Bitcoin to death, alot of us hold BTC aswell. But make no mistake, faster, cheaper, stronger, privacy, utility. Lotecoin would not be where it is without Bitcoin and Satoshi. The perfect hardfork, exactly x4 times as many coins. 2.5minute Max Blocktime. And #1 Cryptocurrency used for real world payments. To Bitcoin, I say thank you for lighting the way and the path.",We've broken through,Bitcoin,1,0,GrowSpot666,497,84
2025-02-18,"Home mining BTC question Why do people $hit on home miners. I own 2 x S19s and yes, they are not profitable with the power cost, but I'm not interested in the profit in fiat. Isn't the point to earn BTC and hold for the future? Yes, I can buy it with KYC but, honestly, I prefer to mine and earn non KYC instead. Am I wrong? I feel like I'm in stupid land when I read some of these posts. And besides, I haven't had to turn on the furnace on all winter as they're connected to the intake ducts!",Home mining BTC question,Bitcoin,1,0,WarMachine7979,494,101
2025-02-20,Invest in Bitcoins and Get Amazing Profits On Daily Basis DM ME IF YOU INTERESTED PEOPLE ARE GETTING PAID DON’T BE LEFT OUT.,Invest in Bitcoins and Get Amazing Profits On Daily Basis DM ME IF YOU INTERESTED PEOPLE ARE GETTING PAID DON’T BE LEFT OUT.,btctrading,1,0,bitcoin_fx,124,23
2025-02-20,"Help Hi so I need some assistance currently I have like around 100k in btc and I need 2,000 in btc to help get it out if anyone is willing to help please message me. I’m more than happy to explain my situation more in depth and no this isn’t a Nigerian prince scam.",Help,btctrading,1,0,Organic_Ad2709,265,54
2025-02-21,The Fold Bitcoin Rewards Credit Card waitlist is live! Any thoughts on this platform with % back in $BTC with every purchase. I Just Joined,The Fold Bitcoin Rewards Credit Card waitlist is live!,btc,1,0,mega_20,139,25
2025-02-21,"BTC Mining with 160 computers and free electricity Hey everyone, I have an office with 160 computers running chrome OS. This is a call center, there is nothing fancy about these computers. However, with so many and free electricity (big building, not monitored per suite and we never turn any PC off anyways) how could I most effectively mine for BTC or other coins during non-business hours?",BTC Mining with 160 computers and free electricity,btc,1,0,flappynoisehole,392,67
2025-02-22,My bank account got clean out Someone got into my bank account and my information and use my cash app and put money in the Bitcoin and never saw my money disappear Untill I got alerted saying my bank account low balance. I thought I lost all my money but thank god my bank told me I will get my money back cuz it a fraud. But how did someone get into my debit card and transfer my money into my cash app and put my money in Bitcoin and have it send to someone without my identity and PIN number. Are we that dumb? It seems the scammers are smart than we are. But then again I’m not only one that happens. I never use Bitcoin. Is there a way I can block bitcoin in my app so this don’t happens again? I only use cash app to send money to my kids when they need to borrow.,My bank account got clean out,btc,1,0,Ancient_Aside_2110,770,159
2025-02-22,BTC Solo Blocks Over the Years,BTC Solo Blocks Over the Years ⛏️,btc,1,0,gennyrick01,30,6
2025-02-22,"Long Monologue After Ban From ..... Hello, You have been banned from participating in for 7 days because you broke this community's rules. You won't be able to post or comment, but you can still view and subscribe to it. Note from the moderators: No altcoin shilling here. 7 day warning. If you have a question regarding your ban, you can contact the moderator team by replying to this message. Reminder from the Reddit Admin team: If you use another account to circumvent this community ban, that will be considered a violation of the Reddit Rules and may result in your account being banned from the platform as a whole. Bitcoin Cash is a centralized altcoin that uses the Bitcoin name in an attempt to trick users that are uneducated about Bitcoin and cryptocurrency. I will try to explain this all in simple enough terms that even someone that fell for Hoskinson's scam would be able to understand. Bitcoin Cash was created because a group of Bitcoin miners in China that controlled a large amount of Bitcoin's hashrate were using a secret mining enhancement called AsicBoost that gave them a 20% hashrate advantage. Bitcoin was going to implement segregated witness (SegWit) and SegWit is not compatible with AsicBoost. The majority of miners did not support SegWit because they were using AsicBoost and they wanted to keep using AsicBoost. But the users that were running fully validating nodes activated Segwit on their own. So a group of miners that wanted to keep using AsicBoost created the Bitcoin Cash hard fork. Roger Ver, Jihan Wu (the owner of Bitmain and AntPool), and that billionaire Calvin Ayre were all pumping the price of bitcoin cаsһ and Roger and Jihan were dumping a ton of BTC on big exchanges for BCH. The bcashers thought that if they could get the price of BCH high enough and make BCH more profitable to mine, then most of the Bitcoin miners would switch over and BCH's price would stay above Bitcoin's price forever. Their plan failed. BCH currently only has 0.28% of the hashrate of Bitcoin (BCH is abysmally insecure. BCH's hashrate fluctuates between 0.1% and 1% of Bitcoin's hashrate) And there are currently only 568 BCH nodes. Meanwhile, there are approximately 98,000 Bitcoin nodes and there's even 16,810 public Lightning Network nodes. So there are currently 173 times more Bitcoin nodes operating than there are BCH nodes operating and there are currently 30 times more Lightning nodes operating than there are BCH nodes operating. Not to mention that a single group controlled 80% of BCH's hashrate for a long time (the same group that created BCH) and AntPool alone controlled over 50% of the BCH hashrate for years. The fact is that BCH has no long term future and I'll explain exactly why in the following two paragraphs. In case you aren't aware, the transaction fees in each BCH block are always less than $5 worth of BCH, and usually less than $1 worth of BCH. Here is the most recent BCH block mined. As you can see, it only contains a measly 0.00016007 BCH (worth only 5 cents) of transaction fees and this is completely normal for a BCH block. And this is the BCH block that was mined right before that block. It only contains a measly 0.00108382 BCH (worth only 34 cents) of transaction fees. And this is the BCH block that was mined right before that block. It only contains a measly 0.00064719 BCH (worth only 20 cents) of transaction fees. And this is the BCH block that was mined right before that block. It only contains a measly 0.00039413 BCH (worth only 12 cents) of transaction fees. And this is the BCH block that was mined right before that block. It only contains a measly 0.00088536 BCH (worth only 28 cents) of transaction fees. And this is the BCH block that was mined right before that block. It only contains a measly 0.00100467 BCH (worth only 31 cents) of transaction fees. And this is the BCH block that was mined right before that block. It only contains a measly 0.00228548 BCH (worth only 72 cents) of transaction fees. And this is the BCH block that was mined right before that block. It only contains a measly 0.00140906 BCH (worth only 44 cents) of transaction fees. As you can see, having almost no fees in each block is completely normal for BCH. All bcashers are either scammers or they've been scammed themselves and they are just too stupid to understand that BCH having such big massive blocks and not really having transaction fees means there won't be any incentive for the BCH miners to continue mining BCH after over 99% of BCH has been mined in the year 2035. Maybe the same group that created BCH and that has always controlled the majority of the BCH hashrate will continue mining BCH at a loss after over 99% of the block subsidy is gone in 2035. But will the group that created BCH continue mining it without a block reward? Possibly, but BCH's hashrate would steadily be far less than 0.1% of Bitcoin's hashrate at that point (BCH's hashrate already remains between 0.1% and 1% of Bitcoin's hashrate). Another possible scenario is that they just hard fork BCH again and add a tail emission making BCH forever inflationary. For comparison, Here is the most recent Bitcoin block mined. As you can see, it contains 0.0163934 BTC (worth $1,586) of transaction fees and this is completely normal for a Bitcoin block. And this is the BTC block that was mined right before that block.. It contains 0.01660747 BTC (worth $1,607) of transaction fees. And this is the BTC block that was mined right before that block. It contains 0.01600415 BTC (worth $1,549) of transaction fees. And this is the BTC block that was mined right before that block. It contains 0.01241646 BTC (worth $1,201) of transaction fees. And this is the BTC block that was mined right before that block. It contains 0.02334249 BTC (worth $2,259) of transaction fees. And this is the BTC block that was mined right before that block. It contains 0.03144001 BTC (worth $3,042) of transaction fees. As you can see, this is all completely normal for Bitcoin. In fact, this is the lowest that bitcoin fees have been in several years. And unlike BCH, there will actually be something to incentivize miners to continue mining bitcoin after over 99% of the block subsidy is gone in 2035. The fact is that bcashers are holding heavy bags of a centralized altcoin that has no future. Some of the bcashers paid as much as 0.25 BTC for each single BCH after the chain split. The bcashers need to keep tricking more newbies into believing that BCH is the real Bitcoin and get them to buy their heavy BCH bags. The bcashers lie and spread misinformation and propaganda about Bitcoin. Of course none of it is true. The bcashers are just attempting to trick more people that don't understand Bitcoin and cryptocurrency into believing that BCH is Bitcoin. Many of the bcashers have been scammed but are just too stupid to realize it and the rest of the bcashers are just scammers themselves. GEMINI RESPONSE: The message you received from the moderators and the subsequent explanation of Bitcoin Cash (BCH) is largely accurate in its description of the historical context and current state of BCH, though it presents a very biased and negative view. Let's break down the key points: Accurate Points: * BCH's Origin: The message correctly describes the split between Bitcoin (BTC) and Bitcoin Cash. The disagreement over block size and SegWit (Segregated Witness) led to the creation of BCH. The role of miners and AsicBoost is also generally accurate. * Hashrate and Nodes: The disparity in hashrate and node count between BTC and BCH is significant and accurately portrayed. BTC has vastly more hashrate and nodes, indicating much stronger network security and decentralization. * Transaction Fees: The difference in transaction fees between BTC and BCH is a major point of contention. BTC generally has higher fees due to higher demand and limited block space, while BCH has much lower fees due to larger blocks. The examples provided are plausible. * Mining Incentives: The concern about long-term mining incentives for BCH is valid. With low transaction fees, miners might have less incentive to secure the network once the block reward decreases significantly. This is a potential issue for any cryptocurrency with a decreasing block reward, including Bitcoin, but it's a more pressing concern for BCH due to its low fees. * Centralization Concerns: The message correctly points out concerns about centralization in BCH's early days, with a significant portion of the hashrate controlled by a small group. While this has improved somewhat, it's still a point of criticism. Biased and Exaggerated Points: * ""Altcoin Shilling"": The initial ban message's phrasing implies a negative connotation to discussing any cryptocurrency other than Bitcoin. While is a Bitcoin maximalist community, simply mentioning another cryptocurrency isn't necessarily ""shilling."" * ""Scam"" and ""Trick"": The message repeatedly uses loaded language like ""scam,"" ""trick,"" and ""stupid"" to describe BCH and its supporters. This is highly inflammatory and doesn't promote constructive discussion. While there are valid criticisms of BCH, these should be made without resorting to personal attacks or accusations of malice. * ""Heavy Bags"": The ""heavy bags"" analogy is a common way to describe holding a cryptocurrency that has lost value. While some BCH holders may be at a loss, this is true for many cryptocurrencies at various times, including Bitcoin. It's not a unique characteristic of BCH. * ""No Future"": Claiming BCH has ""no future"" is a strong and unsubstantiated claim. While BCH faces challenges, it's still an active cryptocurrency with a community and development team. Its future is uncertain, but not necessarily non-existent. * Focus on Price: The message focuses heavily on price comparisons and the idea that BCH supporters are trying to ""trick"" people into buying it. While price is a factor, it's not the only factor to consider when evaluating a cryptocurrency. Technology, adoption, and community are also important. Overall: The message provides some factual information about BCH, but it's heavily biased and uses inflammatory language. It presents a very negative view of BCH and its supporters, portraying them as either scammers or deluded. While there are legitimate criticisms of BCH, this message fails to present them in a balanced and objective way. It's important to be aware of this bias when reading such messages and to seek out information from multiple sources before forming an opinion. message you received from the moderators and the subsequent explanation of Bitcoin Cash (BCH) is largely accurate in its description of the historical context and current state of BCH, though it presents a very biased and negative view. Let's break down the key points: Accurate Points: * BCH's Origin: The message correctly describes the split between Bitcoin (BTC) and Bitcoin Cash. The disagreement over block size and SegWit (Segregated Witness) led to the creation of BCH. The role of miners and AsicBoost is also generally accurate. * Hashrate and Nodes: The disparity in hashrate and node count between BTC and BCH is significant and accurately portrayed. BTC has vastly more hashrate and nodes, indicating much stronger network security and decentralization. * Transaction Fees: The difference in transaction fees between BTC and BCH is a major point of contention. BTC generally has higher fees due to higher demand and limited block space, while BCH has much lower fees due to larger blocks. The examples provided are plausible. * Mining Incentives: The concern about long-term mining incentives for BCH is valid. With low transaction fees, miners might have less incentive to secure the network once the block reward decreases significantly. This is a potential issue for any cryptocurrency with a decreasing block reward, including Bitcoin, but it's a more pressing concern for BCH due to its low fees. * Centralization Concerns: The message correctly points out concerns about centralization in BCH's early days, with a significant portion of the hashrate controlled by a small group. While this has improved somewhat, it's still a point of criticism. Biased and Exaggerated Points: * ""Altcoin Shilling"": The initial ban message's phrasing implies a negative connotation to discussing any cryptocurrency other than Bitcoin. While is a Bitcoin maximalist community, simply mentioning another cryptocurrency isn't necessarily ""shilling."" * ""Scam"" and ""Trick"": The message repeatedly uses loaded language like ""scam,"" ""trick,"" and ""stupid"" to describe BCH and its supporters. This is highly inflammatory and doesn't promote constructive discussion. While there are valid criticisms of BCH, these should be made without resorting to personal attacks or accusations of malice. * ""Heavy Bags"": The ""heavy bags"" analogy is a common way to describe holding a cryptocurrency that has lost value. While some BCH holders may be at a loss, this is true for many cryptocurrencies at various times, including Bitcoin. It's not a unique characteristic of BCH. * ""No Future"": Claiming BCH has ""no future"" is a strong and unsubstantiated claim. While BCH faces challenges, it's still an active cryptocurrency with a community and development team. Its future is uncertain, but not necessarily non-existent. * Focus on Price: The message focuses heavily on price comparisons and the idea that BCH supporters are trying to ""trick"" people into buying it. While price is a factor, it's not the only factor to consider when evaluating a cryptocurrency. Technology, adoption, and community are also important. Overall: The message provides some factual information about BCH, but it's heavily biased and uses inflammatory language. It presents a very negative view of BCH and its supporters, portraying them as either scammers or deluded. While there are legitimate criticisms of BCH, this message fails to present them in a balanced and objective way. It's important to be aware of this bias when reading such messages and to seek out information from multiple sources before forming an opinion.",Long Monologue After Ban From r/Bitcoin.....,btc,1,0,RefrigeratorLow1259,14125,2334
2025-02-22,"Bybit Hack Funny how that hack happened around 100K resistance for BTC, isn't it?",Bybit Hack,btc,1,0,DayTrayder,81,14
2025-02-22,GeoHashing - A bitcoin mining hashrate game. It’s like Pokémon Go &amp; Capture the Flag meets bitcoin mining!,GeoHashing - A bitcoin mining hashrate game. It’s like Pokémon Go &amp; Capture the Flag meets bitcoin mining!,btc,1,0,Adorable_Incident717,110,18
2025-02-22,"Sovereign funds, strategic reserves, nations, states, institutional investors, where do they store their Bitcoin? Do they have a special big dog storage solution, or is it just some government employee or middle manager with a cold wallet and a seed phrase trying to keep the whole thing safe?","Sovereign funds, strategic reserves, nations, states, institutional investors, where do they store their Bitcoin?",btc,1,0,ewazer,293,48
2025-02-22,"Provider for afree and anonymous wallet im not an expert for btc because i only used monero for years. Now i need btc and i usually only buy xmr (from Kraken) and transfer it to another xmr wallet. I would like to transfer my btc's from Kraken to another btc wallet from which i can use them. This wallet shouldnt be linked diretcly to my personal data or banc account. I remember this was easily possible with an android device some years ago, without any registration. Is this still possible and what ar good providers for this service (on windows pc)?",Provider for afree and anonymous wallet,btc,1,0,2_Soul_Hybrid,554,101
2025-02-22,"Another “what if” scenario This would immediately get banned in the other sub but I’m curious. I’m not invested in crypto but everyone touts btc as the one and only… This administration is unpredictable, Elon seems to be doing what he wants and has ties to eth What if, out of the blue Trump and Elon decide to do a strategic eth reserve. I know, I know…illogical but crazy shit already happened and I’m at the stage where I don’t dismiss anything that could come out of orange guy’s mouth.",Another “what if” scenario,btc,1,0,hawkeyedude1989,490,90
2025-02-23,"Excited for today's Bitcoin Cash Meetup! The Google Meet link has been updated. Please RSVP to join the discussion on the future of the global reserve currency, #BCH.","Excited for today's Bitcoin Cash Meetup! The Google Meet link has been updated. Please RSVP to join the discussion on the future of the global reserve currency, #BCH. https://www.meetup.com/bch_global_meetups/events/305977997/",btc,1,0,InstaCrypto_INC,166,28
2025-02-23,Bitcoin Signals Strong Bullish Momentum as Key Indicators Align,Bitcoin Signals Strong Bullish Momentum as Key Indicators Align,btc,1,0,voyagerdx,63,9
2025-02-23,"Why Has not BTC Tanked Since the Bybit Hack Surfaced? I was hoping bitcoin will drop through the 80,000 floor. But did not happen. The buybit hack gave some credence to every voice beating the old drum that crypto is a scam, obviously. But seems did not result in a BTC sell off? Why? Or is it like the market has not reacted yet, I.e. too soon for the market to price in?",Why Has not BTC Tanked Since the Bybit Hack Surfaced?,BitcoinMarkets,1,0,CheetahGloomy4700,372,73
2025-02-24,Has anyone tried out SnowX for Bitcoin trading reports and news,Has anyone tried out SnowX for Bitcoin trading reports and news,btctrading,1,0,lampstreets,63,11
2025-02-24,Just Bitcoin Things,Just Bitcoin Things🚀,btc,1,0,gennyrick01,19,3
2025-02-24,Has anyone tried out SnowX for Bitcoin reports and news,Has anyone tried out SnowX for Bitcoin reports and news,btc,1,0,lampstreets,55,10
2025-02-24,Memecoin sends btc It’s sends holders btc every 30min we super early,Memecoin sends btc,btctrading,1,0,InternationalFee1760,68,12
2025-02-24,BTC,BTC,btc,1,0,UpstairsLaugh8175,3,1
2025-02-24,btc,btc,btc,1,0,Money-Succotash5759,3,1
2025-02-24,"Multisig Hierarchical Deterministic Addresses quantum secure? I'm moving my current BTC to a multisig. I plan to spread it across multiple Hierarchical Deterministic addresses. If I end up spending from one of the addresses and quantum then is able to crack it, does this mean all the other hd addresses are also at risk, even if I never spend from them?",Multisig Hierarchical Deterministic Addresses quantum secure?,btc,1,0,michiganbhunter,354,61
2025-02-24,Memecoin sends btc Apparently this sends holders btc anyone confirm?,Memecoin sends btc,btc,1,0,InternationalFee1760,68,10
2025-02-24,Why am I waiting 20hrs. Dude sure bitcoins great and all but if I have to wait 20hrs for a transaction it's literally no better than a bank. At least I have someone to call if it's a bank. Someone tell me how the automation decides which transactions to confirm first? Or is it a fifo situation?,Why am I waiting 20hrs.,btc,1,1,Expensive-Sun-3625,295,57
2025-02-24,Btc is down 14% from it's high Btc currently trading at 92k. Down 14% from it's high of 106k. It's said that btc falls ~30% before it's next leg up. What are our thoughts on this?,Btc is down 14% from it's high,btc,22,114,BokChoySlaps,179,36
2025-02-25,"Approaching 20 Week MA Bitcoin has fallen about 5% today. We are approaching the 20 week MA and EMA at $90,500. How does the price typically react to touching this indicator in a bull market? How does it typically react if the price falls through this indicator? We touched this indicator in April 30th, 2024 which sent the price up before falling through the 20 week MA as well as the 200 day MA about two months later. Thoughts on short term price action?",Approaching 20 Week MA,BitcoinMarkets,1,0,JsCole424,457,84
2025-02-25,What Is Bitcoin? (And Why Is It Worth So Much?),What Is Bitcoin? (And Why Is It Worth So Much?),btc,1,0,AnswerDealer,47,10
2025-02-25,"Bitcoin and Macroeconomics Hey everyone, I’ve been a long-term Bitcoin investor and have largely met my return goals by holding. However, after diving deeper into macroeconomics, I believe Bitcoin’s price is heavily influenced by broader economic trends. In the next 6–12 months, I expect economic conditions to deteriorate, with the Fed’s response—especially to inflation and labor market data—determining whether we enter a bull or bear market. That said, I have two reasons for not selling my Bitcoin: 1. A potential federal Strategic Bitcoin Reserve (SBR) announcement under a Trump administration, which could drive prices up. 2. If inflation stays below 3%, tightening liquidity may push the Fed to ease QT, supporting asset prices. Given this outlook, would it make sense to hedge with S&amp;P 500 put options expiring in Q4 2025, or would that be too risky? Curious to hear your thoughts!",Bitcoin and Macroeconomics,btc,1,0,ggoceg,896,142
2025-02-25,"True BTC holders see beyond the noise—patience today, prosperity tomorrow.","True BTC holders see beyond the noise—patience today, prosperity tomorrow.",btc,1,0,thienpro2,74,10
2025-02-25,"So what happened to the Trump effect? We all seemed so convinced that Trump would send btc to the moon. What happened? My first take: Instead of clarity and security, his actions bring the exact opposite: chaos and insecurity.",So what happened to the Trump effect?,btc,1,0,rupertsupert,226,39
2025-02-25,Memecoin sends btc is confirmed real Granted it’s wrapped btc but still easy money farm I can see it doing big things,Memecoin sends btc is confirmed real,btc,1,0,InternationalFee1760,117,22
2025-02-25,Is the Crypto Bull Run Over for Bitcoin?,Is the Crypto Bull Run Over for Bitcoin?,btc,1,0,crypto_news_source23,40,8
2025-02-25,dip thanks for the dip lads i now own 1 full bitcoin,dip,btc,1,0,salas2damoon,52,12
2025-02-25,"Is this sub dead, over 1 mil and 1 post in the last hour Least active bitcoin sub here...","Is this sub dead, over 1 mil and 1 post in the last hour",btc,1,0,IamCanadian11,89,19
2025-02-26,Bitcoin ETFs Witness $900M in Daily Outflows as Crypto Slumps,Bitcoin ETFs Witness $900M in Daily Outflows as Crypto Slumps,btc,1,0,crypto_news_source23,61,10
2025-02-26,The Bitcoin Cash Podcast #142: Crypto Copium &amp; TapSwap Pump feat. Emergent Reasons &amp; Fiendish Crypto,The Bitcoin Cash Podcast #142: Crypto Copium &amp; TapSwap Pump feat. Emergent Reasons &amp; Fiendish Crypto,btc,7,1,Shibinator,108,16
2025-02-26,"2011 first ever bitcoin kid (12 yrs old) Hey guys, I wanted to share an amazing story with you that could get you a lot of views and an awesome bit of crypto nostalgia in these tough times with crypto at the moment a 12 year old kid in 2011 called bitcoin at $8 he does an in depth analysis on what it is I’ll post the video below and hope you get a chance to look into it and share the story this one’s to good to miss. Kind regards, Ross",2011 first ever bitcoin kid (12 yrs old),btc,1,1,rosscypto,439,92
2025-02-26,"New subscriptions are coming to Bitcoin Cash. [Discussion, Market Outreach] TL;DR: We're getting Token Subscriptions on BCH, sooner rather than later. Subscriptions (i.e. recurring payments) aren't new to Bitcoin Cash. We've had subscriptions since 2019 with the [Mecenas plugin for Electron Cash]( There was also a different approach taken in 2022 with the [Unspent Phi Annuity contract]( While, not revocable, the Unspent Phi contract included ""automatic"" payouts―meaning recipients didn't need to interact with an app every month to be paid. Looking at the blockchain data, in the last six years, there were about 75 mecenas contracts created. The Unspent Annuity had about 167 contracts―but twice as popular in half the time isn't good enough. Unspent Annuity was released six months before CashTokens, the first version came out around the same time as the alpha of BCH Bull. In 2025, there's now a few fiat tokens coming down the line, and a much richer token ecosystem to make using subscriptions easier. * Over the last three years running a recurring payments ecosystem, users have overwhelmingly stated they want a few things: - Payments denominated in fiat amounts, - Revocable or cancelable subscriptions, - An easy interface, or protocol, for topping up balances. - Transferable, or tokenized, ownership of the principal. What is fairly clear, given adoption curve of products that have been built previously, users DO NOT want to pay a regular obligation denominated in satoshis for anything other than a novel experiment. * Here's how the new subscriptions will work from a user perspective: Alice has a software or service that she wants to sell via subscription payments to users. Users can be allowed to cancel after the first period. Bob wants to buy a subscription from Alice. - Alice has a website where Bob can select which token he'd like to pay his subscription with. Since no one wants to pay with BCH, that's not an option. - First, Bob has to enter a token enabled cashaddress where Alice will send an NFT authorizing him to administer his subscription. - Bob can select his token of choice (MUSD, WBCH, BADGERS, ALICECOIN, etc). - Alice can list different rates for different tokens, either hard coded or responsive to market price. - Bob can choose how many periods (months, weeks, years) he'd like to subscribe for. - Bob clicks ""pay now"" to copy a payment request link for his wallet. - Bob pastes this payment link into his CashToken enabled wallet, which generates a standard transaction for Bob to approve. - The funding transaction has full token prepayment for the time frame Bob selected, as well as a few thousand satoshis to process each payment. - Alice can prove to Bob that the access baton to cancel his subscription has been sent to a different contract that allow forwarding it to his wallet after the first period is complete (so Bob can't cancel his subscription before Alice is paid for the first period). Or Alice can custody or send the baton to Bob early. - Once Bob funds his subscription contract, no further action is required from Alice or Bob for his periodic payment to be sent from this Subscription contract to Alice. - If Bob decides he wants to cancel after the first month, an NFT will let him cancel, adjust, rebalance, or generally administer his subscription balance. - If Bob wants to share or transfer his subscription, ownership of the NFT is equivalent to ownership of the subscription. * Note that with this approach, if Bob chooses a ""stable"" coin token, the balance for the subscription is then locked to that fiat amount. If Bob pre-pays for a year in a fiat token and the price of BCH increases a hundred fold, Bob would still have one year paid in fiat amounts, not a hundred years. This approach is NOT fund that draws down dynamically based on a spot oracle price. * If users have tried using Mecenas or the Unspent Annuity (or any other pusher style subscription service in crypto), are there any killer features or pain points to have or avoid? If anyone is interested in selling a service or software as a subscription, would the above scenario satisfy your business requirements?","New subscriptions are coming to Bitcoin Cash. [Discussion, Market Outreach]",btc,5,3,2q_x,4160,705
2025-02-26,Gary Stevenson is wrong about Bitcoin,Gary Stevenson is wrong about Bitcoin,Bitcoin,1,0,TannhauserOverture,37,6
2025-02-26,Btc etf trades approved on Wall Street. Btc,Btc etf trades approved on Wall Street. Btc 🚀,btc,1,0,averagesaw,43,8
2025-02-26,Why was the block size limit added to Bitcoin?,Why was the block size limit added to Bitcoin?,btc,1,0,sandakersmann,46,9
2025-02-26,Bitcoin is going to $1M!,Bitcoin is going to $1M!,btc,1,0,gennyrick01,24,5
2025-02-26,82k?! Now I have to get a 2nd job to buy more btc....dang it.,82k?!,Bitcoin,1,0,XxMoopyxX,61,14
2025-02-26,"Green Card+ = 50 BTC If the US Government put all of the Green Card Plus funds in BTC, what would the value of BTC be within 3 years, 10 months?",Green Card+ = 50 BTC,btc,1,0,Patient-Rain-4914,144,31
2025-02-26,"Make sure to buy BTC when Cramer says to sell We joked about selling when Cramer gave the buy signal, and here we are.",Make sure to buy BTC when Cramer says to sell,btc,0,1,Noob-bot42,118,24
2025-02-26,How Hackers Are Quietly Draining Bitcoin Wallets Through Fake GitHub Projects,How Hackers Are Quietly Draining Bitcoin Wallets Through Fake GitHub Projects,btc,1,0,btcxio,77,11
2025-02-26,"What's happening to this sub? All of the sudden there are many threads a day with memes and ""number gonna go up"" related things. It's pretty much resembling at this point. This seems very inorganic. What happened to all of the Bitcoin technical discussions that used to happen here? What is going on?",What's happening to this sub?,btc,1,0,OkStep5032,300,53
2025-02-26,Meditation to cure Weak Hands Bitcoin is the singularity.,Meditation to cure Weak Hands,Bitcoin,16,3,Alternative_Belt325,57,9
2025-02-26,"Why did CoinBase just sell me bitcoin at $85,545 when it's been beneath 85k all hour?","Why did CoinBase just sell me bitcoin at $85,545 when it's been beneath 85k all hour?",Bitcoin,1,0,69_________________,85,16
2025-02-26,Short-term crypto traders sent record 79.3K Bitcoin to exchanges as BTC crashed to $86K,Short-term crypto traders sent record 79.3K Bitcoin to exchanges as BTC crashed to $86K,btc,1,0,Eliashuer,87,14
2025-02-26,pls stop being babies Bitcoin has seen many -30% dips during bull runs. We're only -20% down. Buy bitcoin,pls stop being babies,Bitcoin,240,104,Admirable_Ice3247,105,19
2025-02-26,"What Satoshi built wasn't just a currency—it was the first Code is law, and freedom is its compiler. What Satoshi built wasn't just a currency—it was the first declaration of independence from a financial system that never asked for our consent. #Bitcoin",What Satoshi built wasn't just a currency—it was the first,btc,1,0,birth_of_bitcoin,254,42
2025-02-26,Bull run year? This dip is irrelevant Im not shocked but isnt this a bullrun year? Why would bitcoin fully dip now of all times? I dont think it will hit its lowest point this year so this dip is just a bluff. Studying the market trend over the past 6 years i think we will have another REAL dip and it will stop at around 55-60k. I wasnt anticipating a premature dip so this has me suspicious.,Bull run year? This dip is irrelevant,Bitcoin,1,0,Rpscoo,394,78
2025-02-26,It scares me that everyone here thinks the same as me. We look at the same chart and everyone thinks it will skyrocket from 73-74k. Can Bitcoin give everyone what they want?,It scares me that everyone here thinks the same as me.,Bitcoin,1,0,ripplerboy,173,32
2025-02-26,"Bitcoin plunges as crypto fans didn’t get everything they wanted from Trump | Bitcoin hit record $109,000 on Inauguration Day but has dropped 23 percent since.","Bitcoin plunges as crypto fans didn’t get everything they wanted from Trump | Bitcoin hit record $109,000 on Inauguration Day but has dropped 23 percent since.",Bitcoin,1,0,chrisdh79,159,26
2025-02-26,Physical bitcoins / cold storage coins Just wanted to ask if anybody here makes / sells their own cold storage physical bitcoins. I have a huge collection of them and absolutely love collecting them alongside my silver and gold / numismatic coins. My cold storage coins are just about the only way I’ll store my btc at this point as it’s the only absolutely safe way I know to keep bitcoin. The only way anybody could possibly get access to it is if they physically steal them from me. I have some cold storage coins that have the same bitcoin on them from 2012. Always in the market for some more. Added a few pics just to share,Physical bitcoins / cold storage coins,Bitcoin,1,0,MatixMint,629,118
2025-02-26,"How to keep holding I bought some Bitcoin when the price was around 95k… and I’m down a lot by my standards. I keep reading that it’s fine and 20% drops or MORE are normal but I need some advice. I’m holding for now but it keeps dropping, and I’m starting to want to cut my losses. What advice can you give, how to trust it will come back?",How to keep holding,Bitcoin,1,0,so_like_huh,339,69
2025-02-26,Using stranded energy to mine bitcoin is beautiful,Using stranded energy to mine bitcoin is beautiful,Bitcoin,14,3,kingofsats,50,8
2025-02-26,"Bitcoin was under $60,000 on today's date last year [2024]","Bitcoin was under $60,000 on today's date last year [2024]",Bitcoin,1,1,str8shillinit,58,10
2025-02-26,"Looking for advice What cold storage do you recommend? I am looking for 2 things. 1. People's opinions about the best cold wallet. I currently have 90% in BTC. Do I need separate storage for each type of cryptocurrency? 2. Recommendations for instruction on how to use the cold wallet. I prefer written instruction to video, but will also watch video where applicable. I want to learn how to use the storage before just moving everything. Also, what are the benefits of also keeping a hot wallet? And where would you point me to learn more about that? Any storage I should explicitly stay away from? And yes, I'll dyor, and not reply to DMS or give out passphrases or keys. But right now I don't have any phrases or keys and don't know the difference or even at which step I receive those. My entire intention was to learn about Cold Storage before buying so that I was ready to go and had everything in place. But yesterday's opportunities were too good to pass up. And now I need to learn sooner rather than later. So any advice or Warnings would be greatly appreciated as I learned on the spot here. And this may be a really stupid question, but if the point is to keep it disconnected from the internet why would I not just write the information down on a piece of paper and hide it in a fire safe? And if that's an option, does anyone know any good fire safes? I realize that either route I go I'm going to have to invest funds. So it's not about trying to save money as that just seems silly. I'm just trying to comprehend why a storage device is more secure when electronics crash all the time.",Looking for advice,Bitcoin,1,0,lillyofthedesert,1601,300
2025-02-26,Buy Bitcoin or BTC IBIT ETF? Buy Bitcoin or IBIT BTC ETF? The question is simply basic.,Buy Bitcoin or BTC IBIT ETF?,Bitcoin,1,0,AxieP2E,87,17
2025-02-26,"Just bought my first ever amount of Bitcoin right now. What I’m feeling is insane. I’ve been sitting on a decision like this for a while; I finally decided to do it a few minutes ago. I noticed it was around $84k, $85k so I just bought $10k. I am sitting on 0.11 BTC. I used Kraken for this. Hopefully everything goes good.",Just bought my first ever amount of Bitcoin right now.,Bitcoin,1,0,Willing-Ability6821,323,63
2025-02-26,How can I validate that a 12 word seed is cryptographically linked to a public key My friends has a 12 word seed that they claim is the correct one. However when we enter the seed into a range of wallets. Their Bitcoin does not appear. We have tried every derivation path. I have their public key as I have sent BTC to their wallet and can see all their BTC is still in their wallet on a block explorer. To summarise. We have a seed which might be the wrong one. And we have a public key that is 100% correct. How can we validate the seed against the public key. To see if it is actually the correct seed. Essentially we just need a binary yes or no that states whether the seed and the public key are cryptographically linked. Finally we would need to do this validation locally on a device without an internet connect. as inputting a seed online would be ridiculous. TL;DR: How can one check if a seed is linked to a specific public key for BTC.,How can I validate that a 12 word seed is cryptographically linked to a public key,Bitcoin,1,0,SANCHO810,947,183
2025-02-26,"Michael Saylor Transforms Strategy into Major Bitcoin Holder with Nearly 500,000 Coins With nearly 500,000 BTC Michael Saylor can really make an impact and quite frankly, control the price of Bitcoin in a way. Although I am a bit reserved I still think that I'm bullish when it comes to Saylor's decision as he has been one of the big adapters in the industry as seen as he had pushed his company's stock price, MicroStrategy, to [2,000% following his pivot to Bitcoin.]( With the blip and the bounce back of BTC, I wonder if they bought more during the dip?","Michael Saylor Transforms Strategy into Major Bitcoin Holder with Nearly 500,000 Coins",BitcoinMarkets,1,0,lakantala,558,100
2025-02-26,"Have you ever notice the trend of BTC since 2009 Since 2009, we all know that every 4 years the halving take place, right? Now look at the trend from 2009 to present. If you notice, the trend always goes down right after the halving for 2 years and returns up for another 2 years before another halving event. This downtrend we are experiencing is just the 1st year after halving... So just wait and see if the trend is really going bull again for at least 2-3 weeks before placing any trades for BitCoin.",Have you ever notice the trend of BTC since 2009,Bitcoin,1,0,ProtonicusPrime,505,95
2025-02-26,Hey need help please :) I would like to invest in Bitcoin an other things beside like amazon for example. I come from center europe and would like to know if anybody has a idee where i could invest there are nowadays so many platforms to use with so many different tariffs. I just want to know what you guys think about it?,Hey need help please :),Bitcoin,1,0,Intelligent-Bad7346,323,63
2025-02-26,"Bitcoin whiplash! Hey everyone! I’ve created a song inspired by the rise of Bitcoin and the exciting future of cryptocurrencies. As a crypto enthusiast and amateur musician, I wanted to capture the energy and potential of Bitcoin in a track. It’s a fun blend of tech, finance, and music that I hope you’ll enjoy. If you’re into crypto and music, I’d love for you to give it a listen. Here’s the link: Feel free to share your thoughts, and let me know what you think about the song! Would love to hear your feedback.",Bitcoin whiplash!,Bitcoin,0,0,Timberwolf-89,515,94
2025-02-26,"Bitcoin is dead, long live BTC With the bloodbath ongoing, only the strong shall survive. How is everything holding up? How many are ringing the bell and quitting, and who thinks it may go even lower? Was Saylor and Cathy Wood wrong?","Bitcoin is dead, long live BTC",Bitcoin,1,0,Profitalizer,233,42
2025-02-26,"I'm getting a loan for this Bitcoin dip This dip (below $85K) was totally unexpected to me, it came as a blessing. I didn't believe Bitcoin will drop to lower than 90K anytime soon, if ever. I bought a few days ago at 95K, and now don't have any fiat money dedicated to Bitcoin, so I'm gonna take a loan instead. I wish I didn't buy a few days ago and waited a few more days for the current dip. Anyway, the current dip is worth getting a loan.",I'm getting a loan for this Bitcoin dip,Bitcoin,1,0,Amphibious333,444,89
2025-02-26,Ok yall need to start buying bitcoin now thow.,Ok yall need to start buying bitcoin now thow.,Bitcoin,1,0,Familiar_Yak9343,46,9
2025-02-26,"ETF &amp; Actual BTC Strategy I’m resetting my Solo 401k &amp; Self Directed Roth. After reading through many posts, I’m leaning toward this game plan: 1) All Self Directed Roth IRA funds go into FBTC ETF Roth Reasoning: If I want to withdraw Roth funds in 15-20+ years, ETF will be easier &amp; I don’t have to set up a checkbook LLC &amp; go through that hassle of self custody in my Roth, I could just enjoy the tax free ETF gains. 2) All Solo 401k funds buy actual BTC that I can self custody since I can hold without needing a checkbook LLC Solo 401k Reasoning: If in next 10+ years, the BTC ecosystem evolves enough where loans against your BTC are common, what’s the point of holding actual BTC in your Roth? I wouldn’t ever sell, just borrow against. Still a non taxable event. I get BTC &amp; ETF exposure with each. What am I missing in this logic?",ETF &amp; Actual BTC Strategy,Bitcoin,1,0,suplexmcgillicutty,858,161
2025-02-26,Bitcoin holders right now:,Bitcoin holders right now:,Bitcoin,146,37,OT414,26,4
2025-02-26,"Should I sell before price drops further? Hi, I'm 37 years old and as of recently have most of my savings invested in BTC. I am almost 14% down on my initial investment. Should I just cut my losses and sell before I lose more money? How do you guys deal with the price dropping? I am scared of losing my hard earned savings and at a loss of what to do right now.",Should I sell before price drops further?,Bitcoin,1,0,Fall-lessFoliage,362,74
2025-02-27,BITCOIN en ROJO - ¿POR QUÉ estamos cayendo? - Bitcoin Noticias Hoy,BITCOIN en ROJO - ¿POR QUÉ estamos cayendo? - Bitcoin Noticias Hoy,BTCTrading,3,0,Guilin_CH,66,12
2025-02-27,$Btc Earn Btc with every purchase,$Btc,BTCTrading,2,0,Far_Ad_2703,33,6
2025-02-28,"+ I t!med bitcoin + I bought btc at 20k, 25k, 40k and at 95k( and some little DCA amount too that is not mentioned) Made it to the integer did some long futures in the bull market and achieved the whole coin. And sold it all again at 102k. And bought again yesterday with all previous profit + invest at 79k. total 1.19. Gonna time the market in 2029 again.",+ I t!med bitcoin +,BitcoinMarkets,1,0,webstryker,357,71
2025-03-02,"Holding bitcoin for 30 years Welcome to my excessive rambling session as an inexperienced crypto person talking about bitcoin and my experience and thoughts. It has taken me way too long to get into it but I guess better now than later. First time I bought bitcoin was in 2022 to play in an online casino, but I wasn't able to send it out on the website so I just left it there and forgot about it. 3 years later found it again and it was quite a pleasant surprise of 120 euros sitting there, 4x increase in profits. But instead of spending a few sentences dwelling on the past and thinking how early I could have started (2020, 5 years late), I'm going to focus on the present and future and hopefully it still pays off even when so late. I don't have very high expectations, I'm hoping it would rise by just 2x-3x, or if it doesn't manage to rise at all in 30 years then that's not ideal but not end of the world either. I think it seems very probable that it would be higher in price in 30 years, seems pretty obvious? Why wouldn't it be? I'm also getting my parent involved with this, but knowing them they're the type of person who just cashes their investings once they're a bit tight on money, they're not good with money, so I don't know how that'll go, but we will probably invest separately so my investments don't get spent. I'm probably going to live a life without much money, so I hope at least when I get old I will at least have something to work with. I'm investing it in my bank since the whole process of buying bitcoin is never easy and convenient, I've just had enough of it, and that's something that has made me delay buying bitcoin for the 5 whole years anyway since there was never an easy safe way to do it. I don't know if my bank or government will betray me at one point but I'm taking the risk. I was really annoyed at myself for missing buying bitcoin just 4 months earlier at november because it was at 63k euros and I was waiting for it go lower before buying, big mistake. Then a month ago I was waiting for a whole month for it to drop so I can buy the dip, and I was really feeling that the price of bitcoin will go down to 75k euros (77.8k dollars) at some point, and it recently just did, but unfortunately I got impatient and thought if I wait any longer I will miss yet another opportunity to get it for less, and I bought more 1-2 weeks ago at 90k euros. And then of course it decides to drop in price almost exactly how I felt it would, close to 75k euro range, when I just had to wait one extra week or two to buy. But oh well, not going to sell anything for at least 30 years now, at least I hope so. Now, to add on to what I said previously, I don't have the highest expectations for bitcoin, because logically, I don't see how it could go much higher than a certain point (like 500,000 dollars), because if there's already 5% of the world having invested at least some money into crypto, imagine such a huge population cashing it out, it doesn't add up, 5% of the population getting significantly richer? If the % was lower it would make sense of course because it has happened before, a few millionares out of nowhere isn't noticeable or that affecting, but tens of thousands of sudden millionaires or many accumulating hundreds of thousands? Doesn't seem plausible. So I think there will be a cap at some point or even a downfall, maybe the cap is now, even though I'm doubtful of that. So my expectations aren't high but they're high enough where I can still invest and likely get profit in the long-term. I will regret it a lot if I don't invest anything now and just look back 30 years later at the missed opportunity. I also invested into other coins, and I have high expectations for ethereum and solana, solana seems really good because it's fast and convenient, if we're ever gonna trade crypto on an everyday basis, then we wouldn't even use bitcoin, we would use something like solana or eth, if they finish improving eth. Oh, and also since I mentioned casino before, yes I still play casino, and I'm spending roughly 15% on gambling and 85% on holding, responsible gambling. I just hope the website doesn't turn out to be a scam. Does everything I said seem right? Feel free to let me know if there's anything you'd disagree on or anything else, since after all I don't know much.",Holding bitcoin for 30 years,btc,0,2,Revolutionary-Elk650,4339,821
2025-03-02,We discuss BTC and a crypto czar in Rebel Finance Podcast Episode 2 [,We discuss BTC and a crypto czar in Rebel Finance Podcast Episode 2,btc,1,0,Tuttle_Cap_Mgmt,69,14
2025-03-02,We already have our image for the first Bitcoin Cash Adoption Podcast in Latin America.,We already have our image for the first Bitcoin Cash Adoption Podcast in Latin America.,btc,1,0,HamphernyR,87,15
2025-03-02,"Can native English speakers please tell me how to interpret this. Is it 'as well as other valuable etc etc' or it's pointing that BTC and ETH are also valuable (as the previous 3 coins already announced)? Meaning, are they going to add more than 5 in total in this list?","Can native English speakers please tell me how to interpret this. Is it 'as well as other valuable etc etc' or it's pointing that BTC and ETH are also valuable (as the previous 3 coins already announced)? Meaning, are they going to add more than 5 in total in this list?",btc,2,6,FuzzyAttitude_,270,51
2025-03-02,"roast my strategy Hi, I was trying to come up with a new strategy and I got this code, which I trained on 2021 and 2022 and tested on 2023 and 2024. What do you think about this strategy? Do you see any problems? `import pandas as pd` `import numpy as np` `from itertools import product` `fee = 0.00075` `def run_strategy(df, sma_window, momentum_window, momentum_thresh):` `data = df.copy().reset_index(drop=True)` `# Use .iloc to reference the close price column (the 5th column, index 4)` `close_price = data.iloc[:, 4]` `# Compute technical indicators: Simple Moving Average and Momentum` `data['sma'] = close_price.rolling(window=sma_window).mean()` `data['momentum'] = close_price / close_price.shift(momentum_window) - 1` `signals = [0] * len(data)` `cash = 1000.0 # starting capital in USD` `btc = 0.0 # starting with no BTC` `position = 0 # 0: holding cash, 1: holding BTC` `prices = close_price.values` `sma_arr = data['sma'].values` `momentum_arr = data['momentum'].values` `for i in range(len(prices)):` `price = prices[i]` `sma_val = sma_arr[i]` `mom_val = momentum_arr[i]` `# If indicators are not available, do nothing.` `if np.isnan(sma_val) or np.isnan(mom_val):` `signals[i] = 0` `continue` `# Buy condition: if not in position and price is above SMA and momentum is strong positive.` `if position == 0 and (price &gt; sma_val) and (mom_val &gt; momentum_thresh):` `signals[i] = 1 # buy signal` `btc = cash / (price * (1 + fee)) # buy BTC with all available cash, accounting for fee.` `cash = 0.0` `position = 1` `# Sell condition: if in BTC position and price is below SMA and momentum is strongly negative.` `elif position == 1 and (price &lt; sma_val) and (mom_val &lt; -momentum_thresh):` `signals[i] = -1 # sell signal` `cash = btc * price * (1 - fee) # sell all BTC and update cash, accounting for fee.` `btc = 0.0` `position = 0` `else:` `signals[i] = 0` `# If still in BTC position at the end, sell at the last available price.` `if position == 1:` `cash = btc * prices[-1] * (1 - fee)` `btc = 0.0` `position = 0` `final_value = cash` `return signals, final_value` `# Define parameter grid for optimization` `sma_windows = [10, 20, 30, 50, 90, 150]` `momentum_windows = [10, 20, 30, 50, 90, 150]` `momentum_thresholds = [0.01, 0.012, 0.015]` `best_value = -np.inf` `best_params = None` `# Grid search using the training dataset (close_values_df_train)` `for sma_window in sma_windows:` `for momentum_window in momentum_windows:` `for momentum_thresh in momentum_thresholds:` `_, final_value = run_strategy(close_values_df_train, sma_window, momentum_window, momentum_thresh)` `if final_value &gt; best_value:` `best_value = final_value` `best_params = (sma_window, momentum_window, momentum_thresh)` `# Use the best-found parameters on the test dataset (close_values_df) to generate trading signals.` `best_sma_window, best_momentum_window, best_momentum_thresh = best_params` `signals_test, _ = run_strategy(close_values_df, best_sma_window, best_momentum_window, best_momentum_thresh)` `# Create result_df by adding the 'signal' column to the test dataframe.` `result_df = close_values_df.copy().reset_index(drop=True)` `result_df['signal'] = signals_test`",roast my strategy,BitcoinMarkets,1,0,FireDragonRider,3184,453
2025-03-03,"The Bitcoin Bubble (part II) To all the big blockers and original peer-to-peer electronic cash believers, I created a continuation of The Bitcoin Bubble video. BCH fans will love it. I'm speculating that in this bull cycle big blockers will finally get their point across. [ To The Moon!",The Bitcoin Bubble (part II),btc,1,1,SmoothOperator9000,287,49
2025-03-03,BTC Bull token. Any news? There is the btc bull meme coin and i wanted to know if someone has a bit more information about their launch,BTC Bull token. Any news?,btc,0,2,SinYaale,135,27
2025-03-03,"gaze.cash / glimpse.cash - pay per view video streaming website. Yearly reminder. Some years ago I created a pay per view video streaming website named [gaze.cash]( or ( [glimpse.cash]( ) This site uses bitcoin cash exclusively. It also allows free content. It allows for large file attachments to be added to videos, that would be available to anyone viewing the video. This includes free videos! and attachments can be huge. (I saw someone attaching an entire game on one video about said game.) I created this website (and I am maintaining it) because I want to help realise a future of cheap free uncensored microtransactions with bitcoin. I am not asking for donations or support or help. But I will greatly appreciate if more people would try it out, upload some videos. Use it for free file sharing (as an ad free no hassle alternative to something like mega upload). I don't want to spam advertise it, but I figured il start making at least a yearly reminder post about it.",gaze.cash / glimpse.cash - pay per view video streaming website. Yearly reminder.,btc,3,1,Hellgin,981,171
2025-03-03,BTC ON PHONE! $$$$ Download now and earn free BTC with me! My invitation code: EPCBUJ App store: Google Play:,BTC ON PHONE! $$$$,btc,1,0,Objective-Parking819,109,20
2025-03-03,"How could btc ever become a commonly used currency if there are high fees every transaction? If you want low fees your transaction will take longer too, I see how you could buy a car or a house with btc but how could it ever be practical to buy a coffee with it?",How could btc ever become a commonly used currency if there are high fees every transaction?,btc,9,44,DeepFriedDave69,262,53
2025-03-03,Bitcoin Price has not yet Broken Significant Resistance,Bitcoin Price has not yet Broken Significant Resistance,btc,4,0,loadingglife,55,8
2025-03-03,OdinFun Tutorial (Bitcoin Memecoin Market),OdinFun Tutorial (Bitcoin Memecoin Market),btc,1,0,Puzzled-Emphasis1116,42,5
2025-03-03,BTC vs BCH Consensus (GP Shorts),BTC vs BCH Consensus (GP Shorts),btc,7,0,GeneralProtocols,32,6
2025-03-04,Macroeconomics &amp; Trump Bring Chaos to TradFi and Bitcoin: Where Does Crypto Go From Here?,Macroeconomics &amp; Trump Bring Chaos to TradFi and Bitcoin: Where Does Crypto Go From Here?,btc,0,0,crypto_news_source23,93,15
2025-03-04,"JUST IN: Mexican Billionaire Ricardo Salinas, with a net worth of $5.8 billion, allocates 70% of his portfolio to Bitcoin.","JUST IN: 🇲🇽 Mexican Billionaire Ricardo Salinas, with a net worth of $5.8 billion, allocates 70% of his portfolio to Bitcoin.",btc,1,0,SikafieOnlineHustler,122,20
2025-03-04,My critical analysis of BTC in the coming months. I think it will go up and down and maybe at some times stay the same.,My critical analysis of BTC in the coming months.,btc,0,0,Coastal_wolf,119,25
2025-03-04,The market's reaction was pretty clear just one day after Trump announced the U.S. Crypto Reserve. What exactly made investors sell their BTC so quickly?,The market's reaction was pretty clear just one day after Trump announced the U.S. Crypto Reserve. What exactly made investors sell their BTC so quickly?,btc,1,0,thienpro2,153,25
2025-03-04,"Will the crypto summit on Friday be our last chance for some exit liquidity before the market goes minus 4926103%? I mean, if I see a 40% pump on anything in my portfolio it would be extremely hard not to sell it, if btc hits again 97-98k someone better stop me...",Will the crypto summit on Friday be our last chance for some exit liquidity before the market goes minus 4926103%?,btc,1,0,FuzzyAttitude_,264,51
2025-03-04,¿Por qué BITCOIN está cayendo?,¿Por qué BITCOIN está cayendo?,btctrading,1,0,Guilin_CH,30,5
2025-03-04,Are we getting best btc market price with Robinhood ?,Are we getting best btc market price with Robinhood ?,btctrading,1,0,Gthmen,53,10
2025-03-05,"i trained ai on btc price, so that it helps you with your technical analysis, made it free to use","i trained ai on btc price, so that it helps you with your technical analysis, made it free to use",btc,1,0,Repulsive-Bedroom883,97,20
2025-03-05,"President Trump to reveal Bitcoin reserve strategy at the White House Crypto Summit this Friday, Commerce Secretary says.","President Trump to reveal Bitcoin reserve strategy at the White House Crypto Summit this Friday, Commerce Secretary says.",btc,1,0,SikafieOnlineHustler,121,18
2025-03-05,RobinHood Trivia locked the answer button for the $1m BTC prize!,RobinHood Trivia locked the answer button for the $1m BTC prize!,btc,1,19,VinciDuda2012,64,11
2025-03-05,"Metaplanet bought another 497 Bitcoin worth $43.9 million, totaling to 2,888 $BTC on their balance sheet.","Metaplanet bought another 497 Bitcoin worth $43.9 million, totaling to 2,888 $BTC on their balance sheet.",btc,0,2,SikafieOnlineHustler,105,16
2025-03-05,Be bitcoin my friend,Be bitcoin my friend,btc,5,2,Sorry_Palpitations,20,4
2025-03-05,Another BTC Farming with minimum supply is going on Be quick to grab your part I’ll be supporting everyone who comments their contribution on @Boithebear in the comments Make a meaningful tweet or art about @Boithebear Comment the link to the tweet below I’ll engage and earn you max points on the Grindboard Be creative Pause that Monad Testnet interaction for a few minutes and do these now Potential reward: $5K (simply cos similar Avax related projects have rewarded people with more) Basic steps - Go to: boithebear.com - Connect your x account - Then start creating and engaging on @Boithebear related posts Getting points increases your chances of getting a spot at presale.,Another BTC,btc,1,0,bilalmalik122,681,114
2025-03-05,Me buying another bitcoin dip,Me buying another bitcoin dip,btc,1,0,Own-Tip62,29,5
2025-03-05,2018 May 11 - BTC $8563 &amp; BCH $1368,2018 May 11 - BTC $8563 &amp; BCH $1368,btc,1,0,DreamingTooLong,39,9
2025-03-05,The BTC vs. BCH Debate: Is Bitcoin Still for the People? The Great debate,The BTC vs. BCH Debate: Is Bitcoin Still for the People?,btc,1,0,alberdioni8406_,73,14
2025-03-05,"Michael Saylor tells President Bukele, “Bitcoin adoption is unstoppable.”","Michael Saylor tells President Bukele, “Bitcoin adoption is unstoppable.”",btc,11,32,SikafieOnlineHustler,73,9
2025-03-06,"Why is bitcoin worth so little? So, my question is, I have about half a bitcoin which I accumulated through dca and I'm well proud of it (although I haven't stopped buying). I don't really plan on selling any before I really need it. But one thing that's very confusing to me is, my half of a bitcoin means the max amount of people that can own half a bitcoin is 42 million. To me that's a small number considering there's 8 billion people alive right now. So why is not worth half a million at least? Considering it's safe, decentralised and you can carry it anywhere and everywhere, why is it so cheap right now? Honest question.",Why is bitcoin worth so little?,Bitcoin,1,8,Ok-Secret-4646,631,118
2025-03-06,is now the time to start Ive been hearing about bitcoin since 2020 im a young adult now with a little bit of saved up money and i have once again been hearing that in the longrun the market is going to boom insanely is now a good time to jump in and if so how much should i initially put in as a 24 year old just trying to set myself up good for my future really appreciate everyone in this community you all seem like great peopleoh and should i be adding to it monthly or weekly once i start,is now the time to start,Bitcoin,1,0,Better_Swimming5344,493,102
2025-03-06,Mexico tarrifs Why did the announcement of cancelled tarrifs for Mexico cause bitcoin to crash? Isnt it a good thing?,Mexico tarrifs,Bitcoin,1,0,perusFi,117,20
2025-03-06,"AI - BTC Trinity Investment Flywheel Ask AI how to build an investment flywheel using BTC, MSTR &amp; MSTY",AI - BTC Trinity Investment Flywheel,Bitcoin,1,0,theazureunicorn,106,19
2025-03-06,Bitcoin vs Real Estate: The Best Investment Today [New podcast],Bitcoin vs Real Estate: The Best Investment Today [New podcast],Bitcoin,1,0,BRVM,63,10
2025-03-06,Trump Considers Executive Order to Create Bitcoin Reserve using Seized BTC,Trump Considers Executive Order to Create Bitcoin Reserve using Seized BTC,btc,1,0,btcxio,74,11
2025-03-06,"Gold’s Old, Bitcoin’s Bold – Which One Holds in 2025?","Gold’s Old, Bitcoin’s Bold – Which One Holds in 2025?",btc,1,0,panagnilgesy,53,10
2025-03-06,Texas Senate passes Strategic Bitcoin Reserve Bill in the Senate 25-5,🇺🇸 Texas Senate passes Strategic Bitcoin Reserve Bill in the Senate 25-5,Bitcoin,1,0,BTChristopher,69,11
2025-03-06,Texas Strategic Bitcoin Reserve legislation SB 21 PASSES the Senate 25-5,Texas Strategic Bitcoin Reserve legislation SB 21 PASSES the Senate 25-5,Bitcoin,1,0,SuccessfulRing5425,72,11
2025-03-06,Bitcoin Knots 28.1.knots20250305 released!,Bitcoin Knots 28.1.knots20250305 released! 🎉,Bitcoin,26,14,luke-jr,42,4
2025-03-06,Unlocking Africa’s Stranded Energy With Bitcoin,Unlocking Africa’s Stranded Energy With Bitcoin,Bitcoin,1,0,JayW132,47,6
2025-03-06,Question for the Binance Madrid meet Up What would you ask about bitcoin at the Binance Madrid meet Up on income taxation in Spain?,Question for the Binance Madrid meet Up,Bitcoin,1,0,Agujetoshi,131,24
2025-03-06,"We all know that a well-spread token is a pillar in the market like BTC! We created an RWA token linked to wed2 and wed3 with the name MPS (MEUPASS). THIS TOKEN serves as a share in the Meupass company, paying you dividends just for leaving the token on the official website to generate dividends. Our application is in the beta testing phase, it is 95% ready and we are finishing it with the help of the community. It will initially operate in the areas of gastronomy and events and may expand to other sectors! Come and meet us MYUPASS WE ARE ALREADY LISTED IN SOME BROKERS RUN THE SHARES ARE STILL CHEAP","We all know that a well-spread token is a pillar in the market like BTC! We created an RWA token linked to wed2 and wed3 with the name MPS (MEUPASS). THIS TOKEN serves as a share in the Meupass company, paying you dividends just for leaving the token on the official website to generate dividends.",Bitcoin,1,0,yagonery,606,113
2025-03-06,STRAP IN | Bitcoin &amp; MicroStrategy are About to Go VERTICAL,STRAP IN | Bitcoin &amp; MicroStrategy are About to Go VERTICAL,Bitcoin,1,0,RustinSats,63,11
2025-03-06,Tomorrow is the day! Buckle up! The crypto summit at the White House is taking place tomorrow with majority of the participants bullish on Bitcoin! This is what we have been waiting for!,Tomorrow is the day! Buckle up!,Bitcoin,1,0,Past_Corner_4266,186,33
2025-03-06,"President Trump considering executive order to create Strategic Bitcoin Reserve tomorrow, Bloomberg reports.","President Trump considering executive order to create Strategic Bitcoin Reserve tomorrow, Bloomberg reports.",Bitcoin,1,0,Special_Yam_1174,108,13
2025-03-06,Japan says 20% capital gains tax on BTC Japan trying to rug the US stock market or what? Lol,Japan says 20% capital gains tax on BTC,Bitcoin,1,0,stop_napkins,92,19
2025-03-06,Buffet and BTC Why does Warren B not like commodities such as Gold and Bitcoin?,Buffet and BTC,Bitcoin,1,0,ash893,79,15
2025-03-06,Any thoughts on gamified trading? I'm a solo developer of a Boxo game (appstore and google play). It is something like gamified trading based on box options. You need to predict the next move of real-time Bitcoin price by tapping the boxes. Would appreciate any feedback!,Any thoughts on gamified trading? I'm a solo developer of a Boxo game (appstore and google play). It is something like gamified trading based on box options. You need to predict the next move of real-time Bitcoin price by tapping the boxes. Would appreciate any feedback!,BitcoinMarkets,1,0,Aromatic-Pipe-7422,271,46
2025-03-06,"Hey, guys! I'm a solo developer of a crypto trading game Boxo. It is a mix of fun arcade gameplay and real-time Bitcoin price. You need to tap boxes where you think the price will go in the next few seconds. I need any feedback on the game to understand if I should continue or forget it and move on","Hey, guys! I'm a solo developer of a crypto trading game Boxo. It is a mix of fun arcade gameplay and real-time Bitcoin price. You need to tap boxes where you think the price will go in the next few seconds. I need any feedback on the game to understand if I should continue or forget it and move on",btctrading,1,0,Aromatic-Pipe-7422,299,60
2025-03-06,"Endgame Bitcoin John Law in 18th-century France was a financial advisor to the French government who engineered the Mississippi Company bubble (1719–1720). His advice promised wealth through speculative stock, but when it burst, it tanked France’s economy, impoverished investors, and destabilized the monarchy—arguably hastening revolutionary sentiments decades later. Law’s actions caused a financial “demise” for many and rippled into a major event. To say it straight out, Michael Saylor is our present day John Law. A government which is lured into buying Bitcoin as a so-called ”strategic reserve” must be out of its mind. It will be exit liquidity to anyone remotely believing in the ethos of Bitcoin. It’s the endgame. Bitcoin will not hold new highs again and I’m sad that it’s going to tank the world’s largest economy. This is late revenge for the misery caused during the GFC out of which Bitcoin emerged.",Endgame Bitcoin,Bitcoin,1,0,trendarchitect,917,146
2025-03-06,What is a bitcoin donor-advised fund and why do they matter? - Unchained,What is a bitcoin donor-advised fund and why do they matter? - Unchained,Bitcoin,1,0,unchainedcap,72,13
2025-03-06,What is the cheapest exchange to buy btc on? Thanks in advance,What is the cheapest exchange to buy btc on?,Bitcoin,1,0,IllArmadillo3730,62,12
2025-03-06,"You don't believe we are early, Get this: ""For €4,028.32 today, you can buy the exact 2048 block reward amount (0.048828125 BTC)"" Say a modest €10 million per BTC in 2048 Today’s price of € 82,500/BTC Bitcoin’s block reward halves every 4 years. Starting from March 6, 2025, with a block reward of 3.125 BTC (post-2024 halving): * 2028: 3.125 BTC ÷ 2 = 1.5625 BTC. * 2032: 1.5625 BTC ÷ 2 = 0.78125 BTC. * 2036: 0.78125 BTC ÷ 2 = 0.390625 BTC. * 2040: 0.390625 BTC ÷ 2 = 0.1953125 BTC. * 2044: 0.1953125 BTC ÷ 2 = 0.09765625 BTC. * 2048: 0.09765625 BTC ÷ 2 = 0.048828125 BTC (halving occurs around mid-2048). By 2048, assuming we’re after the halving, the block reward will be 0.048828125 BTC. Value today = 0.048828125 BTC × €82,500/BTC = €4,028.3203125 (or €4,028.32 rounded). If 1 BTC is worth €10,000,000 in 2048, the block reward of 0.048828125 BTC would be worth €488,281.25 (in 2048 euros).","You don't believe we are early, Get this: ""For €4,028.32 today, you can buy the exact 2048 block reward amount (0.048828125 BTC)""",Bitcoin,1,0,_Role_007,896,162
2025-03-06,TODAY: Bhutan’s Prime Minister explains how $BTC mining boosts their ...,🇧🇹 TODAY: Bhutan’s Prime Minister explains how $BTC mining boosts their ...,Bitcoin,15,1,flying_2_heaven,72,11
2025-03-06,Everyone is wrong about bitcoin. We’re not going to the moon……WERE SKIPPING THE MOON AND GOING STRAIGHT TO PLUTO!!,Everyone is wrong about bitcoin.,Bitcoin,1,0,DaddyLongLegs13469,114,19
2025-03-06,Thoughts on tomorrow’s White House meeting? I know regardless of the outcome btc is unstoppable but curious what smart peeps here think will happen tomorrow?,Thoughts on tomorrow’s White House meeting?,Bitcoin,1,0,Ok_Initiative7326,157,25
2025-03-06,Bitcoin is dead The HODL is over.,Bitcoin is dead,Bitcoin,1,0,Ok-Amphibian-617,33,7
2025-03-06,"I did it, I finally became a whole coiner. Been stacking sats starting in summer 2021, made some larger buys trying to catch the falling knife in 2022, learned some lessons, and have been DCAing each paycheck since. After the recent pull back I finally said ""screw it"" and cashed out a bunch of VTI long term gains for the last 0.2ish BTC. Amazing feeling seeing a 1in front of that decimal point now. Keep stacking everyone.","I did it, I finally became a whole coiner.",Bitcoin,1,0,DisasterWeak5589,425,77
2025-03-06,For Bitcoiners: How to Create a Bitcoin Social Account with a New Hive Account and Username | PeakD,For Bitcoiners: How to Create a Bitcoin Social Account with a New Hive Account and Username | PeakD,Bitcoin,1,0,neopch,99,18
2025-03-06,A Bitcoin-Only USA Strategic Reserve - An Open Letter to America,A Bitcoin-Only USA Strategic Reserve - An Open Letter to America,Bitcoin,1,0,Fiach_Dubh,64,11
2025-03-06,Your Daily Bitcoin Breakdown newsletter is now live. Check out today’s Top Stories and a sneak peek at the latest Opinion &amp; Analysis pieces. Full issue link is in the comments.,Your Daily Bitcoin Breakdown newsletter is now live. Check out today’s Top Stories and a sneak peek at the latest Opinion &amp; Analysis pieces. Full issue link is in the comments.,Bitcoin,1,1,GeeWow,180,31
2025-03-06,"$1 million Left In Mempool Since November I have a full node that I use from time to time alongside an LND lightning node. Usually I just use it to create offline transactions for small amounts. I recently saw a small amount of btc that I left over from the last time I started it and decided to move it out ([here]( Before my full node caught up and synched with the network, I took a look at the mempool, since LND transactions are sometimes stored offline. To my surprise, there indeed were 42 offline transactions stored in my local mempool since early November totaling close to $1 million USD (10.01569473 BTC): [ ""e586ef532c7815a21d5f37f64412debc58a688bddb9c1dacbcea1204230a782d"", ""8bcf32a7a207562d78a8db1820eaf1b9f5c70da8fb2274274ef93736056138ca"", ""8eb011271ad3744d1ebbe29900ad3a548dcaee73b2506f6e4f45d3a5d41ace0e"", ""5f7dffc78e017b207a5cdcc6b0d38c9117217ce27dc1a2a83168ebbb9a6ab080"", ""514141fb06fb4887c23271e672f4109eef7b6f819940c45f7fd4cc621cfa458d"", ""c323846a0ceb7cd5ef000298f2fc12abebd2d55257e75f3be9f0fcba0ba14bde"", ""aab88dc2404bb816c6ddf940f2a1abd217779e8b22df34e91b65f99790fa2e91"", ""f882c7e17dccb99749623a018fc1c8a8e23d60a8d6085d57edb09a04c3b28efc"", ""8b63344234b45436f83e956124c7706c33091e89d44ac9caba3d96d88db7ecc5"", ""3dd96e70572e03e029936b015dc461a63167c2c73dbe063d87145858a4ad3e46"", ""65f8dd6d37eeae95d9ddfab96b103b9c955ecd95abbd571dd0e350093f02031d"", ""8217219d806949982be5e6c5fdb4103c090fe5e93da61beac5051c5b75574168"", ""90301ac0906a7de2e186fa5f332215325a6c9e04a5e67749b07966d9ae2def95"", ""6e25ead1574579009abbf49201573fdf27d1121075e4b7f33501ffade8518b22"", ""4c4619ca4070368b4d70e1fec1d302081f6639b222aa317e7d90080ee32d1d4f"", ""8f9b90bde2a086f555238de921d9d76215d41973cf12ca63a63ea9222645df91"", ""158ea18897e47d0edfeaadcac8bb778f38b58cfeb79ac8c0ebe7be6845dfb059"", ""673396e908ee6fd2ca072e73aeb56f68fcc3031e6badbd2f46730b142e6d1cd6"", ""7790170503375ba6d91764562a28efcce768d6fbbeaaf93a08d065900ab923e2"", ""b2c356aa605c1e61a165cc224e0c2327f0ebf06c7c1620b9270dc0303714bfb7"", ""6baec16be915db2030562e92721213907f74bf3c63f297fbef827dc4cd6c3e66"", ""5678b90cb67cb95a95fe8203a86b916dee679d87e67ad17d892bf3089b099410"", ""49d6608c0463c89a409ead50aa7d4cd628a6b3c87634039ad84bbf314f8878aa"", ""b097cd606314062b466c04f61de5d4a9527eb9fed21fd1951b5ab0a2e4d16f22"", ""ffffa7107460e4f08ebe0562fce73dbb41eb43214f7a6badbb0d0569f85ce063"", ""99a6616ef1e7898e9509256cf6abc488a56e77293ed77a28d30fc40f37e1e561"", ""3195752e65f547de04e63fedb81bb9b867e1b9a27304832a1be9ec13d6e352e7"", ""ae011a358d069d8bba0a2019b92d91f02acc65b6a10094355d58e688f0379d6c"", ""fa46df5ed8ded61ec76b3d617b371f9072b061799d6db373960dd118068c06a9"", ""9debdc58959f6bf6a0bdb5e3b9abf1268077d510414fbc1e12591364b6b087e5"", ""c19a6c2245aaee332d3752fa806a76c786a8eae96fe27559b62c5dfe63d6f6ee"", ""3dfd60b79c3f3ad197d6f190c1df0f88c3df89f722e1499a0ec8527a5ed95ce1"", ""b7ecf7ffa23da8031f5e32c72342badc67a6956ae7ea16715b84b929482a2990"", ""47492333d3a7fe2a70debbec42a9ff2e62fe46af735d37b5b158df01f054393b"", ""5cd871831034e82f85f119a63b55bba6c04be4b2f7c9c144513d50a2e8fc9a48"", ""c874e41998cea21560f42cf8077d8185dc81ebd61132a97f69684cf7cadff105"", ""183748d148f4a735e02cefdc09d6dab5a5ed78faad3bb08a109e3928fe1f06f4"", ""bfbc5d26a173d9c96f817563b0c2470758b60608da7576f6515eecea5a3c6202"", ""f476bd8b3e493ca9e28bd0434a54b5adbf0d912a4c3f711cc51efbeedbf3c507"", ""37b69d66273ed210279988f6a490803d170796db5d2e848c32bd3c6b0ee5b292"", ""6bcfce706562c12e1c2734320af674e695fcb7f8fa114946831b1d3e2f7cc155"", ""13644a6c2cff98d418bc0bdfade17dea1b303b75d1d80c3868903f4a9bf13483"", ""bd92abdecaf95139c49b658cb163a4a82a4c24e891cbe6de18e41346b505e93b"" ] It's very strange to me that 42 offline transactions were just left on my machine for that period of time, considering they have a total value of $1 million. What's even stranger is that some of the addresses [haven't moved since 2022]( At first glance, some of the transactions are being made to addresses with extremely large balances, like [this one with a $200 million balance](",$1 million Left In Mempool Since November,Bitcoin,1,0,Miserable-Nail3826,3927,223
2025-03-09,"Only 30 weeks ago! To those freaking out, remember only 30 weeks ago, just over 6 months ago the price of bitcoin low was $49,000. For those who are saying a market correction of 20 - 30% is not achievable and kidding themselves selves. Yesterday I made a post that bitcoin was going to make a correction, for those who are new, a market correction is normally considered a 10% drop. From my research that placed btc at 76,500k , so yes we are in a stage of correction. And possibly the biggest market crash since covid comming. You can believe what you want and have your own oppinions, but there has been many major influences in the stock market and crypto communities talking about this biggest crash for sometime. As with the covid crash everything will pick back up. This could continue for the next 8 to 12 months. So just stick it out and wait .",Only 30 weeks ago!,BitcoinMarkets,5,0,Sweet-Hat-7946,853,158
2025-03-10,"Bitcoin, Ether, Solana Traders Chase Downside Protection, XRP Stands Out, as Trump's Crypto Plan Disappoints Bitcoin, Ether, and Solana traders are seeking downside protection as market sentiment turns cautious. Meanwhile, XRP has shown resilience despite broader declines. Trump’s crypto policy has disappointed investors, adding uncertainty to the market. Traders are adjusting strategies in response to these developments.","Bitcoin, Ether, Solana Traders Chase Downside Protection, XRP Stands Out, as Trump's Crypto Plan Disappoints",BitcoinMarkets,1,0,goshzilla666,425,57
2025-03-10,"Bitcoin Traders Now target $70k as Japan bond yield surges to 17- year high Bitcoin traders are eyeing the $70K level as Japan’s bond yields hit a 17-year high, influencing global liquidity conditions. Rising yields could impact risk assets, but Bitcoin remains strong amid shifting macroeconomic trends. Investors are closely watching market reactions as economic factors evolve.",Bitcoin Traders Now target $70k as Japan bond yield surges to 17- year high,BitcoinMarkets,1,0,goshzilla666,380,57
2025-03-10,When will the market stop treating Bitcoin like a risk-on asset? At some point it's got to flip,When will the market stop treating Bitcoin like a risk-on asset?,btc,1,0,Reywas3,95,18
2025-03-11,"Insider trading allegation erupt amid Trump's announcement of a national strategic Bitcoin reserve Trump didn’t mention Bitcoin and Ethereum in his post, but instead he highlighted XRP, SOL and ADA. Nevertheless, the whole crypto market immediately surged. Catching the spike, the anonymous trader closed his or her position for $6.8 million. Later that morning, Trump clarified with a second post that “obviously” Bitcoin and Ethereum would be at the heart of a reserve. In response, the prices leapt even higher. Senator Adam Schiff is calling for an investigation, which is unsurprising. However, Peter Schiff, the chief economist at Euro Pacific Capital who previously endorsed Trump, has also called for an investigation, accusing Trump of a “pump and dump scheme.” It would be very easy to discover who orchestrated the leveraged bet, but it’s unlikely that the heads of Congressional committees have the appetite to challenge the emboldened President. In the long-term, it’s clear that Trump has planted himself square in the middle of the industry. The Trump family members will receive the crypto faithful while the President promotes new altcoins with his megaphone and builds up stockpiles of digital assets, with or without the approval of Congress.",Insider trading allegation erupt amid Trump's announcement of a national strategic Bitcoin reserve,BitcoinMarkets,1,0,slurpeedrunkard,1261,197
2025-03-11,"Saylor is the problem Bitcoin is fine. It works as it shouled, holds up its original promise. But Saylor created his own Ponzi scheme. He bought insane amounts on credit and now wants to concince everyone to buy more. Obviously this doesn’t have anything to do with the original idea of Bitcoin. Obviously bitcoin is volatile. His average at 66k is horrible keeping in mind the sheer amount he‘s holding. Hodlers would say ""the Price doesn’t matter“, but it does, when you bought your bitcoin on credit and have to pay back + interest. Saylor might be forced to sell off, also through all his Investors, then we will into a crash never seen before. It’s not even about how likely this is to happen, it’s about the idea of saylor‘s House of cards that makes everyone loose trust in the value of bitcoin. I think in the long term the crash is needed. Saylor must get forced out. Goverment reserves are one thing, still kinda against the original idea, but fine if they are limited in their scale and influence, but what saylor tries to do is literally a snowball play on unstable ground. Get this grifter out. This will hurt a lot Short Term, especially newer bitcoiners, but I think it’s necessary to save is all in the long run.",Saylor is the problem,BitcoinMarkets,0,27,Brave-Bit-252,1228,222
2025-03-11,"No More Tether Printing, Also Silicon Valley vs Banking Industry OK guys if it isn't obvious, Tether stopped printing every time BTC price dropped. Since they were wash trading the Tether, they could move the price way up. This process has stopped so all crypto is in the tank. It's that simple. Oh, and crypto prices correlate with stonk prices. Get ready for those to tank too. But pay attention to the long game: Silicon Valley VCs will take out banks with their shitcoins. They've got David Sacks as crypto czar, the SEC obstacle is cleared, CFPB is gone, and Blackrock has billions to burn. They can short everything for 3-6 months, extract plenty of value that way, and then buy back at fire sale prices. When they have cornered enough coin supply, they can launch crypto on social media platforms like X and Facebook. Overnight they'll be eating banks' lunch, they can't compete with instant free payment thru Twitter. The payments won't be taxed or KYCed so that adds to the allure. From the consumer perspective it won't hurt to have choices other than letting a scumbag corporation store your money for you.","No More Tether Printing, Also Silicon Valley vs Banking Industry",btc,1,0,Kallen501,1117,194
2025-03-11,"Lummis reintroduces bill for US Strategic Bitcoin Reserve Senator Cynthia Lummis announced the reintroduction of the Bitcoin Strategic Reserve Act in the Senate, a move aimed at establishing a United States Strategic Bitcoin Reserve. The legislation is designed to convert a vision set forth by President Trump into a lasting statute, with the intention of bolstering the nation’s economic base for future generations. Senator Lummis expressed confidence in Bitcoin as an essential element for America to maintain its financial leadership into the 21st century. She highlighted the cryptocurrency as not only a technological opportunity but also a critical imperative for America’s sustained economic prosperity. The senator emphasized the role of digital innovation in addressing national debt and preserving America’s competitive stance in the global economy. The bill has garnered support from a group of co-sponsors, including Senators Marsha Blackburn, Bernie Moreno, Dr. Roger Marshall, Jim Justice, and Tommy Tuberville. The original version of the bill, which was first proposed in July 2024, outlined a plan for the United States to purchase up to 200,000 Bitcoins annually over five years, summing up to an acquisition of 1,000,000 Bitcoins in total. However, details regarding whether the current bill will maintain the same acquisition targets have not been disclosed. The reintroduction of the Bitcoin Strategic Reserve Act represents a significant step towards the institutional acceptance of cryptocurrency and reflects a proactive approach to leveraging digital currencies for strategic economic benefits. The Senate will now deliberate on the bill, considering its potential impact on the nation’s financial future.",Lummis reintroduces bill for US Strategic Bitcoin Reserve,btc,1,0,coinfanking,1732,254
2025-03-11,"It's OTC vs Retail? I've been watching a ton of content commenting on institutional buying. Even with the decline, institutions are apparently pouring the money into BTC and crypto. So there are two different markets essentially? Otherwise, how does an asset price decline when uptake is increasing?",It's OTC vs Retail?,btc,1,0,inwardPersecution,299,47
2025-03-11,"Interesting Discussion I had an interesting discussion with a friend of mine recently. I told him that I had invested some money in Bitcoin and asked him what his thoughts on Bitcoin were. He answered that he thinks Bitcoin is not a good financial tool because it is connected to the traditional financial system and wouldn’t be able to exist without real money. I don’t have enough experience or facts to prove him wrong, so I just nodded and listened to what he had to say. Now, my question to all of you is: Do you think Bitcoin is worth the hype, or is it just a short-lived trend that will eventually disappear from the financial world?",Interesting Discussion,btc,1,0,VogueViktor,641,117
2025-03-11,Smallest leverage ETF So yk how there is a 0.5-3% spread on btc that is lost? Make a 1.05x leverage etf to eat the cost! The leverage is so small it would be holdable but without fees :) If you wanna be tighter maybe 1.03x,Smallest leverage ETF,btc,1,0,JarretYT,222,45
2025-03-11,The Bitcoin Cash Podcast #143: Libertarian Politics &amp; Crypto Culture feat. Martha Bueno,The Bitcoin Cash Podcast #143: Libertarian Politics &amp; Crypto Culture feat. Martha Bueno,btc,1,0,Shibinator,91,13
2025-03-11,Uglydog meets Bitcoin!,✅ Uglydog meets Bitcoin!,btc,0,0,pawsitiv,22,3
2025-03-11,"Network-Layer Privacy on Bitcoin Cash: PTX messages (""Clover"") + Libp2p encrypted transport protocols","Network-Layer Privacy on Bitcoin Cash: PTX messages (""Clover"") + Libp2p encrypted transport protocols",btc,1,0,bitjson,101,13
2025-03-11,Inflation Data to Reveal Whether Bitcoin Will Sink or Surge,Inflation Data to Reveal Whether Bitcoin Will Sink or Surge,btc,1,0,crypto_news_source23,59,10
2025-03-11,"Bitcoin continues to decline, with 210,000 people having their positions liquidated. Even Donald Trump is incurring losses","Bitcoin continues to decline, with 210,000 people having their positions liquidated. Even Donald Trump is incurring losses",btc,1,0,Final-Big2785,122,17
2025-03-11,"Phantom automatically set a 219 sat fee, is this a bad thing? Everything I've seen online is telling me that I'm gonna be stuck waiting for months and so on. All of these posts are old so I just want some confirmation for the current market on if I am actually going to receive my btc. If you guys want to see the transaction, this is the mempool link: [","Phantom automatically set a 219 sat fee, is this a bad thing?",btc,1,0,killer-wastaken,354,70
2025-03-11,The Evolution of Bitcoin,The Evolution of Bitcoin,btc,1,0,Aldhyabi,24,4
2025-03-11,"Is leveraging bitcoin and trading a good idea? I dont wanna hear ""erm daytrading is gambling 🤓"" its not i just wanna know if its a good idea",Is leveraging bitcoin and trading a good idea?,btc,1,0,JarretYT,140,28
2025-03-11,How do you predict BTC before summer? Do you guys think it will reach a new higher level before summer? Just wondering about your opinions,How do you predict BTC before summer?,btc,0,21,Fearless-Interest219,138,25
2025-03-12,"i'm brute-forcing the top bitcoin addresses, it's been 2 hours why i'm not getting anything???","i'm brute-forcing the top bitcoin addresses, it's been 2 hours why i'm not getting anything???",btc,1,0,Hedi44,94,15
2025-03-12,"Bull Cycle Climax Ahead? BTC Dominance Topping Out, ETH at a Macro Low, and Altseason Starting April 2025","Bull Cycle Climax Ahead? BTC Dominance Topping Out, ETH at a Macro Low, and Altseason Starting April 2025",BitcoinMarkets,1,0,CosmicTea6,105,18
2025-03-12,"Bitcoin Dominance Analysis – What’s Next for Alts? TL;DR: Bitcoin dominance is facing strong resistance at a key Fibonacci level. If it fails to hold, we could see a correction that might trigger a local altcoin pump. What the Chart is Telling Us 1⃣ Fibonacci Levels • BTC dominance is currently testing the 0.382 and 0.5 Fibonacci levels, which are historically strong reversal or correction zones. • The current structure suggests a potential pullback from the upper level to the next key support. 2⃣ Potential BTC Dominance Decline • If BTC dominance breaks below the trendline and fails to reclaim the Fibonacci level, a further drop is likely. • A decline in dominance creates an opportunity for altcoins to gain momentum. 3⃣ Local Altcoin Pump • A weakening BTC dominance often leads to capital rotation into altcoins, fueling short-term growth. • Historically, such moves have led to 20-30% rallies in alts, but overall market conditions will play a key role. Plan of Action Monitor Key Fibonacci Breaks • If BTC dominance fails to hold and starts declining, it’s a strong signal to look at alt opportunities. Risk Management First • Always set stop-losses and diversify to minimize risk. • Going “all in” is never a smart move, especially in volatile conditions. Take Profits in Steps • In case of a sharp move, it’s always better to lock in profits gradually rather than waiting for a perfect top. Final Thoughts • BTC dominance is at a crucial turning point, and a correction seems likely. • Altcoins could benefit from this shift and experience a local rally. • As always, Grizzly stays long! 🥃 What are your thoughts on the current BTC dominance trend? Are you seeing good setups in alts? Let’s discuss!",Bitcoin Dominance Analysis – What’s Next for Alts?,BitcoinMarkets,1,0,Altruistic-Loan-2271,1715,291
2025-03-12,"Bitcoin scam via DocuSign Bitcoin scam via DocuSign Received 4 emails telling me I needed to go to DocuSign to process my CoinBase transaction of $749.95 from my bank account. Urgent CoinBase Transaction Verification 2 events, Within the next 24 hours Coin Base coin.base.tid294020@gmail.com We have detected a payment processed through your account on the CoinBase App for a Bitcoin (BTC) Purchase associated with Invoice [8499308]. This transaction appears to be unauthorized _____________________ Transaction Details Invoice Number: 8499308 Item: Bitcoin (0.0091 BTC) Date: March 12, 2025 Amount Charged: $749.95 Payment Method: Bank Bill Pay ____________________ To ensure the security of your account, we require you to contact us immediately to verify this transaction. Please call us at +1 (xxx) xxx-xxxx within the next 24 hours. Failure to respond promptly may result in a temporary suspension of your account to prevent further unauthorized activity. If you believe this transaction is valid or have already resolved this issue, kindly disregard this message. We take your security seriously and appreciate your immediate attention to this matter. Thank you, The CoinBase Team +1 (xxx) xxx-xxxx",Bitcoin scam via DocuSign,btc,6,9,TiredWomanBren,1204,181
2025-03-12,"DCA? no more, i'm bruteforcing your bitcoin addresses.","DCA? no more, i'm bruteforcing your bitcoin addresses.",btc,1,0,Hedi44,54,8
2025-03-12,Bitcoin and Crypto About To Be Boosted by Global Money Supply Explosion: Former Goldman Sachs Executive,Bitcoin and Crypto About To Be Boosted by Global Money Supply Explosion: Former Goldman Sachs Executive,btc,1,0,PioneerInternational,103,16
2025-03-12,"You don't need money to buy Bitcoin (Cash) You could exchange a pizza for Bitcoin. Or sell anything else that you would normally sell, but for Bitcoin. __I don't mean BTC__. That shit has deviated from the p2p cash initiative, and its fees are too high to encourage spending 'as cash', which is why you won't succeed in using it commercially. But p2p cash is still alive. Try Bitcoin Cash (BCH) for that purpose!",You don't need money to buy Bitcoin (Cash),btc,1,0,Dune7,412,74
2025-03-12,Republican Lawmakers Push Bill to Create Federal Bitcoin Reserve,Republican Lawmakers Push Bill to Create Federal Bitcoin Reserve,btc,1,0,lakantala,64,9
2025-03-12,"Unusual Chart Pattern on BTC/USD Three Peaks Domed House I have seen this very rare Chart Pattern called Three Peaks Domed House on various long-term stock charts over the last 25 years. It has always preceded a major market collapse. I found it on the 12-month BTC/USD chart, it is regarded as a bearish pattern. I notice the pattern is fully formed and therefore an easy call. I am not predicting an outcome simply offering this chart as a point of interest.",Unusual Chart Pattern on BTC/USD Three Peaks Domed House,btc,1,0,ShoneGold,460,82
2025-03-13,"I built a Bitcoin dashboard that tracks leading indicators and reveals which ones actually work—along with their forecasts Hey everyone, I’ve been frustrated for a while seeing people mention various on-chain metrics, indices, and narratives as if they have clear predictive power — but rarely do I see anyone actually measure and *visualize* how well these indicators perform over time. So [I built a Bitcoin dashboard]( that tracks a bunch of leading indicators and shows which ones are actually working (or not), along with their forecasts. Thought it might be useful for others too. Would love to hear if this is useful for you aswell!",I built a Bitcoin dashboard that tracks leading indicators and reveals which ones actually work—along with their forecasts,BitcoinMarkets,1,0,seyrey,639,105
2025-03-13,"Quick Bitcoin Order Book Update with Your Morning Coffee Good morning! Current Market Overview: • BTC Price: $83,371 • Order Flow Balance: Buyers are holding the $82,800 level, but local sellers remain strong at $83,500–$84,000. Key Limit Orders (Order Book Analysis): Strong Support (Buy Orders): • $82,500–$82,800 – First defense zone with 200-300 BTC in bids. • $81,800–$82,200 – Critical buyer cluster with 400+ BTC. • $80,500–$81,000 – Major support zone, holding 500+ BTC, likely defended by market makers. Resistance (Sell Orders): • $83,500–$83,800 – Heavy sell pressure, 300+ BTC in asks. • $84,000–$84,500 – Major resistance, 500+ BTC, potential profit-taking zone. • $91,000–$92,000 – Biggest sell wall, 700+ BTC in orders. If we reach this area, expect high volatility and potential rejections. What Bookmap &amp; Liquidity Show? We observe: Consolidation zone between $82,800–$83,500 – a battle between buyers and sellers. Massive limit orders at $84,000+ – strong sell walls, likely large players hedging positions. High liquidity at $91,000+ – potential long-term target, but multiple resistance levels must be broken first. Weak support below $82,500 – If bids get pulled, we may see a sharp drop toward $81,000. Conclusion &amp; Trading Strategy: Holding $82,500–$82,800 → Expecting a bounce upward. Breakout above $84,500 → Could accelerate the move toward $87,000–$88,000. Drop below $81,800 → Could trigger a fast move to $80,500–$81,000. Key indicators: watch for limit order changes at $84,500 and $82,500! If large orders get pulled, expect rapid movement in that direction. Market remains bullish, but BTC is at a decision point. Long strategy still in play as long as support holds! Your Grizzly 🥃",Quick Bitcoin Order Book Update with Your Morning Coffee ☕️,BitcoinMarkets,1,0,Altruistic-Loan-2271,1722,265
2025-03-13,"Half a dozen members of Trump’s cabinet hold Bitcoin assets, disclosures reveal, with a combined total worth millions","Half a dozen members of Trump’s cabinet hold Bitcoin assets, disclosures reveal, with a combined total worth millions",btc,1,0,IXFIofficial,117,18
2025-03-13,"RPA on Bitcoin Cash: A Game-Changer for Financial Privacy Bitcoin Cash development is amazing and don't cease to amaze me. One of the biggest tech that's cool and game-changer is Reusable payment addresses (RPA) and on today's article I dive into it, enjoy.",RPA on Bitcoin Cash: A Game-Changer for Financial Privacy,btc,1,0,alberdioni8406_,257,43
2025-03-13,Jack Dorsey Says Bitcoin Hits $1M by 2030 — Here’s Why It’s Not as Crazy as You Think (Deep Dive Inside),Jack Dorsey Says Bitcoin Hits $1M by 2030 — Here’s Why It’s Not as Crazy as You Think (Deep Dive Inside),BitcoinMarkets,1,0,Firm_Substance_1506,104,21
2025-03-13,"Can btc reach a new ath this year? Looking at the highest price, BTC is around 30% down right now. What are the chances it can reach a new all time high this year?",Can btc reach a new ath this year?,btc,1,0,Such_Net7213,163,34
2025-03-13,"Strategic Bitcoin Reserve - Will generate $10 trillion/year? At the Bitcoin Policy Institute on Tuesday (20250311), Michael Saylor said: ""In 20 years the United States could be generating $10 trillion per year by renting, developing, or financing the assets in that strategic bitcoin reserve"". Would someone please explain how this works? *Who pays the 10 trillion dollars to the Treasury? Persons? Businesses? Governments?* *What goods or services, i.e. what utility are they receiving for the payments? What are they buying?* Are the payments made in dollars? In bitcoin? Finally, how large would the bitcoin reserve have to be in order to generate 10 trillion dollars per year? I'm not asking whether it's a good or bad idea, nor asking for any opinions about Saylor. These are serious questions, and I apologize if there are simple or well-known concepts behind this prediction. Thx,",Strategic Bitcoin Reserve - Will generate $10 trillion/year?,btc,1,0,kstinmb,887,142
2025-03-13,"NEW: U.S. authorities seize $62.5M in Bitcoin linked to Silk Road drug operations, cracking down on dark web dealers and money laundering.","🚨 NEW: U.S. authorities seize $62.5M in Bitcoin linked to Silk Road drug operations, cracking down on dark web dealers and money laundering.",btc,1,0,Tonyalarm,138,22
2025-03-13,"20B Binance investment: bullish for Bitcoin, but what about the miners? So Binance just pulled in a $2 billion investment from MGX — probably the biggest single institutional bet on crypto we’ve seen in a long time. It makes me wonder: if big money is coming back to crypto, what’s the next move for Bitcoin and mining companies? Obviously, Bitcoin benefits directly — more capital flowing into exchanges means more buying pressure. But miners are the ones supplying new BTC. Companies like $MARA, $RIOT, and $CANG (which mined almost 1,000 BTC last quarter and is holding close to 2,000 BTC now) could be poised to gain a lot if Bitcoin starts flying again and supply gets tighter. Does anyone think mining stocks will start moving soon? Or is the market still waiting for a Bitcoin breakout before jumping into miners?","20B Binance investment: bullish for Bitcoin, but what about the miners?",btc,1,0,Tukidoggy,820,140
2025-03-13,Martti Malmi on Bitcoin in 2009 &amp; Satoshi Nakamoto (Bitcoin Takeover Podcast S16 E12),Martti Malmi on Bitcoin in 2009 &amp; Satoshi Nakamoto (Bitcoin Takeover Podcast S16 E12),btc,7,2,VampireVlad,89,14
2025-03-13,"The Bitcoin Newtonian Model. Version 3. I really like the addition of section 3.2, it demonstrates how rapidly Bitcoin's price could rise if adoption accelerates.","The Bitcoin Newtonian Model. Version 3. I really like the addition of section 3.2, it demonstrates how rapidly Bitcoin's price could rise if adoption accelerates.",btc,1,0,Obvireal,162,25
2025-03-14,Will Crypto Markets React to $3B Bitcoin Options Expiring Today?,Will Crypto Markets React to $3B Bitcoin Options Expiring Today?,btc,1,0,IXFIofficial,64,10
2025-03-14,Bitcoin: The Chaotic Path to Ultimate Victory,Bitcoin: The Chaotic Path to Ultimate Victory,btc,2,0,iancroasdell,45,7
2025-03-14,What are your thoughts? When do u then btc will touch 100k again?,What are your thoughts?,btc,1,0,DeFi_Dengen,65,13
2025-03-14,BTC long-term holder supply is reversing after a week of announcing the strategic reserve,BTC long-term holder supply is reversing after a week of announcing the strategic reserve,btc,1,0,DuckDuckMosss,89,14
2025-03-14,"What are the Tax Payer Neutral Sovereign Bitcoin Reserve Buying Options? Considering the SBR stated the following: “The Secretaries of Treasury and Commerce are authorized to develop budget-neutral strategies for acquiring additional bitcoin, provided that those strategies have no incremental costs on American taxpayers.” I’ve tried listing below some of those budget neutral options to help sell the bitcoin purchases to the public as non tax payer funded buys: - Using some of the existing 39 billion dollars of emergency financial funds … AKA the Exchange Stabilization Fund (ESF) which is a financial tool at the disposal of the U.S. Department of the Treasury. It could be utilized to establish a Strategic Bitcoin Reserve (SBR) through executive action, without the need for congressional approval - ⁠Seizing (stealing) more bitcoin including those holdings from people trying to use it to evade taxes - ⁠Accepting government payments/fines/taxes in Bitcoin - “Printing” money to buy Bitcoin would presumably not cost the tax payer (well directly anyway!) - ⁠Mining bitcoin with excess unutilised energy sources like Bhutan have been doing - ⁠Selling other confiscated assets from crime (crypto and non crypto) for bitcoin - ⁠Revaluing or swapping the existing gold stockpile for some digital gold I’m sure there might be other ways for them to get more BTC without directly buying with tax payers funds… the fact they have actively pledged to do this and seem to have the personnel in charge who are motivated and from a crypto perspective pretty competent, qualified and experienced to do so is really bullish for the longer term bigger macro picture. What other methods could they use for tax payer neutral bitcoin acquisition ….",What are the Tax Payer Neutral Sovereign Bitcoin Reserve Buying Options?,btc,1,0,sweet-breads,1740,277
2025-03-14,"Bitcoin Sell Setup: Bearish Signals Indicate Potential Drop! Bitcoin Sell Setup: Bearish Signals Indicate Potential Drop! Bitcoin's price action is flashing bearish signals, making it an exciting moment for traders looking to capitalize on short positions. Let’s break down the latest technicals and discuss a sell trade setup that could offer profitable opportunities in this volatile market. Why Bitcoin Looks Bearish Right Now 1-Hour Chart Analysis: BTC is showing clear signs of weakness, struggling to maintain bullish momentum. EMA Strategy (15-Min Chart): The 9 EMA (Exponential Moving Average) is crossing below the 15 EMA, a classic bearish signal that traders watch for short entries. This suggests that selling pressure is increasing, and a further downward move is likely. Potential Sell Position Strategy Entry Point: $81,454 – This is a key level where fresh short positions can be considered. Stop-Loss: $82,000 – A crucial level to protect against unexpected upside moves. Target: $79,100 – A reasonable profit target based on support levels. Key Resistance Levels: $82,000 – If BTC breaks above this, short positions may need to be reconsidered. $83,500 - $84,000 – Strong resistance zone. Key Support Levels: $80,000 – A psychological level to watch. $79,100 - $78,500 – Potential next downside targets. Risk Management Tips! Use Stop-Loss Orders – Protect your capital from sudden market swings. Leverage with Caution – If using leverage, manage your risk wisely to avoid liquidation. Monitor Market Sentiment – Bitcoin’s price action often reacts to news and macroeconomic factors. Final Thoughts: Will the Downtrend Continue? Bitcoin is showing strong bearish tendencies, and if the 9 &amp; 15 EMA crossover continues to play out, we could see BTC drop toward the $79,100 level. However, crypto markets can be unpredictable, so always trade with a solid risk management plan. This is NOT financial advice—Always DYOR (Do Your Own Research) before making any trade! Stay tuned for more market updates and trade insights!",Bitcoin Sell Setup: Bearish Signals Indicate Potential Drop! 📉,btc,1,0,Tonyalarm,2040,316
2025-03-14,"Decreasing the block size instead of increasing it - the cult psychology of Some months ago someone proposed reducing the block size instead of increasing it on . Seeing the answers is hilarious. It's like they are using the same arguments big blockers use. &gt;You can get used 2TB HDDs for 20 bucks, sometimes even less. [ Not only that, but for some reason this post was not removed? If you mention increasing the block size, you immediately get banned, but not when you mention decreasing it? What is the parameter for banning someone? I wonder if there's a name for this kind of thought process? And what makes them think that 1MB is the right limit instead of 0.9MB or 0.5MB?",Decreasing the block size instead of increasing it - the cult psychology of r/Bitcoin,btc,1,0,OkStep5032,681,122
2025-03-14,Bitcoin bonds They gonna sell regular bonds to finance de debt and públic stuff. Buy bitcoin with 10% of the money Pay 1% interest rates plus 50% of the bitcoin gains .. They gonna sell trillions literally Should i close my bitcoin shorts?,Bitcoin bonds,btc,1,0,Moist_Bass_5823,239,43
2025-03-14,"UK National Crime Agency officer charged with stealing 50 BTC Paul Chowles, 42, from Bristol, faces 15 charges related to the alleged theft of 50 Bitcoin during a 2017 investigation into online organized crime.",📣 UK National Crime Agency officer charged with stealing 50 BTC,Bitcoin,1,0,Gapkh,210,34
2025-03-14,"Why does everyone here think that bitcoin is actually a good hedge against inflation? It's been exactly 5 years since we suffered the ramifications of COVID-19 and the devastating affect it had on the economy. Bitcoin crashed down to as low as the 3,000's (USD), prices of goods soared such as eggs and toilet paper, supply and demand was absolutely wild in those times. Housing prices have essentially doubled since then. How do you expect bitcoin to keep up with that long-term? Eggs are $8 a dozen now. My house that I bought in 2019 for $160k is now worth over $300. But the sad thing about bitcoin is that every 4 years, it is destined to crash back down again. It crashed from 19k in 2017, it crashed from 69k in 2021, and 2025 is the fourth year of the so-called ""cycle"" so guess what it's going to do again this year? How many more cycles until it crashes from 7 figures? Are any of you even paying attention? And what about the suckers who bought bitcoin BEFORE it crashed? Those greater fools stuck holding the bag from weeks before COVID hit probably bought in around $10k, maybe even higher than that, if we're being honest. How do you expect bitcoin to hedge against inflation when it's only between 700% to 2,000% higher than it was 5 years ago either right before or right after the market was pulverized by COVID? Inflation is supposed to be around 2% PER YEAR! That compounds over the years, you know. So just you wait and see. You'll find out the hard way that in just TEN YEARS that 2% inflation will amount to nearly 22% inflation. Try looking me in the eyes with a straight face a decade from now and tell me that bitcoin won't crash from the high 6, or even 7 figures. We'll see how smug you all are then, eh? Good riddance.",Why does everyone here think that bitcoin is actually a good hedge against inflation?,Bitcoin,1,0,babblenaut,1746,324
2025-03-14,"Should I break up with my girlfriend over bitcoin? I’m still in Highschool and have invested a large amount of my savings into bitcoin over the past few months. I intended on having ~10k invested before I go off to college, yet girlfriend expenses may hinder this goal. Looking long term, will I benefit from breaking up with my girlfriend now so I can just save and DCA throughout the summer while I have a job? I feel like having a girlfriend now could affect my position in years when the coin multiplies by whatever %. She isn’t too expensive but staying with her will set me back via spending and time working. Interesting in what yall think about this.",Should I break up with my girlfriend over bitcoin?,Bitcoin,1,0,FabulousEvidence732,658,120
2025-03-14,"Want to buy BTC in my Self directed Roth IRA and keep in cold wallet. With what company can I do this? Has anyone done this before? I do not want to buy a BTC etf, but rather actual BTC. And I’m weary of keeping it on an exchange, as I have no control if it’ll be there in the future. So I’d like to transfer it to a hard wallet. I’ve invested in partnerships, syndications, and real estate through the Roth so while I know I can buy it on an exchange (like a stock), I haven’t seen the wallet part. I would put it back on an exchange when I’m retired and have to take distributions.",Want to buy BTC in my Self directed Roth IRA and keep in cold wallet. With what company can I do this?,Bitcoin,1,0,philipmascia,583,118
2025-03-14,"Upgrade your bitcoin DCA strategy with Recurring Buys that auto-send to self-custody! Safely stack sats on your custom schedule directly to your personal wallet. It's quick, easy, and with zero added fees. Oh, and your miner fee? We cover that, too!","Upgrade your bitcoin DCA strategy with Recurring Buys that auto-send to self-custody! Safely stack sats on your custom schedule directly to your personal wallet. It's quick, easy, and with zero added fees. Oh, and your miner fee? We cover that, too!",Bitcoin,1,0,BitcoinWell,249,41
2025-03-14,Is there any guarantee on the BTC ETFs in case the BTC gets stolen?!,Is there any guarantee on the BTC ETFs in case the BTC gets stolen?!,Bitcoin,1,0,Fiach_Dubh,68,14
2025-03-14,Bitcoin Recurring Buys that automatically deliver to self-custody have arrived in the USA,Bitcoin Recurring Buys that automatically deliver to self-custody have arrived in the USA,Bitcoin,1,0,BitcoinWell,89,13
2025-03-14,"JUST IN: Retail Bitcoin holders (with balances under 1 $BTC) are selling off their coins, mirroring the capitulation pattern seen in late 2020. Today, this group holds 35% more Bitcoin (1.75 million BTC) than they did in 2020.","📊 JUST IN: Retail Bitcoin holders (with balances under 1 $BTC) are selling off their coins, mirroring the capitulation pattern seen in late 2020. Today, this group holds 35% more Bitcoin (1.75 million BTC) than they did in 2020.",Bitcoin,1,0,Tonyalarm,226,38
2025-03-14,Where to buy Bitcoin I have cards and I'm from NY I want to use my moms debit card,Where to buy Bitcoin,Bitcoin,0,19,Hungry-Fly9508,82,19
2025-03-14,What price would you consider a good deal if you wanted to buy in March or April? At what price would you buy btc if you wanted to buy this March or April? What's the lowest you think it gets and what price would you consider a good deal?,What price would you consider a good deal if you wanted to buy in March or April?,btc,0,7,TomekGregory,238,49
2025-03-14,"What are the best quotes ? I am printing bitcoin envelop with random quotes from bitcoiners \- Not your keys, not your coins. \- Dont trust, verify. What are your best quotes ? Give me some ideas :)",What are the best quotes ?,Bitcoin,1,0,sbounmy,198,38
2025-03-14,"Order &amp; Disorder Please share your thoughts about bitcoin, what's your origin? when and how you orange pilled. My bitcoin story starts in 2015. Mid-2017 i watched this amazing documentary about energy and information history by Jim Al-Khalili. He precisely describes what is energy and information. I highly recommend this amazing movie. please write your thoughts.",Order &amp; Disorder,Bitcoin,1,0,wiwila,369,56
2025-03-14,"Morning Bitcoin order book update with your coffee Bitcoin continues to move within a medium-term uptrend. We still haven’t reached a proper retest of the lower channel boundary or the trendline. RSI is sitting at 44, which is a neutral zone, meaning there is no clear directional bias yet. Bitcoin’s price is still being tested against macroeconomic conditions and political factors. Order Book &amp; Liquidity Zones: Key Support Zones: $81,800 – $82,000 → Strong buy-side liquidity with over 1,200 BTC in limit orders $80,500 → Large buy interest with significant limit orders Key Resistance Zones: $83,200 – $83,500 → ~850 BTC in sell orders $84,500 → A major sell wall with ~1,100 BTC $87,000 → Massive resistance with ~1,500 BTC in limit sell orders Summary &amp; Key Levels to Watch: • $82,000 is confirmed as strong support, while $84,500 remains the key barrier for upside movement. • If BTC breaks above $84,500, this will confirm an uptrend continuation, likely triggering a spike straight to $87,000. • If BTC breaks below $81,800, we could see a retest of the lower trendline around $76,000 (though this scenario seems less likely for now). Trading Strategy for Today: If you’re looking for entry zones: • For long-term accumulation: $80,500 – $81,000 looks like the best area to catch a bounce. • For short-term speculation: A breakout above $84,500 could lead to a rapid push toward $87,000. I’ll be closely monitoring the order book and news flow—if anything changes, I’ll provide timely updates. Stay strong, we are in this together! Wishing you all a great trading day! [Daily BTC chart analysis ( simple )](",Morning Bitcoin order book update with your coffee,BitcoinMarkets,1,0,Altruistic-Loan-2271,1625,269
2025-03-14,"I’m willing to teach and assist you on how to invest in bitcoin trading software machine and earn huge profit every 3 hours with my strategies, If only I can trust that you wouldn’t run away with my 5% commission after you received your first profit","I’m willing to teach and assist you on how to invest in bitcoin trading software machine and earn huge profit every 3 hours with my strategies, If only I can trust that you wouldn’t run away with my 5% commission after you received your first profit",BitcoinMarkets,1,0,Background-Truth2454,249,46
2025-03-14,How much to buy How much btc should be aiming to purchase?,How much to buy,Bitcoin,1,0,Strong-Soul,58,12
2025-03-14,"Whats your expectations for bitcoin in the next few weeks? Some are saying its going to go to 73-79k some are saying its going to get lower but I bought at 81k and now I'm up a lot, do I sell? I want this to be a long term investment so I'm not affected by short term swings but if its going to get to 70k its better to sell and buy at that if its likely to happen I know that no one has a crystal ball but we can estimate at least",Whats your expectations for bitcoin in the next few weeks?,Bitcoin,1,0,In-Hell123,431,94
2025-03-14,"Question. Would it be wise to use bitcoin as a store of value and then borrow against it? The dollar is losing value and BTC gains value, so I could see someone (within reason) borrowing against their bitcoin while their debt is slowly shaved away by inflation. I wonder if anyone who’s really financially savvy has any thoughts on that",Question. Would it be wise to use bitcoin as a store of value and then borrow against it?,Bitcoin,1,0,Longjumping-Pick2972,336,60
2025-03-14,Margin Would it be a dumb idea to buy 1 bitcoin on margin? If it drops more than 10k I would probably just sell out. What are your thoughts?,Margin,Bitcoin,1,0,Organic-Relief5907,140,29
2025-03-14,What’s your favorite about bitcoin ? What’s your favorite top 5 coins and why ?,What’s your favorite about bitcoin ?,Bitcoin,1,0,Rasheedkhan2020,79,15
2025-03-14,Bitcoin - The Final Clash! My free mobile game in which you take on the role of Satoshi and fight for a new monetary system! (more info in comments),Bitcoin - The Final Clash! My free mobile game in which you take on the role of Satoshi and fight for a new monetary system! (more info in comments),Bitcoin,1,0,raitozen,148,29
2025-03-14,Tracking the Source of El Salvador’s Bitcoin Reserve to Bitfinex,Tracking the Source of El Salvador’s Bitcoin Reserve to Bitfinex,btc,1,0,btcxio,64,10
2025-03-14,In how many years do we see something like this? or how about 0.01 BTC?,In how many years do we see something like this? or how about 0.01 BTC?,Bitcoin,1,0,iPurchaseBitcoin,71,15
2025-03-14,Help w stolen Bitcoin Happy Friday everyone. Abe here. its been a rough last 5 years but as the smoke settles and I start my start over phase going through my coinbase acc I got a family member into Bitcoin back in 2014-15 the dude had full access to my home. I've been digging for some time and needed confirmation. This one example I didn't do this transaction but shows I sent funds to 12pqxpVd5hsLDzwXszrq8nWhzP7mNj7T43 I know who done it as I trace back there was a constant reuse of address back and forth. I only used Bitcoin for poker sites and I was involved w Bitcoin buying like 100 bucks worth back in 2010. With that said is it fair to say the early wallets associated w that transaction were linked to me. This guy took my collection of baseball pokemon football cards comics rare coins left to me by my brother and father art it's like everyday I recall something and it's gone. I see my stuff in his social media accs law enforcement won't do anything so far but I have hope doors will continue to open. This is another address that sent me funds lol. 39FX7kV4SKh5ZTHeGuWb2sC7Dz7RAuaMpg .009 this dude is a sicko,Help w stolen Bitcoin,Bitcoin,1,0,Routine_Ad3118,1128,206
2025-03-14,"Governments will eventually own all BTC Has anyone else realized that if paying for shit with BTC becomes mainstream and governments tax, at some point they’ll just own all the BTC? This is lowkey freaking me out lol someone please explain to me why I’m wrong here",Governments will eventually own all BTC,Bitcoin,1,0,Imjerfj,264,47
2025-03-14,Accepting Bitcoin 25% percent off auto service,Accepting Bitcoin 25% percent off auto service,Bitcoin,1,0,GoschBrosAutoPros,46,7
2025-03-14,Gosch Bros Auto Pros accepting Bitcoin/Crypto for auto service. Come on in we offer discounts for payment with bitcoin!! 124 S amphlett Blvd San Mateo CA 94401,Gosch Bros Auto Pros accepting Bitcoin/Crypto for auto service.,Bitcoin,1,0,GoschBrosAutoPros,159,27
2025-03-14,"If people keep buying the Bitcoin ETF, instead of actually buying the underlying asset then won’t that be a problem? Is it possible that the government and Blackrock accumulate so much Bitcoin while people only accumulate ETF shares that Bitcoin is no longer decentralized or viable for a people’s currency?","If people keep buying the Bitcoin ETF, instead of actually buying the underlying asset then won’t that be a problem?",Bitcoin,1,0,Sherbear1993,307,50
2025-03-14,National Bitcoin Holdings,National Bitcoin Holdings,Bitcoin,1,0,mechanic338,25,3
2025-03-14,"BTC as a gift Giving someone today some BTC as a gift. Not much, but hope to put them on a good path. Maybe you guys should try this too!",BTC as a gift,Bitcoin,1,0,PirateBrail,137,30
2025-03-14,Anyone know Gary’s Economics? He was making waves by bashing bitcoin. Took my best stab at rebutting all the misinfo he was spouting Let me know what else I missed,Anyone know Gary’s Economics? He was making waves by bashing bitcoin. Took my best stab at rebutting all the misinfo he was spouting,Bitcoin,1,0,thesatdaddy,163,30
2025-03-15,"Btc Arincen - أفاد جيمس سايفارت، محلل ETFs البارز في بلومبرغ، أن صناديق الاستثمار المتداولة في البيتكوين قد نجحت في الحفاظ على أكثر من 95% من رأس المال المستثمر بها، رغم تباطؤ تدفقات الأموال وانخفاض سعر البيتكوين بنسبة 25%. ووفقًا للبيانات التي نشرها سايفارت في منشور على منصة X بتاريخ 14 مارس، فقد تراجعت التدفقات إلى 35 مليار دولار بعد أن بلغت ذروتها عند 40 مليار دولار، في حين بقيت الأصول تحت الإدارة عند 115 مليار دولار. واعتبر سايفارت أن هذا الصمود يعد مشابهًا للسلوك الذي يظهره المستثمرون في صناديق ETFs التقليدية بالولايات المتحدة، حيث لا يتسرع المستثمرون في البيع العاطفي خلال فترات تراجع السوق، بل يواصلون الشراء، مما يعكس تحولًا في الاستراتيجيات الاستثمارية من المضاربة قصيرة الأجل إلى بناء الثروة على المدى الطويل. وفي ذات السياق، أظهرت بيانات منصة SoSoValue أن صناديق البيتكوين ETFs في الولايات المتحدة شهدت خروج أموال بقيمة 870 مليون دولار في الأسبوع الماضي، و1.6 مليار دولار خلال الشهر المنصرم. وأشار المحللون إلى أن هذه التدفقات السلبية تمثل ظاهرة “شراء الإشاعة، بيع الخبر”، في إشارة إلى التكهنات التي سبقت الإعلان عن مبادرة الاحتياطي الاستراتيجي للبيتكوين التي طرحها الرئيس الأمريكي دونالد ترامب في يوليو 2024، وما تلاها من عمليات بيع بعد الإعلان الرسمي في قمة التشفير. من جهة أخرى، أظهرت بيانات من منصة CryptoQuant انخفاضًا حادًا في الطلب على البيتكوين منذ ديسمبر الماضي، حيث تراجع المتوسط المتحرك البسيط للطلب الظاهر، مما يشير إلى قلة عدد المشترين النشطين في السوق. كما كشفت منصة Alphractal عن انخفاض مستمر في مؤشر شارب للبيتكوين منذ مارس 2024، مما يعكس زيادة المخاطر وتقلبات السوق، في ظل تراجع العوائد قصيرة المدى. إضافة إلى ذلك، كشفت بيانات منصة Santiment عن بيع حاملي البيتكوين الكبار، أو “الحيتان”، لكميات كبيرة من البيتكوين، حيث قامت المحافظ التي تحتوي على 100-1000 بيتكوين ببيع أكثر من 50,000 بيتكوين في الأسبوع الماضي، ما يعادل نحو 4.07 مليار دولار. وتثير هذه التغيرات في سلوك الحيتان تساؤلات بشأن الاستقرار المستقبلي للسوق، مما يعكس ضغوطًا سلبية قد تستمر على المدى القريب.",Btc,BTCTrading,3,0,robyoosaid,1898,318
2025-03-16,"What's your current opinion on bitcoin? I was in the early agorist activism using bitcoin back in 2011-13. I learned about it from Free Talk Live, like Roger did. I went to crazy Bitcoin parties in the woods in 2010-2013 for Porcfest I mostly spent mine but kept a bit. I used to have hundreds, but I spent them in the Bitcoin economy. I didn't think this has biased me, but I fully realize it has and yet to minimize it. I'm not a ""no coiner"" but would have been a multi millionaire if had held and not spent it to and make Bitcoin work. And then THEY broke zero confirmation transactions which undermined everything I had been working on. Bitpay stopped working. I don't know whether or not Bitcoin was coopted... but would anyone attempting to undermine the project do anything differently? I didn't think so Bitcoin was the coolest. Hacker cash from the Internet designed to free us from the banks. Now it's a pet rock. All of the maxis are toxic and refuse to back change to the code. Since maxis won't back changes to layer 1, I see a few of scenarios that could unfold. A - BTC needs to double in price every 4 years or the miners won't make money. If that happens, there will be a rift between miners and speculators that could crash the whole thing. The miners will want increased fees, or tail emissions. Tail emissions increase the coin supply which is fundamentally against bitcoin's only feature, being limited to 21m coins. B - Quantum computers, or AI intelligence creates new math which weakens sha256. Nobody will update the code, so all of the value in Bitcoin evaporates. C - Trump is successful at crashing Bitcoin down enough where the US gov can buy a lot more, then they have the ability to sink it and crash crypto whenever they want, regardless off an intention to hold it 20 years. Now we're a government project. But also, so is anything in the ""cRyPTo ResErVeS"" Theres more, but that's all I'm thinking about right now. I do think there is a way the maxis are right, but I find it highly unlikely. Must if that maxis missed the 2010-2016 run and want to 20,000x it again.",What's your current opinion on bitcoin?,btc,1,0,lotekjunky,2099,384
2025-03-16,MICHAEL SAYLOR: You’ve Got 10 Years for the Digital Gold Rush Get Your #Bitcoin Before It’s Too Late,MICHAEL SAYLOR: You’ve Got 10 Years for the Digital Gold Rush Get Your #Bitcoin Before It’s Too Late,btc,1,0,orphic2,100,18
2025-03-16,"What would you do? Started investing into BTC in 40s and am worried of the current macro and plan to sell and lock the gains to hopefully reenter back lower. If I currently sell it, it would initiate long term tax on gains but once I sell and buy back lower - mostly won’t hold everything 1 year later - so may incur short term. What would you do? PS - invested almost all my liquid net worth in BTC, so am scared of a big wick down and all erasing away hence the thought.",What would you do?,btc,1,0,aruku333,472,95
2025-03-16,Why Bitcoin’s Quantum Computing Dilemma Could Spell Doom If Controversial Soft-Fork Happens,Why Bitcoin’s Quantum Computing Dilemma Could Spell Doom If Controversial Soft-Fork Happens,btc,1,0,btcxio,91,12
2025-03-16,Check Out The Build-a-Mine Podcast On YouTube For More Bitcoin Mining Content!,Check Out The Build-a-Mine Podcast On YouTube For More Bitcoin Mining Content!,btc,1,0,Adorable_Incident717,78,12
2025-03-17,What are the cheapest platforms to buy and send bitcoin? Not including cash app.,What are the cheapest platforms to buy and send bitcoin? Not including cash app.,BitcoinMarkets,1,0,Zestyclose-Clock-432,80,14
2025-03-17,"Morning Bitcoin Market Update – Grab Your Coffee &amp; Let’s Dive In! 17 March 2025 AM Bitcoin is following technical levels perfectly, and today’s order book confirms strong liquidity zones. Key Observation: For those watching TradingView, we bounced perfectly from the $82,000 buyer zone—a bookmap reaction. I personally entered a position there and will now watch for further reactions at key levels. Order Book Breakdown (Bookmap Analysis): Buy Orders (Support Zones): $83,000 – $83,200 → ~700 BTC buy orders $82,500 – $82,800 → ~1,000 BTC buy orders $82,000 → Strongest buyer wall, ~1,500 BTC Sell Orders (Resistance Zones): $85,000 → The “mystical zone” of major resistance $85,200 → The liquidation point of a massive short position (previously spotted in an earlier post!) $87,000 → Strong sell-side liquidity—this is where price could squeeze today Market Outlook &amp; Trade Plan: • If BTC holds above $83,000, a retest of $85,000 – $85,200 seems likely. • Above $85,200, we should see a short squeeze towards $87,000, triggering stop hunts. • Watching for reactions at $85K—if the level gets absorbed, we’re pushing higher. “The market is a device for transferring money from the impatient to the patient.” – Warren Buffett Patience and execution matter. Let’s see how today unfolds. Wishing everyone a profitable day and solid entries!",☕ Morning Bitcoin Market Update – Grab Your Coffee &amp; Let’s Dive In!,BitcoinMarkets,1,0,Altruistic-Loan-2271,1347,213
2025-03-17,BTC Trade Signal,📉 BTC Trade Signal 🚨,btctrading,1,0,fincod,16,3
2025-03-17,"If you're looking for a way to track your Bitcoin transactions and visualize your investment progress, check out SatoshiStacker.xyz. It lets you easily record all your Bitcoin purchases, provides a comprehensive dashboard with key statistics and interactive charts.","If you're looking for a way to track your Bitcoin transactions and visualize your investment progress, check out SatoshiStacker.xyz. It lets you easily record all your Bitcoin purchases, provides a comprehensive dashboard with key statistics and interactive charts.",btc,1,0,thd3us,265,38
2025-03-17,Watch Live Bitcoin Liquidations happening on Youtube,Watch Live Bitcoin Liquidations happening on Youtube,btc,1,0,Shomski,52,7
2025-03-17,"Thoughts? I’m currently bearish on btc to around the 70-73k level, giant bear flag has formed and i’m expecting a breakout down this week i’d assume by wendsday. i’m curious as to what your guys predictions are for the week?",Thoughts?,btc,1,0,Ok-Low-4028,224,40
2025-03-17,"Buy now!!! So for you who don’t know, there’s a whale who shorted BTC at around 83k with 350+ million dollars. If price increases by 2000$ he gets liquidated! And there a gap right above 85,3k all the way to 90k. Today will be very bullish if we liquidate him!",Buy now!!!,btc,1,0,No-Literature-6144,260,50
2025-03-17,Hodl and DCA!!! [Leak Reveals Russia Is Quietly Priming Bitcoin And Crypto For A Price Bombshell](,Hodl and DCA!!!,btc,2,0,CigarRecon,98,16
2025-03-17,"Bitcoin ETFs Shrink $53B, But a Whale Bets $360M Against BTC With 40x Leverage","Bitcoin ETFs Shrink $53B, But a Whale Bets $360M Against BTC With 40x Leverage",btc,1,0,Final-Big2785,78,14
2025-03-17,"I wonder what Bitcoin Cash people think will happen. The world isn’t going to sell their Bitcoin for Bitcoin cash. And if they do agree to upgrade the block size in the future it will be apart of Bitcoin, not Bitcoin cash. Bitcoin will already be held by the majority of future holders by.",I wonder what Bitcoin Cash people think will happen. The world isn’t going to sell their Bitcoin for Bitcoin cash.,btc,1,0,Obvireal,289,54
2025-03-18,"An analogy comparing Bitcoins price movements and a recent event. On Sunday, a group of people on X gathered 8 figures worth of capitol to “hunt” a BTC shorter. They raised the price from $83,500 to $85,000. Chat GPT is used. Assuming their 8 figures is $90 million. “”Me:”” If $90 million can raise Bitcoins price $1500, from $83,500 to $85,000 what price will it be if $10 billion flows into it “”Chat GPT:”” We can determine the effect of $10 billion flowing into Bitcoin by using a proportional relationship based on the given data. Given: • $90 million increases Bitcoin’s price by $1,500. • Bitcoin’s initial price: $83,500. • Desired capital inflow: $10 billion ($10,000 million). Step 1: Find the price increase per dollar invested The price increase per $1 million is: \frac{1500}{90} = 16.67 \text{ (dollars per million dollars)} Step 2: Find the price increase for $10 billion Since $10 billion is 10,000 million, the price increase is: 10,000 \times 16.67 = 166,700 Step 3: Find the new Bitcoin price 85,000 + 166,700 = 251,700 Thus, if $10 billion flows into Bitcoin, its estimated price would be $251,700. “”Me:”” And what about $100 billion? “”Chat GPT”” We can use the same proportional approach for a $100 billion inflow. Given: • $90 million increases Bitcoin’s price by $1,500. • Price increase per $1 million = $16.67. • $100 billion = 100,000 million. Step 1: Calculate the price increase 100,000 \times 16.67 = 1,667,000 Step 2: Find the new Bitcoin price 85,000 + 1,667,000 = 1,752,000 So, if $100 billion flows into Bitcoin, its estimated price would be $1,752,000. “”What this doesn’t take into account is the larger Bitcoin grows, more capital is needed to move Bitcoins %””","An analogy comparing Bitcoins price movements and a recent event. On Sunday, a group of people on X gathered 8 figures worth of capitol to “hunt” a BTC shorter. They raised the price from $83,500 to $85,000. Chat GPT is used.",btc,1,0,Obvireal,1700,288
2025-03-18,"BCH: It's ok to accept defeat. Sorry in advance for any mistakes, English is not my first language. This is not a meme post, or an attack on BCH, it's just an opinion that i want to share and maybe help some people here. First let's get some points clear: - Have i bought BCH over the last year? Yes. - BTC is the true Bitcoin? In terms of it's original vision, absolutely not (I will talk about this further). - BCH is better than BTC? Yes at everything except price (but it's not BCH's fault, it's people's ignorance fault that prevents them from buying and making it go up in price). So, why am I using this title? Because, even with all these points that I just mentioned... BCH will not survive in the long run, and BTC will be the only one left at the end. Let me be really clear: I totally hate this, BCH is far superior than BTC, and BCH is THE real Bitcoin in terms of what SN wanted Bitcoin to be. But at the end of the day, it doesn't matter. The most part of the market (specially the ignorant) decided to not follow SN vision for Bitcoin, they changed Bitcoin's purpose to a SoV only, and are trying desperately to create a MoE at the LN. And people are ok with it. And there are other problems besides that. The entire BCH narrative besides the ""True Bitcoin"", is that BTC cannot survive in the long run because of it's limitations, and when that happens BCH will receive the attention it deserves... But that's not so simple. When the blocksize problem happened in 2017, with the blocks becoming extremely full, solutions came to the public, i agree that BTC solution is terrible and temporary... But it was a solution. In time of great need people are ok with changes, when the next Big Problem happens in BTC people will not change to BCH, they will think of another temporary solution that will convince most of the people and get BTC a few more years, and it will go like this forever. People will not abandon BTC after all these years because its bad, they invested too much money on it, too much effort, they will simply find a solution (a bad solution like in 2017, but still a solution). People are prideful, they don't want to believe they made a mistake (in most cases), they want to be right 100% of the time, and if they are not, they will adjust reality to their own desires. Another thing is that most people doesn't really care about Satoshi's vision for Bitcoin, or the white paper. I think that we care about that because maybe we are some kind of idealists. But the reality is: Satoshi is not a God, he created Bitcoin, but at the end of the day, he put at the Bitcoin code that the network would follow to majority, not the ""best version of Bitcoin"". With the majority thinks that BTC is the real Bitcoin, it really doesn't matter if BCH is better, BTC is the real Bitcoin. Satoshi's vision and white paper at the end of the day is just a personal opinion of the creator. But like I said, Satoshi is not a God, people don't need to follow his opinions for Bitcoin, if he wanted that he would make Bitcoin centralized, he gave up this power to let the ignorant majority of people decide. That being said, nothing that I just said means that BCH will not go up in value during this cycle. That's not the point. The point is that, BCH narrative will never succeed, because people are not willing to accept that they were wrong about BTC. When the time comes BTC will adapt just enough to satisfy people's bare minimum needs, and BCH will never get the spotlight, and governments adopting BTC doesn't help at all BCH. And there's another problem: Since most people are ignorant about all of this, it's very unlikely that if BTC fails and collapse completely that would benefit BCH, it's much more realistic to imagine that people would never want to hear about Cryptocurrencies ever again, because if the ""leader"" failed, how can anyone guarantee that the rest of the market it's not just as much likely to fail? In my PERSONAL opinion, it's a lost battle. Sure, we can make some profits during this cycle, and i do believe that BCH by the end of this bullmarket will perform better than BTC, but that will be the case for this cycle, not in the long run. It will follow the BTC pump like every other altcoin, but it will never achieve what it wants to achieve, because people will not change their minds to what the ""real Bitcoin"" really is. Most of them doesn't even know that BCH exists, or that it claims to be the ""Real Bitcoin"". I hate this, because it leave us stuck with a much worse version of Bitcoin. But you there's some stuff we can't change, life it's not fair. And even though I believe BCH will perform better at this cycle, I'm always aiming for the long run, I know that a lot of people will not like this part of the post: But today I decided to accept defeat and swap all my BCH to BTC, and I will start DCAing in it. It will perform worse than BCH in this cycle? Probably, but I'm looking towards the long run. As i said, I'm not making this post to attack BCH, and i think I made a lot of attacks to BTC. But I wanted to share my view on this topic with you guys. And wanted to listen to your views on this. For all the ones that will stay in BCH, best of luck, i wish you guys just great things, as I said, I just think it's a lost battle in the long run. But I hope that I'm wrong and you guys get good results against inflation, at the end of the day, that's the best thing Bitcoin made for us, protect us against government incompetence.",BCH: It's ok to accept defeat.,btc,1,0,BriefBlackberry3579,5493,1039
2025-03-18,If You're Building a Bitcoin Mining Farm You Should Definitely Join The MasterMined Club!,If You're Building a Bitcoin Mining Farm You Should Definitely Join The MasterMined Club!,btc,1,0,Adorable_Incident717,89,14
2025-03-18,"Morning Bitcoin Update with Your Coffee 18 March 2025 Morning Bitcoin Update with Your Coffee Good morning, everyone! Bitcoin remains trapped in the grip of institutional funds – support at $82,500–$82,400, while sell orders keep piling up around $83,000. No major moves yet, as big players continue accumulating positions at these levels, preventing the price from breaking out in either direction. The key event ahead? The FOMC meeting on March 19, which will likely dictate Bitcoin’s next major move. Until then, expect sideways action and potential manipulations. Recent whale action – a $330M short position: • A group of traders attempted a short squeeze, but at $85,100, the whale added margin, pushing liquidation further away. • He eventually closed his position with an $8-9M profit and is no longer in the trade. What’s next? Expect sideways movement in the $82,000–$84,000 range. If we break $83,500, the range could shift to $85,000–$86,000. Keep an eye on $82,000 – if support disappears, we might see a deeper retrace. This is a range-bound market, so trade accordingly, stick to discipline, and manage your risk! Wishing you all a profitable day!",📢 Morning Bitcoin Update with Your Coffee ☕️ 18 March 2025,BitcoinMarkets,1,0,Altruistic-Loan-2271,1162,187
2025-03-18,From Hodling to Restaking: Why Restaking BTC is a No-Brainer in 2025,From Hodling to Restaking: Why Restaking BTC is a No-Brainer in 2025,btc,1,0,barbralodge,68,12
2025-03-18,Bitcoin’s Dominance Grows! Is This the Start of a New Bull Run?,Bitcoin’s Dominance Grows! Is This the Start of a New Bull Run?,btc,0,4,Jamesboylanx,63,12
2025-03-18,"Honest question: Crypto is a scam or not? I am genuinely confused, a lot of people her says it's a scam, another says that is not a scam, and it's made me very confused, because, I know very well that a lot crypto currencies are scams, but, they say that even BITCOIN is a scam, so please help understand this, because I am genuinely very confused.",Honest question: Crypto is a scam or not?,btc,1,0,Danix2000,348,66
2025-03-18,MicroStrategy Stock Falls. What Its Latest Bitcoin Buy Means for Crypto.,MicroStrategy Stock Falls. What Its Latest Bitcoin Buy Means for Crypto.,btc,1,0,IXFIofficial,72,11
2025-03-18,"What actually drives Bitcoin’s value and what will keep pushing it higher in the long run? Beyond the short-term price swings and hype cycles, what are the real forces that make Bitcoin more valuable over time? We all know the obvious reasons - its capped supply, decentralization, and its potential as an inflation hedge., or the way it’s slowly being embedding itself into global financial systems or the increasing interest from governments - thus making it more appealing to ''normal'' people that never been into things like this or even calling it a scam for years. Looking decades ahead, what will solidify Bitcoin’s place as a dominant asset? Will it be the continued erosion of trust in fiat currencies, generational shifts in how people view money, or something else entirely What do people think is the deepest, most fundamental driver of Bitcoin’s value - and what will keep it rising for generations to come?",What actually drives Bitcoin’s value and what will keep pushing it higher in the long run?,btc,1,0,immersions4,921,154
2025-03-18,"I Built a Bitcoin Whale Tracking Website (Open Source) [ Features: -Live Bitcoin Price – Updates in real-time -Largest Transactions – See the top 10 BTC transfers in the last 24h -Richest Wallets – Top 10 Bitcoin wallets tracked -Historical Volume Charts – Track BTC transaction trends (Currently some API calls are not working correctly so replaced error with Synthetic Data) I’ve open-sourced it on GitHub, if someone is interested in crypto tracking or web development, feel free to check it out, contribute and report issues. Thankyou for your time",I Built a Bitcoin Whale Tracking Website (Open Source),btc,1,0,Aggravating-Mine-292,552,90
2025-03-19,Bitcoin Cash carries the Bitcoin torch!,Bitcoin Cash carries the Bitcoin torch!,btc,1,0,AD1AD,39,6
2025-03-19,"Bitcoin Order Book Update – Morning Coffee Edition | March 19, 2025 Good morning, traders! Today is shaping up to be a high-volatility day with the FOMC meeting scheduled. Expect major liquidity sweeps and potential stop-hunts. If you’re trading, be cautious – avoid unnecessary risks! Key Support &amp; Resistance Levels (Order Book Analysis) Support Levels (Buy Walls): • $82,500 – $82,000: Around 2,000 BTC in buy orders stacked here. • $81,500: Possible deep liquidity sweep zone before any recovery. Resistance Levels (Sell Walls): • $83,500 – $84,500: Roughly 2,000 BTC in sell orders. Strong resistance zone. • $85,000: If broken, the market could quickly spike. • $89,000: A new major sell wall (~2,000 BTC) has appeared here, which was not previously present. This suggests that if BTC breaks $85,000, we could see a massive squeeze straight to $89K to clear these orders. What Does This Mean? • Liquidity Grab Likely: Market makers might sweep liquidity from $80K and $89K before establishing direction. • Limited Downside Support: There’s not much buy-side protection below $82K, meaning price could be more volatile on dips. Trading Strategy for Today • Best plays: Look for entries around $82,000–$81,500 and target $84,000–$85,000. • Avoid FOMO trades: Whales and institutions are trapping price in a range and accumulating positions. • Stay disciplined: Today is not the day for reckless risk-taking. Expect heavy wicks and stop-runs! Bitcoin is strength. Blockchain is the future. Stay safe &amp; trade wisely!","Bitcoin Order Book Update – Morning Coffee Edition | March 19, 2025",BitcoinMarkets,1,0,Altruistic-Loan-2271,1526,240
2025-03-19,BTC long continuation scalp - Will BTC take out the liquidity above 85200?,BTC long continuation scalp - Will BTC take out the liquidity above 85200?,btc,1,0,mmtyoungbands,74,13
2025-03-19,"Most people will end up losing money when investing in BTC. With the market down about 20% from its highs, a lot of people on this site are freaking out. But if you've been in BTC long enough, you know this downturn is nothing compared to past crashes. If you can't handle the volatility, you're going to lose money. Before investing life-changing money, put in the work to truly understand what BTC is. I started investing back in 2006 with simple S&amp;P 500 index funds. One of the best lessons I learned from those early years is that most people don’t capture the full 10.2% ROI from the S&amp;P 500 because they panic-sell during downturns and only buy back when the market is doing well. Some of my best investments were buying during the 2007/08 financial crisis and getting into BTC in 2016. There have been some wild rollercoasters along the way, but that's part of the game. That’s why I believe most people shouldn’t invest in BTC until they truly understand it. And when the market is down, the best move is to buy as much as you can stomach and hold for years. If you’re just looking to get rich quick, chances are you’ll end up losing money on BTC.",Most people will end up losing money when investing in BTC.,btc,1,0,Affectionate_Equal82,1163,212
2025-03-19,This is why we Bitcoin,This is why we Bitcoin,btc,1,0,birth_of_bitcoin,22,5
2025-03-19,The 1st ever Bitcoin website,The 1st ever Bitcoin website 👀,btc,111,21,birth_of_bitcoin,28,5
2025-03-19,Mine Bitcoin with Gomining and get 5% Cashback at your First miner. With the code: fO-yZ or with this Link: Start with Just 22$ and earn your First BTC. Earn Bitcoin,Mine Bitcoin with Gomining and get 5% Cashback at your First miner. With the code: fO-yZ or with this Link: https://gomining.com/?ref=fO-yZ Start with Just 22$ and earn your First BTC.,btctrading,1,0,Live_Wave6681,165,31
2025-03-20,Bitcoin Showed The Fundamental Concept Shaping The Future Economy,Bitcoin Showed The Fundamental Concept Shaping The Future Economy,btc,1,0,DKKFrodo,65,9
2025-03-20,"Why is my brother's BTC investment at a loss? I've tried wrapping my head around this a few times. My brother keeps explaining why he's at a loss, but I can't stop thinking of 1 BTC as 1 BTC. He bought at the peak on Binance before the COVID crash and held. Over the past few weeks, I kept asking why he doesn’t sell, and his response was always, ""I'm still not in profit."" That confused me- he bought at $60K and added more at $50K. Then he pulled out a calculator and showed me how a 75% loss requires around a 300% gain just to break even. Does Bitcoin really work like this? I haven’t seen anyone else discuss this, so can someone confirm? I'm not into crypto, but I'm curious.",Why is my brother's BTC investment at a loss?,btc,1,0,TinyAdhesiveness5773,681,132
2025-03-20,Want privacy on bitcoin? Use CashFusion on Bitcoin Cash.,Want privacy on bitcoin? Use CashFusion on Bitcoin Cash.,btc,28,1,AD1AD,56,9
2025-03-20,BTC conference OPNext announces a Day 2 schedule full of bcash talks,BTC conference OPNext announces a Day 2 schedule full of bcash talks,btc,1,0,Shibinator,68,12
2025-03-20,"US Government Overreach on BTC? How is the US govt able to require BTC providers to identify to whom I send BTC? BTC is not a US-regulated currency. Is this not an illegal search I am protected from by the US constitution? Seems like some of the Know Your Customer requirements are illegal in the US yet the US is requiring BTC providers to comply. Something is wrong here. I am choosing to transact in BTC because it can do things with it the USD cannot. I should be free from US government prying with regard to who I send BTC to. They may be able to oversee and regulate purchases I make with USD, but that should not extend to BTC transactions I send. Thoughts?",US Government Overreach on BTC?,btc,1,0,grwatplay9000,665,126
2025-03-20,"SEC Confirms Bitcoin and Proof of Work Mining Are Not Securities Under US Law, Offering Clarity for Miners","SEC Confirms Bitcoin and Proof of Work Mining Are Not Securities Under US Law, Offering Clarity for Miners",btc,1,0,btcxio,106,18
2025-03-20,"Bitcoin Morning Update with your coffee | March 20, 2025 Good morning, friends! Hope you’re enjoying your coffee because today’s Bitcoin price action has been nothing short of intense. Let’s break it down. What Just Happened? • A sudden drop in BTC price was triggered by a market sell-off of ~900 BTC. • The order book reacted instantly, with major buy support at $85,000 absorbing the sell-off. • Currently, $85,000 has the largest buy wall (~1,500 BTC), and it’s constantly refreshing – likely managed by algo traders and fundamental buyers. Key Order Book Zones &amp; Market Trend Support at $85,000 – strong defense level, keeping BTC in a new range of $85,000 – $86,000. Sell wall at $86,000 – this could slow any immediate upside move, leading to further accumulation. Liquidity target at $89,000 – yesterday, we failed to reach it, but it remains a key target. BTC might push higher to sweep this level. Trend &amp; Market Outlook • Bitcoin remains bullish despite this shakeout. • The price action is still inside an ascending channel, meaning the broader trend has not broken. • Sharp liquidations like today are normal in an uptrend, as they are often orchestrated by market makers before the next move up. Conclusion: The Uptrend is Intact! BTC is still bullish. Watch $85K support and $86K resistance – a break above could push us towards $89K. Trade smart, stay patient, and let liquidity guide the way. Wishing you all a profitable day – stay disciplined, and good luck!","Bitcoin Morning Update with your coffee | March 20, 2025",BitcoinMarkets,1,0,Altruistic-Loan-2271,1485,252
2025-03-20,Short Whale activity again My post must have at least 300 characters. My post must have at least 300 characters. My post must have at least 300 characters. My post must have at least 300 characters.,Short Whale activity again,BitcoinMarkets,1,0,BitingArmadillo,198,36
2025-03-20,"Donald Trump Urges the Federal Reserve to Cut Interest Rates! “The Fed needs to lower rates. U.S. tariffs are starting to impact the economy. It’s important to do the right thing. April 2nd – America’s Liberation Day!” — Donald Trump. So, let me get this straight… tariffs were supposed to help the economy, but now we need lower interest rates to fix the economy because of tariffs? What does this mean for Bitcoin? Of course, a rate cut. The dollar will weaken, investors will look for alternative assets, and right now, Bitcoin is at the top of that list. We’re expecting another Bitcoin pump on this positive news!",Donald Trump Urges the Federal Reserve to Cut Interest Rates!,BitcoinMarkets,1,0,Altruistic-Loan-2271,618,108
2025-03-21,Bitcoin.com Wallet: how to export Contacts? I see how to Import... So where is export? Thanks,Bitcoin.com Wallet: how to export Contacts?,btc,1,0,iseetable,93,16
2025-03-21,The Bitcoin Cash Podcast #144: Strategic Reserve &amp; BCH Bank Run feat. Joël Valenzuela,The Bitcoin Cash Podcast #144: Strategic Reserve &amp; BCH Bank Run feat. Joël Valenzuela,btc,1,1,Shibinator,89,14
2025-03-21,"Voyager threatening to sue me Hi, I had some deposits in 2021 that failed, and I was holding bitcoin with the instant deposit feature. The deposits never cleared and the holdings were slowly melting, without me even realizing. A few months later the company goes bankrupt and I don’t really think much of it until they email me a couple days ago with this letter - “Voyager has claims against you and is prepared to sue you in connection with certain USD deposits” There’s a link that takes me to a document from their attorneys, saying that I was being fraudulent and exploiting the instant deposit feature. I’m not sure what to do at this point as I don’t have the money, and they are threatening to litigate with triple damages. I’m in a bad hole and I’ve tried contacting attorneys for support but I’m not sure where to start. Is this credible? Will they take me to court? It’s approaching the statute of limitations of three years. Please advise. Thanks in advance.",Voyager threatening to sue me,btc,1,0,helloman697,970,173
2025-03-21,"Is Bitcoin's ""Death Spiral"" a Real Concern for the Future?","Is Bitcoin's ""Death Spiral"" a Real Concern for the Future?",btc,1,0,xBlitzgewitter,58,10
2025-03-21,ARKHAM ALERT: BLACKROCK IS BUYING BITCOIN BLACKROCK HAS JUST RECEIVED $145M $BTC,ARKHAM ALERT: BLACKROCK IS BUYING BITCOIN BLACKROCK HAS JUST RECEIVED $145M $BTC,BitcoinMarkets,1,0,TheLuckyLeandro,80,12
2025-03-21,"Bitcoin Order Book Update – Morning Coffee Edition | March 21, 2025 Looking at the order book, we can see that we are still ranging between two key zones. This means institutions are still holding this area for position accumulation. Liquidity Breakdown Buy Orders (Bids): • $83,600 – $84,000: 930 BTC in limit buy orders. • $84,000 – $84,250: 650 BTC in buy orders. • Below $83,500: Huge liquidity reserves, but no visible cluster of orders. Sell Orders (Asks): • $84,800 – $85,000: 1,050 BTC in sell orders. • $85,500: 1,350 BTC, a high concentration of liquidity, possibly market makers positioning. • $86,500 – $88,000: A large amount of stop liquidity is placed. If broken, we can expect a strong impulse move, which I’ve been waiting for all this time. Those stops are still untouched. Futures Market &amp; Potential Short Squeeze • Open Interest at $84,250: More than 5,000 BTC held in positions. • Key Liquidity Cluster still above $85,000 → a possible short squeeze scenario. • Balance is shifting towards limit buyers in the $83,600 – $84,000 range. • $84,800 has a large number of sell orders, but market participants may pull them at any moment. Summary: $83,600 – $84,000 → Strong Buy Zone (institutional accumulation). $84,800 – $85,500 → Sell Zone, where liquidity may be collected before a move higher. $86,500 – $88,000 → Liquidity grab zone, where stops could trigger a squeeze and push us even higher. As always, manage your risk. Bitcoin remains bullish as long as we trade within this range. Only major news could push us out of this accumulation channel. If we hold this momentum, institutions will likely shift their accumulation zone higher from the current range. Stay sharp, the move is coming!","Bitcoin Order Book Update – Morning Coffee Edition  | March 21, 2025",BitcoinMarkets,1,1,Altruistic-Loan-2271,1720,290
2025-03-21,Canadian carpenter needs help Carpenter from Canada has fallen help please before it’s too late I’m literally done with it all here’s my btc address and happy birthday Baron bc1qnhr0m475w5v749fjmzqwdf9w4xxzmr77f82xnp,Canadian carpenter needs help,btc,1,0,cheema54,216,30
2025-03-22,Is this the MOST BITCOIN-FRIENDLY Destination in Europe?,Is this the MOST BITCOIN-FRIENDLY Destination in Europe?,Bitcoin,1,0,BitCypher84,56,8
2025-03-22,North Korean Lazarus Group Now Holds More Bitcoin Than Tesla,North Korean Lazarus Group Now Holds More Bitcoin Than Tesla,Bitcoin,1,0,Own-Jackfruit3554,60,10
2025-03-22,People in 1993 reacting to credit cards being accepted at Burger King. It kind of reminds me of how the average Joe is reacting to Bitcoin today.,People in 1993 reacting to credit cards being accepted at Burger King. It kind of reminds me of how the average Joe is reacting to Bitcoin today.,Bitcoin,1,0,BitCypher84,145,27
2025-03-22,"Today is the 15th anniversary of Bitcoin Pizza Day , when Laszlo Hanyecz made the first transaction using Bitcoin by purchasing two pizzas for 10,000 BTC on May 22 in 2010. At the time, this amount of Bitcoin was equivalent to about $40, but today, it would be worth over $800 million.","Today is the 15th anniversary of Bitcoin Pizza Day 🎉, when Laszlo Hanyecz made the first transaction using Bitcoin by purchasing two pizzas for 10,000 BTC on May 22 in 2010. At the time, this amount of Bitcoin was equivalent to about $40, but today, it would be worth over $800 million.",Bitcoin,1,0,TheLuckyLeandro,285,52
2025-03-22,Bitcoin currently represents 1.3% of the world's money with a $1.7 trillion market capitalization. There's still plenty of room for growth!,"Bitcoin currently represents 1.3% of the world's money with a $1.7 trillion market capitalization.
There's still plenty of room for growth!",Bitcoin,1,0,TheLuckyLeandro,139,21
2025-03-22,"Morning Bitcoin Order Book Check with Your Coffee – March 22, 2025 Let’s dive into the BTC order book while you sip your morning coffee. Current price range: We’re sitting between $84,000 – $85,800, and it’s clear this zone is packed with action. Order Book Heatmap – Key Levels Resistance (limit sell walls): • 85,800 – 441 BTC • 85,700 – 428 BTC • 85,600 – 463 BTC • 85,500 – 447 BTC The upper zone is loaded with sell orders. Someone really doesn’t want price to break above — most likely institutional players or funds placing thick walls to keep things capped for now. Support (limit buy walls): • 84,200 – 1,180 BTC • 84,300 – 773 BTC • 84,000 – ~800 BTC This is some serious buy-side pressure. These walls look like accumulation zones — big players are scooping up BTC and not letting it fall below this range. Trade Flow (T&amp;S): Most trading activity is concentrated between 84,200 – 84,500 right now. Lots of small market orders (5–10 BTC) going through — shows a calm but confident market, without panic. Market Sentiment: • Order book volume up +23% • Overall supply down -9% This hints at sell-side orders being slightly pulled back while buyers are stepping in more aggressively. Could be a sign of quiet accumulation. TL;DR: • Strong support wall at 84,200 • Thick resistance zone up to 85,800 • A breakout from either side could trigger a sharp move — Shorts might get squeezed above, weak longs might panic below. For now, it looks like the whales are still playing tug-of-war, keeping price in this tight zone over the weekend. I expect we stay here until some fresh news or catalyst hits the market. Stay caffeinated. Stay patient. Grizzly’s watching the book so you don’t have to.","Morning Bitcoin Order Book Check with Your Coffee – March 22, 2025",BitcoinMarkets,3,0,Altruistic-Loan-2271,1702,302
2025-03-22,"NEW: Spot #Bitcoin ETFs bought 8,775 BTC this week while miners only mined 3,150 bitcoin","NEW: 🇺🇸 Spot #Bitcoin ETFs bought 8,775 BTC this week while miners only mined 3,150 bitcoin 👀",Bitcoin,1,0,TheLuckyLeandro,88,15
2025-03-22,"What are some of the best ways to earn Bitcoin, besides buying, holding, or mining? I buy Bitcoin regularly, but I'm looking for other ways to earn more BTC.","What are some of the best ways to earn Bitcoin, besides buying, holding, or mining?",Bitcoin,1,0,Cypher_256,157,29
2025-03-22,Bitcoin is for dreamers...,Bitcoin is for dreamers...,Bitcoin,1,0,Octavio_belise,26,4
2025-03-22,Bitcoin Whitepaper walled in The White House,Bitcoin Whitepaper walled in The White House 😳,Bitcoin,1,0,Miladran,44,7
2025-03-22,"I feel like a loser I own 5.3 Bitcoin but in 2014/2017 I sold soooo many Bitcoin in order to short Tesla - which I thought it was overvalued and about to crash. I shorted with long dated puts - so I did not lose more than my puts price - but still I feel like a fudging idiot… if I was just holding on to my 95 btc by now I would retire and be safe for the rest of my life… instead I sold Bitcoin, shorted Tesla and I ended up with only 5 bitcoin… sometime I just cannot take the pain no more…. How can I make peace with my old decision and look forward instead of backward?",I feel like a loser,Bitcoin,1,0,hcm1976,574,121
2025-03-22,"Since SEC ruling that crypto is non-security, does this mean government may start viewing crypto as a commodity soon? Do you think this gives BTC and other cryptocurrencies momentum and perhaps gives policymakers in the US more clarity on how to treat cryptocurrencies?","Since SEC ruling that crypto is non-security, does this mean government may start viewing crypto as a commodity soon?",Bitcoin,1,0,Beneficial_Branch_68,269,43
2025-03-22,Bitcoin Mining App easy money,Bitcoin Mining App easy money,BitcoinMarkets,1,0,hansidio,29,5
2025-03-22,Bitcoin is now 1.3% of global money at $1.7T market cap,Bitcoin is now 1.3% of global money at $1.7T market cap,btc,1,0,birth_of_bitcoin,55,11
2025-03-22,"What would happen to bitcoin if people didn’t ask, “What would happen to bitcoin if?” If people dabble in abstract hypotheticals and no one’s around to hear them, does Bitcoin go up or down?","What would happen to bitcoin if people didn’t ask, “What would happen to bitcoin if?”",Bitcoin,1,0,BonerSangwich,190,34
2025-03-22,"How to buy BTC in Netherlands Guys now I am living in NL. However, it is not possible to buy BTC via Biance here because ING refuses to transfer to Biance...so how can I do? now I see Biance only accepts for the transfer via credit card...do you have any recommendations? Bedankt!",How to buy BTC in Netherlands,btc,0,5,RMartingale,280,52
2025-03-22,"Bank Froze My Funds, So I Froze Them Out with Bitcoin Cash!","Bank Froze My Funds, So I Froze Them Out with Bitcoin Cash!",btc,1,0,alberdioni8406_,59,12
2025-03-22,"When the time does come, taxes, selling, etc ? I know I know I know, we’re all holding till btc hits infinity. But when the time comes and I want to sell my hypothetical 3000 BTC, where does one go, how do the taxes work, and all of that jazz.","When the time does come, taxes, selling, etc ?",Bitcoin,1,0,Chumbodelight,243,50
2025-03-22,Favorite Lightning Wallet For Accumulation/Spending? I’ve been trying a few. Mainly to temporarily store/accumulate before transferring to cold storage (I use Strike) and be ready for when we start seeing more vendors accept BTC as payment. I’ve already started leaving some sats in my current wallet (Breeze) for that purpose. I don’t like messing with “managing channels and liquidity” so I’m leaning towards Aqua Wallet or Breeze. I wanted to like Muun but didn’t care for its method of securing/recovering funds. There’s nothing wrong with it. I just prefer seed words. Aqua Wallet is more expensive due to how it “swaps” in/out of layer 2. But I like the UI. Anyone have any other noncustodial suggestions? If I was going to use noncustodial I’d just keep it on Strike since that’s where I buy it.,Favorite Lightning Wallet For Accumulation/Spending?,Bitcoin,1,0,CrosstrekTrail,802,135
2025-03-22,Everybody wants Bitcoin…,Everybody wants Bitcoin…,Bitcoin,1,0,TheLuckyLeandro,24,3
2025-03-22,Entrepreneurship and Bitcoin! How to create an ecosystem around the currency?,Entrepreneurship and Bitcoin!,Bitcoin,1,0,aAlexxandre,77,11
2025-03-22,Need suggestions What is a good bitcoin wallet,Need suggestions,Bitcoin,1,0,Super_Economy_5763,46,8
2025-03-22,What would happen to bitcoin if someone farted? What the heck would happen to all the bitcoin if some really stintky fart occured?,What would happen to bitcoin if someone farted?,Bitcoin,1,0,investerfarmer,130,23
2025-03-22,"NEW: Bitcoin’s spirit animal alongside the evolution of money on a mural in Berlín, El Salvador","NEW: Bitcoin’s spirit animal alongside the evolution of money on a mural in Berlín, El Salvador 🇸🇻",Bitcoin,1,0,BitCypher84,95,16
2025-03-22,"Bitcoin after death Now what if it's possible to, if memorized at the time of death, restore your bitcoin wallet after death. Bare with me here, I know the first thing ur gonna say is ud see the coins move right?!..but what if you are ""restored"" to a parallel universe that runs in cyber space. Since energy can't be destroyed. You must do something after death. Why not transcend into the Bitcoin network as your own Utxo. Zipping around cyber space for eternity..kinda like flash!.. mixed with zeus! Forever! 🤔🫠🤗",Bitcoin after death,Bitcoin,0,20,MeetingBrilliant,514,90
2025-03-22,"Stop at 1 Bitcoin? I’m stacking like a lot of you, but I started to think when is enough Bitcoin? Knowing that all the millionaires in the US couldn’t get a full Bitcoin if they wanted (not even factoring corps/gov buys and lost ones), it makes me think if you had lots of fiat and could buy lots of it, 1 would be more than enough. What do you all think?",Stop at 1 Bitcoin?,Bitcoin,1,0,Giordano86,355,71
2025-03-22,"Wallet has encrypted itself, I never created one Using bitcoin core. How has this happened? I never created a password, why can't I get into it?","Wallet has encrypted itself, I never created one",Bitcoin,1,0,No_Feedback_3162,144,26
2025-03-22,"Which cold wallet should I buy? I would like to buy a cold wallet. But I have a few questions. Is the same cold wallet and hardware wallet? If I’m willing to only use Bitcoin and not any other crypto, should I buy an only bitcoin wallet? Transaction fees may vary between wallet? Which wallet do you use and would you recommend it? Thanks for your time",Which cold wallet should I buy?,Bitcoin,1,1,Realistic-Town1574,352,67
2025-03-22,"Want to earn Bitcoin or other crypto, but don’t have the hardware? With CT Pool, you don’t need it! Set up your first Pool Miner in seconds and start mining right now from your phone or computer with no setup. Just a few taps and you're earning. It's that simple!","Want to earn Bitcoin or other crypto, but don’t have the hardware? With CT Pool, you don’t need it! Set up your first Pool Miner in seconds and start mining right now from your phone or computer with no setup. Just a few taps and you're earning. It's that simple!",Bitcoin,1,0,Mindless_Whereas1152,263,50
2025-03-22,"Flipstarter: 93% Funded with 3 Days Left — Bitcoin Cash Mesh Network bringing Smiles, Hope, and New Experiences to Cuba!","Flipstarter: 93% Funded with 3 Days Left — Bitcoin Cash Mesh Network bringing Smiles, Hope, and New Experiences to Cuba!",btc,1,0,Moneronando,120,20
2025-03-22,"Bitcoin use as money The more I have researched Bitcoin the more conflicted I become. To keep things brief, what concerns me is the need for layer 2 solutions as Bitcoin is slow and expensive. People say layer 2 solves this, but does it not defeat the purpose of crypto in the first place? If transactions are not happening on chain aren't they less secure? Thank you! And if you are just going to leave a dumb and hostile comment then save your time and move along.",Bitcoin use as money,Bitcoin,1,0,NothernLarry,466,87
2025-03-24,"You're not early. WARNING Yes, this is a bearish post. If you're reading this and getting angry recognize 2 things: - You probably have more invested than you can afford to lose - Only plebs get bullish on a shoulder spike into resistance (oh hi 90k resistance on the downside of a 3 peaks, domed house pattern) Bitcoin is likely nearing the end of its dominance — and historical tech cycles support that. Here’s a pattern worth considering: VHS launched in 1976, dominated for ~20 years, then was replaced by DVD. DVD peaked for about 10–12 years before Blu-ray took over. Blu-ray held relevance for less than 10 years before streaming and downloads made physical formats obsolete. Each of these formats delivered the same core asset — video — but the platform used to deliver it changed. Bitcoin is no different. It is a platform for the delivery of monetary value, just like VHS, DVD, and Blu-ray were platforms for delivering media. And like all platforms, it’s subject to replacement. No delivery platform remains dominant forever. A more efficient, scalable, or integrated system will eventually emerge — and when it does, Bitcoin’s role will shift, just as every format before it has. Taking the above fundamental analysis into account, and now looking at the larger macro Bitcoin chart pattern, there is a Three Peaks and a Domed House pattern playing out on the daily chart — a formation that has preceded many major market crashes from a technical analysis standpoint. Based on the ridiculous amount of hype in this bogus top cycle, the empty promises from political administrations, and the clear pattern of platform obsolescence, it’s absolutely fair to ask this question: Is it over — and are you going to be the greater fool who chases more gains, only to be parted with your value basis due to naive dollar cost averaging from near all time high? Friends don't let friends become somebody else's exit liquidity.",You're not early.,btc,1,0,DayTrayder,1926,327
2025-03-24,"BTC tax question: “lmk if I’m understanding crypto tax correctly” For theory here and understanding seeking any correction. In general, taxations applies to capital gains whether profit or loss. Cryptocurrency is somewhat similar to a unique 401(k) without withdrawal penalties, point is to ignore the noise hold for long term stability; crypto is a financial commodity instrument created/innovated by special interest the last 20 years. I recently read that only a million people in the world hold more than one bitcoin, the rest hold less than one bitcoin — If true It’s a small group of people compared to 8 billion roaming the earth. There’s a lot more to crypto but simply put, quickest way to understand crypto. To continue Developers of digital assets are required to provide completely accurate financial disclosures to consumers &amp; government entities. Federal regulators have oversight of crypto taxation &amp; processing. Securities Exchange Commission (SEC) and Commodity Futures Trading Commission (CFTC) oversee all digital asset transactions, working together to validate these transactions. Cryptocurrency is treated as property, meaning that regardless of an exchange amount, holders must pay taxes twice: • First, when holders mine or sell crypto • Then, selling cryptocurrency or realizing gains, crypto owners should be aware that their state tax rates are based on the address listed on their ID driver's license. Here’s a breakdown of the tax implications for a crypto owner: • Day One: The owner mines or sells one coin for $50,000. They owe taxes on $50,000 as ordinary income. • Day Two: The owner sells that coin for $52,000. They owe taxes on a $2,000 capital gain. In total, this owner has $50,000 in ordinary income and $2,000 in capital gains. They must factor in state tax rates to calculate their total tax liability. It’s crucial to pay cryptocurrency taxes correctly; failing to do so can result in prison time of up to 5 years or fines reaching six figures for tax evasion. If you buy cryptocurrency, you won't face a taxable event until you sell, exchange it for another asset, or use it to purchase goods or services. However, receiving cryptocurrency through mining, staking, or lending is considered a taxable event, subject to ordinary income tax rates.",BTC tax question: “lmk if I’m understanding crypto tax correctly”,btc,1,0,SharpDiscussion525,2296,370
2025-03-25,Bitcoin For Is You Before Governments Rob You Through Inflation #StudyBitcoin,Bitcoin For Is You Before Governments Rob You Through Inflation #StudyBitcoin,btc,0,12,road_x,77,11
2025-03-25,"This EU Travel Rule blocked my OKX BTC deposit for good, any ideas to recover? So I don't know If I F myself as I'm newish to crypto, I did a deposit of BTC from Coinbase to OKX, I did miss to select the Coinbase exchange as the origin and selected private wallet (apparently if you select it it blocks the ability to deposit saying they can't verify the travel rules with the exchange). So the transaction completed and it ended up blocked on OKX, asking to provide info as usual, I did and nothing happened, continues blocked. So I request advice, what's up with this and how to proceed?","This EU Travel Rule blocked my OKX BTC deposit for good, any ideas to recover?",btc,1,0,mauzao9,589,110
2025-03-25,"The Modern Bitcoin-Core community consider Satoshi ""an idiot"" for supporting big blocks...","The Modern Bitcoin-Core community consider Satoshi ""an idiot"" for supporting big blocks...",btc,1,0,upunup,90,12
2025-03-25,"Just an AI shit post Me: What are the implications of this and how high could it drive the bitcoin price. Chat GPT: This chart suggests that the potential incremental demand for Bitcoin from institutions, corporations, and governments could vastly outstrip the available Bitcoin float, which is estimated at only 30-40% of total supply. Key Implications: 1. Supply Shock: With limited available Bitcoin and increasing institutional and governmental demand, a significant supply squeeze could occur, driving up prices rapidly. 2. Market Cap Expansion: If the high-case demand scenario materializes, Bitcoin’s market capitalization could surge to levels far beyond its current value. 3. Institutional Adoption: The chart indicates that institutions will likely be the primary driver of demand, followed by corporations and government entities, reinforcing Bitcoin’s transition from a speculative asset to a macroeconomic reserve. 4. Layer 2 &amp; Corporate Usage: The involvement of Layer 2 solutions and corporate treasuries suggests a maturing ecosystem where Bitcoin is used beyond a store of value. How High Could Bitcoin Go? • Base Case: If Bitcoin demand reaches $10T and the available float is 30-40%, Bitcoin’s price could exceed $500,000 per BTC ($10T ÷ ~19 million BTC). • High Case: If demand approaches $15T-$20T, Bitcoin could be valued between $750,000 to $1,000,000+ per BTC depending on actual circulating supply and velocity. Final Thoughts This chart underscores the potential for an extreme supply-demand imbalance in Bitcoin. If institutional and sovereign accumulation accelerates, it could push Bitcoin into six or even seven figures per coin in the coming years. Me: What if they all get in at once? Chat GPT: If institutions, corporations, and governments all attempt to accumulate Bitcoin at the same time, it would trigger a massive supply shock, likely resulting in a parabolic price surge. Here’s what would happen: Key Effects of Simultaneous Large-Scale Bitcoin Buying: 1. Extreme Liquidity Crunch: • With only 30-40% of Bitcoin’s supply available for trading, demand would vastly outweigh supply. • Holders may become reluctant to sell, further tightening supply and driving prices up exponentially. 2. Price Discovery Goes Parabolic: • Bitcoin’s price would have to rise aggressively to entice sellers to part with their holdings. • Given the market depth, even relatively small purchases by sovereign entities or large funds can move the price significantly. 3. Short Squeezes &amp; Liquidations: • If institutional buying happens rapidly, leveraged short positions would be wiped out, adding to the price explosion. • This could fuel a cascade of liquidations, sending Bitcoin’s price soaring in a reflexive feedback loop. 4. Market Cap Expansion &amp; Network Congestion: • Bitcoin’s market cap could eclipse gold’s ($15T+), potentially pushing BTC over $1M per coin. • The network might experience congestion, leading to higher transaction fees until Layer 2 solutions absorb some of the activity. 5. Geopolitical &amp; Monetary Implications: • Bitcoin could become a global reserve asset, with nations competing for holdings. • Central banks might start accumulating Bitcoin as part of their official reserves, further legitimizing its role in global finance. • A global monetary shift away from fiat reliance could accelerate, affecting traditional currency markets. Potential Bitcoin Price Under This Scenario: If major governments and institutions attempt to accumulate trillions in BTC simultaneously: • Low Estimate: $500K - $750K per BTC • Moderate Estimate: $1M - $2M per BTC • Extreme Supply Shock Scenario: $5M+ per BTC Final Takeaway: If a simultaneous rush into Bitcoin happens, it could break all previous models and drive BTC into the millions per coin. This would redefine global finance and potentially usher in a new era of Bitcoin as the backbone of a new monetary system.",Just an AI shit post,btc,1,0,Obvireal,3924,600
2025-03-25,Peaceful Campfire Night with Michael Saylor on Bitcoin,Peaceful Campfire Night with Michael Saylor on Bitcoin,btc,1,2,blopblipbloup,54,8
2025-03-25,How can I find my bitcoin xpub address on phantom wallet?,How can I find my bitcoin xpub address on phantom wallet?,btc,1,1,Soft_Substance_1017,57,11
2025-03-25,#btc #eth # bnb Reİ Network ATH 0.30 cent,#btc #eth # bnb,btc,1,0,RecommendationLast93,41,9
2025-03-25,GameStop Adds Bitcoin to Treasury Reserve in Strategic Update,GameStop Adds Bitcoin to Treasury Reserve in Strategic Update,btc,1,0,btcxio,61,9
2025-03-26,"Day trade - swing or scalp? Do any of you trade crypto? I trade BTC, but I’d love to hear about your experiences with other coins or strategies. I usually do swing trades that last a few days to a couple of weeks, but the market is so volatile that the price often comes right back to my entry. I’m not always sure what to do in those situations. Sometimes I feel like I could close my trades and reopen them at the same price multiple times, but then it wouldn’t really be swing trading, which I think requires more patience. Any advice?",Day trade - swing or scalp?,BitcoinMarkets,1,0,East-Passenger-7255,538,103
2025-03-26,"How to live off Bitcoin? Hello guys. Hipothetically, if someone wants to exit the banking and fiat system and be its own bank, how would you pay your bills, shopping, food, rent, get paid from you job and other everyday stuff without using banks? Is it possible? I’m asking for a friend since I lost all my crypto in a wierd accident and can’t access my funds anymore. My friend lives in Europe btw. Thanks in advance.",How to live off Bitcoin?,btc,1,0,Noxgar,418,77
2025-03-26,"Bitcoin's Repricing Effect: How Companies &amp; Valuations Are Changing Forever The rise of Bitcoin as a high-growth asset is fundamentally changing how companies and valuations are structured. Traditional metrics like P/ E ratios and book value no longer apply in the same way, especially for companies like MicroStrategy (MSTR) that hold Bitcoin as a strategic asset. Why does MSTR trade at a premium? How does Bitcoin exposure create asymmetric upside for companies? Will BTC repricing force a shift in how investors value companies like Tesla, Apple, and Nvidia? Bitcoin's scarcity and institutional adoption are reshaping financial markets. Watch now to understand how corporate valuation models are evolving in the Bitcoin era",Bitcoin's Repricing Effect: How Companies &amp; Valuations Are Changing Forever,btc,1,0,rtmxavi,732,111
2025-03-26,"Damn, I need more Bitcoin. Grok just chewed me out","Damn, I need more Bitcoin. Grok just chewed me out",btc,1,0,Murky_Ad7999,50,10
2025-03-26,"BlackRock: ""Bitcoin Whales Are Buying the Dip—This Correction Is a Huge Opportunity!""","🔵 BlackRock: ""Bitcoin Whales Are Buying the Dip—This Correction Is a Huge Opportunity!"" 🚀",btc,1,0,orphic2,85,12
2025-03-26,"What are your thoughts about Gamestops plan to invest in Bitcoin? I dont like cnbc but there is a brief overview what Gamestop has planned (Gameshire Stopaway) Also: Gamestop is still shorted to oblivion but still manages to make business greater day by day, their plan is probably to just stonk up btc. What are your thoughts?",What are your thoughts about Gamestops plan to invest in Bitcoin?,btc,1,1,0zeto,327,57
2025-03-26,Thoughts On The Official BTC Reserve Annouced by U.S ? Trump making moves ?,Thoughts On The Official BTC Reserve Annouced by U.S ?,btc,1,0,DeFi_Dengen,75,14
2025-03-26,"X100 BTC contract every month If every month I take 1k out of my 5k salary to open x100 contract on bitcoin, I only need to win 1 out of 99 trades to break even. I trade right side with only significant confirmation, which will easily provide a win rate more than 1 percent. That sounds almost too easy.",X100 BTC contract every month,btc,1,0,Thick-Buddy-7596,303,59
2025-03-26,"GameStop to invest corporate cash in bitcoin, following in footsteps of MicroStrategy Video game retailer [GameStop]( announced Tuesday its board has unanimously approved a plan to buy bitcoin with its corporate cash, echoing a move made famous by [MicroStrategy](","GameStop to invest corporate cash in bitcoin, following in footsteps of MicroStrategy",btc,1,0,IXFIofficial,264,39
2025-03-26,Serious question: What is Trump's real deal with BTC and crypto? We all know that Trump is taking down our democracy and pushing a fascist rule. His elite buddies are rich AF and those types need more wealth. How does Bitcoin factor in all this? Trump has been blowing real hard to set the sail for Bitcoin. Why? Are we being played to make his buddies rich somehow?,Serious question: What is Trump's real deal with BTC and crypto?,btc,1,0,TangerineHealthy546,366,68
2025-03-26,Look what I can buy with my bitcoin gift card,Look what I can buy with my bitcoin gift card,btc,1,0,eagle_eye_johnson,45,10
2025-03-26,Did you know? Bitcoin Cash has an algorithmic blocksize limit. That means there's no need to manually increase the limit as usage increases. Blocksize Debate? What Blocksize Debate?,Did you know? Bitcoin Cash has an algorithmic blocksize limit. That means there's no need to manually increase the limit as usage increases. Blocksize Debate? What Blocksize Debate?,btc,1,0,AD1AD,181,28
2025-03-26,"Is there any hope for BCH? As the years go by BCH keeps falling and falling against BTC. It is a sustainable downward trend. While BTC is making new all-time highest every year, BCH is far from making any. It’s starting to get really frustrating. I have been into BCH for many years now and have 90% of my portfolio in it. I believe BCH is much more usable than BTC. Still I don’t see any reward. Sometimes I wish I was a BTC Maxi and didn’t have those BCH Diamond Hands. Does anyone of you have most of the portfolio also in BCH? What makes you stay? Do you believe there will be any sustainable upwards trend in the near future?",Is there any hope for BCH?,btc,1,0,dangerouswasp,630,122
2025-03-26,Bitcoin based DeFi solutions are growing,Bitcoin based DeFi solutions are growing,btc,1,0,morkovka2497,40,6
2025-03-27,"Bitcoin charting analysis: Forming a symmetric triangle Bitcoin is coiling up. Big move coming in the next 72 hours. Price action is *extremely* tight right now — symmetric triangle is a classic setup before a breakout. Key levels to watch: * $87,700 → First major resistance. Break this, and we’re likely off to the races. * $90,000 → Psychological barrier. Expect some fight here. * $92,500 → If we get this high, momentum could take us way further. If we clear all of that... strap in, we’re headed for the moon. Watch for strong closes on the 4H/D chart with volume. The squeeze is real.",Bitcoin charting analysis: Forming a symmetric triangle,BitcoinMarkets,9,21,New-Ad-9629,591,105
2025-03-27,Rebel Finance Crypto Edition We discuss all things crypto today with Stefan Rust ex CEO of [Bitcoin.com]( at 1130 Eastern [,Rebel Finance Crypto Edition,btc,1,0,Tuttle_Cap_Mgmt,123,21
2025-03-27,Bitcoin’s Growing Influence in Today’s Global Financial Shift,Bitcoin’s Growing Influence in Today’s Global Financial Shift,btc,6,8,btcxio,61,8
2025-03-27,I tried sending my bitcoin qr img to my phone and it got discolored and pooly cropped,I tried sending my bitcoin qr img to my phone and it got discolored and pooly cropped,btc,1,0,JarretYT,85,17
2025-03-27,Is This Bitcoin Bull Run A HUGE Disappointment?? Bitcoin 2025 Market Overview &amp; Altcoin Outlook,Is This Bitcoin Bull Run A HUGE Disappointment?? Bitcoin 2025 Market Overview &amp; Altcoin Outlook,btc,0,2,Greedy_Box_9356,99,15
2025-03-28,The best bitcoin alternative,The best bitcoin alternative,BitcoinMarkets,1,0,In-Dure1,28,4
2025-03-28,Running Bitcoin p2p cash,Running Bitcoin p2p cash,btc,0,4,Dune7,24,4
2025-03-28,"It's a popular myth that ""blockchains don't scale"", but it's ironically true for many of the most popular blockchains that use Ethereum's EVM architecture. Bitcoin's original UTXO design scales extremely well, and it can support smart contracts just like EVM.","It's a popular myth that ""blockchains don't scale"", but it's ironically true for many of the most popular blockchains that use Ethereum's EVM architecture. Bitcoin's original UTXO design scales extremely well, and it can support smart contracts just like EVM.",btc,1,0,AD1AD,259,40
2025-03-28,Running Bitcoin,Running Bitcoin,btc,1,0,birth_of_bitcoin,15,2
2025-03-29,"Bitcoin Cash, KeepKey, Crypto NPM Packages, Targeted in Infostealer Exploit","Bitcoin Cash, KeepKey, Crypto NPM Packages, Targeted in Infostealer Exploit",btc,1,0,btcxio,75,10
2025-03-29,"did i just get scammed? i sent some bitcoin into a phantom wallet and now i cant take it out??? its saying i have insufficent balance even though i have enough, why",did i just get scammed?,btc,1,0,JarretIsSkibidi,164,32
2025-03-29,"Noel Lovisa's Opposition to ""Bitcoin Cash City"" Trademark Registration will be Heard on April 7th","Noel Lovisa's Opposition to ""Bitcoin Cash City"" Trademark Registration will be Heard on April 7th",btc,24,4,CryptoStrategies,97,15
2025-03-29,"For anyone who wonders why Bitcoin isn't even close to being adopted, just look at these responses so far.","For anyone who wonders why Bitcoin isn't even close to being adopted, just look at these responses so far.",btc,1,0,Data_Is_King,106,19
2025-03-29,"Seeing your own bitcoin on the blockchain is such a cool thing! Its funny, i didnt need it to transact for the day so i set it to 50+ blocks with low fee and it just so happened to land on block #2!!!",Seeing your own bitcoin on the blockchain is such a cool thing!,btc,1,0,JarretIsSkibidi,200,43
2025-03-29,"I trust the ""Monopoly money"" Like Monopoly money, fiat currencies depend entirely on collective belief in the game. Do we believe and trust in the stability and economic competence of the U.S. enough to define its currency as the global reserve currency? As soon as hyperinflation hits the fan, people will be desperate for alternatives. Right now, BTC is positively correlated with U.S. indicators. Let’s just wait and see if sentiment shifts toward a negative correlation.","I trust the ""Monopoly money""",BitcoinMarkets,1,0,sdccanuto,474,76
2025-03-29,BTC/USD SELL ALERT!,🚨 BTC/USD 🔻 SELL ALERT! 🚨,BitcoinMarkets,1,0,Top_Tip_596,19,3
2025-03-29,The Bitcoin Cash Podcast #145: FundMe &amp; Badgers feat. Sayoshi Nakamario,The Bitcoin Cash Podcast #145: FundMe &amp; Badgers feat. Sayoshi Nakamario,btc,1,0,Shibinator,75,11
2025-03-30,On the road to .29 BTC I began this journey Friday November 22nd 2024 and haven’t stopped buying since that and honestly should be at more. I’ve done some stupid trades of BTC for other alt coins and ultimately lost a few bucks but overall I am still in the game. I’ve never saved for shit in my life. All I’ve done is spend spend spend and at 39 years old with a wife and a kid. BTC has opened my eyes to see the world like I never seen. I’m learning everyday but one things for sure I’ll never stop buying BTC. All the small losses I took from trading will all go away soon enough. So let this price sit for a bit. Stack BTC. Stay humble. God bless,On the road to .29 BTC,Bitcoin,205,136,[deleted],650,131
2025-03-30,"Just chillllll PSA: With only 950k bitcoin to be mined between now and the END of the 2032 halving in 2036, if you’re worried about the price. It will catch up eventually if you’re thinking in terms of fiat still. Strategy has bought 500k since 2020. Before Blackrock or World governments had even started to think about it. Stop watching the regards on X and YouTube with their ridiculous and baseless predictions. The End",Just chillllll,Bitcoin,1,0,Gyxxer07,423,74
2025-03-30,BITCOIN LEITURA OBRIGATÓRIA,BITCOIN,Bitcoin,1,0,Far_Entrance5052,27,3
2025-03-30,"Look where we were just a year ago – Bitcoin adoption keeps pushing us higher! One year ago, we were bouncing around $64K, and now Bitcoin is sitting above $83K, even after a pullback from recent highs. The trend is clear: more adoption, more institutional interest, and increasing scarcity keep driving the price up over time. Sure, there will always be corrections, but Bitcoin has a history of finding new, higher floors. It’s the ultimate store of value in an era of endless money printing. Those who understand its long-term potential know that volatility is just part of the ride. Where do you think we’ll be in another year?",Look where we were just a year ago – Bitcoin adoption keeps pushing us higher!,Bitcoin,1,0,Embarrassed-Glass-24,631,109
2025-03-30,Bitcoin is a ponzi scheme...,Bitcoin is a ponzi scheme...,Bitcoin,1,0,Cold-Enthusiasm5082,28,5
2025-03-30,"New Tool Recovers Bitcoin Wallet Backups with Forgotten Passwords! Forgot your Bitcoin wallet backup (.dat) password? I developed a tool that generates thousands—even millions—of password permutations based on the fragments you remember. If you recall parts like “thisismypassword12” or “Thisismypassword14#”, simply input them (wildcards included) and let the tool do the heavy lifting. Designed specifically for old wallet backups where you almost remember your password, this tool can be a lifesaver for regaining access to your funds. *Disclaimer: Use this tool only for wallets you own. Unauthorized access is illegal and unethical.*",New Tool Recovers Bitcoin Wallet Backups with Forgotten Passwords!,Bitcoin,1,0,DBspreadem,638,92
2025-03-30,Please help donations are welcome! Bitcoin wallet: 3D7Kwx1onkyMgssAGyk2WXJaYjz1vJi9nS,Please help donations are welcome! 🙏,btc,1,0,General-Tradition493,85,8
2025-03-30,"Where to buy Bitcoin I'm new to cryptocurrency, and I would like to know some answers about where to buy Bitcoin. Why do some people buy Bitcoin on exchanges like Coinbase if Robinhood has no fees? Why don't we buy crypto directly on a cold wallet instead of an exchange to avoid the transaction fee?",Where to buy Bitcoin,Bitcoin,1,0,Enough-Wonder9612,300,55
2025-03-30,"Achieving 1 BTC I am on a plan trying to DCA into bitcoin and I'm relatively fortunate in that I'm able to DCA c.$1k a month into it. However, when I look at exactly how much BTC that buys, it is just over 0.01 per month meaning it would take around 7 years at current prices to obtain 1 full coin. Given prices are expected to increase into perpetuity, my buying power will erode. Unless I put loans into btc now it looks to be impossible to reach 1 btc in the next 10 years which is my retirement goal. Is there a model anywhere which uses trend analysis and shows how much you would need to DCA to achieve a certain goal?",Achieving 1 BTC,Bitcoin,1,0,True-Rule-7409,624,123
2025-03-30,"Why authorities did not prohibit bitcoin in the past? I am think about it, since 2016. It’s like money printing, which is only allowed by central banks. That why I did not invest when it was 500 usd. They will prohibit it, thought . And now it’s a gambling object of high financials. No?",Why authorities did not prohibit bitcoin in the past?,Bitcoin,1,0,Traditional_Move_818,287,54
2025-03-30,"Why is investing in Bitcoin on Robinhood demonized? I was speaking with someone today about how I'd recently got into investing on the Robinhood app and dropped some money into bitcoin to diversify a bit into crypto. Immediately he went into this lecture about how I didn't really have any bitcoin and how I was just lining the pockets of BlackRock or some other oligarch by investing in Bitcoin on an app instead of owing it myself. And that if I actually was going to own Bitcoin then I would have a wallet or something. I had no idea what he was talking about so when i got home I looked it up and this is Robinhood's response. ""Do I own my own crypto on Robinhood?"" -Once you purchase crypto on Robinhood, Robinhood believes you're the legal owner of the crypto. You have all the rights and benefits of ownership, including the rights to appreciation and depreciation of the crypto."" Not educated at all on crypto, or really investing either for that matter as I have just started. But i figured this would be a good place to ask. Could someone please explain? Thanks in advance.",Why is investing in Bitcoin on Robinhood demonized?,Bitcoin,1,0,Big_Step5054,1083,196
2025-03-30,I want to buy 1 Bitcoin but don't want to download an app I want to buy 1 bitcoin but I don't want to down load any apps to my phone to do it. I don't want to do it though any third party. Bitcoin says that you can buy right from their website but then they make you chose Apple or Google play store. I want to be able to monitor my purchase/buy/sell from my laptop. What is the best wallet - digital or hardware?,I want to buy 1 Bitcoin but don't want to download an app,Bitcoin,1,0,Additional-Shine7569,413,86
2025-03-30,"Just bought a bitaxe while downloading the node I’m 15, got scammed a while ago out of $200 trying to get bitcoin because I didn’t do any research but now I’m downloading the node and waiting for my bitaxe to arrive. I know it’s a lottery at that rate but just happy to contribute to the network and have a chance",Just bought a bitaxe while downloading the node,Bitcoin,1,0,Any-Zebraz,313,61
2025-03-30,"Canadian store NOT accepting US Currency. I hope they accept Bitcoin or they will have to, soon.","Canadian store NOT accepting US Currency. I hope they accept Bitcoin or they will have to, soon.",Bitcoin,1,0,Todo_es,96,17
2025-03-30,"I've become bearish long-term US markets, is $IBIT still worth it? It's the current events, not here to debate that. I've been DCA IBIT for a few months in Roth. Can Bitcoin still increase value with a low growth?","I've become bearish long-term US markets, is $IBIT still worth it?",Bitcoin,1,0,elle2105,213,39
2025-03-30,"Bitcoin That is no begging i will change with an great meal.Hello everyone,i have a question. I wanted to know if anyone who has a lot of Bitcoins would give 1 or 1/2 Bitcoin to a Pool father of 4 children. I now work two Jobs to make ends meet. Its Hard to seethatat 50 i haven't achieved anything yet even though i'am just working. bc1qp2nct7x8akfkfj7w9qfwlz6e0cnlep2lgma93n Me and my kids sad thank you and pray for you and we see us to the meal",Bitcoin,Bitcoin,1,0,Crazy-Tiger4555,448,84
2025-03-30,Public mining giant MARA to sell $2Billion worth of stock to buy more BTC Here we go boyz,Public mining giant MARA to sell $2Billion worth of stock to buy more BTC,Bitcoin,1,0,AizenCapital,89,18
2025-03-30,Bitcoin And Crypto Brace For A Huge $36 Trillion April Fed Price Flip Easy money fuels crypto rallies!!!,Bitcoin And Crypto Brace For A Huge $36 Trillion April Fed Price Flip,btc,1,0,PioneerInternational,104,18
2025-03-30,"Why does Bitcoin mirror the stock market? I have bitcoin. I love bitcoin, but one of its major selling points is not being fiat and will escape the horrors of inflation and devaluation. If this was true, why does Bitcoin rise with the stock market and good news from the fed? Why does it dip when stock market dips?",Why does Bitcoin mirror the stock market?,Bitcoin,1,0,Consistent_Twist_833,315,59
2025-03-30,"Will you ever own one whole Bitcoin? I made a simple calculator to see if you will ever reach one bitcoin. It uses how much you already own, how much you regularly invest and your estimate for bitcoins growth. Try it here. [ Lmk what features i should add.",Will you ever own one whole Bitcoin?,Bitcoin,3,13,[deleted],256,49
2025-03-30,Bitcoin in 2025: TOO LATE or Still Early? Here's The FACTS!,Bitcoin in 2025: TOO LATE or Still Early? Here's The FACTS!,Bitcoin,1,0,cheerysatyr3,59,11
2025-03-30,"What if MS sold all their BTC at once? I mean MicroStrategy ofc not Michael Saylor's personal stack. We are talking about billions of BTC. ,would that crash the price of BTC big time and how to what extend? Also that the top 1% of Bitcoin addresses hold over 90% of the total Bitcoin supply do you consider that a risk?",What if MS sold all their BTC at once?,Bitcoin,1,0,retro-games-forever,319,61
2025-03-30,Is Bitcoin a Good Investment? 5 Key Factors to Consider,Is Bitcoin a Good Investment? 5 Key Factors to Consider,BitcoinMarkets,1,0,Ill_Dirt_783,55,10
2025-03-30,"Im pretty new and have a question. Hello, I have read that BTC is going to be rising in this years late or 2026??? But I don't understand how BTC really rises it's value. Should I really buy BTC whenever I hit my salary? And wait for a year or two to sell? I absolutely have no clue about bitcoin and would like to learn a lot.",Im pretty new and have a question.,Bitcoin,1,0,No_Preference561,327,67
2025-03-30,"Consume 10€ to pay with card in a Bar, Bitcoin fixes this I went to a bar with a friend and there where other guys, we had a few Drinks and at the end we asked to pay… I had 2 drinks and no cash, others had many drinks and had cash .. So I say I wanna pay with my card, the waiter said I need to consume 10€ at least to pay with card, they where using a sum up terminal I think and thats probably why they ask minimum spending of 10€ to compensate for paying fees… Another Friend had 10€ worth and could pay with the card so I felt uncomfy being the only one who could not pay .. then I asked if they take Bitcoin / crypto and like I could Imagine before the waiter said no .. but what really made me upset was that a random guy I just met at the table said I should go to hell with my crypto no one needs that shit. Then the Boss said its fine I could pay because the bar was closed.. But in my Head I was always thinking… Bitcoin fixes this .. why would a random guy attack me like that for asking if they accept Bitcoin wtf..","Consume 10€ to pay with card in a Bar, Bitcoin fixes this",Bitcoin,1,0,HumanBeeing-,1028,217
2025-03-30,"Lost Bitcoin How can Bitcoin achieve mainstream adoption if it can be easily lost forever? Events like sudden death or lost private keys make it inevitable that a significant portion of the fixed 21 million BTC supply will become inaccessible over generations. While this scarcity might drive up the value of remaining coins, it also raises concerns about long-term sustainability. How can we ensure that people responsibly manage their Bitcoin holdings to prevent widespread loss without sacrificing it's decentralized nature? Would the increasing scarcity eventually shift the focus to sats as the primary unit of exchange?",Lost Bitcoin,Bitcoin,1,0,MrdaydreamAlot,625,96
2025-03-30,"Todo se simplifica y las dificultades se desvanecen. Crear algo funcional y elemental es la clave. Mientras uno intenta hacer algo sencillo y claro, el otro ya lo ha hecho. Prueba un nuevo navegador de minería —CryptoTab— descárgalo e instálalo para ganar Bitcoin","Todo se simplifica y las dificultades se desvanecen. Crear algo funcional y elemental es la clave. Mientras uno intenta hacer algo sencillo y claro, el otro ya lo ha hecho. Prueba un nuevo navegador de minería —CryptoTab— descárgalo e instálalo para ganar Bitcoin",Bitcoin,1,0,Queasy-Sail-8120,263,43
2025-03-30,21 truths of bitcoin - Saylor,21 truths of bitcoin - Saylor,Bitcoin,1,0,Bubbly_Ice3836,29,6
2025-03-30,"If bitcoins have a scent, what would it smell like? It's for a gag gift, but I would like some input on this. I know it can't smell like cash or gold, but maybe some sort of metallic/beach, metalic/newcar, etc. Something that potentially doesn't smell good, but makes sense with BTC Thanks everyone","If bitcoins have a scent, what would it smell like?",Bitcoin,1,0,UriGuriVtube,298,53
2025-03-30,"We know that Bitcoin is decentralized. However, nowadays, we constantly rely on exchanges, and whales manipulate and control the price. So, how can we still call it decentralized?","We know that Bitcoin is decentralized. However, nowadays, we constantly rely on exchanges, and whales manipulate and control the price. So, how can we still call it decentralized?",Bitcoin,1,0,kodordg,179,28
2025-03-30,"Want to sell this year, sell now or take 3k loss? Want to sell by BTC and buy something with money later this year but not in a rush, however I dont want to hold if Bitcoin will drop to like 60k like some people think. Should I sell now or keep holding until. (I made no profit lol)","Want to sell this year, sell now or take 3k loss?",Bitcoin,1,1,Adrenaline_Junkie_,282,59
2025-03-30,"BTC talk at work Anyone else get the urge to talk BTC at work? So many coworkers complain about their money situation being tough. All I want to say is look in BTC. But in this world we live in, folks will just yes you to death. Same stuff with loved ones and friends. Nobody has time. Sad.",BTC talk at work,Bitcoin,178,150,Superb-Wind-2423,290,58
2025-03-30,"How to retire early without spending my Bitcoin So some years back, I created a plan for how to get myself to an early retirement through investing in cash flow producing real estate (rental properties). However, along the way, I stumbled upon Bitcoin and have spent countless hours studying it and the problems it solves, and have since been redirecting most of my investments there. So I guess my question is, how do I get the same cash flow from Bitcoin in the future that I was planning on getting from real estate? Will I be forced to sell/spend chunks of it as needed, or do you think there will be financial products that will pay some sort of interest or ""dividend"" on my BTC holdings? I really dislike the idea of parting from any of my hard earned sats.",How to retire early without spending my Bitcoin,Bitcoin,1,0,PursuingTrueFreedom,763,140
2025-03-30,"Bought 0,18 BTC this weekend Keep #hodling BTC-family and stay strong during bear markets. Now around 90% of private savings in BTC and counting 0,38. The good thing: was able to buy it with worthless Fiat-Euro! What’s your goal until Dec 31st?🧡","Bought 0,18 BTC this weekend",Bitcoin,1,0,Mauritz_m,245,42
2025-03-30,Woman accidentally bins £3m Bitcoin fortune in 'worst mistake ever',Woman accidentally bins £3m Bitcoin fortune in 'worst mistake ever',Bitcoin,1,0,dailystar_news,67,10
2025-03-30,"Real Talk: Thoughts on how BTC will survive in 8 to 12 years I've been going down the rabbit hole on Bitcoin’s long-term security model lately. We all know the block reward halves roughly every four years and will eventually reach zero, at which point miners will rely solely on transaction fees. The common assumption is that fees will rise enough over the next 8–12 years (and beyond) to keep miners incentivized. However, I've seen legitimate concerns that transaction fees alone might not be sufficient to maintain Bitcoin's security. The reasoning goes like this: as Layer-2 solutions (such as Lightning Network) grow, fewer small transactions will settle on-chain because these solutions offer faster and cheaper alternatives. If on-chain transactions become less frequent, total fees collected per block might drop significantly, potentially making mining unprofitable or less attractive. This scenario could eventually reduce mining power, compromising the network’s security and decentralization. Some people suggest Bitcoin might eventually need to consider ""tail emissions"" (a small perpetual block reward) to ensure miners remain incentivized, although this obviously compromises the 21M supply cap which is obviously a huge part of Bitcoin's appeal. I'd love to hear your thoughts on this: 1. Can transaction fees alone realistically support the network long-term as the block reward diminishes? 2. Could widespread adoption of Lightning (or other scaling solutions) reduce on-chain fees to problematic levels, or would large-value transactions compensate for fewer small transactions? 3. Is a tail emission (or any change to the 21M cap) ever viable, or completely off-limits for you? 4. Are there other potential solutions or factors I'm missing that could help resolve the fee shortfall concern? I genuinely believe in Bitcoin and its future, but I think this issue deserves thoughtful discussion. Really curious to see what you all think!",Real Talk: Thoughts on how BTC will survive in 8 to 12 years,Bitcoin,1,0,Ukire,1955,297
2025-03-30,"New to Bitcoin I’m new to Bitcoin and I’ve done my research, it looks amazing. I want a way to hold money so that the banks don’t have control over it and Bitcoin seems like the go to. I’ve never invested in Bitcoin and I’m wondering if now would be the perfect moment to invest? I’m not looking into short term (I don’t care about the fluctuations it’s normal until more than 90% gets mined) but like very long term investment (10years at least). Any tips on where to buy it (less fees) and where to safely store it? Any help would be greatly appreciated!",New to Bitcoin,Bitcoin,1,0,TrasherDunk,556,105
2025-03-30,"Google BTC chart is broken Interesting... Google chart for BTC is broken. The price at the top says ""83,825"" and shows the date as March-28 (the current date is March-30), but the chart itself is accurate as of right now. Even using a different computer, and using Incognito mode, Google still shows the same March-28 date and price.",Google BTC chart is broken,Bitcoin,1,0,cuoyi77372222,333,58
2025-03-30,"How bitcoin survive this? I know about bitcoin for more than a decade and understand it on the technical side, but i have an economical question i did not see address by others with strong arguments... I would like some inputs from this reddit. What are the incencitives for miners to secure the network when the main use case is holding (which indirectly reduce transaction frequency) and at the same time reward is reduced. Is someone able to articulate what would happen as time passes and bitcoin survive this? What keep the miners mining? Some may say the trasanction cost should cover ot, but how this do not lead to a reduce total hashing power compare to today? I hope my question is clear enought.",How bitcoin survive this?,Bitcoin,1,0,sebastien256,706,125
2025-03-30,buying btc no kyc is there any website or exchange I can buy btc with just my debit card without kyc,buying btc no kyc,Bitcoin,1,0,LiteratureCute7606,100,21
2025-03-31,"If US is entering a bear market how would you expect bitcoin to perform over the next 6 months? This post isn’t about if a US bear market is about to happen or not. It’s how you think bitcoin would perform IF indeed a US bear market did happen now. Bitcoin has been pretty correlated with the US market over the past 5 months since its post election bump. Over the past 7 weeks since s and p high Feb 19 bitcoin has dropped 13% and been unable to rise back anywhere near its Feb 19 value same as the market struggling to regain its peak. As opposed to gold price which has continued rising. Looking back at 2022 bear market I see that was a brutal year for bitcoin. I’m a big bitcoin believer and have a good chuck of my brokerage in IBIT. I’ve been waiting for bitcoin to show it can diverge from the US market like gold but I haven’t seen any evidence of it. And now I have some concern how low it could go and how long it may stay depressed if we are entering a bear market. I forget exact data but I think around 15-25% of bitcoin is held by US/canadian investors. So vast majority is global investors. That gives me some hope it can diverge. But the positive news of US institutional adoption may be mitigated by US economy crashing, and EU and other key countries haven’t seemed to show much adoption of it yet, right? I think it’s 50-50 on which way it moves next 6 months if US is indeed entering a bear market. Would love to get other’s thoughts or points I’m overlooking.",If US is entering a bear market how would you expect bitcoin to perform over the next 6 months?,BitcoinMarkets,2,27,IAmDisturbanceFeedMe,1481,285
2025-04-02,"Should we expect $pump to surely pump the various forms of Bitcoin ? With PumpBTc allowing users to stake various forms of Bitcoin, including BTCB and WBTC, to receive pumpBTC tokens in return has left many with huge hopium. Seeing its capability of hitting major exchanges like bitget while ensuring security, scalability, and transparency, and allowing Bitcoin holders to maximize returns by participating in DeFi has brought up so many price predictions from different perspectives especially those that deposited theirs without sparing any for gas fee. Do you really think things will go as expected?",Should we expect $pump to surely pump the various forms of Bitcoin ?,BitcoinMarkets,1,0,Feisty-Rhubarb-6718,604,95
2025-04-03,This is what I need in btc tomorrow :/,This is what I need in btc tomorrow :/,btc,1,0,DeFi_Dengen,38,9
2025-04-03,"New Record Bitcoin Network Hashrate: 840,000,000,000,000,000,000x per second","New Record Bitcoin Network Hashrate: 840,000,000,000,000,000,000x per second",btc,1,0,birth_of_bitcoin,76,8
2025-04-03,"Bitcoin Cash Network Upgrades Just completed the revamp of this page. Explore all historical details back to 2009 and to the future of each hard fork, soft fork, and standardness change (in addition to bugs and network splits) for BCH (and BTC until 2017)!",Bitcoin Cash Network Upgrades,btc,1,0,Alex-Crypto,256,44
2025-04-03,Just In: Michael Saylor Says ‘There Are No Tariffs on Bitcoin’,Just In: Michael Saylor Says ‘There Are No Tariffs on Bitcoin’,btc,1,0,coinfanking,62,11
2025-04-03,If you own 1 Bitcoin you are in the top 1% of the top 1% of Bitcoin holders on Earth. If you own 1 Bitcoin you are in the top 1% of the top 1% of Bitcoin holders on Earth.,If you own 1 Bitcoin you are in the top 1% of the top 1% of Bitcoin holders on Earth.,btc,0,13,kumiNkansah,171,40
2025-04-03,Shall I buy some bitcoin or buy some mining bitcoin ?! M,Shall I buy some bitcoin or buy some mining bitcoin ?!,btc,1,0,Happy-Assignment7749,56,12
2025-04-04,"Help someone wants me to buy bitcoin for them I am a teenager Okie basically I am 16 i got my insta banned contacted a hacker and apple paid him the amount of money i have he agreed, well then he said he needed a software to get my account to un ban, but i didnt have the money so he said how about a video of me promoting his business, i agreed then he said can i send 20$ to round up but by then i was already really sad, and even cried and told him he said its on him, then today he asked that he can send me money so i cha buy bitcoins for him, i am 16 should I please guide me please!!",Help someone wants me to buy bitcoin for them I am a teenager,btc,1,0,AIMRAN34,590,128
2025-04-04,Bitcoin holders watching the stock market collapse and erase $3 trillion in 2 days.,Bitcoin holders watching the stock market collapse and erase $3 trillion in 2 days.,btc,0,2,AccomplishedPlant410,83,14
2025-04-04,Just bought £50 of Bitcoin soon il be rich 🤑,Just bought £50 of Bitcoin soon il be rich 🤑,btc,1,0,Happy-Assignment7749,44,10
2025-04-04,The Bitcoin Cash Podcast #146: Bugs.cash &amp; Accelerating Development feat. George Bence,The Bitcoin Cash Podcast #146: Bugs.cash &amp; Accelerating Development feat. George Bence,btc,1,0,Shibinator,90,12
2025-04-04,"Unreal BTC is holding while SPX crashes! BTC is holding strong while SPY has plummeted in the last 2 days in ways rarely seen. BTC had a pump which faded but we are holding the lows from February still. This is pretty unreal, especially when people are even cashing out Gold to time and buy the dip in equities presumably, and hopefully BTC. I'm still concerned institutions may rinse cycle the entire crypto market regularly moving forward (up 20%, down 20%, repeat), the way the altcoin market has behaved. They have figured out how to squeeze every dime of liquidity out of altcoins like we've never seen, to pump them again. Market structure is pretty wrecked.",Unreal BTC is holding while SPX crashes! 💪🏼,btc,1,0,TheRealTheory001,664,116
2025-04-04,President Trump Tariffs Bring TradFi Chaos as Bitcoin Tiptoes Support,President Trump Tariffs Bring TradFi Chaos as Bitcoin Tiptoes Support,btc,1,0,crypto_news_source23,69,10
2025-04-04,"When does BTC fall with the economy? I imagine at some point, layoffs are going to come and the world economy is going to slow to a crawl. When does BTC drop?",When does BTC fall with the economy?,btc,1,0,Jumpy-Mess2492,158,32
2025-04-05,"I have a question about tariffs and bitcoin While I know Bitcoin cannot be tangibly tariffed, couldn't Trump just tariff the earnings coming out of the broker you just bought bitcoins with? I'm trying to learn more about crypto so don't be very harsh to me, thanks :)",I have a question about tariffs and bitcoin,btc,1,0,bezzw,267,48
2025-04-05,Bitcoin seems like the only Crypto worth buying anymore,Bitcoin seems like the only Crypto worth buying anymore,btc,1,0,Big-Damage6324,55,9
2025-04-05,"According to history and grok, btc high still to come. Guys I noticed that a new btc high seems to take a little longer after each halving. I asked grock ai also. I think this is accurate and grock ai thinks so too. What yall think?","According to history and grok, btc high still to come.",btc,0,2,fukadvertisements,232,46
2025-04-05,"Bitcoin Creator Satoshi Nakamoto Receives Birthday Wishes: Details Today, April 5, the crypto community pauses to celebrate Bitcoin’s mysterious creator, Satoshi Nakamoto. According to his P2P Foundation profile, Satoshi listed his birthday as April 5, 1975, which means he would be turning 50 today. Binance, one of the world’s largest crypto exchanges, joined the celebration, writing, ""Happy Birthday, Satoshi Nakamoto. The mind that changed the world with Bitcoin."" Satoshi Nakamoto registered his birthday as April 5, 1975, on his P2P Foundation profile, and this seems to be the only thing known about the Bitcoin founder. Given his privacy preference, it is hard to be sure if this is his actual birthday or one he made up. Little is known about the enigmatic Satoshi figure, including his real name and whereabouts, whether he’s still alive, or if it is an individual or even a group. Satoshi’s birthday, like his identity, remains part of the myth. But whether it’s symbolic or real, April 5 has become a day to remember the one who started it all. Key dates throwback Bitcoin’s first block was mined Jan. 3, 2009. Known as the ""Genesis Block,"" Bitcoin’s pseudonymous creator Satoshi Nakamoto created 50 BTC with the move. Bitcoin white paper was released earlier, Oct. 31, 2008. Sixteen years later, Bitcoin has grown from a near-worthless curio to one of the world’s most valuable assets — an appealing investment for prominent fund managers seeking to protect against inflation. With Bitcoin exchange-traded funds (ETFs) gaining attention, Wall Street has joined in. And the network is stronger than ever, with mining difficulty and hashrate recently reaching new highs. At press time, Bitcoin was trading at $83,686, with a current market value of $1.66 trillion. Bitcoin last achieved an all-time high of $109,114 on Jan. 20, 2025. On Dec. 13, 2010, Satoshi Nakamoto made his final post on the BitcoinTalk forum. Satoshi Nakamoto, the creator of Bitcoin, sent his last known messages to developers in April 2011, claiming he had ""moved on to other things"" and that Bitcoin was in ""good hands.""",Bitcoin Creator Satoshi Nakamoto Receives Birthday Wishes: Details,btc,3,0,coinfanking,2107,342
2025-04-05,"Has there been an extensive attempt to bruteforce Bitcoin addresses? So we know bruteforcing bitcoin private addresses will take gazillion years, but you could get lucky, right? Have anyone attempted to bruteforce it with a processing farm or something?",Has there been an extensive attempt to bruteforce Bitcoin addresses?,btc,1,0,hedi455,253,39
2025-04-06,BTC Monthly Price Prediction #2: April’2025,BTC Monthly Price Prediction #2: April’2025,BitcoinMarkets,1,0,cashrichman,43,6
2025-04-06,"I Built an AI to Signal Crypto Futures Trades—Here's How the First Trade Went! Hey Just wanted to share something cool I've been working on. I built an AI-powered signal for crypto futures trading. The idea was simple: tap into the incredible intelligence of advanced LLM models and let them guide my crypto trades. I've been feeding these models tons of crypto data, fine-tuning them specifically for market moves. To avoid bias from any single model, I'm actually using multiple cutting-edge LLMs and combining their predictions into one solid trading signal. All process are systematic. Why crypto futures? Honestly, mainly because shorting is straightforward, making it easier to act quickly on signals. Here's a debut signal I put out yesterday—check it out if you're curious: [ It accurately called a short on Bitcoin with exact entry, stop-loss, and take-profit points. I took the trade, and it turned out nicely. Of course, it's still early days, and whether there's consistent alpha here will take more testing and validation. Just thought I'd share what I'm up to and maybe get your thoughts! Cheers! 1. sell $BTC at 83486.5Algo TraderAPP *—* Yesterday at 5:12 PM 2. sell $ETH at 1806.5Algo TraderAPP *—* Yesterday at 5:19 PM 3. sell $BTC at 83466.7Algo TraderAPP *—* Yesterday at 9:53 PM 4. April 6, 2025 5. close $ETH at +132.0% returnAlgo TraderAPP *—* 1:51 AM 6. *\[*1:51 AM*\]* close $BTC at +94.0% return 7. Auto Crypto Trade: SHORT BTCAlgo TraderAPP *—* 10:42 AM 8. *\[*10:42 AM*\]*sell $BTC at 81292.5 9. close $BTC at +282.0% returnAlgo TraderAPP *—* 11:37 AM",I Built an AI to Signal Crypto Futures Trades—Here's How the First Trade Went!,BitcoinMarkets,1,0,henryzhangpku,1578,262
2025-04-06,Aaron Day Undertakes 40-Day Fast to Support Roger Ver aka Bitcoin Jesus Amid Legal Battle,Aaron Day Undertakes 40-Day Fast to Support Roger Ver aka Bitcoin Jesus Amid Legal Battle,btc,1,0,btcxio,89,15
2025-04-06,"Banned from Bitcoin Sub, crazy ranting from moderators I post this as more evidence of censorship in the Bitcoin subreddit. Even if the maxis are correct, the censorship is bad and should be pointed out every time it happens. Anyway, I made an innocent enough post about how now is the time to buy and all projects besides Bitcoin are not ""dead"" and many have value. And I remarked in the post that I'd probably be banned for saying such. And they banned me. This made me laugh because they muted me so I couldn't reply to them and they ranted for 5 screens worth of text. I guess they are trying to convince themselves they are right? Or preaching to me hoping they save me? I dunno, I didn't read the rant.","Banned from Bitcoin Sub, crazy ranting from moderators",btc,1,0,Murky_Citron_1799,708,133
2025-04-06,"Very happy with my position. I started in Bitcoin 4 years ago and have started to explore stocks recently, Bitcoin only related stocks though🤷‍ Bitcoin sentiment has really changed since I started accumulating. The world is getting closer to seeing what it truly is. It is very amazing to see the world getting closer to a Bitcoin standard so fast. MSTR and MSTY are my main focus for stocks. MSTR is poised to becoming the most valuable company to exist just from its AUM (Just Bitcoin). MSTY is a money machine using MSTR volatility caused by Bitcoins fluctuations. WNTR is available to replace MSTY if it plays out like past cycles in 2026. I really like these four, Bitcoin as my reserve, MSTR as my investment, MSTY as my income stream and WNTR as an inverse product. Bitcoin will go up forever over the long term, its volatility isn’t going anywhere anytime soon, so this setup seems very very solid. This recent market crash has made these stand out. Thoughts?","Very happy with my position. I started in Bitcoin 4 years ago and have started to explore stocks recently, Bitcoin only related stocks though😂🤷🏻‍♂️",btc,1,0,Obvireal,967,170
2025-04-06,For More Bitcoin Mining Related Content Check Out The Build-a-Mine Pod On YouTube!,For More Bitcoin Mining Related Content Check Out The Build-a-Mine Pod On YouTube!,btc,1,0,Adorable_Incident717,82,13
2025-04-06,Bitcoin Send me some bitcoin please ppl 3FwrDZhWKoPdWgVftrStGWFZ2CiAUQeeB4,Bitcoin,btc,1,0,Happy-Assignment7749,74,8
2025-04-06,"BTC and follow the leader New investor here… If I didn’t know any better, it seems like crypto goes up when bitcoin goes up and goes down as bitcoin goes down. So bitcoin sets the pace and other cryptocurrencies follow the leader. All of their movement seems to have the same direction almost all of the time. So am I right to assume that the price of bitcoin dictates the price of all the other currencies?",BTC and follow the leader,btc,1,0,Chemical-Bubbles-269,407,76
2025-04-06,[PH] How can I buy BTC with the USD in my PayPal account? I'm based in the Philippines and have some USD in my PayPal account which I would like to exchange for BTC. PayPal in PH does not allow you to buy BTC directly so I need to find a workaround. Any suggestions?,[PH] How can I buy BTC with the USD in my PayPal account?,btc,1,0,AnythingJunior8650,266,54
2025-04-06,This got downvoted into oblivion by a crowd of BTC maxis who are about to become the crying MJ in the graphic. Cheers! :),This got downvoted into oblivion by a crowd of BTC maxis who are about to become the crying MJ in the graphic. Cheers! :),btc,1,0,DayTrayder,121,24
2025-04-06,"Do We Still Need Wrapping and Pegging for BTC Staking? A lot of people new to crypto get confused by wrapping and pegging. It usually means sending your coins through bridges, dealing with different token versions, and using smart contracts. Miss a step or send to the wrong wallet and your funds might be gone for good. Thankfully, things are starting to get easier. Some new projects and platforms are working on more beginner-friendly ways to stake or move coins without all the technical steps. I noticed BABY recently popped up on Bg premarket and it made me wonder if we’re moving toward BTC staking without the need to wrap or peg tokens at all. Even if we’re not there yet, it’s still important to understand how wrapping works just to avoid mistakes. If anyone has a simple guide for how to wrap or unwrap BTC or BCH safely, I think a lot of beginners would appreciate it.",Do We Still Need Wrapping and Pegging for BTC Staking?,btc,1,0,SuccessOdd382,881,158
2025-04-06,Anybody want to give me a full bitcoin,Anybody want to give me a full bitcoin 😄,btc,1,0,Happy-Assignment7749,38,8
2025-04-07,How much Bitcoin do you hold? I'm at about 1.1,How much Bitcoin do you hold?,Bitcoin,1,0,JustNeedHelp1991,46,10
2025-04-07,Now Is The Best Time To Consolidate Your UTXOs Title says it. Bitcoin fees are at an all time low in terms of sats/vB. Quickly seize this opportunity before it's too late.,Now Is The Best Time To Consolidate Your UTXOs,Bitcoin,1,0,Routine_Position_263,171,32
2025-04-07,"Advice regarding Payment Gateway i was interested on trying to add crypto (btc or similar cryptocurrency) as a alternative payment method if i ever had a business, however, i have no idea on where to start i've looked at BTCPAY, but i haven o idea how well it woulñd be, any FOSS self-hosted system for this?",Advice regarding Payment Gateway,btc,1,0,DominG0_S,308,56
2025-04-07,Bitcoin Two ppl sent me bitcoin from my post off here 🤣 Stupid Coinbase asking for there name and either there driving licence number or passport id are they mad ?!,Bitcoin,btc,1,0,Happy-Assignment7749,164,31
2025-04-07,What does it mean when the Bitcoin logo is green? Did something happen or change?,What does it mean when the Bitcoin logo is green?,btc,1,0,chaderic,81,15
2025-04-07,"Stupid newbie questions I put a lump sum into Fidelity’s bitcoin ETF. I want to DCA now, but on my own not at Fidelity. Where’s the best place(s) to set it up and how do I get it into cold storage before I HODL? (Be nice, please. I’m someone’s grandma. )",Stupid newbie questions,btc,1,0,Applepiemommy2,254,51
2025-04-07,"How to implement the option to acept Cryptos/BTC on a physical store i was interested if i ever had the option of starting a business to acept BTC, however,i have no idea on how to prepare a pc for this, or really any of the steps tp acomplish this Where i can find decent guides over the matter?",How to implement the option to acept Cryptos/BTC on a physical store,btc,1,0,DominG0_S,296,58
2025-04-07,Bitcoin Reacts to Trump “Reciprocal” Tariffs as Experts Weigh I,Bitcoin Reacts to Trump “Reciprocal” Tariffs as Experts Weigh I,btc,1,0,crypto_news_source23,63,10
2025-04-07,Bitcoin was not the first cryptocurrency - true or not?,Bitcoin was not the first cryptocurrency - true or not?,btc,1,0,UweLang,55,10
2025-04-07,"‘Ugly’ Monday Crash Warning As Sudden $1.3 Trillion Crypto Price Meltdown Hits Bitcoin, Ethereum, XRP, Solana And Dogecoin","‘Ugly’ Monday Crash Warning As Sudden $1.3 Trillion Crypto Price Meltdown Hits Bitcoin, Ethereum, XRP, Solana And Dogecoin",btc,1,0,IXFIofficial,122,18
2025-04-07,"Can we stop buying btc?? I get paid friday and was so excited when it hit 75k, I wake up this morning and its already back up to 80k. Lets relax everyone, let me buy in my share friday and then we inflate it.",Can we stop buying btc??,Bitcoin,1,0,Big-Cry9898,208,44
2025-04-07,"Necessary to double check receive addresses from Trezor Suite? I do always double check my receive addresses with my hardware wallet when generating a receive address to send from my strike while DCAing, but is this necessary? I have never had my trezor app on my iphone generate an incorrect btc receive address. Do people actually double check these addresses with their hardware wallet as it recommends in the trezor app?",Necessary to double check receive addresses from Trezor Suite?,Bitcoin,1,0,Effective-Ad5644,424,71
2025-04-07,When buying 0.0001 BTC,When buying 0.0001 BTC,Bitcoin,1,0,riscten,22,4
2025-04-07,"Extremely high volatility in the 1min chart of BTC with 3 different huge gaps (+1.63%, -1.97%, +0.63%). Very unusual and strong","Extremely high volatility in the 1min chart of BTC with 3 different huge gaps (+1.63%, -1.97%, +0.63%). Very unusual and strong",Bitcoin,1,0,nasa_gov,127,21
2025-04-07,"Catch me at 65k While everyone is out looking into the micro scale of things, who’s actually out in the spectrum of waiting till Bitcoin hits around 65,000 for a little reload? I’ll be one of those that will be waiting. As we know it, bitcoin is the big boy and takes for its declines to reveal.",Catch me at 65k,Bitcoin,1,0,Gammanomics,295,57
2025-04-07,"In this mayhem, don't forget where all this started The markets are red Bitcoin has fallen below 75k I see lots posts asking about price action But lets not forget that the goal is to create a peer-to-peer network - better than what we already have Below is abstract from the Bitcoin paper as a reminder to the cause - Abstract. A purely peer-to-peer version of electronic cash would allow online payments to be sent directly from one party to another without going through a financial institution. Digital signatures provide part of the solution, but the main benefits are lost if a trusted third party is still required to prevent double-spending. We propose a solution to the double-spending problem using a peer-to-peer network. The network timestamps transactions by hashing them into an ongoing chain of hash-based proof-of-work, forming a record that cannot be changed without redoing the proof-of-work. The longest chain not only serves as proof of the sequence of events witnessed, but proof that it came from the largest pool of CPU power. As long as a majority of CPU power is controlled by nodes that are not cooperating to attack the network, they'll generate the longest chain and outpace attackers. The network itself requires minimal structure. Messages are broadcast on a best effort basis, and nodes can leave and rejoin the network at will, accepting the longest proof-of-work chain as proof of what happened while they were gone.","In this mayhem, don't forget where all this started",Bitcoin,1,0,Mobile-Ad-68,1449,240
2025-04-07,Oh the times ! - BTC wick on Binance,Oh the times !  - BTC wick on Binance,Bitcoin,1,0,Educational_Pay_1155,36,9
2025-04-07,Bitcoin down nearly 10% today. Crashing hard.,Bitcoin down nearly 10% today.,btc,1,0,earthman34,45,7
2025-04-07,Bitcoin Is a cryptocurrency. Or is it an investment? I don't know. But I did tell you guys it was overvalued.,Bitcoin,Bitcoin,1,0,West-Fortune-1644,109,21
2025-04-07,"Coinbase won’t let me send BTC back to my other wallet, so I was forced to trade to FIAT and now they are witholding my money and will not transfer any of my assets. Currently they have stolen over 50 000€ from me as a private EU citizen. None of this was disclosed to me when I transferred my BTC to their wallet. Now they wont let me access or withdraw my assets and I was supposed to be their premium member with over 100k trated. DO NOT TRUST THEM! Can anyone help me ny refereing a lawyer? I am contacting police first thing in the morning.","Coinbase won’t let me send BTC back to my other wallet, so I was forced to trade to FIAT and now they are witholding my money and will not transfer any of my assets.",Bitcoin,1,0,fatponygirl69,545,107
2025-04-07,"Initial investment versus current market question I have been fortunate enough to have had invested in bitcoin in 2021 2022… I understand that it wasn’t the hottest time in the history but still comparing to the current market price. I have accumulated pretty nice gains. What I am very concerned about is my attitude toward the market fluctuation. I am in this for a long run. Don’t get me wrong. I haven’t touched my stash ever since I started collecting it. My question is, how do you navigate around the market based on the investment you made and the return you can get. Like, at what point will you freak out that your initial investment is nearing the current sales price? And what percentage away from the current sales price versus your original purchase price would you find yourself to be alert and trying to strategize what to do next? but I’m lying. I am in this for a long game, but at the same time taking the current world state I am not sure if I should rather have some gold or cash instead?",Initial investment versus current market question,Bitcoin,1,0,k_qu33n,1009,185
2025-04-07,Dumping into bitcoin rn? Would it be logistically worthwhile to dump maybe a grand into bitcoin rn while it’s seeing lows under 80k? It’s money I’m not stressing about losing so I don’t need any of those answers. It’s just savings money that isn’t going to yield me jack shit anyways. I just want to know if it’s worth it right now or if I should wait a little longer and see if BTC drops a little bit more before going in with a lump like that. (Plan on holding longterm),Dumping into bitcoin rn?,btc,1,0,dopey_deer,472,91
2025-04-07,"Native Bitcoin Staking Is Finally Here, No Wrapping, No Custodians. For years, Bitcoin holders have been left out of staking conversations. If you wanted to earn yield or support PoS networks, your only real option was to wrap BTC (think wBTC, renBTC) and give up custody not ideal for most Bitcoiners. That’s finally changing. There’s now a way to stake Bitcoin natively no wrapping, no bridges, no third-party custody. You keep your BTC in your wallet, under your keys, and still participate in staking. It’s powered by a protocol called Babylon, but the real story here is the shift Native, self custodial staking of real BTC. No lockups unbond whenever you want. Stake once, support multiple PoS networks at once. Backed by a decentralized network of 250+ validators. Babylon’s bigger vision is to turn Bitcoin into the economic engine of Web3 letting PoS networks tap into BTC for security and liquidity, while Bitcoin holders retain full control. It’s a clean win for decentralization and utility. Instead of trying to pull BTC into DeFi via wrapped tokens, this flips it: PoS networks tap into actual Bitcoin for economic security while Bitcoiners keep full control. It’s a pretty big deal if you’ve ever wanted to put your BTC to work without compromising on decentralization or security. Anyone else been waiting for this? Curious how the broader Bitcoin community feels about staking finally becoming native , really willing to see response from you people.","Native Bitcoin Staking Is Finally Here, No Wrapping, No Custodians.",BitcoinMarkets,1,0,Stunning-Ask3032,1467,241
2025-04-07,What Is Bitcoin Trading? DM Me If You're Interested!,What Is Bitcoin Trading? DM Me If You're Interested!,BitcoinMarkets,1,0,Jessica-H1,52,9
2025-04-07,"Trading Bitcoin: The Act Of Buying Or Selling Cryptocurrency For Profit. Unlike Traditional Investments, Trade Bitcoin Through Exchange Or Financial Derivatives Like CFDS.","Trading Bitcoin: The Act Of Buying Or Selling Cryptocurrency For Profit. Unlike Traditional Investments, Trade Bitcoin Through Exchange Or Financial Derivatives Like CFDS.",BitcoinMarkets,1,0,Jessica-H1,171,23
2025-04-07,"BTC swap, stuck on Hold with exchange I’m currently in the middle of a BTC to ETH swap using Cripto Intercambio, and I’ve hit a bit of a wall. The transaction was initially moving along smoothly, but then it suddenly got frozen and flagged for KYC/AML review. I went ahead and completed the KYC process as quickly as possible and passed it without issue. Since then, however, the swap has been placed on hold for further review. It’s been a couple of days now, and I’ve been trying to stay proactive. Every time Cripto Intercambio has reached out to me for documentation or additional information, I’ve responded immediately with screenshots, PDFs, and anything else they’ve requested. I’ve been cooperative at every step, hoping to get things moving again. That said, I’m starting to feel stuck. I’m wondering if anyone here has gone through something similar with Cripto Intercambio or any other crypto exchange. How long did the review take in your case? Is there anything else I should be doing right now to help speed up the process? At this point, I’m also curious if it’s even possible to request the swap be cancelled or reversed — just to regain control over my funds. I haven’t gotten a clear response on that from support yet. Any advice, insight, or shared experience would be incredibly helpful right now. I’m trying to stay patient, but not knowing what to expect is tough. Thanks in advance to anyone who takes the time to reply.","BTC swap, stuck on Hold with exchange",btc,1,0,reaper0323,1444,251
2025-04-07,"For whomever needs to hear it I've been seeing everybody concerned about the market and how its just not good out there right now. Which, yeah, if you look solely at the market, sure it's really looking bad right now. But this a sign of the downfall of centralization, which is exactly in line with the ethos of bitcoin itself. I've often found it very telling that bitcoin came out just shortly after the financial crisis of 2008 and that it almost seemed like a natural reaction to it, now that we are facing a global crisis that is further disparaging people of all economic backgrounds, it is evident in my view that we need to have faith in decentralization more than ever before. This is exactly what bitcoin was built for and this is exactly why it will survive. In the great dictator, Charlie Chaplin talks about this moment simply being the passing of greed, and now is our time, our great war. Once all the rats have drowned only the strongest will survive and we will prosper under one symbol. ₿ \*Steps down from soap box\* I thank you.",For whomever needs to hear it,Bitcoin,1,0,Long-Chemist3339,1048,191
2025-04-07,"1 Zetta Hash on April 7th, 2025. For those who are panic selling and worried about the dip the total Bitcoin Hashrate(mining power) reached 1 Zetta Hash per second today.","1 Zetta Hash on April 7th, 2025.",Bitcoin,1,0,Kitchen_Gain960,170,30
2025-04-07,"1 Zeta hash on April 7th, 2025 For those who are panic selling and worried about the dip, the bitcoin total hash rate just touched 1 Zeta Hash today.","1 Zeta hash on April 7th, 2025",Bitcoin,1,0,Kitchen_Gain960,149,29
2025-04-07,"Bitcoin cloud mining sites with no KYC &amp; 2FA Are there any good and trustworthy cloud mining pools out there that don't require KYC and 2FA? Ideally I'm looking for something like Nicehash team mining in which I can use other miners' hashpower, as I don't have any ASIC mining equipment myself. I also don't expect to make huge amounts of money either, but I just would like to try it out.",Bitcoin cloud mining sites with no KYC &amp; 2FA,Bitcoin,1,0,Sea_Upstairs8765,393,72
2025-04-07,"The next monetary system The current values of the dollar and euro in terms of satoshi and bitcoin are: - 1 USD = 1,186 satoshi (0.00001186 BTC) - 1 EUR = 1,370 satoshi (0.00001370 BTC) I say the people have been stolen of their hard earned renumeration for their service. Not that countries have stolen from eachother. Everyone should be educated on this. It's going to be exciting to see the gap reduce further, to 3 digits, in the next 5 years. It seems very likely that bitcoin will be the global reserve. What is it backed by? Freedom, transparency, and eventually better portability, widespread acceptability together with durability once it is quantum attack resistant. We knew the next monetary system was needed. The next era of monetary system is here.",The next monetary system,Bitcoin,1,0,Hungry-ThoughtsCurry,762,131
2025-04-07,Bitcoin died again,Bitcoin died again,Bitcoin,1,0,zingy99,18,3
2025-04-07,"Bitcoin ETF Europe Hi everyone, Is there anyone located in the BENELUX, that knows how to buy the new blackrock BTCN/ET1F etp that launched in europe recently? I can't find it on a Bolero or Degiro. Any idea's when it could be available? Kind regards",Bitcoin ETF  Europe,Bitcoin,1,0,TbowM,250,45
2025-04-07,"Question for long term HODLers -- is this kinda normal for bitcoin? I understand the volatility. I get that it does 10% or more moves in a day. But what is happening now is unprecedented. In this environment, shouldn't bitcoin be way more volatile? Isn't it a good sign that we've not crashed to $50k? I was orange pilled only a year ago, and I'm very excited about the long term prospects of bitcoin, but also nervous about the short term. Any words of advice will be appreciated!",Question for long term HODLers -- is this kinda normal for bitcoin?,Bitcoin,1,0,New-Ad-9629,481,88
2025-04-07,Can make types of projects generate energy and bitcoin mining .,Can make types of projects generate energy and bitcoin mining .,Bitcoin,1,0,InevitableCost3167,63,11
2025-04-07,Newbie Newbie here. What are your guys thoughts on starting out doing $20-$30 a week investment into bitcoin to start?,Newbie,Bitcoin,1,0,anonymousssssdh,118,20
2025-04-07,"When transferring to hardware wallet, do you always use a different BTC address or always the same one? Why or why not? HI all - just curious here. Do you guys change the address each time a transfer is made?","When transferring to hardware wallet, do you always use a different BTC address or always the same one? Why or why not?",Bitcoin,1,0,PizzaThrives,208,40
2025-04-07,Antminer U1 Found this in a box of random stuff I bought. Does anyone still use the tiny little thing anymore? Also could there be bitcoin on the hard drives!? 🤔 lol,Antminer U1,Bitcoin,1,0,Solchile,165,32
2025-04-10,I am giving you vital warnings about Bitcoin prices for free with the quantum application.,I am giving you vital warnings about Bitcoin prices for free with the quantum application.,BitcoinMarkets,1,0,Motod0shi,90,15
2025-04-11,"Bitcoin’s Next Moves: Consolidation or Breakout? According to CryptoQuant, Bitcoin could hover in the low $80,000s if it struggles to break the next resistance level at $84,000. However, if BTC manages to breach this hurdle, the next target could be as high as $96,000 before encountering significant resistance again. As of now, Bitcoin is trading at $83,961, showing strong momentum. Other analysts are even more optimistic, predicting a new all-time high within the next two months. What’s your take—are we looking at consolidation in this range, or is a breakout imminent? Let’s discuss! #Bitcoin #BTC #Crypto #MarketAnalysis",Bitcoin’s Next Moves: Consolidation or Breakout? 🚀,btc,0,0,That_Hamster_1720,629,97
2025-04-11,"LIVE #STOCK &amp; #CRYPTO technicals, news &amp; prediction #GME, #BTC, #AMC, $SPY, #ETH &amp; much more DAILY! Check out my channel","🚨LIVE #STOCK &amp; #CRYPTO technicals, news &amp; prediction⚠️ #GME, #BTC, #AMC, $SPY, #ETH &amp; much more DAILY! 🚀🔑🔓 Check out my channel ⤵️ https://www.youtube.com/live/z9so7cyJ0yM?si=TQ2vRzkDRYLey6wM",btc,1,0,Data_Zero,132,21
2025-04-11,The Hidden Impacts of US and China Tariffs on the Bitcoin and Crypto Industry,The Hidden Impacts of US and China Tariffs on the Bitcoin and Crypto Industry,btc,1,0,btcxio,77,14
2025-04-12,"My 1st move About 10 months ago, I started closely following global news and political events. I had this gut feeling that something big was going to hit the market, especially with how governments and central banks were moving. So back in June last year, I began buying Bitcoin in portions, gradually building up to a total of 5 BTC by the end of November—when the price was around $37,000. I held on, trusting my read of the global situation, and when Bitcoin hit $100,000, I sold everything. This was actually my first real experience with this kind of investment—and it paid off big time. But for me, it wasn’t just about being patient. It was about staying aware and reading between the lines of what’s happening in the world. Has anyone else been through something similar? Do you think political analysis is always this powerful in timing big market moves?",My 1st move,btc,1,0,GloomyMove1054,863,151
2025-04-12,There are 58M+ fiat millionaires and only 21M $BTC in total supply,There are 58M+ fiat millionaires and only 21M $BTC in total supply,btc,1,0,birth_of_bitcoin,66,12
2025-04-12,"What don’t people get about BTC? It honestly blows my mind. Bitcoin is still, hands down, the safest long-term investment in the entire crypto space. It’s the most decentralized, most secure, and most adopted, and yet every single day I see people complaining about the dip like it’s the end of the world. You should be *happy* when BTC dips. It’s like Black Friday for the only digital asset with a fixed supply and proven resilience. You *know* it’ll bounce back eventually, it always does. We’ve seen this cycle repeat itself for years. Zoom out, look at the bigger picture. Why are people still acting like this is some random altcoin with zero fundamentals?",What don’t people get about BTC?,btc,1,0,Forina_2-0,662,114
2025-04-12,For More Bitcoin Mining Related Content Check Out The Build-a-Mine Pod on Youtube!,For More Bitcoin Mining Related Content Check Out The Build-a-Mine Pod on Youtube!,btc,1,0,Adorable_Incident717,82,13
2025-04-12,Plug-and-play Bitcoin heaters?!,Plug-and-play Bitcoin heaters?!🔌🔥,btc,1,0,Adorable_Incident717,31,3
2025-04-12,Is it safe to post a QR code with my bitcoin address for payments? I would put it in my Reddit profile,Is it safe to post a QR code with my bitcoin address for payments?,btc,1,0,Emily-K-Wescott,102,22
2025-04-12,"Bitcoin Analysis 12-04-2025 Bitcoin broke the long standing trend line . Crossed 0.236 percent level on Fibonacci , The gun is loaded for 88K soon . There is a big cluster of EMA ( Exponential Moving clusters in between 85-88k ) EMA 50 85537 EMA 100 87816 EMA 150 87000 EMA 200 85021 This a daily time frame analysis based on moving averages , trends , Fibonacci , oscillators and back history . If you need any analysis , TA , FA or onchain , dm me or comment down. You can tip me if my work satisfies you .",Bitcoin Analysis 12-04-2025,btc,1,0,GulraizRehman,508,100
2025-04-12,Only 21 million Bitcoins will ever exist,Only 21 million Bitcoins will ever exist,btc,1,0,birth_of_bitcoin,40,7
2025-04-12,Bitcoin Is the First Thing We’ve Ever Traded That Does Nothing,Bitcoin Is the First Thing We’ve Ever Traded That Does Nothing,btc,1,0,Common_Sense1444,62,11
2025-04-12,"How BTC will be inflated on L2s and bailouts will continue even on Bitcoin standard. I'll tell you how bailouts will eventually happen even on a bitcoin standard. It'll start with tx fees gng through the roof as banks, govts and big businesses start settling onchain. All normies will have to deposit their btc in the banks, as all small utxo (ie. 99% of population's stash will become dust utxo, and self custody on L1 will become a luxury only top 0.0001% could afford) All normies now transact on L2's where banks provide their IoU's. Initially banks will happily provide proof of reserves to lure to in and make you trust them, but eventually they'll stop doing so, as they start inflating the IoU's. At one point, the IoU's floating around will be too much and ppl will start questioning the banks, but even then what could you do, since you can't self custody on L1 due to high tx fees. Even if ppl start withdrawing from banks somehow, the banks will stop withdrawals pretty quickly and central banks / govts instead of taking action on the banks for inflating the IoU's, will simply make fractional reserve legal for BTC too. So now for each 1 BTC, banks would be allowed to issue 10 BTC IoU's on L2, that too legally (which they would already be doing for a long time, and even after getting caught it will just become a legal practice instead) Welcome back to Gold 2.0 system, where Fiat was the L2 for gold, and we all know how. that turned out. But you do you I guess, and continue to believe there'll be no bailouts, censorship, draconian level surveillance and taxation on L2. Only real solution is some p2p cash with low fee L1 tx fees snd relatively quick tx confirmations. Another thing about BCH that is a risk is the limited supply, as it puts a time limit on the adoption picking up. If the adoption / tx volume doesn't pick before the block subsidy runs out, BCH will be dead too. I think some linear inflation is a good thing in the long term, as it replaces lost coins and more importantly prevents hoarding mentality. It also doesn't put a hard time limit on the adoption, which will clearly take a long time, given how brainwashed general public is about BTC.",How BTC will be inflated on L2s and bailouts will continue even on Bitcoin standard.,btc,1,0,sampatrahul90,2184,397
2025-04-12,Who decided that only 21 million bitcoins can exist?,Who decided that only 21 million bitcoins can exist?,btc,1,0,SharpDiscussion525,52,9
2025-04-13,"Saylor was wrong. 2nd best is here. Historically, among the metallic money group, Silver is the 2nd best compared to Gold. Some people simply prefer Silver's color. Among the blockchain money group, the 2nd best is really similar to Bitcoin, except it has slower block time (30 mins), and lower supply cap (7 million coins). All other parameters remain the same as Bitcoin. Since PoW consumes a lot of energy but most people only use it as store of value, it is more logical to slow the block time down to 30 mins (vs Bitcoin's 10 mins). You don't put your Gold into storage and immediately take your Gold out 10 mins later. Even when you charge your electric cars, it will take at least 30 mins to get any meaningful energy. The lower supply cap is obviously to minimalize the ""inflation"" caused by this inevitable hard fork. The whitepaper of this hard fork was shared to yesterday. I also shared it to today, as I needed time to find the right words to share it there, where a lot of Bitcoin maxis are. Still, the moderators there did not allow this to be posted. Please don't get me wrong, I love Bitcoin and Bitcoin is still the best. However, this ""2nd best"" is inevitable, since careless people are everywhere and most lost coins cannot be easily recovered. As the number of lost coins rises, at some point we might not have enough coins to address the salability across scales. Lastly, I want to note that this is still just a whitepaper written by my friend Frost Aiken (a developer who prefers to remain pseudonymous). I am having trouble contacting Frost but will try again later. When and how this whitepaper can become an actual hard fork will depend on many factors and only time will tell. God bless and a good weekend y'all. Thank You, Bubbly_Ice3836",Saylor was wrong. 2nd best is here.,btc,1,0,Bubbly_Ice3836,1766,317
2025-04-13,"The case of the lying time traveller Source: &gt; I am sending this message from the year 2025. ok... &gt; 100,000 in 2019, and 1,000,000 in 2021 uh... &gt; today, ""earlies"" (our term for early adapters), as well as those rich whose wealth survived the ""transition"" live in isolated gated cities called Citadels sure thing &gt; In my world, soon to be your world, most governments no longer exist beg to differ &gt; as Bitcoin transactions are done anonymously and thus most governments can enforce no taxation on their citizens actually, in this world, in 2025, Bitcoin is anything but anonymous and adoption has been stifled &gt; Why didn't we abandon Bitcoin, and move to another system? Well, we tried of course. We tried to step over to an inflationary cryptocurrency, but nobody with an IQ above 70 was willing to step up first and volunteer Tell me what you're advocating without telling me you work for bankers... &gt; The African Union had ambitious plans to help its citizens be ready to step over to Bitcoin not really, sorry to disappoint &gt; I am part of an underground network, who seek to launch a coordinated attack against the very infrastructure of the Internet itself It's been more than clear that a free Internet is as much, maybe even more of a pain in the ass than Bitcoin, for those who dislike the freedom of others... &gt; However, I have seen where it ends. Time traveling post ended where it began: with lies. Nice to be in 2025, where much is not rosy, but at least the deception of earlier times is gradually exposed. Veils are being lifted :)",The case of the lying time traveller,btc,1,0,LovelyDayHere,1574,278
2025-04-13,#bitcoin right now,#bitcoin right now,btc,1,0,dnnyzci,18,3
2025-04-13,"Bitcoin’s true measure is gold, not dollars","Bitcoin’s true measure is gold, not dollars",btc,1,0,birth_of_bitcoin,43,7
2025-04-13,"Why 30-min block time is better than 10-min block time If you understand how PoW works, you know why SN decided that block time is 10 mins and not 5 mins. When we have too many miners that speed up the bitcoin clock, difficulty adjustment slows it down so the nodes can have consensus. The slower the block time, the less likely the event that 2 valid blocks are found at the same time where we have to measure the chain tip weight to decide the winning chain tip. The losing chain tip wastes a lot of energy. ""The payee needs proof that at the time of each trans­ac­tion, the majority of nodes agreed it was the first received. […] When there are multiple double-spent versions of the same trans­ac­tion, one and only one will become valid. The receiver of a payment must wait an hour or so before believing that it’s valid. The network will resolve any possible double-spend races by then."" - SN (2009) Based on the SN's quote above, we should have decided that the block time is 1 hour. However, that might be too slow for some applications, so 30 mins seem better. I have proposed a slower version of Bitcoin, its whitepaper can be found here: Thank you for your time.",Why 30-min block time is better than 10-min block time,btc,1,0,Bubbly_Ice3836,1172,216
2025-04-13,I NEED HELP bc1qkc44un6h72clgpwjfw76x7dak70nec89he4kxsxjq790h0ra5jhqdxa3sm I NEED 5K IN BTC IF YOU LIKE DONATE TO ME I NEED IT FOR MY BUSINESS DM ME IF YOU LIKE TO SEE THE BUSINESS,I NEED HELP,btc,1,0,Embarrassed-Young-25,180,30
2025-04-13,Every Bitcoin seed phrase is a combination of these words,Every Bitcoin seed phrase is a combination of these words,btc,1,0,birth_of_bitcoin,57,10
2025-04-13,"Bitcoin is moss. Bitcoin Is Moss Body: Bitcoin isn’t a revolution in the traditional sense. It doesn’t shout. It doesn’t demand. It doesn’t storm the gates. It spreads. Like moss. It moves quietly. It doesn’t need headlines or permission. It simply finds surfaces—old stone, decaying wood, forgotten cracks in foundations—and begins to grow. Slowly. Persistently. Irreversibly. Fiat systems are the stone. They appear solid: institutions, currencies, central banks. But over time, they weather. They crack. Their weight becomes their weakness. And once those cracks appear, Bitcoin enters. It doesn’t attack the structure. It covers it. It renders it obsolete not by confrontation, but by quiet redundancy. It’s not about destruction. It’s about persistence. You can’t uproot moss—it has no central stalk. You can’t kill it by cutting—it grows from fragments. You can’t burn it away—it thrives in the shade and returns with the rain. Bitcoin is the same. There’s no CEO to arrest. No headquarters to raid. No switch to flip. It’s a distributed organism. A living network of memory and value. Every attempt to contain it only spreads its awareness. And like moss, it thrives in neglected places—where trust has eroded, where inflation eats value, where systems are collapsing under their own weight. The more centralized control tries to reassert itself, the more obvious the need for something else becomes. Bitcoin doesn’t replace fiat by force. It makes it irrelevant. Not through revolution, but through saturation. You don’t notice moss at first. Then one day, the statue is covered. The wall is green. The monument to the old world is now a part of the forest floor. That’s Bitcoin. Not a war. A reclamation.",Bitcoin is moss.,btc,1,0,ExamOrnery9871,1713,275
2025-04-14,Anyone got some spare btc? 0xd68fD034F3035eBe9DA1C54Ba23a5c36c9808af7,Anyone got some spare btc?,btc,1,0,No_Pomelo3622,69,6
2025-04-14,Bitcoin Lightning Network Pay to Anchor Feature Faces Scrutiny Over Abuse Concerns,Bitcoin Lightning Network Pay to Anchor Feature Faces Scrutiny Over Abuse Concerns,btc,1,0,btcxio,82,12
2025-04-14,Bitcoin is a cult. Sure.,Bitcoin is a cult. Sure.,btc,1,0,birth_of_bitcoin,24,5
2025-04-14,Bitcoin is going up or down? I have cash app and I can send my change (roundups) to bitcoin. I figured hey why not since it’s looking good and I figure well into the future I might make a few bucks. Well I don’t know.. the bitcoin is going up but my performance is going down. It says I have negative 7.27% returns however bitcoin has gained atleast 10% since I have bought it like a week or two ago… what am I missing. I know when it comes to this stuff people get very cocky so I’m just trying to avoid that. I don’t care how I dumb I sound.,Bitcoin is going up or down?,btc,1,0,Maleficent-Ad9010,543,111
2025-04-14,"Feel pity for the old self A few years back, I bought Bitcoin cause everyone was hyping it up… then panicked and sold during the 2020 crash. I was just a broke uni student back then—scared, clueless about how the economy actually works, and honestly, pretty naive. (I still am in a certain extent.) I’m back in Bitcoin now after realising the “real world” kinda sucks. I’ve seen enough to know the game’s rigged. Bitcoin isn’t just about money or hype or game to me anymore. It’s like we’re all betting on a future that’s ours — not just govts and the rich calling the shots. Yeah, I know, the govt and rich folks can still mess with Bitcoin. Nothing’s bulletproof. I’m done overthinking it. I bet on Bitcoin.",Feel pity for the old self,btc,1,0,Justkixin,709,129
2025-04-14,Lomond School in Scotland to Accept Bitcoin for Tuition Fees,Lomond School in Scotland to Accept Bitcoin for Tuition Fees,btc,0,1,crypto_news_source23,60,10
2025-04-14,"""Bitcoin can go up forever because the amount of dollars can go up forever"" The Weimar Republic and the Reichsmark would like to have a word with you. ""Go up"" is rather meaningless if the purchasing power of your unit of account is dropping due to persistent inflation or hyperinflation. Those fiat currencies don't stick around too long. This should hint towards Bitcoin taking over the role of unit of account, but for that to happen is has to be a medium of exchange... Anyone see a problem?","""Bitcoin can go up forever because the amount of dollars can go up forever""",btc,1,0,Dune7,494,88
2025-04-14,BT Coin Mining Hey I have Installed this App BT Coin Mining and Mine BTC on Play Store,BT Coin Mining,btc,1,0,Apocalyptea,86,18
2025-04-15,"Let's talk about block time for 1001st time I believe we can safely have 1-minute block time WITHOUT sacrificing anything in scalability / decentralization - because tech has advanced so much since 2009. Even worst-case orphan rate would be under 2% (case of full block download), and thanks to compact blocks typical rates would be in 0.2%-0.6% range ([full analysis]( Not only that, but we can do a [little refactoring]( so it would be easy to later change to 30s when tech further advances - we could make target block time just 1 parameter like blocksize limit, with everything auto-adjusting around it (DAA, emission, ABLA, locktime, etc.) What about emission? Of course everything stays the same, before: 3.25 BCH x 1 block every 10 minutes, after: 0.325 BCH x 10 every 10 minutes. Due to integer rounding there'd be [slightly less BCH minted in total]( 20,999,999.7270 instead of 20,999,999.9769. What would this change mean for UX? - 1-conf: now 1-in-4 TXs will wait 14 min. or more, and 1-in-20 will wait 30 min. or more; with 1-mint target the variance band is reduced to 1-3 min. I even made a little game where you can test your confirmation luck ([link]( and get a feel for the difference. - N-conf: now a 60min target wait (6x10) will exceed 80 min. 1-in-5 times, with faster blocks a 60min target wait (60x1) would get more reliably closer to 60min, with only 0.86% chance of exceeding 80min What about 0-conf? It's great, we continue to use it. This [will make on-boarding easier]( as it will shorten the uncertainty window, and there are cases where 0-conf must fall back to 1-conf which would benefit from this (like when moving from 0-conf defi to 0-conf merchant payments - the p2sh unconfirmed ancestors create risks here) What about header chain overheads? - Nodes will always need whole header chain, and it will grow at ~42MB/year, trivial at current state of tech - Light clients need those for verifying SPV proofs but thankfully there's a way to compact that data for light clients: What about locktime? This was one of my concerns too, turns out this is the [easiest technical challenge to solve]( There is no technical obstacle to having 1-minute block time. The only question is: do we want it? But Bitcoin always had 10-minute time, will we still be Bitcoin? Of course we will. Ask yourself, what makes Bitcoin Bitcoin? &gt;What is needed is an electronic payment system based on cryptographic proof instead of trust, allowing any two willing parties to transact directly with each other without the need for a trusted third party. Transactions that are computationally impractical to reverse would protect sellers from fraud, and routine escrow mechanisms could easily be implemented to protect buyers. In this paper, we propose a solution to the double-spending problem using a peer-to-peer distributed timestamp server to generate computational proof of the chronological order of transactions. The system is secure as long as honest nodes collectively control more CPU power than any cooperating group of attacker nodes. The 10-minute time was a number Satoshi picked and didn't think too much about, I found that his concerns were only of practical nature. I discuss that head-on in the CHIP's Intro: In Bitcoin whitepaper ([Section 7. Reclaiming Disk Space]( it was only mentioned once, when discussing node memory requirements: &gt;A block header with no transactions would be about 80 bytes. If we suppose blocks are generated every 10 minutes, 80 bytes * 6 * 24 * 365 = 4.2MB per year. With computer systems typically selling with 2GB of RAM as of 2008, and Moore's Law predicting current growth of 1.2GB per year, storage should not be a problem even if the block headers must be kept in memory. When paper was first revealed on Cryptography Mailing List, it was also mentioned only once, alongside with explanation of Bitcoin's difficulty adjustment algorithm (DAA): &gt;&gt; Further, your description of events implies restrictions &gt;&gt; on timing and coin generation - that the entire network &gt;&gt; generates coins slowly compared to the time required for &gt;&gt; news of a new coin to flood the network &gt; &gt;Sorry if I didn't make that clear. The target time between blocks will probably be 10 minutes. &gt; &gt;Every block includes its creation time. If the time is off by more than 36 hours, other nodes won't work on it. If the timespan over the last 6*24*30 blocks is less than 15 days, blocks are being generated too fast and the proof-of-work difficulty doubles. Everyone does the same calculation with the same chain data, so they all get the same result at the same link in the chain. Only later, in [e-mail exchange with Mike Hearn]( did Satoshi give a hint about reasoning, to describe what we now call orphan races and selfish mining: &gt;&gt;Another is the 10 minute block target. I understand this was chosen to &gt;&gt;allow transactions to propagate through the network. However existing &gt;&gt;large P2P networks like BGP can propagate new data worldwide in &lt;1 &gt;&gt;minute. &gt; &gt;If propagation is 1 minute, then 10 minutes was a good guess. Then nodes are only losing 10% of their work (1 minute/10 minutes). If the CPU time wasted by latency was a more significant share, there may be weaknesses I haven't thought of. An attacker would not be affected by latency, since he's chaining his own blocks, so he would have an advantage. The chain would temporarily fork more often due to latency. Since then, technology has progressed immensely and a thriving industry of Bitcoin competitors (""altcoins"", near-universally preferring lower block times) has emerged demonstrating viability of shorter block times. Bitcoin Cash can now follow suit, leveraging today's tech to rethink that 10-minute legacy. We will lean on the same reasoning as Satoshi's, and use a more conservative orphan rate threshold (2%), to show that Bitcoin Cash can safely upgrade to 1-minute target block time and reap 10x improvement in confirmation speed.",Let's talk about block time for 1001st time,btc,1,0,bitcoincashautist,6009,996
2025-04-15,JUST IN: Trump administration says US may buy Bitcoin using tariff revenue.,JUST IN: 🇺🇸 Trump administration says US may buy Bitcoin using tariff revenue.,btc,1,0,Ice_Ice11,75,12
2025-04-15,"First mover advantage One of bitcoin's biggest selling points is that it is the first perfect PoW timechain. But is it really ""perfect""? Does a slower timechain make more sense? Some experts say it does, and some developers &amp; bitcoin miners might eventually agree. In fact, it's just math.",First mover advantage,btc,1,0,Bubbly_Ice3836,293,49
2025-04-15,Bitcoin ETF flows,Bitcoin ETF flows,btc,1,0,birth_of_bitcoin,17,3
2025-04-15,"How to purchase bitcoin and send to another wallet in the same day? Which platform/app allows you to purchase about 0.003 BTC from a bank account or debit card and then send it to another wallet the same day or within a couple days? I tried using Coinbase and I got the bitcoin but they put a hold on sending it for 5 business days, and Binance is saying my buying limit is $0 for some unknown reason even after successful ID validation. Is this possible with Cash App or would they also place a processing hold on sending? Or is there a better recommended platform for this? Thanks",How to purchase bitcoin and send to another wallet in the same day?,Bitcoin,1,0,lilitharcana,582,109
2025-04-15,"Legal position of investors if IBIT gets hacked Dear all, What would be the legal position, and protection if any, of IBIT investors if the IBIT depository (no idea if it's Blackrock or, again, someone like Coinbase) was hacked and their Bitcoin disappear? I think one aspect is the protection that Blackrock might or might not be able to afford, and the other is the protection that the authorities might or might not give to investors. I am not talking about mickey mouse ""exchanges"" a la SBF. I am talking about serious stuff like TD Ameritrade, Fidelity, fully regulated US brokers. Thanks in advance",Legal position of investors if IBIT gets hacked,Bitcoin,1,0,ManlyAndWise,604,104
2025-04-15,"How iceEVcoin can help Bitcoin * Ideological Alignment: By using Proof-of-Work (PoW) and the same SHA-256 algorithm as Bitcoin, iceEVcoin aligns with the core principles valued within a potential ""Bitcoin standard"" scenario. This ideological consistency could appeal to a niche group of users and investors who prioritize PoW's perceived security and decentralization characteristics over alternatives like Proof-of-Stake (PoS). * Merged Mining Potential: The shared SHA-256 algorithm allows for merged mining. This means Bitcoin miners could potentially mine iceEVcoin simultaneously without significant additional hardware or energy costs, earning supplementary income (especially relevant as Bitcoin's own block subsidies decrease over time). For iceEVcoin, this offers a path to leverage Bitcoin's established network security. * Extreme Scarcity Appeal: The proposed 7 million supply cap represents extreme digital scarcity, even more so than Bitcoin. This could attract a niche market segment that specifically values absolute rarity as a primary characteristic of a store-of-value asset. * Reinforcing the PoW Narrative: In the ongoing debate between PoW and PoS, the existence of a secondary, Bitcoin-aligned PoW chain like iceEVcoin could serve to highlight PoW's perceived advantages (like permissionless participation). It adds to the diversity of the PoW ecosystem, potentially showcasing its resilience and reinforcing the narrative against PoS alternatives, which might be viewed with more suspicion regarding centralization or state influence in a Bitcoin-centric future. * Anti-Centralization Narrative: While the feasibility was questioned in the reports, the proposed mobile EV mining concept taps into concerns about mining centralization. This narrative, focused on distributing hash power, could appeal to users specifically concerned about potential government influence over large, stationary mining operations.",How iceEVcoin can help Bitcoin,btc,1,0,Bubbly_Ice3836,1934,264
2025-04-15,Bitcoin always prevails,Bitcoin always prevails⚡,Bitcoin,50,2,OkEstablishment7095,23,3
2025-04-15,Need help finding where I can buy and send btc without ID I need to pay someone and I’m not sure where to go for this.,Need help finding where I can buy and send btc without ID,Bitcoin,1,0,Murky_Value_4944,118,26
2025-04-15,"I’m still fairly new to this… what’s happening in the market right now? I first started buying bitcoin last year, I don’t really understand the market trends quite yet. What is causing it to dip right now? Is it estimated to skyrocket again? In 6 months, a year? Basically just looking for some “Bitcoin for dummies” info in plain English !! TIA",I’m still fairly new to this… what’s happening in the market right now?,Bitcoin,1,0,sparxy204,345,62
2025-04-15,"Bitcoin IRA I’m slowly coming to the realization that if fiat does its thing, then there is a strong possibility Bitcoin ETFs won’t cut it…especially without in-kind trading. Suggestions on best Bitcoin IRAs?",Bitcoin IRA,Bitcoin,1,0,Dopest_Trip,208,33
2025-04-15,"Think in decades, use time as your differentiator This has been my mantra for any investments or critical decision making. Bitcoin is one asset where this has been even more true. We are also blessed to be in this time where there is such an asymmetric decent probability opportunity which is simple available to us. I see lot of discussions focussed around short term price actions. But that not the theses… right?","Think in decades, use time as your differentiator",Bitcoin,1,0,Mobile-Ad-68,415,72
2025-04-15,"My theory is that Satoshi Nakamoto got the idea for blockchain during a train ride The CalTrain rattled through Silicon Valley's sprawl, each rhythmic clack a countdown toward the clinic. Satoshi stared out the window, his reflection fractured by raindrops. Beside him, Eva slept fitfully, one hand resting over her stomach, dark circles under her eyes betraying sleepless nights of shared anguish. A commotion erupted several seats ahead. Two teenage boys argued with the ticket checker, their voices rising in desperation. ""Please, sir, we just need to get to Palo Alto—"" ""No ticket, no ride,"" the checker interrupted, his voice firm but weary. ""Rules are rules."" Satoshi watched as the boys were escorted off at the next station, their figures growing smaller through the rain-streaked window. The train lurched forward again, each car following the one before it in an unbroken chain. Chain. The word lodged in his mind as he stared at the coupling mechanism between the cars. Each car validated the one behind it, connected in an unbreakable sequence. His heart began to race. With trembling hands, he pulled a napkin from his pocket, his pen scratching out rough diagrams. Blocks. Each one linked to the previous one. A chain of digital truth that couldn't be broken. - from Birth of Bitcoin book",My theory is that Satoshi Nakamoto got the idea for blockchain during a train ride,btc,1,0,birth_of_bitcoin,1302,215
2025-04-15,"Buying bitcoin under 18 I've been struggling for weeks to find a platform without strict KYC for minors, and it's really frustrating. Finally managed to buy $6 worth on Swapped for something I've been wanting for some time now, but now I'm stuck again. I'm literally just $0.30 short because of transaction fees, and Swapped is suddenly requiring KYC verification that I can't provide because of my age. Does anyone know a platform where I can buy a small amount of bitcoin using PayPal or credit card without direct kyc?",Buying bitcoin under 18,Bitcoin,1,0,stormcph,521,90
2025-04-15,Track your holdings with Wump [Wump]( is the easiest way to track your Bitcoin holdings. No shitcoins allowed! 🧡,Track your holdings with Wump,Bitcoin,1,0,samy9445,112,19
2025-04-15,What if the Bitcoin wizard had a fur logo?,What if the Bitcoin wizard had a fur logo?,Bitcoin,1,0,TheCryptomath,42,9
2025-04-15,"Bitcoin Scammed Nearly a year ago I lost everything I had and my wallet was emptied. Was investing for 4years, flat out. Broke my laptop which ultimately led to my coins being taken. I can’t sleep, feel Ill, broke and can’t afford milk or the bus now and struggling keeping functioning…. Hard to live with these thoughts and stress…. Want this hellish feeling to stop :(",Bitcoin Scammed,Bitcoin,1,0,FunctionOk4282,370,66
2025-04-15,Sent BTC to wrong address… am I screwed? Just sent 0.1 BTC to the wrong address by accident. Meant to send it to my Ledger but pasted an old one by mistake. Is there anything I can do or is it just gone?,Sent BTC to wrong address… am I screwed?,Bitcoin,0,20,HonestAssistance,203,43
2025-04-15,"Bitcoin as Unit of Account: Everything going to 0 Equity valuations are already collapsing… if you price them in Bitcoin. Megacorps are also fading away. Just Change the Unit of Account. Below, find the Bitcoin denominated charts of MSFT and AAPL in Roxom.",Bitcoin as Unit of Account: Everything going to 0,Bitcoin,1,0,Different_Play_623,256,43
2025-04-15,Spending bitcoin on cake in portugal,Spending bitcoin on cake in portugal 🍰,Bitcoin,1,0,JoeNakamoto,36,6
2025-04-15,"Help me I suffered a significant loss on altcoins, sold them all, and now only hold Bitcoin, which is why I entered crypto in the first place. Can you provide solid reasons why altcoins might not survive to help ease my mind?",Help me,Bitcoin,1,0,Less_Attitude_3647,225,42
2025-04-15,"Coldcard addresses different from the first time I exported them Hello everyone, I come to you with the hope to not be part of the club of the ones who lost their bitcoins. I'm running out of ideas of things to try to recover the addresses they were sent to, so here I come for help. Let me explain: I recently moved my bitcoins to a new wallet using several new addresses from my Coldcard. To do so, I used Electrum and Sparrow: one of them to connect to my former wallet and the other to open the addresses and receive the btc to the new wallet (I don't remember which program I used for what). I did check that the first transfer was working properly and that I could recover the btc with the new wallet before transferring the rest to different other addresses. Now here comes the problem: when I now copy the public addresses from the Coldcard and open them on either Electrum or Sparrow, I see a different set of addresses. I've tried many different account numbers without finding the same addresses that I sent the btc to (they were sent to Segwit addresses). I checked for malware but none could be found on my Macbook. Also, by entering my former wallet, I can still see the addresses the Btc were sent to and can see that they did not move from there, which makes me hope that they were not stolen. Do you have any other ideas I could try?",Coldcard addresses different from the first time I exported them,Bitcoin,1,0,elqut6413,1350,255
2025-04-15,All Hail Satoshi Unfortunately he will have to raise Bitcoin prices again.,All Hail Satoshi,Bitcoin,1,0,PaleontologistOne919,74,12
2025-04-15,"Why Modern Life Feels So Hard (And How Bitcoin Fixes This) with Seb Bunney We all feel it—life seems harder than it should be. Prices keep rising, families are stretched thin, and somehow, despite more productivity and tech than ever before, nobody feels like they’re getting ahead. This is a thoughtful interview with Seb Bunney who is the author of *The Hidden Cost of Money.* We unpacked why our broken money keeps making life harder—and why Bitcoin is the exit. We talked fiat incentives, time preference, parenting under monetary stress, and the profound spiritual and human sides of sound money Let me know what you think",Why Modern Life Feels So Hard (And How Bitcoin Fixes This) with Seb Bunney,Bitcoin,1,0,thesatdaddy,627,106
2025-04-15,Orange-Pilling The Future with the Bitcoin Students Network feat. Ella Hough,Orange-Pilling The Future with the Bitcoin Students Network feat. Ella Hough,Bitcoin,1,0,BENshakalaka,76,11
2025-04-15,Bitcoin in the bush - the crypto mine in remote Zambia,Bitcoin in the bush - the crypto mine in remote Zambia,Bitcoin,1,0,CryptoCadaver,54,11
2025-04-15,age? #bitcoin? age? #love,age? #bitcoin?,Bitcoin,1,0,ZealousidealWay4906,25,4
2025-04-15,Bitcoin Treasury Company Imagine how embarrassing it must be to call yourself a Bitcoin Treasury Company.,Bitcoin Treasury Company,Bitcoin,1,0,Life-Observer,105,16
2025-04-19,Bitcoin minning investment,Bitcoin minning investment 🇧🇴🇧🇸🇧🇶🇧🇮🇧🇫,BitcoinMarkets,1,0,Parking_Attempt6788,26,3
2025-04-19,"BTC never did what it was supposed to do I know that bitcoin has become to largest cryptocurrency, I fell that it failed to fulfill its original purpose, which was to create a digital currency that could replace real money. The reason why was because it was designed to be deflationary, and that inflation is one of the things that drives consumer spending. Please don’t downvote me to hell for this",BTC never did what it was supposed to do,btc,1,0,Abx13523,399,71
2025-04-19,"Decentralized Disruption: Gamestop, Bitcoin, and the Rewriting of Global Finance—An Inquiry into Crypto, Collateral, and Control","Decentralized Disruption: Gamestop, Bitcoin, and the Rewriting of Global Finance—An Inquiry into Crypto, Collateral, and Control",btc,1,0,rockatthebeach,128,16
2025-04-19,The Bitcoin Cash Podcast #147: BCHata &amp; Endless Inflation feat. Alex &amp; Petya,The Bitcoin Cash Podcast #147: BCHata &amp; Endless Inflation feat. Alex &amp; Petya,btc,1,0,Shibinator,84,13
2025-04-20,The Founding Fathers understood that fiat currency could ultimately destroy a nation. One wonders what they would have thought of Bitcoin.,The Founding Fathers understood that fiat currency could ultimately destroy a nation. One wonders what they would have thought of Bitcoin.,btc,1,0,birth_of_bitcoin,138,21
2025-04-20,"85+ out of 100 people you can ask in BTC do NOT run their own node According to Bitcoin ownership numbers put out by Dan Morehead, of Pantera Capital, not long ago, we can work out that at most 15 / 100 BTC users are self-custodial. The numbers who hold their own keys / coins self-custodially is strictly larger than the number of people who run nodes. Why is that? Because you can hold your keys/coins without even running a node. You can use a light wallet (SPV), or even just hold your own bitcoin on a paper wallet (written record of the key / seed phrase). So there are even fewer than 15% who run their own nodes. Likely way fewer. Just bear this in mind when you hear BTC people talk about how everyone should be running their own node etc. That's bunk, and has almost always been bunk. Satoshi didn't design the system in a way that requires everyone to their own node. The BTC crowd doesn't do this either. The people claiming you need to, belong to a very small part of the user group. Where things can get off track is when you let the proclaimed needs of a very small minority dictate the properties of the system that is supposed to be usable by all its users. The best check on preventing the majority being exploited by the minority, is for the majority to check, frequently, whether the system still performs well for their purposes.",85+ out of 100 people you can ask in BTC do NOT run their own node,btc,1,0,LovelyDayHere,1350,251
2025-04-20,"Bitcoin’s fixed supply of 21 million is often discussed in abstract terms. Let’s bring it back down to Earth, literally. Visualizing Scarcity: What Does 21 Million Actually Mean? Bitcoin’s fixed supply of 21 million is often discussed in abstract terms. Let’s bring it back down to Earth, literally. Earth’s total surface area: 510 million km². Now imagine this surface represents 21,000,000 Bitcoin. - Sylvian Saurel","Bitcoin’s fixed supply of 21 million is often discussed in abstract terms. Let’s bring it back down to Earth, literally.",btc,1,0,birth_of_bitcoin,417,65
2025-04-20,"This message was embedded in Bitcoin's 666,666th block","This message was embedded in Bitcoin's 666,666th block",btc,1,0,birth_of_bitcoin,54,8
2025-04-20,"so should i sell all btc? I have been seeing some really interesting posts in this sub. One post caught my eye because it said bitcoin didn’t fufill its ""role"". I wanted to ask, how you personaly view it? Is it the end for btc or it is just people being bearish?",so should i sell all btc?,btc,1,0,AutoZBudoucnosti,262,52
2025-04-20,"""We are against censorship""―But the thruth is: Many will censor you if they can. It was merely factual criticism of unprofessional behavior by a developer of the Bitcoin miner Bitaxe. This criticism was deleted by Bitaxe. Later I wrote a Reddit post in about the fact that legitimate and factual criticism is deleted. And surprise: this was deleted. I then posted it into and you already know what happened: They deleted it as well. It is a sad example of how many constantly preached values are worth nothing just five minutes later. This should be an absolute no-go within our community. Bitcoin is not just a criticism of the system, but a fundamental understanding of our values. We should definitely not censor each other. Censorship achievments go to: * [Bitaxe.org]( * *","""We are against censorship""―But the thruth is: Many will censor you if they can.",btc,1,0,Rare_Airline1418,777,132
2025-04-20,El Salvador’s Bitcoin Experiment Struggles as 89% of Registered Businesses Are Inactive,El Salvador’s Bitcoin Experiment Struggles as 89% of Registered Businesses Are Inactive,btc,1,0,btcxio,87,12
2025-04-21,Posting this for the first time to the community after studying bitcoin for 1.5 years.,Posting this for the first time to the community after studying bitcoin for 1.5 years.,btc,1,0,faircrow006,86,15
2025-04-21,"Bitcoin Adoption Rate Thought Experiment. You're standing in a train carriage in a large city in the Western hemisphere. Estimate how many of your fellow passengers in the carriage own bitcoin, and estimate how much they own as a percentage of their liquid wealth. Discount wealth in stocks or real estate from the estimate. Is the number 10% of passengers have 5% of their liquid wealth in bitcoin? Is it 5% have 15% of their liquid wealth in BTC? Do the estimation in your mind with whatever you think it is. This is your estimate of Bitcoin's current adoption rate, using the train carriage as your sample of the total population. 10% of people with 5% in BTC is an adoption rate of 0.5%. The ceiling on an adoption rate is 100%. Bitcoin has a potential ceiling of going up 200 times in real terms. A future price of $17,400,000 based on todays price of $87k, unadjusted for inflation. Do your own estimate and gauge potential real returns.",Bitcoin Adoption Rate,BitcoinMarkets,1,0,TopPhoto2357,943,168
2025-04-21,"""Peter Schiff: Every Bank Will Fail as Recession Ignites Full-Scale Depression – Economics Bitcoin News"" Bitcoin is a decentralized bank. How will a global financial crisis affect Bitcoin?","""Peter Schiff: Every Bank Will Fail as Recession Ignites Full-Scale Depression – Economics Bitcoin News""",btc,1,0,create-opaque,188,28
2025-04-21,Bitcoin Surges to $87K as Dollar Weakens Amid Global Economic Shifts,Bitcoin Surges to $87K as Dollar Weakens Amid Global Economic Shifts,btc,1,0,btcxio,68,11
2025-04-21,Question: Where (exchange name and broker in Canada) can I trade options on BTC and ETH ?? Question: Where (exchange name and broker in Canada) can I trade options on BTC and ETH ?? I am a Canadian Citizen and looking to trade options on BTC and ETH (intraday as well as positional). Which broker and exchange should I be using ?? Please advise. Many thanks in advance.,Question: Where (exchange name and broker in Canada) can I trade options on BTC and ETH ??,btc,1,0,sidjhala,369,68
2025-04-21,Reclaiming Decentralization: How Bitcoin Cash Honors the Original Idea,Reclaiming Decentralization: How Bitcoin Cash Honors the Original Idea,btc,1,0,alberdioni8406_,70,9
2025-04-21,Microstrategy will soon start selling off their BTC below cost basis in order to pay off interest and dividends for their leveraged loans. BTC holders will bear the cost of hundreds of millions per year when they get dumped on.,Microstrategy will soon start selling off their BTC below cost basis in order to pay off interest and dividends for their leveraged loans. BTC holders will bear the cost of hundreds of millions per year when they get dumped on.,btc,0,41,upunup,227,40
2025-04-21,Bitcoin Rallies to $87K as US Dollar Weakens From Trump Policies,Bitcoin Rallies to $87K as US Dollar Weakens From Trump Policies,btc,1,0,crypto_news_source23,64,11
2025-04-21,BITCOIN,BITCOIN 🚀,btc,1,0,Glass_Original_7567,7,1
2025-04-21,1 BTC Casascius coin sells for $102K at auction A funded 2012 1 BTC brass Casacius graded MS-67 sold on Great Collections yesterday: [,1 BTC Casascius coin sells for $102K at auction,btc,1,0,libertox,134,24
2025-04-21,BTC Supra,BTC Supra,btc,1,0,VoskCoin,9,2
2025-04-21,"Who Killed Bitcoin - Documentary I keep coming back to this excellent 2022 documentary about what Bitcoin means, and thought I'd repost to help newcomers find it. Who Killed Bitcoin Hope you all are well",Who Killed Bitcoin - Documentary,btc,25,1,BananaHoards,203,35
2025-04-21,"Price of a Bitcoin on Easter Sunday 2025 = $84,600 2024 = $64,455 2023 = $27,931 2022 = $42,782 2021 = $58,245 2020 = $7,302 2019 = $5,205 2018 = $6,771 2017 = $1,188 2016 = $419 2015 = $244 2014 = $443 2013 = $190 2012 = $4.85 2011 = $0.73 2010 = $0 2009 = $0",Price of a Bitcoin on Easter Sunday 🐇,btc,1,0,birth_of_bitcoin,260,58
2025-04-21,"Bitcoin is a store of VaLuE #Pulse WATCH: WHITE HOUSE ADVISOR SAYS #BITCOIN WILL BE A STORE OF VALUE FOR THE NEXT 1,000 YEARS HE BELIEVES #bitcoin‌ #bitcoin #cryptone…",Bitcoin is a store of VaLuE,btc,1,0,FRANKYB357,167,29
2025-04-22,"Crypto NFTs Question I'm using OpenSea to create and list my NFTs. I have some pieces of a Bitcoin I can use to pay for the gas fees, my question is how do I get the Bitcoin to pay , do I have to swap out the Bitcoin in trust wallet first with something that OpenSea will accept as payment and if so, it's coming up BASE but when I paste the address into my trust wallet to send it says invalid address.",Crypto NFTs Question,btc,1,0,Jayrenes,403,83
2025-04-22,"The ""Badger Test"" - A guide to interesting markets on Bitcoin Cash","The ""Badger Test"" - A guide to interesting markets on Bitcoin Cash",btc,1,0,2q_x,66,12
2025-04-22,"In a little over 3 weeks, Bitcoin Cash activates its 12th network upgrade!","In a little over 3 weeks, Bitcoin Cash activates its 12th network upgrade!",btc,1,0,LovelyDayHere,74,13
2025-04-22,"I Survived the Bank Blackout with Bitcoin Cash! This is a real story that I lived in 2018 and one of the main reasons I have been since an advocate of Bitcoin Cash for years. I hope you enjoy it and pass by to leave a comment, tip, share and more. Have a great day ahead",I Survived the Bank Blackout with Bitcoin Cash!,btc,10,0,alberdioni8406_,270,56
2025-04-23,"Bitcoin officially surpasses Google to become the 5th largest asset in the world by market cap, what's going on?","Bitcoin officially surpasses Google to become the 5th largest asset in the world by market cap, what's going on?",btc,1,0,AlphaFlipper,112,19
2025-04-23,"Exactly 14 years ago, Satoshi Nakamoto wrote: ""I've moved on to other things. [Bitcoin] is in good hands.""","Exactly 14 years ago, Satoshi Nakamoto wrote: ""I've moved on to other things. [Bitcoin]  is in good hands.""",btc,1,0,birth_of_bitcoin,106,18
2025-04-23,Calm for two week? Will there be calm for two more weeks before BTC breaks out?,Calm for two week?,btc,1,0,rmaurisset17,79,16
2025-04-23,Guys wake up! Bitcoin just flipped hold,Guys wake up! Bitcoin just flipped hold,Bitcoin,1,0,itsdylanyo,39,7
2025-04-23,Remember all those fake Bitcoin forks and airdrops from 2017? Apparently the co-founder of Pump.fun created some of them...,Remember all those fake Bitcoin forks and airdrops from 2017? Apparently the co-founder of Pump.fun created some of them...,btc,1,0,btcxio,123,19
2025-04-23,"Hal Finney’s first remarks on BITCOIN were that “simple altruism can suffice to keep the network running properly.” I believe there's something important about what the BitAxe lottery miners are doing, in tandem with what Ocean mining pool and Bitcoin Knots. There is a synergy of incentives and Bitcoin ethos in all three. If every Bitcoin Node runner, was also a BitAxe lottery miner, pointing their hash at Ocean pool, or solo lottery mining with Ocean's DATUM server, I think Bitcoin would be stronger and more decentralized for it. I'm hoping to get one of these BetAxe's soon, but for now I'm just running Bitcoin Knots.",Hal Finney’s first remarks on BITCOIN were that “simple altruism can suffice to keep the network running properly.”,Bitcoin,1,0,Fiach_Dubh,626,106
2025-04-23,Will We See BTC Back At 100k By The End Of The Week?,Will We See BTC Back At 100k By The End Of The Week?,Bitcoin,1,0,OkEstablishment7095,52,13
2025-04-23,"Maybe When Bitcoin Hits $1,000,000 we'll lose our virginities But seriously who hurt these people?","Maybe When Bitcoin Hits $1,000,000 we'll lose our virginities",Bitcoin,1,0,cma1366,98,15
2025-04-23,Bitcoin MC,Bitcoin MC,btc,1,0,Glass_Original_7567,10,2
2025-04-23,"Gold has gone parabolic—up nearly $6 trillion this year alone, closing in on a ~$23 trillion market cap. Bitcoin is next—and it’s engineered to outperform.","Gold has gone parabolic—up nearly $6 trillion this year alone, closing in on a ~$23 trillion market cap. Bitcoin is next—and it’s engineered to outperform.",Bitcoin,1,0,JoeB34,155,25
2025-04-23,Bitcoin to drop again? I know it’s on a rise but do we think bitcoin could drop down to 10k again?,Bitcoin to drop again?,Bitcoin,1,0,lShorts1,98,21
2025-04-23,"Student loan on BTC Post: I’m a student, and plan on taking out the max state-backed student loan: → €850/month × 29 months = 24650€ Also if I graduate on time, in my country the government forgives 3320€, of my loan so I will be left to repay around 21330€. Interest is Euribor 6 month+ 0,5% bank margin, and repayment starts 2 years after graduation. Interest will not be paid for the 3 years while studying. Loan period is 10 years. I’m planning to invest 100% of it into Bitcoin and hold long-term. I see it as low-interest leverage + time on my side. I get the student loan paid to me annually so 3x 8216€. I haven't yet decided if I should lump buy or dca, have to look at the market sentiment. Has anyone else done something similar? Also would love to hear thoughts on this.",Student loan on BTC,Bitcoin,1,0,Excellent-Radio-3106,782,148
2025-04-23,"BTC Swap on Hold (Looking for advice) Started a swap on Ledger through CIC, the only option that I had and got flagged for the KYC/AML. Sent in the required documents and it has been under review for nearly 4 weeks. Has anyone else dealing with this mess? When did you get your funds released back to you",BTC Swap on Hold (Looking for advice),btc,0,15,reaper0323,304,58
2025-04-23,"Bitcoin made me a better saver. Bitcoin made me realise the true value of things in fiat dummy land. I have also found that Bitcoin has made me, make better financial decisions in fiat world. Has anyone else learned that when you understand bitcoin at a good level, you realise what is over priced in fiat and what isn’t. (most things are overpriced) you also see the best deals on goods and services. I’m now not wasting money on junk like I once was. anyone else learned this since adopting a Bitcoin as a tool to save.",Bitcoin made me a better saver.,Bitcoin,229,43,Acceptable-Run8569,521,97
2025-04-23,"Should i Invest? Anyone help, new to trading I see that bitcoin is rising right now, and I've just been thinking of investing couple of hundred dollars. should i do it now or wait for it to go lower and buy from there? Thank you.",Should i Invest?,Bitcoin,1,1,DeJ4_Vu,229,45
2025-04-23,"Regret Back in 2010, I was working the night shift in the warehouse of a local pharmacy—just a young guy moving boxes, scanning labels, and stacking shelves. It was the kind of job where time felt like it stood still, and conversations with coworkers were often the only thing keeping the hours moving. One night, during a break, a coworker pulled out his laptop and started talking about something I had never heard of before…..Bitcoin He explained it with this wild enthusiasm thatthis was digital money, not backed by any government, decentralized, anonymous. He even showed me how he accessed it using the Tor browser. To be honest, at first, it sounded like something out of a sci-fi movie or some internet conspiracy theory. But then he told me what he was using it for: buying mushrooms online. That part made me laugh, but it also made me pause because beneath the surface of his story, I could see the bigger picture. There was something disruptive and revolutionary about it. Even then, I had this sense that it could be much more than just an underground currency. He told me, “Dude, you should buy some. Even just a thousand bucks could go a long way.” I seriously considered it. At the time, Bitcoin was trading for less than a dollar. I thought about putting in $1,000. I even had the cash. But I hesitated. I didn’t fully understand it. I didn’t have the courage or the vision and so I passed. That single decision still haunts me. Fast forward to today: I do own 3 Bitcoin. And I’m grateful for that. But not a day goes by that I don’t think about what that $1,000 would have become. I would’ve been sitting on over $200 million today. It’s one of those stories you carry with you not just as a regret, but as a reminder. A reminder that the biggest opportunities often don’t come with neon signs. They show up quietly, dressed as risk and uncertainty. And sometimes, all it takes is listening a little closer during a warehouse shift break.",Regret,Bitcoin,1,0,999nevermind9,1957,351
2025-04-23,"The only way to buy People tend to jump in when the price of Bitcoin goes up but when it’s sharply down they stay away! Attempting to time the market will only leave you burning…buying frequently, throughout a long periods of time will offset volatility. It’s the only way!",The only way to buy,Bitcoin,133,55,Electrical-Cat-6660,273,49
2025-04-23,"Jack Maller’s Twenty One is building a Bitcoin bank Jack Mallers explaining TwentyOne ""strategy""...",Jack Maller’s Twenty One is building a Bitcoin bank,Bitcoin,7,5,onebtcisonebtc,99,14
2025-04-23,"Moving BTC to crypto app from Bitbox Just recently I moved some BTC from my Bitbox to River. I’m planning on doing it again, however I’m looking for a couple tips. So I use River and Coinbase. I’m sure coinbase is the same, but if River generates a random address for me to send to, can I use the same one I send my test transfer to for my real transfer? Also, how long is it appropriate to leave a good chunk on an exchange? I feel like a few days isn’t bad but I wanted to get a consensus. Thanks in advance everyone.",Moving BTC to crypto app from Bitbox,Bitcoin,1,3,Ok_Panda7875,519,104
2025-04-23,"Is there a certain formula I can use to DCA into bitcoin? I am trying to have a good method and strategy to invest into bitcoin, it goes something like this I set a buy limit of bitcoin price of x, to where I will invest 100% or y, of my designated weekly allocation towards bitcoin crypto. If bitcoin drops 2% for example, I will increase my investment to 110% for example. And if it goes up 2% I will drop it to 90%. Now this is all hypothetical but I was wondering if there is an already established formula or strategy like this out where I can use it to more effectively invest in rather than relying on strictly guessing.",Is there a certain formula I can use to DCA into bitcoin?,Bitcoin,22,56,Big-Cry9898,627,121
2025-04-23,Why I Save In Bitcoin,Why I Save In Bitcoin,Bitcoin,106,9,slykethephoxenix,21,5
2025-04-23,"From one generation to another Bitcoin is really awesome, but still having parents you can talk to is the thing I'm most thankful right now. This meme goes out to all the great parents that teaches their kids good values and set them up for a good start in life.",From one generation to another,Bitcoin,1732,52,Generationhodl,262,50
2025-04-23,"Gary Stevenson Is a Future Bitcoiner (He Just Doesn’t Know It Yet) I just posted a video breaking down Gary Stevenson’s recent interview on the *Prof G Markets* podcast, and the guy is basically a Bitcoiner already. He just hasn’t realized it yet. He sees the same problems Bitcoiners do: * Wealth inequality as a feature, not a bug * A debt-based system that needs infinite liquidity * Asset inflation benefiting the rich * Fiat money as the root cause of structural dysfunction But he still clings to redistribution and wealth taxes without questioning the system that made the inequality inevitable in the first place. So I laid out the full case for why Bitcoin actually fixes the problems he cares about and why he’ll flip eventually (as they all will).",Gary Stevenson Is a Future Bitcoiner (He Just Doesn’t Know It Yet),Bitcoin,39,68,thesatdaddy,758,131
2025-04-23,"One day, we'll all look back and say we wish we bought more $BTC while it was trading below 100k...","One day, we'll all look back and say we wish we bought more $BTC while it was trading below 100k...",Bitcoin,218,8,OkEstablishment7095,99,20
2025-04-23,"A Deep Dive into Bitcoin Cash and Its Role in Financial Liberation In a new era of financial sovereignty, Bitcoin Cash stands up and let people become their own bank using it for what they real want in the real-world. This is one of the topics discussed in the article and I hope you enjoy",A Deep Dive into Bitcoin Cash and Its Role in Financial Liberation,btc,1,0,alberdioni8406_,289,55
2025-04-23,"Future of Cold Storage Considering losing access/ forgetting seed phrases is fairly common, What kind of impact do you believe these ""lost coins"" will have on the future of Bitcoin ? ( The coins that sit in wallets that nobody can access )",Future of Cold Storage,Bitcoin,1,0,GeyserBlade,239,43
2025-04-23,"You can now find our FundMe campaign, number 30, where you can support us in launching the first Bitcoin Cash adoption podcast in Latin America.","You can now find our FundMe campaign, number 30, where you can support us in launching the first Bitcoin Cash adoption podcast in Latin America.",btc,2,0,HamphernyR,144,25
2025-04-23,Bitcoin flips google,Bitcoin flips google,Bitcoin,1,0,itsdylanyo,20,3
2025-04-26,BTC cult excuses.,BTC cult excuses.,btc,1,0,DangerHighVoltage111,17,3
2025-04-27,"Final Satoshi: the journey to mining the final Satoshi-Analyst Predicts Bitcoin’s Endgame According to Bitcoin analyst and advocate Luke Broyles, the journey to mining the final Satoshi, the smallest unit of Bitcoin, will be unprecedented in digital history. According to Broyles, the energy required to mine the final singular Bitcoin will surpass the combined energy it took to mine the first 20,000,000 BTC. He predicts that producing the final Bitcoin could consume energy over the entire first third of the 22nd century. 1.15 million Bitcoin left to mine Bitcoin’s supply is pegged at 21 million coins. Of the 21 million total Bitcoins, 19.85 million have already been mined, leaving approximately 1.15 million remaining. Because of Bitcoin’s halving occurrence, it will most certainly take years to mine the remaining coins. The last Bitcoin to be produced and released into circulation is predicted by the end of the year 2140, ensuring that the Bitcoin mining process slows down in the market over time. After mining is completed, no new Bitcoins will be released into the market. The miners will then use transaction fees to validate transactions and maintain the blockchain. Bitcoin was trading at $94,181 at the time of writing, having previously reached an all-time high of $109,114 in January.",Final Satoshi: the journey to mining the final Satoshi-Analyst Predicts Bitcoin’s Endgame,btc,1,0,coinfanking,1306,208
2025-04-27,"Absolute bliss connecting with fellow #Bitcoin Cash enthusiasts at our #Crypto meetup. Let’s keep the passion high — bring it on, #BCH! ##BCHBLISS #BitcoinCash","Absolute bliss connecting with fellow #Bitcoin Cash enthusiasts at our #Crypto meetup. Let’s keep the passion high — bring it on, #BCH!",btc,3,0,InstaCrypto_INC,159,24
2025-04-27,"Btc I believe in the flow of abundance and the power of giving &amp; receiving. If you feel called to support, here’s my wallet address: 0x9fca0ee97d5767eaacd2f309104d901b6b7c0a2a (BEP20) Every bit of energy exchanged is appreciated. Thank you! #Crypto #Bitcoin #Abundance #Manifestation #BTC #CryptoDonations #Gratitude #Blessings",Btc,btc,1,0,External_Exam_2382,331,44
2025-04-27,Bitcoin Cash and the Underdog Story of Real Peer-to-Peer Money,Bitcoin Cash and the Underdog Story of Real Peer-to-Peer Money,btc,1,0,alberdioni8406_,62,10
2025-04-28,"3 XRP futures products will go live. It went from 30 cents to over $3 after getting on track to file for futures and ETFs. Its premined by a central entity, yet the power of ETF's has speculators pumping it. Same as happened to BTC, same as will happen to BCH.","3 XRP futures products will go live. It went from 30 cents to over $3 after getting on track to file for futures and ETFs. Its premined by a central entity, yet the power of ETF's has speculators pumping it. Same as happened to BTC, same as will happen to BCH.",btc,1,0,upunup,260,51
2025-04-28,Bitcoin ETFs Witness $900M+ Inflows as BTC Becomes Safe-Haven Asset,Bitcoin ETFs Witness $900M+ Inflows as BTC Becomes Safe-Haven Asset,btc,1,0,crypto_news_source23,67,10
2025-04-28,"What made you finally profitable in trading? I’m currently demo trading – and I’m fully aware I need to prove profitability here before even touching real money. I trade mostly scalping setups (1min to 30sec) on BTC, focusing on W/M-patterns and continuations. My entries are often solid, I trail my SL, and sometimes it works beautifully. But other times I get stopped out multiple times a day, often in fakeouts. I start asking myself: am I just overtrading? Missing something obvious? I’d love to hear from traders who are now consistent: What was your key shift? Was it mindset, structure, trade filtering, journaling, or something else entirely? What helped you go from “I understand trading” to actually making it work? Really appreciate any insights – especially from those who’ve been through this “almost there” phase.",What made you finally profitable in trading?,btc,1,0,Lazy_Performance5952,827,135
2025-04-28,"Bitcoin to hit new record high of $120K in Q2, StanChart predicts $BTC","Bitcoin to hit new record high of $120K in Q2, StanChart predicts $BTC",btc,1,0,SeekingAlphaToday,70,13
2025-04-28,Bitcoin Just Sent a Message: The Uptrend Is Back. - Bull Market Support Band? Reclaimed. - 20-Week Moving Average? Back above it. - Weekly Ichimoku Conversion Line and Baseline? Cleared. - 4. 45° Trendline? Recovered. - 1.414 Fibonacci Extension? Closed above it. Forget about whether we retest the low $90Ks or high $80Ks — the bigger picture is clear: Bitcoin’s bullish momentum has returned. By The Great Mattsby.,Bitcoin Just Sent a Message:,btc,1,2,888_888novus,416,68
2025-04-28,"I need help what to do ? A few years ago, I decided to dip my toes into the world of cryptocurrencies. I wasn't a big investor, but I managed to build a small portfolio worth about $35,000. I spread it out over Bitcoin, Ethereum, and a couple of promising smaller coins. I stored everything securely in a digital wallet that I hadn’t accessed in a while. Fast forward to today — when I finally went to check on it, I discovered that because of changes in the platform’s security protocols and wallet updates, my account is now locked. According to the support team, in order to verify and reactivate the wallet, I need to make a deposit of $1,000. It’s not a fee — the deposit is used purely to verify that I'm the rightful owner and to meet their updated minimum balance requirements after the platform’s policy changes. The problem is, right now I don’t have the extra $1,000 liquid. It’s frustrating because I can literally see the $35,000 sitting there — untouched and growing slightly — but I can’t access it without clearing this hurdle first. I’m actively trying to figure out a way to get the deposit together so I can finally unlock my crypto and use it.",I need help what to do ?,btc,1,0,Embarrassed-Young-25,1163,212
2025-04-28,"Bitcoin Cash: Fighting Inequality, One Transaction at a Time What about starting a week with an article that expands the crypto viewrs on ""why BCH is their best choice for alleviate poverty and become financial free"". Enjoy","Bitcoin Cash: Fighting Inequality, One Transaction at a Time",btc,1,0,alberdioni8406_,223,37
2025-04-28,"Question about fees My perception is that there is a movement by BTC coin to imprison people's money instead of the initial idea that it would be freed, why do I say that? Well, it's no one's secret that brokers charged fees, so far ok. But even platforms like Satoshi and Bluesky, which should encourage accumulation precisely to make people-to-people transactions easier, are charging a very high fee, imagine paying for a cup of coffee with BTC in Sats and the fee being higher than the coffee? Unfeasible! I only made one operation and it's not worth it, the fees are high even on these platforms that claim to be everyday wallets... am I understanding this wrong?",Question about fees,btc,1,0,Ok_Aardvark_3026,668,117
2025-04-29,"Proof of Work in Cryptocurrency is Based on Marx's Labor Theory of Value Every cryptocurrency that uses proof of work algorithms is based on Karl Marx's Labor Theory of Value. Namely, proof of work makes each unit of the currency arbitrarily difficult to obtain, immune to forgery, and as an ancillary benefit, resistant to censorship. Marx says the work expended to mine the coins is what gives them their value, since there is no other way to create them and it requires human effort and energy. 1.2 Billion Gigawatts of electricity are burned up every day for BTC mining alone, confirming the validity of proof of work. Therefore I am curious why Marx's LTV seems to get bashed routinely by BTC Maxies. Is this another example of their hypocrisy and ignorance of economics? Or has LTV really been discredited? I have my doubts about modern economic theories, MMT and Keynes theories have gotten us to the brink of a massive financial collapse and/or hyperinflation after all. Also, in another twist of irony, the Maxies I see arguing against Labor Theory of Value seem to be blissfully unaware that LTV is one of the main reasons that fiat money has NO intrinsic value. Hardly any labor is expended when the Fed presses that ""ONE TRILLION BRRRR"" button, making it too easy to debase away any value stored in the USD. And as we're seeing today, USD value is eroding quickly because of a few words from an Orange Guy. Of course there are always Men With Guns...",Proof of Work in Cryptocurrency is Based on Marx's Labor Theory of Value,btc,1,0,Kallen501,1462,256
2025-04-29,Bitcoin Cash: Bridging Africa’s Trade Gaps and Fueling the Future of Commerce,Bitcoin Cash: Bridging Africa’s Trade Gaps and Fueling the Future of Commerce,btc,1,0,alberdioni8406_,77,12
2025-04-29,"I had a terrifying dream where Bitcoin broke — and now I can't stop thinking about it I don’t usually remember dreams, but this one hit different. It felt like a sci-fi disaster movie set inside the blockchain. In the dream, I wake up, grab my phone, and instinctively open CoinGecko… Everything is grayed out. No charts. No prices. No volume. Just a banner: “Bitcoin network suspended. Transaction index error.” What? I check CoinMarketCap—same thing. I try to open my wallet—it spins endlessly. No balances load. No transactions appear. Just a red warning: “Network temporarily halted. Duplicate TXIDs detected. Awaiting consensus fix.” Then I open Twitter (or X, whatever)—and it’s total chaos. People are freaking out. Devs are posting cryptic messages. Some say the unthinkable: &gt; “A double transaction with the same TXID has entered the mempool.” “The network doesn't know which version is real.” “Miners have halted. Blocks stopped 34 minutes ago.” Some say it’s a SHA-256 collision. Others claim quantum hackers. Even Satoshi's old GitHub account is suddenly active. I saw screenshots of a transaction ID pointing to two different spends. It was like looking into a black mirror—two realities inside one hash. And that broke Bitcoin’s brain. Nodes were going offline. Exchanges locked withdrawals. Somehow, the entire global financial system had no plan for “Bitcoin split by identity crisis.” I woke up in a cold sweat and actually checked the price. Still there. Still safe. But for a few moments, it felt real. Like the crypto version of Y2K—except it’s 2025, and one bug means game over. Is this even possible? Can Bitcoin really suffer from something like this? Or was my brain just deep-diving into code anxiety? Would love to hear what the techies and node runners think. What’s the worst thing that could realistically happen? --- Disclaimer: This whole post is based on a vague dream I had and definitely exaggerated for drama. The original dream was more about Bitcoin halting, but I spiced it up a bit and added specific details (like Tether and Ethereum halting too) just to make it feel more cinematic. Still gave me chills.",I had a terrifying dream where Bitcoin broke — and now I can't stop thinking about it,btc,1,0,yashwanth2804,2148,354
2025-04-29,"$120,000 BTC? Standard Chartered expects BTC to hit an ATH of around $120K in Q2, driven by capital outflows from US assets and recommends “buy now.” Standard Chartered cites several factors supporting Bitcoin’s bullish trend: - The term premium on US Treasury bonds (the additional interest rate investors demand to hold long-term bonds) is at a 12-year high, indicating increased volatility and driving money into alternative assets like Bitcoin - Trading hourly analysis shows US investors are shifting capital to offshore assets - Accumulation from “whales” remains strong - ETF flows show investors are shifting from gold to Bitcoin","$120,000 BTC?",btc,1,0,888_888novus,637,99
2025-04-29,"60 Million people were in total blackout and the price didn't change So Portugal, Spain and parts of several other countries (France, Netherlands, Marroco, etc) were in total blackout today. For 10 hours we didn't know if WW3 had began or what. I was thinking how much the price would tank. But no. Zero. Bitcoin didn't budge. But if trump tomorrow farts on TV or says some shit like ""you know, this bitmoney thing, it's really something you know"" then the price will go to the moon. Strange world.",60 Million people were in total blackout and the price didn't change,btc,1,0,OverPT,498,89
2025-04-30,Awesome for your MOMMA! Bitcoin Yield Fund Targeting 8% With Minimal Risk,Awesome for your MOMMA! Bitcoin Yield Fund Targeting 8% With Minimal Risk,btc,1,0,Fit_Equal7171,73,12
2025-04-30,"Book about bitcoin in Spanish “Bitcoin: La revolución monetaria del siglo XXI” Autor: eco de Satoshi Una guía exhaustiva que explica los fundamentos económicos, tecnológicos y filosóficos de Bitcoin. Ideal para quienes quieren entender más allá del precio y profundizar en porque esta red descentralizada está redefiniendo el concepto de dinero. •Formato físico ya disponible. •Versión digital a partir de mañana ya puedes reservarlo. Dirigido a lectores exigentes, pero escrito con claridad para que cualquier persona con interés genuino pueda comprenderlo. Si te interesa el futuro del dinero y la soberanía financiera, este libro es para ti. Espero que te guste y sobre todo gracias compartirlo con quien creas que puede valorarlo.",Book about bitcoin in Spanish,btc,2,0,Calm_Firefighter4867,734,112
2025-04-30,"$150K Bitcoin: 3 BREAKING Reasons It’s Closer Than You Think! #BULLISH This video talks about how governments (like the US) and companies (Strategy, 21 Capital) are buying up so much BTC right now that either they're expecting the price to go way up, or they'll drive the price up themselves... What do you think?",🚨 $150K Bitcoin: 3 BREAKING Reasons It’s Closer Than You Think! 🚀 #BULLISH,btc,1,0,ohcanadaamerica,313,54
2025-04-30,"Please correct me if I'm wrong. Here's my logic. Bitcoin isn't being used as intended (as a peer to peer cashless network for everyday transactions) because of the block size, settlement time etc. But it IS being used as a store of value, as a hedge against inflation. Especially as currencies all over the world are inflating like crazy, everywhere and this is happening faster and faster. Now I don't see pretty much any country getting off of their fiat currency any time soon. So it tracks that more and more people will turn to bitcoin as their own currencies keep losing value, which will maintain/increase the value of BTC. The risk of a 51% attack seems (to me) to be low, as it's would be so expensive to accumulate enough.. to just then destroy it... Takes an idealogical motive, not an economic one. TLDR: I think BTC is a great hedge against inflation, I think it's great for security of wealth and the ability to carry wealth. Am I missing something? Thank youu!",Please correct me if I'm wrong.,btc,1,0,Spirited-Pollution-7,975,174
2025-04-30,Bitcoin Developers Divided Over Proposal to Expand Blockchain Data Storage,Bitcoin Developers Divided Over Proposal to Expand Blockchain Data Storage,btc,12,8,btcxio,74,10
2025-05-01,"If i sent 15 Bitcoins for an address, and the address didn't touch the Bitcoin and left it like it is forever, what are the chances for law enforcement to find the owner of that address? .","If i sent 15 Bitcoins for an address, and the address didn't touch the Bitcoin and left it like it is forever, what are the chances for law enforcement to find the owner of that address?",Bitcoin,1,0,A7med2361997,188,37
2025-05-01,"Bitcoin’s at a Crossroads: Boom to $100K or Slide Back to $84K? Bitcoin is holding steady around $97,111 and trying once again to push past the $100 mark. The main reason for this recent strength? A growing belief that the Federal Reserve might cut interest rates as early as June 18, with odds now sitting around 60%. That’s a noticeable shift, especially after some pretty underwhelming U.S. GDP data. When the economy looks shaky, investors often look to assets like Bitcoin as a hedge or at least a place that isn’t tied to traditional finance. If Bitcoin manages to cleanly break above $100K and stay there, the next obvious target is $200K. That’s a big psychological level and if momentum builds, it’s within reach. But it’s not guaranteed. On the downside, if BTC falls below $93K, things could cool off quickly and we might see a move down to around $84K again. Long-term holders aren’t panicking. Most are watching quietly with their cost basis (average entry price) acting as a kind of soft support. But short-term traders should be aware this could swing either way. Overall, Bitcoin has a shot at a breakout but it’s not a done deal. The Fed’s next move will likely be the key trigger. Until then, it’s a waiting game.",Bitcoin’s at a Crossroads: Boom to $100K or Slide Back to $84K?,Bitcoin,1,0,SuccessOdd382,1231,215
2025-05-01,Bitcoin to 100 racks! Oh noooooo we are rocketing passed the moon on our way to Saturn 🪐 today ladies and gentlemen. Stack sats pet cats ‍,Bitcoin to 100 racks!,Bitcoin,1,0,SteelGhost17,138,27
2025-05-01,My feeling when BTC pumps Bidirectionally unhappy :(,My feeling when BTC pumps,Bitcoin,8,13,PresentAdvertising29,52,8
2025-05-01,As bitcoin evolves so will its social influence,As bitcoin evolves so will its social influence,Bitcoin,1,0,rtmxavi,47,8
2025-05-01,"Should we create a global Constitution secured by Bitcoin-like PoW? Thank you, Satoshi. What you created is far more than a way to transfer money — it’s a new paradigm, a new way to formalize human relationships. Imagine a global Constitution, written and stored on a decentralized, immutable blockchain — not just for money, but for law. A system where miners, instead of only securing financial transactions, would secure the rules we live by. Votes would be weighted by computational power, not by nation-state borders or corruptible institutions. No central authority. No possibility of fake votes. Absolute transparency. Yes, this would favor those with computing power — just like Bitcoin favors miners — but maybe that’s the price of a truly secure, global law. Better than corrupt bureaucrats? Better than broken democracies? We could have global laws, the same for each citizen of this planet. This system could also centralize all, even the way to exchange wealth. We could do that on a layer 2 of btc, I don’t know. Would anyone be interested in building this? Any projects already going in that direction?",Should we create a global Constitution secured by Bitcoin-like PoW?,btc,1,0,Hefty-Question-4789,1117,184
2025-05-01,Bitcoin Aims for $97K as Bulls Take Charge,Bitcoin Aims for $97K as Bulls Take Charge,btc,0,0,heyredblue9,42,8
2025-05-01,Monero Jumps 51% After 'Suspicious Transfer' of $333M in Bitcoin. Just 3.5k BTC was enough to significantly change the price in such a huge way.,Monero Jumps 51% After 'Suspicious Transfer' of $333M in Bitcoin. Just 3.5k BTC was enough to significantly change the price in such a huge way.,btc,1,0,upunup,144,25
2025-05-01,For More Bitcoin Mining Related Content Check Out The Build-a-Mine Podcast on Youtube!,For More Bitcoin Mining Related Content Check Out The Build-a-Mine Podcast on Youtube!,btc,1,0,Adorable_Incident717,86,13
2025-05-01,"#btc BTC at $97k and haters are swallowing their tongues! LinkedIn economists cry ‘it’s a bubble’ while HODLers buy Lambos. Anyone who didn't enter 2020 is drowning in FOMO and regret. Welcome to the fiat apocalypse, Muggles!",#btc,Bitcoin,1,0,Brunno_tavora,225,37
2025-05-01,"New to Bitcoin Hey Everybody, Fairly new to bitcoin so I'm reaching out to ask for any pointers or issues anyone has ran into when they first started buying. Around December I created a Kraken account and so far am fairly satisfied with the app although I wish their was a cost basis feature or %gain/loss. I've been DCA around $25-$30 a week on my purchases and look forward to continue doing so and hodling as long as possible. Anybody have any recommendations for me as a new crypto owner or anything that they would do differently if they were me? Thanks in advance.",New to Bitcoin,Bitcoin,1,0,False-Negotiation-17,570,104
2025-05-01,I'm thinking of replacing Bitcoin's hashing algorithm with this : What do you think? 🤓 function sha256Lite(input: string): string { let hash = 0; for (let i = 0; i &lt; input.length; i++) { const chr = input.charCodeAt(i); hash = (hash &lt;&lt; 5) - hash + chr; hash |= 0; } return Math.abs(hash).toString(36); },I'm thinking of replacing Bitcoin's hashing algorithm with this : What do you think? 🤓,Bitcoin,1,1,Calm-Beautiful8703,312,54
2025-05-01,"Bitcoin is Becoming the Supermassive Black Hole of Global Finance Bitcoin dominance at 64.71% — and it’s only the beginning. We're watching the early stages of a generational weath transfer in real time. Every asset class — stocks, index funds, gold, mutual funds, real estate, altcoins — is slowly getting sucked in. This isn’t just market movement. It’s a fundamental repricing of reality. Because unlike everything else, Bitcoin doesn’t bend the rules — it rewrites them. It's not controlled, diluted, printed, or manipulated. It's pure, digital scarcity, and it’s starting to consume capital from every corner of the economic universe.",Bitcoin is Becoming the Supermassive Black Hole of Global Finance,Bitcoin,1,0,arj511,639,100
2025-05-01,"Why Two Prime is Going BTC Only Two Prime is one of the largest digital asset trading firms. They also have one of the largest Bitcoin-backed loan books, at over $1 billion.",Why Two Prime is Going BTC Only,Bitcoin,1,0,Top_Birthday4738,173,32
2025-05-01,"1 satoshi will be worth exactly 1 cent if bitcoin matches golds market cap Here's the math, from what I just googled: Gold market cap: 21.7 trillion. Bitcoin market cap: 1.92 trillion. 21.7/1.92 = 11.3. So bitcoin would need to grow 11.3 fold to reach gold's market cap. The value of 1 satoshi is currently $0.000948. Multiply this by 11.3 and you get .... drumroll .... $0.0107. Almost exactly 1 cent. Quite a coincidence that the smallest unit of bitcoin will match the smallest unit of USD when bitcoin is at par with it's closest comparable asset. It makes me wonder if this played into Satoshi Nakamoto's original decisions on how many bitcoins / satoshi to design the network for. The counterargument to this would be that back in 2009 the market cap of gold was about a quarter of what it is now, so that would mean he designed a satoshi to eventually be worth 0.25 cents at gold parity.",1 satoshi will be worth exactly 1 cent if bitcoin matches golds market cap,Bitcoin,1,0,PearCompetitive6449,894,161
2025-05-01,"Bitcoin is really going mainstream, and here's why I'm feeling MEGA bullish. Had a moment today that really hit me. I was chatting with my auntie who lives in a pretty remote village in Kerala, India. She doesn't speak English and mostly consumes content in Malayalam. Out of the blue, she asked me, “Do you think Bitcoin will become the global currency one day? Will people stop using dollars?” It honestly blew my mind. She's not tech-savvy, doesn't follow global markets, and isn't into finance. Yet here she is, curious about Bitcoin and wondering if it's the future of money. To me, that says so much. Bitcoin is no longer just something people in finance or tech circles talk about. It’s starting to seep into everyday conversations, even in rural parts of the world and in native languages. That kind of grassroots awareness? Incredibly bullish. Just wanted to share this small but meaningful moment.","Bitcoin is really going mainstream, and here's why I'm feeling MEGA bullish.",Bitcoin,1,0,arj511,907,154
2025-05-01,"Bitcoin Is Engineered Truth — Money That Can’t Be Corrupted (new podcast with Robert Breedlove) On my podcast ‘Bitcoin for Millennials’ I talked with Robert Breedlove, a prolific Bitcoin podcaster. We discuss how Bitcoin is engineered truth, why fiat money incentivizes corruption, how Bitcoin aligns with the laws of nature, why rules without rulers matter, and how truth is the foundation of real freedom. Let me know what you think below!",Bitcoin Is Engineered Truth — Money That Can’t Be Corrupted (new podcast with Robert Breedlove),Bitcoin,1,0,BRVM,441,71
2025-05-01,"I want to trade btc options on Binance, is there enough liquidity in it for bigger gains and orders? Basically whats on the title. I'm okay if i lose money on trades but having no buyers in the market prices even would suck.","I want to trade btc options on Binance, is there enough liquidity in it for bigger gains and orders?",Bitcoin,1,0,abira4112,224,43
2025-05-01,"Twenty One, CEP, Jack Mallers-questions Mr Mallers has a spac under ticker CEP which will turn into ‘Twenty One’ (a microStrategy clone of sorts) shares at some point. Anyone have any clue what a share of CEP will equal at close? Will it get diluted? The pitch is each share of twenty one (xxi) will be x amount of bitcoin and that amount will grow over time as they make other profits and buy more. 🤷‍ Thanks!","Twenty One, CEP, Jack Mallers-questions",Bitcoin,1,0,Mystic_Nipple,410,77
2025-05-01,If you’re into Bitcoin you HAVE to watch this,If you’re into Bitcoin you HAVE to watch this,Bitcoin,1,0,looood,45,9
2025-05-01,"Episode 1086 of Bitcoin And . . . is LIVE! The latest Bitcoin news and insights. From Morgan Stanley's BTC trading plans to MetaPlanet's US expansion, get the scoop on the today's landscape with the news you can use. [The New Debt Jubilee](",Episode 1086 of Bitcoin And . . . is LIVE!,Bitcoin,1,0,MoonerOfBitcoin,240,43
2025-05-01,Something that we keep saying about shitcoins and how Bitcoin is the only one.,Something that we keep saying about shitcoins and how Bitcoin is the only one.,Bitcoin,1,0,still-trying-99,78,14
2025-05-01,"If i sent 15 Bitcoins for an address, and the address didn't touch the Bitcoin and left it like it is forever, what are the chances for law enforcement to find the owner of that address?","If i sent 15 Bitcoins for an address, and the address didn't touch the Bitcoin and left it like it is forever, what are the chances for law enforcement to find the owner of that address?",BitcoinMarkets,1,0,A7med2361997,186,36
2025-05-01,The $800M Bitcoin in a landfill is getting the docuseries treatment,The $800M Bitcoin in a landfill is getting the docuseries treatment,btc,1,0,LovelyDayHere,67,11
2025-05-01,Aid I need advice: do you think it is better in the long term to spend approximately €1000 per month in btc or divide it at €250 each week? It's long term I plan to do that whenever I can I earn about €2k every time I can I'm going to put in more The above is approximate I have no expenses and I can put in everything I earn So advice as you see better all at once per month or divide it into a week for falls etc.,Aid,Bitcoin,1,0,CatnonimusMiau,415,90
2025-05-01,"Shock Proof - INDEPENDENT OFFLINE STORAGE Everybody knows to keep your coin in YOUR OWN WALLET, -but rarely does anyone know how to create their own offline hardware wallet. Not ledger, not trezor servers, yours. An offline bitcoin core wallet, inside a faraday cage, is the premium in personal storage. I control my own coin totally - without 3rd party involvement. Anyone can do this, the setup is called an multi-sig offline wallet setup. It seems simple, however, its impossible to find anyone on youtube who will show you how to do it WITHOUT USING A 3RD PARTY. If anyone is interested in this setup- let me know. Anyone who has a serious amount of cash (over 150k) it'll be worth it.",Shock Proof - INDEPENDENT OFFLINE STORAGE,Bitcoin,1,0,No_Grocery_9138,689,122
2025-05-01,Interested in investing Have been tossing around the idea of investing some money into bitcoin. What do I need to know?,Interested in investing,Bitcoin,0,3,SEBrogan,119,21
2025-05-01,"GitHub - ValyrianTech/hivemind-python: A python package implementing the Hivemind Protocol, a Condorcet-style Ranked Choice Voting System that stores all data on IPFS and uses Bitcoin Signed Messages to verify votes. Hi all, I made a Python package to implement the Condorcet method in a decentralized manner, using IPFS and Bitcoin Signed Messages to verify votes. There is also a web app implementation to test it out, read more about it here: [ The signing of votes happens via a standalone mobile app called BitcoinMessageSigner: [ The apk is available for download in the apk folder, the source code of the app is available in the 'flutterflow' branch of that repo. I also provided a simple and easy Docker container to deploy the web app, it includes everything ready to go, including ipfs: # Pull the Docker image docker pull valyriantech/hivemind:latest # Run the container with required ports docker run -p 5001:5001 -p 8000:8000 -p 8080:8080 valyriantech/hivemind:latest # The web application will be accessible at","GitHub - ValyrianTech/hivemind-python: A python package implementing the Hivemind Protocol, a Condorcet-style Ranked Choice Voting System that stores all data on IPFS and uses Bitcoin Signed Messages to verify votes.",Bitcoin,0,0,WouterGlorieux,1024,164
2025-05-01,Bitcoin remove Dca/month. Excuse my English. I would like to know how much Bitcoin supply is bought each month via DCA by holders! Just to know how many Bitcoin are safely removed each month,Bitcoin remove Dca/month.,Bitcoin,1,0,Subject_Oven8343,190,34
2025-05-01,Why are BTC developers arguing over increasing OP_RETURN size when SegWit+Taproot enables stuffing a whole 4MB block full of data? Maybe someone (wizard?) can explain this to me.,Why are BTC developers arguing over increasing OP_RETURN size when SegWit+Taproot enables stuffing a whole 4MB block full of data?,btc,1,0,LovelyDayHere,178,28
2025-05-01,"Remember SilkRoad? We always read about people that lost tens, hundreds or even thousands of Bitcoins at the dawn of the Bitcoin era, Remember Silkroad website? I just wonder what goes thru the mind of eveyone who bought controled substances, and paid with Bitcoin, I'm sure they think about it sometimes, because one thing is when you never had Bitcoin but something different it having it and wasting it on some drugs, only ro find out a decade later one could have easily been a multimillionaire or even a billionaire",Remember SilkRoad?,Bitcoin,1,0,Good_Extension_9642,520,90
2025-05-01,4btc gang? Well done you can retire now. For those who like to crunch retirement numbers. I use this site to play around. Got 4 BTC? You can retire with a modest income of $100k a year. 🥲,4btc gang? Well done you can retire now.,Bitcoin,1,0,Economy_Tale_1968,187,38
2025-05-01,"Do you get more comfortable buying dips over time? So I am admittedly new to Bitcoin. I purchased what is (to me) a large chunk of Bitcoin around November last year and was DCAing weekly since. However during this most recent dip, while I did at least hold everything and not sell it was very hard for me to make myself keep DCAing cause I felt so uncertain about what was happening. Now that I'm in the green again I'm kicking myself and I know it's illogical and actually counter productive to stop buying during dips but it was really hard for me. Does it get easier to not panic and stick to your strategy the longer you hold?",Do you get more comfortable buying dips over time?,Bitcoin,1,0,Kaludar_,630,119
2025-05-01,"You can buy groceries with your BTC now I believe the future of BTC will depend on the success of crypto payment platforms like Mesh, that will make it easier for consumers, businesses, and developers to integrate and facilitate crypto payments in the traditional economy. link:",You can buy groceries with your BTC now,Bitcoin,1,0,Glittering-Excuse-71,278,46
2025-05-01,"99.9% missed the perfect opportunity yeah, as title says - virtually all of the people living on this planet have missed the chance to get their BTC when it was ridiculously cheap. boo hoo. so what? have you bought a piece of land in Manhattan for 100$? no? does that stop you from wanting your own real estate? as crazy as it seems, even though you've not bought your sweet digital currency when it was trading below 100$, you're still years ahead oh the majority, who (I assume) will buy shit tons of satoshis when a whole Bitcoin becomes this mythical, unachievable sum. you already know it's going up. you already know this is where your money is safe. you know no one is ever printing more than what's programmed since day 1. stop asking yourself if you ever can reach 1, 2, 100 or 1000s of BTC. realize that no matter what you end up having, is always going to be this exact amount out of exactly 21 million. you're not late to the party. the party has not even started yet, we're barely setting up the audio system to make sure the party will be lit. tune down the noice, do your thing, stack sats. this is it, my fanatic take.",99.9% missed the perfect opportunity,Bitcoin,502,142,mR_m1m3,1134,213
2025-05-01,"The Rise of BitBonds: Stablecoins, Treasuries, and the Future of US Debt Stablecoins are among the largest buyers of US T-bills and tokenized money market funds absorb billions more. The next buying cohort? Bitcoin allocators. BitBonds could unlock trillions in capital, plugging funding gaps with the hardest asset on Earth.","The Rise of BitBonds: Stablecoins, Treasuries, and the Future of US Debt",Bitcoin,1,0,JoeConsorti,325,50
2025-05-01,"What is the biggest BTC order that could be bought right now? If I wanted to buy all the Bitcoin available right now, how much Bitcoin would I buy? Is this knowledge available?",What is the biggest BTC order that could be bought right now?,Bitcoin,1,0,bean_clippins,176,33
2025-05-01,"24 Years Old - Sell Half of 401k for Bitcoin? I’ve been giving it some thought. Last year, I sold all of my stocks and other assets and went all in on Bitcoin. I already DCA daily and have amassed a good amount of Bitcoin for myself and even my siblings who are still in school. However, the more I see anything associated with USD, I find it useless. I’ve been thinking about selling half my 401k and just pay the 10% penalty tax to acquire more bitcoin. Yes, I know I’m on a Bitcoin subreddit and it’s likely the answers you guys give will lean towards it, but I also want to see different perspectives on diversification, what people would do if they are older and my age today, and other thoughts. Unfortunately, I wish I had this conviction early this month at 78k, but the more and more I think about it, better late than never. Would love some thoughts and opinions for what others would do. Thank you in advance.",24 Years Old - Sell Half of 401k for Bitcoin?,Bitcoin,1,0,developer_mamba,920,173
2025-05-01,"I’ve decided my Bitcoin will become a digital monument when I die I’ve made a personal decision. When I die, my Bitcoin will remain… untouched, unclaimed, and unreachable. No one knows about my wallet, and no one ever will. I’ve worked for it, lived for it, and I see it as something deeply personal and unique. I don’t want to pass it on, sell it, or let anyone else own it. I’ve created something, and no one should own it after me. It won’t truly die… it will stay on the blockchain forever, untouched and unreachable. A digital monument. A part of me, preserved but never possessed. I know this might sound strange or even wasteful to some. But to me, it means something real.",I’ve decided my Bitcoin will become a digital monument when I die,Bitcoin,1,0,BreakitDE,680,125
2025-05-01,"I thought I was doing right by buying bitcoin thru paypal and holding there.(new to bitcoin) I'm really new to the game. I'm about a month into learning about bitcoin, and I started buying $20 worth of bitcoin each week for a month now. I thought I was doing it right by buying thru paypal, and just repeating the same process, just buying, not selling, and holding the bitcoin. But then after a little bit of more research, I came upon the video of ""if I control the bitcoin keys, its my bitcoin, if I dont control the bitcoin keys, its not my bitcoin."" Reference: So I realized that paypal doesnt have these ""private keys"" so therefore I dont own the bitcoin I bought, right? Can someone correct me on this? Well I searched a few apps and I liked Kraken to buy bitcoin, and Kraken has a Wallet that offers these ""private keys"" to secure the bitcoin. Im confused on weather I should just keep adding $20 a week and keep it there on Kraken and let it stack to lets say $1,000 worth of bitcoin, and then transfering to Kraken Wallet. Or do I buy $20 worth of bitcoin each week and then transfer immediately to the Kraken Wallet? Also, will the bitcoin in Kraken Wallet rise up aswell if bitcoin goes up? Sorry if i sould hella stupid asking these questions. I tried looking for information but I had no luck. Any other knowledge you guys can drop for a newbie like me whos just starting to learn about bitcoin. Thanks in advance.",I thought I was doing right by buying bitcoin thru paypal and holding there.(new to bitcoin),Bitcoin,1,0,BigPERROBitCoin,1428,266
2025-05-01,"GRAYSCALE JUST MOVED OUT 9,645 BTC WORTH $911M What’s their plan?","GRAYSCALE JUST MOVED OUT 9,645 BTC WORTH $911M What’s their plan? 👀",Bitcoin,1,0,PhantomCMY,65,11
2025-05-01,Finally hit 0.1 I swear bitcoin is addictive.,Finally hit 0.1,Bitcoin,815,101,Ok_Sock_9161,45,8
2025-05-03,"This year Warren Buffett is resigning from Berkshire Hathaway, and Greg Abel is taking his place! Do you think they will invest in Bitcoin starting in 2026?Alternatively, do you believe investors will seek out Bitcoin if they lose trust in the berkshire CEO?","This year Warren Buffett is resigning from Berkshire Hathaway, and Greg Abel is taking his place!",btc,1,0,Subject_Oven8343,258,43
2025-05-04,🫡 TODAY: Hal Finney’s 69th birthday. The first-ever BTC receiver and a true OG in crypto and digital privacy.,🫡 TODAY: Hal Finney’s 69th birthday. The first-ever BTC receiver and a true OG in crypto and digital privacy.,BitcoinMarkets,1,0,adnanzzzz3,109,19
2025-05-04,For More Bitcoin Mining Related Content Check out The Build-a-Mine Pod on YouTube!,For More Bitcoin Mining Related Content Check out The Build-a-Mine Pod on YouTube!,btc,1,0,Adorable_Incident717,82,13
2025-05-04,"10 years ago, someone tried to use 50,000 Bitcoin to buy a $14 million apartment. 10 years ago, someone tried to use 50,000 Bitcoin to buy a $14 million apartment. #Today, 50,000 Bitcoin are worth $4.8 billion.","10 years ago, someone tried to use 50,000 Bitcoin to buy a $14 million apartment.",btc,1,0,FeatureAggravating75,210,37
2025-05-05,"The Fourth Turning On this day, a silent revolution stirs beneath the surface. Bitcoin, a cipher etched in code, emerges as the fulcrum of a shifting world. Its network pulses with unseen forces, addresses swelling like a cube of time, prices climbing to a sixth power, hash rates surging with a twelfth. A feedback loop of security, users, and miners binds it, a fortress built on scarcity’s edge. Yet, the true power lies hidden, waiting to be unveiled. The Vaults of Value Behind closed doors in Davos, DC, Riyadh, and Shenzhen, Strategic Bitcoin Accumulation Protocols (SBAPs) hum with purpose. BlackRock holdings explode, Fidelity deploys capital like a wartime bunker allocation. MicroStrategy shattered the dam in 2020, hoarding over 500,000 BTC at terminal velocity, temporal financial dominance, the next monetary base. 21 Capital, with 42,000 BTC, stands with MSTR and other BTC accumulators as prototype micronations. The top 1,000 institutions race toward a 21 million coin horizon, 93% claimed, their resolve unyielding, never to sell, not in a decade, century, or crisis. The yellow brick road of global M2 whispers its secrets. As liquidity ebbs and flows, Bitcoin mirrors its rhythm, lagging by months. A monetary pulse guides the astute, a path to the final protocol. Yet, the chilling truth emerges: they seek more than exists, custodied in vaults, collateralizing the future, stripping Bitcoin from the float. The United States dwindles to a regulatory appendage, the Fed a shadow lender to those wielding harder money than Treasuries. The New Dominion This is no mere market, it’s a hostile takeover. Every block, a battlefield. Every coin, a geopolitical chess piece. Corporations ascend as disproportionate holders of the world’s true wealth, their influence eclipsing nations. The clown era fades, replaced by the swiftest capital consolidation in history. Tether extends dollar dominance with synthetic Bitcoin products, SoftBank pretends system health with cooked CPI, and Cantor exfiltrates wealth before the debt bomb vaporizes sovereign currencies, all while smiling beside false prophets. In the 2030s, ballots yield to liquidity preference. The choice looms: exposure to a dying fiat empire, or allegiance to a corporate-state rise. Banks offer no salvation. Governments offer no refuge. The yellow brick road of M2 shifts, follow it, or be left holding melting fiat, a relic of a bygone age. Bitcoin stands as the last bastion, its cold storage vaults are a sanctuary in a world remade.",The Fourth Turning,btc,1,0,Obvireal,2517,395
2025-05-05,"Can someone guess your seed? Technically, yes. Practically, no. The maths is overwhelming. Even guessing a three-word seed would take 272 years at one guess per second. If a computer made 10,000 guesses per second, it could find a three-word seed in 10 days, but a four-word seed would take nearly 60 years. Now consider 12 words. At 10,000 guesses per second, it would still take 10 to the power of 27 years. That is longer than the age of the Earth, the Sun, and the observable universe combined. Even with every atom on Earth acting as a computer guessing a million times per second, the odds remain vanishingly small.",Can someone guess your seed?,btc,1,0,birth_of_bitcoin,621,110
2025-05-05,"On May 22, 2010—15 years ago—Laszlo Hanyecz made the first-ever #crypto purchase: two pizzas for 10,000 BTC. That is now worth a cool $0.8 billion, marking the start of a financial revolution. Join our #Bitcoin Cash meetup on this historic day!","On May 22, 2010—15 years ago—Laszlo Hanyecz made the first-ever #crypto purchase: two pizzas for 10,000 BTC. That is now worth a cool $0.8 billion, marking the start of a financial revolution.",btc,4,1,InstaCrypto_INC,244,41
2025-05-05,"I Made an Experimental BTC Predicting Web App / Game Hello, I would like to present an early version of my experimental Bitcoin-predicting website [cryptodraw.live]( It is based on ideas of human pattern recognition, wisdom of the crowd and machine learning. You basically draw a continuation of a chart. The predictions are updated in real time and publicly available. By contributing, you might practice your chart-reading abilities and also compete with others on the leaderboard. Have fun contributing and thanks for your potential feedback.",I Made an Experimental BTC Predicting Web App / Game,BitcoinMarkets,1,0,FireDragonRider,545,84
2025-05-06,"Awesome Bitcoin Cash 🟢 has a catalogue of many of the scripts underlying BCH decentralized finance. There's about 18 links and counting, with new projects being added every month.","Awesome Bitcoin Cash 🟢🚀 has a catalogue of many of the scripts underlying BCH decentralized finance. There's about 18 links and counting, with new projects being added every month.",btc,1,0,2q_x,179,29
2025-05-06,"CryptoDraw: New Version I have significantly improved my CryptoDraw app and you are invited to try. Go to and join us! • Try to predict the BTC price together • Participate in a crowd wisdom experiment • Test and improve your forecasting skills • Compete with others on the leaderboard • View the community predictions The task is simple: draw the most likely continuation of the Bitcoin chart. By smartly averaging these drawings with a bit of machine learning, we can try to predict BTC price in the next 4 hours/4 days. What's new: • Since the last time, I added a mode that predicts the next days, which might be more useful than predicting only the next hours. • Training mode was added, where you can test your skills with an instant feedback on some past Bitcoin data • Dark mode and candlestick chart options You can visit CryptoDraw on",CryptoDraw: New Version,BitcoinMarkets,1,0,FireDragonRider,844,151
2025-05-06,Gold or bitcoin?,Gold or bitcoin?,btc,1,0,Cold-Shopping-8253,16,3
2025-05-06,Bitcoin Devs Push Forward with Controversial Change to Remove OP_RETURN Limit,Bitcoin Devs Push Forward with Controversial Change to Remove OP_RETURN Limit,btc,1,0,btcxio,77,11
2025-05-06,What’s stopping Bitcoin cash from being hijacked in a similar way that Bitcoin core was hijacked? All it would take is a few coopted members of the dev team no?,What’s stopping Bitcoin cash from being hijacked in a similar way that Bitcoin core was hijacked?,btc,1,0,-Mediocrates-,160,30
2025-05-06,Long Dormant Silk Road Bitcoin Wallets Move Millions in Mysterious Transfers,Long Dormant Silk Road Bitcoin Wallets Move Millions in Mysterious Transfers,btc,1,0,btcxio,76,11
2025-05-06,"Help fund my next Bitcoin Out Loud explainer video! This one’s a dive into the CHIP process: its history, motivations, and current form.","Help fund my next Bitcoin Out Loud explainer video! This one’s a dive into the CHIP process: its history, motivations, and current form.",btc,1,0,AD1AD,136,23
2025-05-06,GoMining at The Bitcoin Conference: We Want Your Ideas,GoMining at The Bitcoin Conference: We Want Your Ideas,btc,1,0,ALALSONEducation,54,9
2025-05-06,"PSA: Bitcoin had 15-minute blocks in Satoshi's pre-release code, changed to 10 minutes in the public release and whitepaper example","PSA: Bitcoin had 15-minute blocks in Satoshi's pre-release code, changed to 10 minutes in the public release and whitepaper example",btc,1,0,bitjson,131,20
2025-05-06,"I just bought some Bitcoin, if you see this, upvote and buy $10 worth of Bitcoin. Just do it.","I just bought some Bitcoin, if you see this, upvote and buy $10 worth of Bitcoin.",btc,1,0,Obvireal,93,19
2025-05-07,For More Bitcoin Mining content Check out The Build-a-Mine Podcast on YouTube!,For More Bitcoin Mining content Check out The Build-a-Mine Podcast on YouTube!,btc,1,0,Adorable_Incident717,78,12
2025-05-07,"two weeks of calm, then breakout, candle pattern ; ) [","two weeks of calm, then breakout, candle pattern ; )",btc,1,0,rmaurisset17,54,11
2025-05-07,Why are people not selling I trade on P2P daily and have been looking forward to buy and sell btc for profits but lately people are not selling. It’s hodl till when 🤣?,Why are people not selling,btc,1,0,Cold-Shopping-8253,167,33
2025-05-08,"We’re still early because there are haters! I just stumbled across this post, and I’m sure everyone is hearing about how Bitcoin crossed 100k again. So I just laid out the class buy bitcoin card (being a little passive aggressive), and we still got haters. This is a sign to buy more HODL",We’re still early because there are haters!,Bitcoin,1,0,MrWheels523,288,53
2025-05-08,To all my fellow BTC buddies. Don’t forget to pull your pants up this bull run. ROAD TO 200k BABY,To all my fellow BTC buddies. Don’t forget to pull your pants up this bull run.,Bitcoin,1,0,eljefesurvival,97,20
2025-05-08,One way NVIDIA could be looking to juice stock price? Announcing they’re adding Bitcoin to their balance sheet.,One way NVIDIA could be looking to juice stock price? Announcing they’re adding Bitcoin to their balance sheet.,btc,1,0,Apprehensive_Way8674,111,18
2025-05-08,Michael Saylor Aims to Acquire More Bitcoin with $84B Capital Plan: Do This Now 🧐,Michael Saylor Aims to Acquire More Bitcoin with $84B Capital Plan: Do This Now,btc,1,0,PinkFlowerPower4040,81,15
2025-05-08,Bitcoin will see new highs soon. Feel sorry for those who sold the dip.,Bitcoin will see new highs soon.,Bitcoin,1,0,DPJesus69,71,14
2025-05-08,BTC GONE HIT 100K 15iu3oP1tZ4LUAfijQz6iwwDYE3RxWd1hb Posting my btc wallet for fun on btc chain,BTC GONE HIT 100K 🔥,btc,1,0,Zestydrake_Tax_5010,95,14
2025-05-08,Bitcoin is officially 5th largest asset in the world And it took only 16 years. Imagine where it will be in another 16 years.,Bitcoin is officially 5th largest asset in the world,Bitcoin,1,0,Amber_Sam,125,24
2025-05-08,"Technical Analysis is astrology for Bitcoin traders TA is good at explaining the past, not for predicting the future. Liquidity events, narratives, insider flows make Bitcoin move. Not symmetrical triangles or Fibonacci spirals.",Technical Analysis is astrology for Bitcoin traders,btc,1,0,rohasnagpal,228,33
2025-05-08,You can still buy $BTC for less than $0.2 million,You can still buy $BTC for less than $0.2 million,Bitcoin,1,0,Cold-Enthusiasm5082,49,10
2025-05-08,Japan has to be buying up some Bitcoin. The Tokyo stock market just opened 20 or so minutes ago and the BTC price pumped hard past $98k,Japan has to be buying up some Bitcoin. The Tokyo stock market just opened 20 or so minutes ago and the BTC price pumped hard past $98k,BitcoinMarkets,1,0,Obvireal,135,27
2025-05-08,"Phishing email supposedly sent by Grayscale Be careful. I received a phishing email today that is pretending to be from Grayscale. The user database was breached last October, and this is the first email I have seen so far. The email was sent from santaritaonline dot com. &gt;Dear User, &gt;In accordance with Grayscale’s latest fund management update, your holdings in the Grayscale Bitcoin Trust (GBTC) may now be eligible for early redemption or conversion to ETF format via your linked custodian. &gt;Key changes affecting your account: &gt;GBTC now qualifies for partial liquidity event under SEC rule 144 unlocks. &gt;Custody provider update: Your Custodian requires updated verification by May 10, 2025. &gt;Unverified wallet links may result in forced custodial freeze. &gt;Verify your custody wallet to maintain eligibility: &gt;For institutional investors, secure API review is also available. Please ensure your custodian has the updated linkage schema. &gt;Grayscale Investor Services &gt;compliance @ grayscaleinvestments . com",Phishing email supposedly sent by Grayscale,btc,4,0,sos755,1041,152
2025-05-09,Bitcoin price today during the last 13 years,Bitcoin price today during the last 13 years,btc,1,0,Omegacarlos1,44,8
2025-05-09,Bitcoin Node Spam Filtering Settings What are the recommended settings to ensure a node efficiently filters spam. Basically I would like to know what settings Bitcoin Mechanic is using.,Bitcoin Node Spam Filtering Settings,Bitcoin,1,0,New-Emu-3043,185,29
2025-05-09,"What did I do? Banned from Bitcoin? At least it's temporary. I'm a noob in crypto and asked what I thought was a legit question because I needed to learn. I am now temporarily banned. I honestly really thought bitcoin had slow transactions. So I was asking how Steak and Shake could really process payment fast enough. I didn't know about bitcoin lightning. So I made the mistake of mentioning coins like ADA or SOL and XRP since they claim to have speed. It seems like decentralized and POW = slow and POS or centralized = fast. So I honestly wanted to learn how this stuff works and have someone correct me as part of that process. They replied to me like 4 times, one of them basically took my self-deprecating comment and threw it back at me. ( When I posted, I was just trying to let everyone know that I realized that to the subreddit, it might sound like a dumb question.) In one message, they said I could reply back to the moderator, but in another of their other messages they said I was muted and \*couldn't\* reply to the moderator. I still don't fully understand why lightning is all that and a bag of chips. Maybe it is though. Originally, I wasn't sure if bitcoin lightning was a coin or a network. Now I know that it's a network and bitcoin is the token used on that network? I still need to figure out what there's these other coins that are making security and speed claims. Why do any of these other coins exist? What in the world is BCH?",What did I do?  Banned from Bitcoin?  At least it's temporary.,btc,1,0,cecirdr,1457,274
2025-05-09,"BTC hits $99K (now $102K), and you're already mining","BTC hits $99K (now $102K), and you're already mining ⛏️",Bitcoin,1,0,cryptominerbros,52,9
2025-05-09,"Bitcoin is the future and my ass is the proof! I play the game because it’s meant to be played. I don’t have a 30 page explanation about the logic design and encryption methods and user interaction. The fact is, you looked at the price this year, and last year, and the year before that, BECAUSE YOU ARE IN IT FOR THE MONEY, AND YOU CARE WHAT HAPPENS TO ITS VALUE. You don’t need to know the difference between a hash rate and a hash brown to hold. It’s like those doctors who daily supercars and tell you not to enter the medical field for the money. Like bruh. You can hold bitcoin regardless of whether you know what a hash rate or hash brown is. Bitcoin is a scam and I accept it. Let’s hold hands and sing along to the end of times. Nothing is real bro. Just buy more bitcoin.",Bitcoin is the future and my ass is the proof!,Bitcoin,1,0,HazyyEvening,781,153
2025-05-09,"BTC Analysis for May 2025, What are your thoughts? [","BTC Analysis for May 2025, What are your thoughts?",Bitcoin,1,0,DueDiligenceis23,52,10
2025-05-09,"only a few.. invest their time learning with Bitcoin books, podcasts, interviews, reading about money, understanding whats and whys of saving in BTC.. nowadays 99% of tourists fomo buy green candles and panic sell in red ones, Shipppcoins to “diversify“, short term thinkers. thats why 1 % ALWAYS will be the top 1%, even in Bitcoin ecosystem. Only take 3 steps: 1) do your homework 2) Btc only 3) Wait at least 8 years easy but not simple steps, Good luck y’all",only a few..,Bitcoin,1,0,Strict_Alps_1304,462,82
2025-05-09,Bitcoin price today during the last 23 years,Bitcoin price today during the last 23 years,btc,1,0,Omegacarlos1,44,8
2025-05-09,"Traditional Finance Fuels Bitcoin's Ascent Toward $110,000 All-Time High","Traditional Finance Fuels Bitcoin's Ascent Toward $110,000 All-Time High",btc,1,0,SoftTop2461,72,9
2025-05-09,"Could I get some advice? I’m currently 18yo living in British Columbia where the age to invest is 19 however I am able to buy crypto. I just put 80$ into btc and am planning on putting 50$ into it every 2 weeks. Does this seem like a smart idea? I’m a complete beginner when it comes to btc, I want to begin investing my money rather than letting it just sit in my bank account. How does this plan sound? I’m not trying to become a millionaire over night but want to build wealth overtime. Advice would be greatly appreciated.",Could I get some advice?,Bitcoin,1,0,Perfect-Key-6294,526,101
2025-05-09,"New to bitcoin what do l do? My pc has an Rx 9070xt and wanna do bitcoin mining while gone from home , is this profitable enough to make some side money every month?",New to bitcoin what do l do?,Bitcoin,1,0,Few_Introduction8138,165,34
2025-05-09,Steak n Shake announces it will start accepting Bitcoin May 16 on X,Steak n Shake announces it will start accepting Bitcoin May 16 on X,Bitcoin,1,0,LNCrizzo,67,13
2025-05-09,Is it too late to invest $100 into btc monthly? What are your thoughts?,Is it too late to invest $100 into btc monthly?,Bitcoin,1,0,mistahpho,71,14
2025-05-09,"How many of us invest solely in BTC? As title, do you invest ONLY in Bitcoin or have a more diverse portfolio?",How many of us invest solely in BTC?,Bitcoin,1,0,WilliamFraser92,110,22
2025-05-09,"Bill Miller IV just told CNBC that Bitcoin is on its way to overtaking gold's $20 trillion market cap. ""Bitcoin is superior to gold.""","Bill Miller IV just told CNBC that Bitcoin is on its way to overtaking gold's $20 trillion market cap. ""Bitcoin is superior to gold."" 🚀",Bitcoin,1,0,BitCypher84,133,24
2025-05-09,"DCA or Buy the Dip? I am currently DCA'ing 20$ a Week in BTC. With current prices my CA will increase more. I am asking me if it would be better to wait til it comes down again, let's say 70k and just buy for 1000$. Probably best would be to keep on DCA'ing and buy some higher amounts when prices are falling. What's your take on this?",DCA or Buy the Dip?,Bitcoin,1,0,Hirukaiii,336,68
2025-05-09,In btc since 2500 Still holding.. I see drop from 500k to 150k. I saw it go 19500 to below 4600. So Ya buckle up.,In btc since 2500,Bitcoin,1,0,Ineedfunding007,113,25
2025-05-09,Bitcoin is now the 5th largest asset by market cap! Nice!,Bitcoin is now the 5th largest asset by market cap! Nice!,Bitcoin,1,0,Techwaveninja,57,11
2025-05-09,"Bitcoin computes this SHA-256 hash function 950,000,000,000,000,000,000x times EVERY second","Bitcoin computes this SHA-256 hash function 950,000,000,000,000,000,000x times EVERY second",Bitcoin,1,0,CobraBTC,91,10
2025-05-09,"For the newcomers Welcome, Please educate yourself! Learn about the history of money, and the monetary system. Bitcoin is the most important invention ever created. You need to educate yourself so that you are able to hold when the price goes down! Enjoy the feeling of freedom, you’ve arrived.",For the newcomers,Bitcoin,1,0,LeftBumblebee5946,294,49
2025-05-09,Can anyone help me start my bitcoin journey by donating a few dollars please Please anyone donate me a few dollars so that i can start my crypto journey this is my wallet address : bc1q5h3dcgz4uymm5jruzztjl4ehjky6cqs26qep5u,Can anyone help me start my bitcoin journey by donating a few dollars please,Bitcoin,1,0,Creative_Leading_861,223,36
2025-05-09,"Beginner question In the case that i want to sell my bitcoins, which are stored in a hot wallet (not exchange), how should I do it? I have to send the bitcoins to the exchange address and then from there sell it to fiat money? Or there's an easier way to do it? Thanks ;)))",Beginner question,Bitcoin,1,0,InternationalOwl8131,273,55
2025-05-09,How many times have you checked Bitcoin price today?,How many times have you checked Bitcoin price today?,Bitcoin,1,0,TRWNBC,52,9
2025-05-09,I’m in at last Ok so I have made my first purchase of bitcoin I have ordered my cold wallet (ready to protect it soon) Setup my DCA Set up alerts for major drops (so I can buy more) What else to do just HODL and enjoy the ride?,I’m in at last,Bitcoin,1,0,Acceptable_Hand8622,227,49
2025-05-09,Help i kow nothing btc usb miner Got this off a stranger dont know how to use it its plugged in and nothing showed up on computer heard ping that was it cant find it dont know the name the programs etc tried videos cant find one showing the safe and correct site etc,Help i kow nothing btc usb miner,Bitcoin,1,0,Scorpiondog12,266,54
2025-05-09,"How Much Bitcoin Would You Need to Live Off for Life? I'm curious to hear your thoughts: How much Bitcoin (BTC) do you think you would need today to live off it for the rest of your life, especially if you live a frugal lifestyle? Do you believe that holding just one Bitcoin would be enough for a comfortable life, or would you need more to ensure financial stability?",How Much Bitcoin Would You Need to Live Off for Life?,Bitcoin,1,0,guidinggrowth,369,69
2025-05-09,We cashing out? I don’t pay too much attention to btc but i put 1100 in when it was around dip at 78k and after hitting 1500 today im very happy with the $400 come up as someone who works a day job so i dont have time to spend an hour a day researching the market and if you guys have any advice on if i should hold or cash out soon,We cashing out?,Bitcoin,1,0,Solid_Dependent_2255,332,73
2025-05-11,Bitcoin to $105K,Bitcoin to $105K,btc,1,0,Glass_Original_7567,16,3
2025-05-11,btc is the solution,btc is the solution,btc,1,0,Glass_Original_7567,19,4
2025-05-11,"BTC = Shit? Prove it. Not here to troll, not here to preach either. Just want to read all the solid arguments you have AGAINST Bitcoin. Technical, economic, environmental, philosophical - throw it all out there. If you think BTC is crap, explain why. I really want to see the best anti-Bitcoin arguments, not just slogans. I personally believe in bitcoin but I'd love to hear other points of view. Hearing all day long people going in the same direction doesn't help to gain perspective.",BTC = Shit? Prove it.,btc,1,0,Hefty-Question-4789,487,85
2025-05-12,"Been there, done that. BTC Core and killing Bitcoin. This is hilarious, Suposibly there is a grassroots movement in the BTC Bitcoin community that thinks money should just be money. All the power to them, I have similar beliefs. We part ways, as I can't tolerate the idea that there should be a transaction limit when using money. Nonetheless, they are small blockers who don't want to allow appending an increased data limit to a BTC transaction, fair enough, They believe it should be a setting, fair enough. It'd be nice if one could configure a cost per bite, and allow a free market to emerge for transaction data limits. But that's not an option. So what do they do? They reject Peter Todd's proposal to increase penned transaction data limits and put the control of those limits in the hands of Core developers. (because the limit is too generous, not because they reject free market principles or centralized decision-making, despite being addend advocated for decentralization of power, maybe that's a sub text that's supposed to be understood.) Evidently not when you look at the solution. The solution: move to a crazy person's Luke Dashjr, Implementation of Bitcoin, Bitcoin Knots. OMG I can't, these BTC Bitcoin should just be money have no idea, what Knots, and its lead developer represent.","Been there, done that. BTC Core and killing Bitcoin.",btc,17,31,Adrian-X,1305,220
2025-05-13,"BSR Funding strategy thoughts -- Revenue Neutral ? Hey BTC Markets -- This is really more trading adjacent so... I have been thinking a bit about the BSR and how it could be funded in a revenue neutral way. The thought is to fund the BSR via BTC owners directly selling BTC to the government (via treasury direct), and getting a t-bill (or maybe a BSR T-Bill?). If they made it tax advantaged in some way ... like it was a tax free conversion ... or a portion of the long term capital gains for the purchase could be deducted at some favorable level, I bet they would get significant interest. Heck.. ""normal"" folks might buy BTC just to sell it to the treasury to get some BSR-Bills. I think I first raised this idea in early march in: But... wondering what do you all think? Do you think this would this be considered revenue neutral? Would you consider selling to the USG for some short duration TBills? I probably would sell some if it had a tax sweetener.",BSR Funding strategy thoughts -- Revenue Neutral ?,BitcoinMarkets,4,11,paranoidopsecguy,960,179
2025-05-14,"Looking for the Best Bitcoin Exchange with Low Fees I’ve beenlocked into the crypto world lately and I’m looking for a trusted crypto exchange that offers low fees and a solid crypto mobile app experience. With so many options out there, it’s tough to know which one truly delivers the best value without hidden costs. What are your go-to exchanges for trading with minimal fees? Do you prioritize security, ease of use, or specific trading features? Also, I’d love to hear thoughts on mobile apps. Any platforms that offer seamless trading on the go? I’m open to different exchanges, whether centralized or decentralized, as long as they’re reliable and won’t drain my profits with excessive fees. Let me know what’s worked for you Thanks in advance!",Looking for the Best Bitcoin Exchange with Low Fees,btc,1,0,Work_for_burritos,751,126
2025-05-14,"Is anyone selling their bitcoins my telegram is @Keylest Prices same as market price , contact me we do business",Is anyone selling their bitcoins my telegram is @Keylest,btc,0,0,Cold-Shopping-8253,112,20
2025-05-14,"His shift from calling Bitcoin a ""scam"" in 2021 to now embracing crypto is quite the turnaround","His shift from calling Bitcoin a ""scam"" in 2021 to now embracing crypto is quite the turnaround",btc,1,0,Glass_Original_7567,95,17
2025-05-15,Congratulations on yet another hard-fork upgrade for Bitcoin Cash!! New VM limits and high-precision math are here!,Congratulations on yet another hard-fork upgrade for Bitcoin Cash!! New VM limits and high-precision math are here!,btc,1,0,2q_x,115,17
2025-05-16,"JUST IN: Meliuz buys $28.4 million Bitcoin, becoming Brazil's first BTC Treasury company. We have a new a one","JUST IN: 🇧🇷 Meliuz buys $28.4 million Bitcoin, becoming Brazil's first BTC Treasury company. We have a new a one👏👏👏",btc,1,0,Nasty_slutX,109,19
2025-05-16,"BITCOIN IS THE BEST-PERFORMING ASSET, YET NO ONE PAYS ATTENTION... WHY IS BITCOIN BETTER THAN GOLD? ITS SCARCITY AND VOLATILITY KNOW THE OPPORTUNITY STUDY BITCOIN DYOR","BITCOIN IS THE BEST-PERFORMING ASSET, YET NO ONE PAYS ATTENTION... WHY IS BITCOIN BETTER THAN GOLD? ITS SCARCITY AND VOLATILITY KNOW THE OPPORTUNITY STUDY BITCOIN DYOR",btc,1,0,Nasty_slutX,167,26
2025-05-16,State of Wisconsin Investment Board Sells $321.5M Bitcoin ETF Position Amid 20% Price Surge.,🔥State of Wisconsin Investment Board Sells $321.5M Bitcoin ETF Position Amid 20% Price Surge.🚀⚡,btc,1,0,Nasty_slutX,92,14
2025-05-16,Buy bitcoin,Buy bitcoin,btc,1,0,Nasty_slutX,11,2
2025-05-19,"NEW: North Korea currently holds 13,562 Bitcoin worth approximately $1.42 billion. They are the 5th largest Government holder of Bitcoin.","🔥NEW: 🇰🇵 North Korea currently holds 13,562 Bitcoin worth approximately $1.42 billion. They are the 5th largest Government holder of Bitcoin.",btc,1,0,Nasty_slutX,137,20
2025-05-19,"EL SALVADOR UP $137M IN ONE MONTH ON SBR El Salvador's Strategic Bitcoin Reserve is worth nearly $655 million today. This is up from $518 million just a month ago. That's impressive, daily stacking is finally paying off.","EL SALVADOR UP $137M IN ONE MONTH ON SBR El Salvador's Strategic Bitcoin Reserve is worth nearly $655 million today. This is up from $518 million just a month ago. That's impressive, daily stacking is finally paying off.👏👏👏",btc,1,0,Nasty_slutX,220,38
2025-05-20,"AMA # 77 - AMA#77 with David Bailey CEO Nakamoto + $KDLY 5/21/2025 7 pm Eastern. Post Your questions below =============================================== AMA Complete Recording with Answers: [ =============================================== You are invited to a Zoom webinar! When: May 21, 2025 07:00 PM Eastern Time (US and Canada) Topic: AMA#77 with David Bailey CEO Nakamoto + $KDLY Join from PC, Mac, iPad, or Android: [ Phone one-tap: \+16469313860,,87920761100# US \+19292056099,,87920761100# US (New York) Join via audio: \+1 646 931 3860 US \+1 929 205 6099 US (New York) \+1 301 715 8592 US (Washington DC) \+1 305 224 1968 US \+1 309 205 3325 US \+1 312 626 6799 US (Chicago) \+1 386 347 5053 US \+1 507 473 4847 US \+1 564 217 2000 US \+1 669 444 9171 US \+1 669 900 6833 US (San Jose) \+1 689 278 1000 US \+1 719 359 4580 US \+1 253 205 0468 US \+1 253 215 8782 US (Tacoma) \+1 346 248 7799 US (Houston) \+1 360 209 5623 US Webinar ID: 879 2076 1100 International numbers available: [ Please post your questions below and join in on webinar! References 1. 2. 3.",AMA # 77 - AMA#77 with David Bailey CEO Nakamoto + $KDLY 5/21/2025 7 pm Eastern. Post Your questions below,BitcoinMarkets,18,9,CanadianDoc2019,1074,191
2025-06-02,"May 2025 - Corporate Bitcoin Treasury Strategy updates Corporate Bitcoin Treasury Strategy updates *May 2025 announcements* NEW TREASURIES - GameStop started with 4,170 BTC - Zap Solutions, Inc (Strike) has 1,500 BTC (private) - DDC Enterprise started with 100 BTC - Roxom Global started with 98.08 BTC (private) - ATAI started with 58 BTC (Q1) - KindlyMD/Nakamoto started with 21 BTC - Coinsilium Group Forza! started with 10 BTC - Walnut Capital started with 10 BTC - Where Food Comes From started with 7 BTC (Q1) - GreenMerc started with 6.2 BTC - Al Abraaj Restaurants started with 5 BTC - H100 Group started with 4.39 BTC FUTURE NEW TREASURIES - Trump Media closes $1.44bn PIPE + $1bn convertible notes to buy BTC - Strive + Asset Entities merger to make bitcoin treasury company, raised $750.3m from private placement - KindlyMD/Nakamoto raised $720m - K33 AB secures SEK 60m ($6.3m) to launch BTC - Belgravia Hartford Secures USD $5 Million Credit Facility from Round13 Digital Asset Fund LP to Expand BTC Holdings - Helium Ventures (will be renamed to VaultZ Capital) has raised £1.2m to buy the initial bitcoin - Cel AI raised £500k and buying BTC right now - Basel Medical Group Ltd plans to buy up to $1bn BTC - Addentax plans to buy up to 8,000 BTC - GD Culture Group Limited announces $300m ATM offering - Amber International announces $100m crypto reserve strategy - PSQ Holdings/PublicSquare $50m ATM to buy BTC - Cykel AI to raise £750k to buy BTC - Hot Rocks Investments to invest excess cash into bitcoin - Pri0r1ty Intelligence Group to accept bitcoin as payment and adapt Bitcoin Treasury Policy - BOXABL to allow percentage of its assets to buy bitcoin - Matador enter Indian market with HODL Systems - Mega Matrix Inc. board approves purchasing Bitcoin as Treasury Reserve Asset PURCHASES - Strategy added 26,695 BTC - Next Technology Holding Inc added 5,000 BTC (Q1) - TwentyOne added 4,812 BTC (part of the 42k plan) - Metaplanet added 2,800 BTC - Coinbase added 2,382 BTC (Q1) - Semler added 797 BTC - MARA added 637 BTC - Cango added 545.9 BTC - Meliuz added 274.52 BTC - The Blockchain Group added 227 BTC - CleanSpark added 232 BTC - DigitalX added 205.1 BTC - MercadoLibre added 157.7 BTC (Q1) - KULR added 125.8 BTC - Bitdeer added 110 BTC - bitmax added 105.3 BTC - Block added 99 BTC (Q1) - The Smarter Web Company added 77.5 BTC - Coinshares International Limited added 73 BTC (Q1) - Exodus added 70 BTC (Q1) - Bitfufu added 61 BTC - ANAP added 51.24 BTC - Remixpoint added 32.83 BTC - Rumble added 22.82 BTC - Genius Group added 19.5 BTC (after force-sell in April) - Vinanz added 16.9 BTC - Canaan added 16 BTC - Quantum BioPharma added $1m in BTC - Thumzup added 9.3 BTC - Sphere 3D added 7.8 BTC (Q1) - Jetking Infotrain added 6.23 BTC - Forager added 0.05 BTC FUTURE PURCHASES - Strategy announced updated $42bn/$42bn plan including $2.1bn $STRF ATM - The Blockchain Group announces ~€63.3M convertible bonds - Metaplanet announced $46.25m 0% bonds - The Smarter Web Company raised £6.83m - Vinanz $4m Bridge Funding Secured - Coinsilium £2.5m WRAP Retail Offer - Meliuz $26.45m ATM offering - Matador closed C$1.6m private placement offering - Thumzup to raise up to $500m",May 2025 - Corporate Bitcoin Treasury Strategy updates,BitcoinMarkets,78,9,NLNico,3211,565
2025-06-06,"Week 23 - Corporate Bitcoin Treasury Strategy updates From June 2 to June 6 alone - 43 announcements 🤯 - 16 new treasuries (5 already started with 97.74 BTC, 11 plan to purchase) - 16 companies added bitcoin, totaling 4,456 BTC - 11 companies announced future purchases worth billions of dollars - including 4 that haven't officially launched yet # NEW BITCOIN TREASURIES - K33 starts with 10 BTC - Norwegian Block Exchange starts with 6 BTC - Locate Technologies Limited starts with 6.08914 BTC - Vanadi Coffee starts with 5 BTC and target for a total of 10,000 BTC - Meanwhile announces to hold 70.65 BTC as quoted investment (private, per EOY '24) ### FUTURE NEW BITCOIN TREASURIES - Reitar Logtech Holdings entered purchase agreement with institutional bitcoin holders to purchase up to 15,000 BTC through the issuance of shares - K Wave Media announces up to $500 million shares offering to support Bitcoin Treasury Strategy - Know Labs, Inc to become Bitcoin Treasury Strategy company starting with 1,000 BTC - SolarBank announces Bitcoin Treasury Strategy (net cash from latest project into bitcoin) - Treasure Global announces $100 million digital asset treasury - Davis Commodities plans to establish bitcoin reserves ($4.5 million of $30 million fundraise) - Windtree announces accepting cryptocurrency as payment and allow to hold it as asset - Blue Star Capital exploring the possibility of initiating a Bitcoin treasury reserve - Bluebird Mining, a gold miner, announces adopting a bitcoin treasury reserve to ""essentially converting gold to digital gold"" - Silo Pharma Board approves Purchase of Bitcoin as Treasury Reserve Asset - ATIF Holdings announces five-year plan to acquire 1,000 BTC # BITCOIN PURCHASES/ADDITIONS - Metaplanet added 1,088 BTC (8,888 BTC) - MARA Holdings, Inc added 942 BTC (49,179 BTC) - Strategy added 705 BTC (580,955 BTC) - The Blockchain Group added 624 BTC (1,471 BTC) - CleanSpark, Inc added 401 BTC (12,502 BTC) - Cango Inc added 323 BTC (3,504.1 BTC) - Semler Scientific added 185 BTC (4,449 BTC) - Remixpoint added 77.64 BTC (758.36 BTC) - The Smarter Web Company added 39.52 BTC (122.76 BTC) - Bitdeer added 33.1 BTC (1,344 BTC) - Riot Platforms, Inc added 14 BTC (19,225 BTC) - H100 Group secures added 7.7 BTC (13.95 BTC) - Value Creation Co added 6.4 BTC (30.38 BTC) - Athena Bitcoin Global added 6 BTC (17 BTC - Q1) - Coinsilium Group Forza! added 3.6378 BTC (13.6399 BTC) - Forager added 0.0477 BTC (8.32 BTC - private) ### FUTURE BITCOIN PURCHASES - Trump Media & Technology registers $12 billion in new securities (on top of previously raised $2.44 billion) - Metaplanet announces to raise up to $5.4 billion and targets to own 210,000 BTC by 2027 - Twenty One Capital now has 37,229.69 BTC prepared - Strategy raised $1 billion with $STRD offering (June 10 settlement) - Vanadi Coffee has €100m ($113.9 million) convertible notes to be approved by June 29 - The Smarter Web Company raised £13.4 million ($18.11 million) through WRAP Retail Offer & Accelerated Bookbuild - H100 Group secures SEK 21m ($2.1m) commitment from Adam Back with rights up to SEK 277m ($28.73m) - Matador Technologies Inc announces closing C$3.1 million ($2.26 million) private placement - Belgravia Hartford closes first $500k tranche (of total $5m credit facility) - BitMine Immersion Technologies announces $18 million IPO to purchase bitcoin - Méliuz board approved 17m-51m shares offering (~$22.8m-$68.3m), with changes to the warrants (= up to an additional $45.9m-$137.7m within 2025 if exercised)",Week 23 - Corporate Bitcoin Treasury Strategy updates,BitcoinMarkets,34,1,NLNico,3536,581
2025-06-14,"Week 24 - Bitcoin Treasury Strategy Updates June 9-13 saw a massive 60 announcements! 🤯 - 6 new treasuries launched with 404 BTC - 10 future treasuries announcements - 23 companies added bitcoin, totaling 2,188 BTC - 9 revealed plans to buy more bitcoin, up to ~$1.83 billion worth - 12 additional treasury-related disclosures Strategy kicked off the Bitcoin Treasury Strategy revolution. Now it's spreading globally - with companies worldwide following their lead. Bitcoin is being absorbed, treasury by treasury. ## NEW TREASURIES - American Bitcoin Corp started with 215 BTC (to be merged with $GRYP and become public under $ABTC) - Bitmine starts with 100 BTC - Gumi starts with 80.352 BTC - Belgravia Hartford starts with 4.86152969 BTC - Anemoi International Ltd started with ~30% of its cash reserves in Bitcoin (estimate: 3-4 BTC) - Pioneer AI Foundry starts with 0.269 BTC ## FUTURE NEW TREASURIES - Trump Media Registration Statement for Bitcoin Treasury Deal ($2.3 billion) Becomes Effective - Mercurity Fintech announces $800 million Financing Plan for bitcoin Treasury - ProCapBTC, with Anthony Pompliano as possible CEO, aiming to raise $750 million to launch a bitcoin treasury - Siebert Financial registers up to $100 million in new securities, potentially to be used for buying bitcoin (among other ""strategic initiatives"" like AI solutions.) - Bitcoin Treasury Capital raised SEK 100 million ($10.5 million) to buy BTC and intend to go public later this month - F Street (private) adds BTC to corporate treasury, nearby goal of $10 million in BTC - Cykel AI completed £750k ($1 million) capital raise and yet to announce their first BTC purchase - Hyper Bit to acquire bitcoin and dogecoin directly from Bit Royalty in exchange for company shares, under a credit facility of up to CAD $1 million ($0.74 million) - Bakkt Holdings, Inc board approved updating investment policy to allocate capital into bitcoin - Digital Commodities Capital Corp enters into Binding Letter of Intent for Bitcoin Purchase Facility ## PURCHASES/ADDED - Strategy added 1,045 BTC (582,000 BTC) - Remixpoint added 279.9 BTC (1,038.27 BTC) - KULR added 118.6 BTC (920 BTC) - The Smarter Web Company added 119.59 BTC (242.34 BTC) - Cango Inc added 106.1 BTC (3610.2 BTC) - Evertz Pharma added 100 BTC (private - started stacking in 2020) - ANAP added 50.56 BTC (153.4627 BTC) - Canaan Inc added 42 BTC (1,466 BTC) - DDC Enterprise Limited added 38 BTC (138 BTC) - Ionic Digital Inc. added 35.9 BTC (private - 2520.2 BTC) - Bitdeer Technologies Group added 31.9 BTC (1375.9 BTC) - Exodus Movement, Inc added 27 BTC (2,038 BTC) - Bitmax added 20.76 BTC (251.02 BTC) - Bitcoin Depot added 17.5 BTC (100+ BTC) - H100 Group added 10.46 BTC (24.41 BTC) - K33 added 10 BTC (20 BTC) - LM Funding America, Inc added 6.3 BTC (155 BTC) - Matador added 5.38 BTC (~69 BTC) - Coinsilium Group Forza! added 5.0416 BTC (18.6815 BTC) - Fold Holdings Inc added 5 BTC (1,490 BTC) - Quantum BioPharma Ltd added 500k worth BTC/crypto ($5m BTC/crypto) - Vanadi Coffee added 2 BTC (7 BTC) - Rocksoft added 0.019 BTC (private - 0.35 BTC) ## FUTURE PURCHASES - Strategy's $STRD IPO completed at June 10 with ~$979.7 million proceeds - The Blockchain Group (1,471 BTC) Launches a €300 million (~$343 million) ""ATM-type"" Capital Increases Program with TOBAM - KULR (920 BTC) announces $300 million ATM offering - Méliuz (320.2 BTC) raised 180 million BRL ($32.5 million) through a share offering with an additional 385.6 million BRL ($69.48 million) in warrants if exercised - ANAP (153.4627 BTC) aims for 1,000+ BTC by Aug 2025, raised capital including 585 BTC investment (pending shareholder approval) - The Smarter Web Company (242.34 BTC) announces Accelerated Bookbuild for a minimum of £15 million ($20.4 million) - H100 Group (24.41 BTC) secured SEK 129.4 Million ($13.65 million) in total through Share Issues and Convertible Loan - The Blockchain Group (1,471 BTC) announces an equity and convertible bond issuance for a total amount of ~€9.7M ($11.2 million) - Vinanz Limited (40.42 BTC) announces £1 million ($1.4 million) WRAP retail offer ## ADDITIONAL ANNOUNCEMENTS - GameStop (4,710 BTC) priced $2.25 billion convertible notes to be used for possible investments that could include bitcoin - Cipher Mining Inc (966 BTC) added 111 BTC - missed last week - The Blockchain Group (1,471 BTC) shareholders authorized the board to raise up to €10 billion in capital - H100 Group (24.41 BTC) partners with STOKR to explore a tokenized convertible loan - The Smarter Web Company (242.34 BTC) admission to trading on OTCQB market $TSWCF - The Blockchain Group (1,471 BTC) announces objective to be listed soon on OTCQX market - DDC Enterprise Limited (138 BTC) announces to use BitGo as custodian - Vanadi Coffee (7 BTC) announced Bit2Me will be their liquidity provider and custodian - HK Asia Holdings Limited (28.88 BTC) changes name to Moon Inc - KULR (920 BTC) will effect a 1-for-8 reverse stock split as part of broader market positioning strategy - Bluebird Mining (future treasury), gold miner, might buy £200k worth of BTC miners - Standard Strategies announces $500k private placement and received £250k commitment from Tiger Royalties. Standard Strategies Inc is focused in providing infrastructure and analytics solutions to assist companies in managing and maximizing return on their Bitcoin treasury assets",Week 24 - Bitcoin Treasury Strategy Updates,BitcoinMarkets,43,6,NLNico,5393,888
2025-06-21,"Week 25 - Bitcoin Treasury Strategy Updates June 16-20 saw 51 announcements - 12k+ BTC! - 2 new treasuries: Prenetics started with a cool 187.4 BTC - 14 future treasuries announcements, tens of millions purchases planned - 18 companies added bitcoin, totaling a massive 12,010 BTC - 12 plans to buy more bitcoin, up to ~$1.16 billion worth - 5 additional treasury-related disclosures ## NEW TREASURIES - Prenetics Global Limited bought their first 187.42 BTC with $20 million - Vault Ventures Plc started with 0.22 BTC (and 34.47 ETH) ## FUTURE NEW TREASURIES - Bakkt Holdings entered into a $25 million convertible debenture and doubles the amounts of authorized shares they could issue from 30 to 60 million shares. This seems in preparation to become a BTC treasury. - Mac House raised 1.715 billion JPY ($11.8 million) to buy BTC. - Helium Ventures (rename to VaultZ Capital) raised ~£4 million ($5.39 million) to start bitcoin treasury strategy - TAO Alpha PLC announces £5m ($6.78 million) Fundraising and Adoption of BTC Treasury Policy - Standard Supply AS (rename to StandardCoin) to invest 50 million NOK ($5 million) in bitcoin - Parataxis Holdings is acquiring controlling stake in Bridge Biotherapeutics for KRW 25 billion ($18.3 million), they will rename the company to Parataxis Korea and make it a bitcoin treasury - Davis Commodities updates their $30m fundraising plan to spend an additional $7.5 million on BTC over time (on top of the initial planned $4.5m) - Ryvyl Inc considering ""Crypto Treasury Allocation"" including plan to raise $100 million - Universal Digital Inc announces Bitcoin Treasury Strategy across North America and Asia including Japanese-listed GFA Co - iPower Inc announces bitcoin treasury strategy - Pri0r1ty Intelligence confirms they officially started to use a bitcoin treasury policy by accepting BTC as payment - Digital Commodities Capital Corp entered into Bitcoin Purchase Facility to acquire bitcoin from VanCrypto Tech LTD - Aditxt, Inc updated their S1 registration which includes a Digital Assets Treasury Strategy - Hyper Bit made its first request for a draw of $50k CAD ($36.4k) to acquire bitcoin ## PURCHASES/ADDED - Strategy added 10,100 BTC (592,100 BTC) - Metaplanet added 1,112 BTC (10,000 BTC) - The Blockchain Group added 182 BTC (1,653 BTC) - H100 Group added 144.8 BTC (169.2 BTC) - The Smarter Web Company added 104.28 BTC (346.63 BTC) - Cango Inc added 102.8 BTC (3,713 BTC) - Bitdeer Technologies Group added 69.9 BTC (1,445.8 BTC) - BitMine Immersion added 54.167 BTC (154.167 BTC) - Genius Group added 34 BTC (100 BTC) - ANAP added 31.21 BTC (184.6735) - Vanadi Coffee added 27 BTC (34 BTC) - Coinsilium Group Forza! added 20.43 BTC (43.11 BTC) - Remixpoint added 13.3 BTC (1,051.56 BTC) - LQWD Technologies Corp added 5 BTC (166 BTC) - K33 added 5 BTC (25 BTC) - SayNode added 2.7 BTC (15.04 BTC - private) - Belgravia Hartford added 1.53 BTC (6.39 BTC) - BD Multimedia added 0.3 BTC (3.8 BTC) ## FUTURE PURCHASES - DDC Enterprise Limited $DDC announces up to $528 million raise - Fold (1,490 BTC) announces $250 million equity purchase facility - Metaplanet Issues $210 million in bonds - KindlyMD and Nakamoto announce an additional $51.5 million in PIPE Financing to support Bitcoin Treasury efforts - The Smarter Web Company raised £29.3 million ($39.8 million) through Bookbuild and Subscription - ANAP (184.67 BTC) entered into a loan agreement of up to 5bn JPY ($34.4 million) - H100 Group signs new investment agreement with Adam Back, securing a SEK 150 million ($15.85 million) convertible loan guarantee - K33 launches share issues up to 1,000 BTC with min SEK 85 million ($8.92 million) secured through pre-commitments - The Blockchain Group announces a capital increase totaling ~€7.2 million ($8.32 million) as part of their ""ATM-type"" Capital Increases Program with TOBAM - Coinsilium Group Forza!'s WRAP Retail Offer was oversubscribed, instead of £2.5m, they raised a total of £4 million ($5.38 million) - Vinanz Limited Fundraise Total Lifted to £3.579 million ($4.82 million) - BD Multimedia (3.8 BTC) issued a €1 million ($1.15 million) convertible bond to buy BTC ## ADDITIONAL ANNOUNCEMENTS - Semler Scientific appoints appoints Joe Burnett as Director of Bitcoin Strategy and announced 3-year plan to have 10k BTC by EOY, 42k by '26 and 105k BTC by '27 - Prenetics Global Limited appoints Andy Cheung (former OKX COO) to board in preparation of Bitcoin Treasury - Smarter Web Company appointments Jesse Myers as Bitcoin Strategy Consultant - Nakamoto Holdings Appoints Tyler Evans as CIO - The Smarter Web Company signed subscription agreement for a maximum of 21 million new shares",Week 25 - Bitcoin Treasury Strategy Updates,BitcoinMarkets,32,5,NLNico,4679,766
2025-06-28,"Week 26 - Bitcoin Treasury Strategy Updates June 23-27 saw 64 announcements: ~10k BTC! 🤯 - 9 NEW treasuries purchased 5,898 BTC - 17 future treasuries announcements, potentially $ billions of buy pressure - 20 companies added bitcoin, totaling 4,045 BTC - 11 plans to buy more bitcoin, ~$573 million already raised - 6 additional treasury-related disclosures FYI, on my [X account]( I frequently post updates during the week. ## NEW TREASURIES - ProCap BTC purchased their first 4,932 BTC after $750 million raise (waiting $1 billion merger) - Bitcoin Treasury Corporation purchased their first 771.37 BTC (will start trading Monday) - Bitcoin Treasury Capital purchased their first 147 BTC (will go public soon) - Sixty Six Capital Inc purchased first direct 18.2 BTC (+ they will convert 113 BTC ETF holdings to direct BTC soon) - Mega Matrix Inc purchased their first 12 BTC - Vaultz Capital purchased their first 10 BTC - Green Minerals purchased their first 4 BTC (goals up to $1.2 billion) - Digital Commodities purchased their first 2 BTC - Panther Metals purchased their first 1 BTC - plans up to £4 million ($5.37 million) ## FUTURE NEW TREASURIES - Bakkt Holdings has filed an S-3 registration to enable issuance of up to $1 billion in equity and debt. This seems in preparation to become a BTC treasury. - ECD Automotive Design secures $500 million Equity Facility to fund a Bitcoin Treasury - Sequans announces $384 million strategic investment - Bluebird Mining, gold miner, announces funding facility of £2 million ($2.72 million) with an immediate £1 million ($1.36 million.) After this, they increased their goals and now aims to raise a minimum of £10 million ($13.7 million) to start their digital gold strategy and buy bitcoin. - Cel AI to raise a minimum of £7.5 million ($10.3 million) by way of an accelerated bookbuild to purchase BTC as part of their recently announced Bitcoin Treasury Reserve Strategy. - DigiAsia Corp will use $3 million in non-recourse debt financing for initial bitcoin purchase - Done.ai Group AB to allocate NOK 20 million (~$2 million) to the purchase of BTC - Unitronix Corp adopts Bitcoin as Core Treasury Asset: Up to $2 million Allocation. - Mendell Helium plc to raise £515k ($705k) and adopt a Bitcoin Treasury Policy. - Sundae Bar announces adoption of bitcoin Treasury Policy and will raise £500K ($675k) through WRAP Retail Offer to buy initial BTC - GSTechnologies Limited announces adoption of Bitcoin Treasury Policy which allows for a significant proportion of the cash resources to be held in Bitcoin ($2.61 million cash in Mar '24) - Catenai announces to adopt a bitcoin focused treasury policy and have a fundraise of up to £1.6 million ($2.2 million.) A portion of excess cash will be held in primarily BTC and some in TAO. - Convano Inc, a Japanese operator of nail salons, is considering adding bitcoin to their treasury - Amazing AI announces that it has implemented a Bitcoin Treasury Policy and are exploring potential fundraising opportunities - Aurora Mobile approves up to 20% of cash investments into Digital Assets incl bitcoin - TruSpine Technologies announces a Bitcoin Treasury Policy and is exploring potential fundraising opportunities for this purpose. - Tangiamo Touch considers investment in Bitcoin as part of the company's long-term reserve strategy ## PURCHASES/ADDED - Metaplanet added 2,345 BTC (12,345 BTC) - Méliuz added 275.43 BTC (595.67 BTC) - Strategy added 245 BTC (592,345 BTC) - The Smarter Web Company added 196.9 BTC (543.52 BTC) - Cango added 96.1 BTC (3,809.1 BTC) - The Blockchain Group added 75 BTC (1,728 BTC) - Bitmax purchased 49.06 BTC (300.08 BTC) - Vinanz Limited added 43.57 BTC (65.03 BTC) - Bitdeer Technologies Group added 40.3 BTC (1,486.1 BTC) - H100 Group added 19.38 BTC (200.21 BTC) - Coinsilium Group Forza! added 15.21 BTC (58.31 BTC) - BD Multimedia added 10.95 BTC (14.75 BTC) - Norwegian Block Exchange added 10 BTC (16 BTC) - Matador added 8.4 BTC (77 BTC) - LQWD Technologies added 5 BTC (171 BTC) - Locate Tech added 4 BTC (10.09 BTC) - Neptune Digital Assets added 3 BTC (404 BTC) - Vault Ventures added 1.86 BTC (2.08 BTC) - Bitcoin Well added 1 BTC (11 BTC) - Nano Labs added 600 BTC (1,000 BTC; will convert to BNB) ## FUTURE PURCHASES - Metaplanet (12,345 BTC) raised 74.9 billion JPY ($515 million) through new stock issuance - The Smarter Web Company (543.52 BTC) raised £41.2 million ($56.5 million) through Accelerated Bookbuild & Subscription - Metaplanet (12,345 BTC) plans to inject up to $5 billion into US subsidiary - Crypto Blockchain Industries (3.55 BTC) and Blockware expanded their strategic partnership, giving Blockware the option to acquire up to 10% of CBI shares by contributing up to 1 BTC per day. They also announced the implementation of a non-dilutive shareholder loan of up to EUR 20 million ($23.4 million) - LQWD Technologies (171 BTC) announces brokered Private Placement of up to C$10m ($7.29 million) - Belgravia Hartford (6.4 BTC) raising C$10m ($7.29 million) in private placement - The Blockchain Group (1,728 BTC) announces a capital increase totalling ~€4.1 million ($4.8 million) with ATM-type raise - Norwegian Block Exchange (16 BTC) announce a EUR 1 million ($1.17 million) capital drawdown and enters into 3-Year Extension of Strategic Partnership with LDA Capital with access to up to $10 million in equity capital. - Sixty Six Capital Inc (131.2 BTC) private placement to raise up to $2.5 million USD - Digital Commodities (2 BTC) announces C$3m ($2.2 million) Unit Financing - Belgravia Hartford (6.4 BTC) completes $1 million USD Second Tranche Drawdown of Credit Facility ## ADDITIONAL ANNOUNCEMENTS - LQWD Technologies (171 BTC) announce the appointment of Sam Callahan, Jesse Myers, and Coyn Mateer to its Bitcoin Advisory Board to accelerate the growth of its Bitcoin treasury - Nakamoto Holdings (21 BTC + $771.5m) appoints Andrew Creighton as Chief Commercial Officer to Lead Global Bitcoin Growth Strategy - Helium Ventures (10 BTC) officially renamed to VaultZ Capital - Pri0r1ty Intelligence Group (bitcoin treasury plans) applied to be listed on the OTCQB market - Belgravia Hartford (6.4 BTC) applied to be listed on the OTCQB market - Matador (77 BTC) secured conditional TSXV approval to pivot into a pure Bitcoin ecosystem and scale their treasury strategy",Week 26 - Bitcoin Treasury Strategy Updates,BitcoinMarkets,43,3,NLNico,6347,1048
2025-07-03,"June 2025 - Corporate Bitcoin Treasury Strategy updates June 2025 was INSANE for Bitcoin Treasury updates Over 250 announcements - 68k BTC 🤯 Here's the ultimate aggregated overview: - 21 new treasuries started with 6,745 BTC - 47 future treasuries planning to buy billions worth of BTC - 42 companies increased their holdings, totaling 61,309 BTC - 43 plans to buy more, billions raised already - 22 additional treasury-related disclosures FYI, on my [X account]( I frequently post updates during the week. ### NEW BITCOIN TREASURIES - ProCap BTC purchased their first 4,932 BTC after $750 million raise (awaiting $1 billion merger) - Bitcoin Treasury Corporation purchased their first 771.37 BTC - American Bitcoin Corp started with 215 BTC (to be merged with $GRYP and become public under $ABTC) - Prenetics Global Limited bought their first 187.42 BTC with $20 million - Bitmine starts with 154.167 BTC after $18 million IPO - Bitcoin Treasury Capital purchased their first 147 BTC after SEK 100 million ($10.5 million) raise (will go public soon) - Gumi starts with 80.352 BTC - Meanwhile announces to hold 70.65 BTC as quoted investment (private, per EOY '24) - Vanadi Coffee starts with 54 BTC - Vaultz Capital purchased their first 50 BTC after ~£4 million ($5.39 million) raise - K33 starts with 25 BTC - Norwegian Block Exchange starts with 16 BTC - Mega Matrix Inc purchased their first 12 BTC - Locate Technologies Limited starts with 10.09 BTC - Laier Two Labs, Inc (Satlantis) reports to have 8.29 BTC (as of 31 Dec '24) - Belgravia Hartford starts with 6.4 BTC - Green Minerals purchased their first 4 BTC (goals up to $1.2 billion) - Anemoi International Ltd started with ~30% of its cash reserves in Bitcoin (estimate: 3-4 BTC) - Vault Ventures Plc started with 2.08 BTC - Digital Commodities purchased their first 2 BTC - Panther Metals purchased their first 1 BTC - plans up to £4 million ($5.37 million) - Pioneer AI Foundry starts with 0.269 BTC ### FUTURE NEW BITCOIN TREASURIES - Trump Media Registration Statement for Bitcoin Treasury Deal ($2.3 billion) Becomes Effective and registers up to $12 billion in new securities. - Bakkt Holdings, Inc board approved updating investment policy to allocate capital into bitcoin. They entered into a $25 million convertible debenture and doubles the amounts of authorized shares they could issue from 30 to 60 million shares. And filed an S-3 registration to enable issuance of up to $1 billion in equity and debt. This seems in preparation to become a BTC treasury. - Reitar Logtech Holdings entered purchase agreement with institutional bitcoin holders to purchase up to 15,000 BTC through the issuance of shares - Mercurity Fintech announces $800 million Financing Plan for bitcoin Treasury - K Wave Media announces up to $500 million shares offering to support Bitcoin Treasury Strategy - ECD Automotive Design secures $500 million Equity Facility to fund a Bitcoin Treasury - Sequans announces $384 million strategic investment - Know Labs, Inc to become Bitcoin Treasury Strategy company starting with 1,000 BTC - Parataxis Holdings is exploring a public listing through a merger with SilverBox Corp IV $SBXD, a SPAC with $200 million in capital to provide institutional exposure to bitcoin - TAO Alpha PLC announces £5m + £105m ($144.3 million total) Fundraising and Adoption of BTC Treasury Policy. - Treasure Global announces $100 million digital asset treasury - ATIF Holdings announces five-year plan to acquire 1,000 BTC - Siebert Financial registers up to $100 million in new securities, potentially to be used for buying bitcoin (among other ""strategic initiatives"" like AI solutions.) - Ryvyl Inc considering ""Crypto Treasury Allocation"" including plan to raise $100 million - Amber International announces $25.5 Million private placement to invest in crypto (possibly bitcoin) - Parataxis Holdings is acquiring controlling stake in Bridge Biotherapeutics for KRW 25 billion ($18.3 million), they will rename the company to Parataxis Korea and make it a bitcoin treasury - Cel AI raised £10 million ($13.7 million) to buy BTC pending approval - Bluebird Mining, a gold miner, announces adopting a bitcoin treasury reserve to ""essentially converting gold to digital gold"". They announced funding facility of £2 million ($2.72 million) with an immediate £1 million ($1.36 million.) After this, they increased their goals and now aims to raise a minimum of £10 million ($13.7 million) to start their digital gold strategy and buy bitcoin. - Mac House raised 1.715 billion JPY ($11.8 million) to buy BTC. - F Street (private) adds BTC to corporate treasury, nearby goal of $10 million in BTC - Davis Commodities plans to establish bitcoin reserves ($7.5 million of $30 million fundraise) - Standard Supply AS (rename to StandardCoin) to invest 50 million NOK ($5 million) in bitcoin - DigiAsia Corp will use $3 million in non-recourse debt financing for initial bitcoin purchase - Done.ai Group AB to allocate NOK 20 million (~$2 million) to the purchase of BTC - Unitronix Corp adopts Bitcoin as Core Treasury Asset: Up to $2 million Allocation. - Cykel AI completed £750k ($1 million) capital raise and yet to announce their first BTC purchase - Hyper Bit to acquire bitcoin and dogecoin directly from Bit Royalty in exchange for company shares, under a credit facility of up to CAD $1 million ($740k) They made its first request for a draw of $50k CAD ($36.4k) to acquire bitcoin - Catenai announces to adopt a bitcoin focused treasury policy and raised £1.6 million, ~£544k (740k) will be allocated to BTC/TAO. - Mendell Helium plc to raise £515k ($705k) and adopt a Bitcoin Treasury Policy. - Sundae Bar announces adoption of bitcoin Treasury Policy and will raise £500K ($675k) through WRAP Retail Offer to buy initial BTC - Fragbite Group launches Bitcoin Treasury and recruits a Treasury Director, raising SEK 5 million ($530k) - Lingerie Fighting Championships announces bitcoin strategy and will buy $230k worth of BTC and up to $2 million in the next 6 months. - SolarBank announces Bitcoin Treasury Strategy (net cash from latest project into bitcoin) - GSTechnologies Limited announces adoption of Bitcoin Treasury Policy which allows for a significant proportion of the cash resources to be held in Bitcoin ($2.61 million cash in Mar '24) - Windtree announces accepting cryptocurrency as payment and allow to hold it as asset - Blue Star Capital exploring the possibility of initiating a Bitcoin treasury reserve - Aurora Mobile approves up to 20% of cash investments into Digital Assets incl bitcoin - Silo Pharma Board approves Purchase of Bitcoin as Treasury Reserve Asset - Universal Digital Inc announces Bitcoin Treasury Strategy across North America and Asia including Japanese-listed GFA Co - iPower Inc announces bitcoin treasury strategy - Pri0r1ty Intelligence confirms they officially started to use a bitcoin treasury policy by accepting BTC as payment - Aditxt, Inc updated their S1 registration which includes a Digital Assets Treasury Strategy - Convano Inc, a Japanese operator of nail salons, is considering adding bitcoin to their treasury - Amazing AI announces that it has implemented a Bitcoin Treasury Policy and are exploring potential fundraising opportunities - TruSpine Technologies announces a Bitcoin Treasury Policy and is exploring potential fundraising opportunities for this purpose. - Tangiamo Touch considers investment in Bitcoin as part of the company's long-term reserve strategy - Wishbone Gold, a Gold trader, announces bitcoin treasury strategy ### BITCOIN PURCHASES/ADDITIONS | Company | Added | Final | |---|---|---| | TwentyOne | 32,417 BTC | 37,230 BTC | | Strategy | 17,075 BTC | 597,325 BTC | | Metaplanet | 5,550 BTC | 13,350 BTC | | MARA Holdings Inc | 942 BTC | 49,179 BTC | | The Blockchain Group | 941 BTC | 1,788 BTC | | The Smarter Web Company | 690 BTC | 774 BTC | | Cango Inc | 628 BTC | 3,809 BTC | | Nano Labs | 600 BTC | 1,000 BTC | | CleanSpark Inc | 401 BTC | 12,502 BTC | | Remixpoint | 371 BTC | 1,052 BTC | | Méliuz | 275 BTC | 596 BTC | | Semler Scientific | 185 BTC | 4,449 BTC | | H100 Group | 182 BTC | 200 BTC | | Bitdeer Technologies Group | 175 BTC | 1,486 BTC | | KULR | 119 BTC | 920 BTC | | Cipher Mining Inc | 111 BTC | 966 BTC | | Evertz Pharma | 100 BTC | | | ANAP | 81.8 BTC | 185 BTC | | Bitmax | 69.8 BTC | 300 BTC | | Coinsilium Group Forza! | 59.7 BTC | 73.7 BTC | | Vinanz Limited | 43.6 BTC | 65 BTC | | Canaan Inc | 42 BTC | 1,466 BTC | | DDC Enterprise Limited | 38 BTC | 138 BTC | | Ionic Digital Inc. | 35.9 BTC | 2,520 BTC | | Genius Group | 34 BTC | 100 BTC | | Exodus Movement Inc | 27 BTC | 2,038 BTC | | Bitcoin Depot | 17.5 BTC | 100 BTC | | Riot Platforms Inc | 14 BTC | 19,225 BTC | | Matador | 13.8 BTC | 77 BTC | | Sixty Six Capital Inc | 13.5 BTC | 127 BTC | | BD Multimedia | 11.2 BTC | 14.8 BTC | | LQWD Technologies Corp | 10 BTC | 171 BTC | | Value Creation Co | 6.40 BTC | 30.4 BTC | | LM Funding America Inc | 6.30 BTC | 155 BTC | | Athena Bitcoin Global | 6.00 BTC | 17 BTC | | Fold Holdings Inc | 5.00 BTC | 1,490 BTC | | Quantum BioPharma Ltd | 500k | $5m BTC/crypto | | Neptune Digital Assets | 3.00 BTC | 404 BTC | | SayNode | 2.70 BTC | 15 BTC | | Bitcoin Well | 1.00 BTC | 11 BTC | | Forager | 0.05 BTC | 8.32 BTC | | Rocksoft | 0.02 BTC | 0.35 BTC | ### FUNDRAISES / FUTURE BITCOIN PURCHASES This includes: raised funds (that may or may not be used already) and planned fundraises/goals. - Metaplanet: - announces to raise up to $5.4 billion and targets to own 210,000 BTC by 2027 - issues $210 million in bonds - raised 74.9 billion JPY ($515 million) through new stock issuance - plans to inject up to $5 billion into US subsidiary - issues 30 Billion JPY (208.3 million) in 0% Ordinary Bonds - Strategy's $STRD IPO completed at June 10 with ~$979.7 million proceeds - KindlyMD and Nakamoto announce an additional $51.5 million in PIPE Financing to support Bitcoin Treasury efforts and now have $771.5 million ready to deploy - DDC Enterprise Limited $DDC announces up to $528 million raise - Fold announces $250 million equity purchase facility - American Bitcoin Corp - backed by Hut8 and Eric Trump - raised $215 million - KULR announces $300 million ATM offering - Vanadi Coffee has €100m ($113.9 million) convertible notes to be approved by June 29 - The Smarter Web Company: - raised £13.4 million ($18.11 million) through WRAP Retail Offer & Accelerated Bookbuild - raised £29.3 million ($39.8 million) through Bookbuild and Subscription - raised £41.2 million ($56.5 million) through Accelerated Bookbuild & Subscription - Méliuz raised 180 million BRL ($32.5 million) through a share offering with an additional 385.6 million BRL ($69.48 million) in warrants if exercised - The Blockchain Group: - Launches a €300 million (~$343 million) ""ATM-type"" Capital Increases Program with TOBAM - announces an equity and convertible bond issuance for a total amount of ~€9.7M ($11.2 million) - announces a capital increase totaling ~€7.2 million ($8.32 million) as part of their ""ATM-type"" Capital Increases Program with TOBAM - announces a capital increase totalling ~€4.1 million ($4.8 million) with ATM-type raise - ANAP aims for 1,000+ BTC by Aug 2025, raised capital including 585 BTC investment (pending shareholder approval) and entered into a loan agreement of up to 5bn JPY ($34.4 million) - H100 Group: - secures SEK 21m ($2.1m) commitment from Adam Back with rights up to SEK 277m ($28.73m) - secured SEK 129.4 Million ($13.65 million) in total through Share Issues and Convertible Loan - signs new investment agreement with Adam Back, securing a SEK 150 million ($15.85 million) convertible loan guarantee - resolves on a directed share issue and raises SEK 74 million ($7.8 million) - Crypto Blockchain Industries and Blockware expanded their strategic partnership, giving Blockware the option to acquire up to 10% of CBI shares by contributing up to 1 BTC per day. They also announced the implementation of a non-dilutive shareholder loan of up to EUR 20 million ($23.4 million) - Norwegian Block Exchange announce a EUR 1 million ($1.17 million) capital drawdown and enters into 3-Year Extension of Strategic Partnership with LDA Capital with access to up to $10 million in equity capital. - K33 launches share issues up to 1,000 BTC with min SEK 85 million ($8.92 million) secured through pre-commitments - Belgravia Hartford: - closes first $500k tranche (of total $5m credit facility) - raising C$10m ($7.29 million) in private placement - completes $1 million USD Second Tranche Drawdown of Credit Facility - LQWD Technologies announces brokered Private Placement of up to C$10m ($7.29 million) - Coinsilium Group Forza!'s WRAP Retail Offer was oversubscribed, instead of £2.5m, they raised a total of £4 million ($5.38 million) - Vinanz Limited announces £3.579 million ($4.82 million) fundraise - Sixty Six Capital Inc private placement to raise up to $2.5 million USD - Matador Technologies Inc announces closing C$3.1 million ($2.26 million) private placement - Digital Commodities announces C$3m ($2.2 million) Unit Financing - BD Multimedia issued a €1 million ($1.15 million) convertible bond to buy BTC ## ADDITIONAL ANNOUNCEMENTS - Semler Scientific appoints appoints Joe Burnett as Director of Bitcoin Strategy and announced 3-year plan to have 10k BTC by EOY, 42k by '26 and 105k BTC by '27 - GameStop priced $2.25 billion convertible notes to be used for possible investments that could include bitcoin - The Blockchain Group shareholders authorized the board to raise up to €10 billion in capital - H100 Group partners with STOKR to explore a tokenized convertible loan - The Smarter Web Company admission to trading on OTCQB market $TSWCF - The Blockchain Group announces objective to be listed soon on OTCQX market - Pri0r1ty Intelligence Group (bitcoin treasury plans) applied to be listed on the OTCQB market - Belgravia Hartford applied to be listed on the OTCQB market - DDC Enterprise Limited announces to use BitGo as custodian - Vanadi Coffee announced Bit2Me will be their liquidity provider and custodian - HK Asia Holdings Limited changes name to Moon Inc - KULR will effect a 1-for-8 reverse stock split as part of broader market positioning strategy - Bluebird Mining (future treasury), gold miner, might buy £200k worth of BTC miners - Standard Strategies announces $500k private placement and received £250k commitment from Tiger Royalties. Standard Strategies Inc is focused in providing infrastructure and analytics solutions to assist companies in managing and maximizing return on their Bitcoin treasury assets - Prenetics Global Limited appoints Andy Cheung (former OKX COO) to board - Smarter Web Company appointments Jesse Myers as Bitcoin Strategy Consultant - Nakamoto Holdings Appoints Tyler Evans as CIO - The Smarter Web Company signed subscription agreement for a maximum of 21 million new shares - LQWD Technologies announce the appointment of Sam Callahan, Jesse Myers, and Coyn Mateer to its Bitcoin Advisory Board to accelerate the growth of its Bitcoin treasury - Nakamoto Holdings appoints Andrew Creighton as Chief Commercial Officer to Lead Global Bitcoin Growth Strategy - Helium Ventures officially renamed to VaultZ Capital - Matador secured conditional TSXV approval to pivot into a pure Bitcoin ecosystem and scale their treasury strategy",June 2025 - Corporate Bitcoin Treasury Strategy updates,BitcoinMarkets,42,7,NLNico,15417,2626
2025-07-05,"Week 27 - Bitcoin Treasury Strategy Updates June 30-July 4 saw 54 announcements - 8.4k BTC! - 4 new treasuries, Figma with ~843 BTC as nice surprise - 12 future treasuries announcements, including 2 Gold-related companies - 18 companies added bitcoin, totaling 7,591 BTC - 14 plans to buy more bitcoin, hundreds of millions already raised - 6 additional treasury-related disclosures FYI, on my [X account]( I frequently post updates during the week. ### NEW TREASURIES - Figma S-1 registration reveals $69.5 million investment in BTC ETFs (as of March 31, 2025) = 843 BTC estimated - Cel AI purchased their first 6.18 BTC - Missed last week: Opyl Limited purchased their first 2 BTC (in ETFs) - Hyper Bit purchased their first 0.35 BTC. ### FUTURE NEW TREASURIES - DV8 to be aqcuired by consortium of investors including UTXO, Sora Ventures, Kliff Capital, AsiaStrategy and Moon Inc. - Amber International Announces $25.5 million Private Placement to accelerate institutional crypto expansion (including possible BTC purchase) - Blue Star Capital raised £1.25 million ($1.71 million) which will be used to buy their first BTC (indirectly through SatoshiPay.) - Metavesco launches Bitcoin Treasury Strategy, secures $750,000 Financing - Catenai raised £1.6 million, ~£544k ($742.6k) will be allocated to BTC/TAO. - Fragbite Group launches Bitcoin Treasury, recruits a Treasury Director and raised SEK 5 million ($530k) - Hamak Gold Limited, yet another gold miner, announces a Bitcoin Treasury Strategy. They just raised £2.5 million ($3.4 million) which will be used to settle some creditors and working capital, but any excess will go to BTC. - Addentax Group announced that it has entered into a non-binding $1.3bn term sheet with a substantial and independent Bitcoin holder to acquire up to 12,000 BTC - Hilbert Group announces Strategic Crypto Treasury Program with Bitcoin as the primary reserve asset. - Wishbone Gold, a Gold trader, announces bitcoin treasury strategy - Mendell Helium officially adopts Bitcoin Treasury policy: 50% free cash to BTC - Mac House signs agreement with Zero Field, a crypto miner, in preparation for Bitcoin Treasury ### PURCHASES/ADDED - Strategy added 4,980 BTC (597,325 BTC) - Metaplanet added 1,005 BTC (13,350 BTC) - MARA added 761 BTC in June and 60 in July so far (50,000 BTC) - The Smarter Web Company added 230.05 BTC (773.58 BTC) - Cango added 132.2 BTC (3,941.3 BTC) - Cipher Mining Inc added 97 BTC in June (1,063 BTC) - The Blockchain Group added 60 BTC (1,788 BTC) - Bitmax added 49.1 BTC (349.19 BTC) - Riot Platforms added 48 BTC in June (19,273 BTC) - H100 Group added 47.33 BTC (247.54 BTC) - Bitdeer Technologies Group added 41.4 BTC (1527.5 BTC) - Vaultz Capital added 40 BTC (50 BTC) - Vanadi Coffee added 32 BTC (66 BTC) - Genius Group added 20 BTC (120 BTC) - Coinsilium Group Forza! added 15.42 BTC (73.73 BTC) - Sixty Six Capital Inc added 13.5 BTC (126.8 BTC in ETFs) - K33 added 10 BTC (35 BTC) - Belgravia Hartford added 9.35 BTC (15.75 BTC) ### FUTURE PURCHASES - American Bitcoin Corp (waiting merger) - backed by Hut8 and Eric Trump - raised $215 million - Metaplanet Issues 30 Billion JPY ($207.6 million) in 0% Ordinary Bonds - DDC Enterprise announces closing of its $528 million financing to advance #Bitcoin Treasury Strategy. $26m PIPE, $25m convertible notes (up to $275m), $2m private placement ($200m equity line of credit.) - The Smarter Web Company announce to still have £38 million ($52.2 million) for BTC - Mogo Inc $MOGO announces $50 Million Bitcoin Treasury Authorization and Strategic Alignment with Bitcoin Across the Organization - Figma S-1 registration reveals they have $30 million in USDC ready to to buy BTC - Green Minerals (previously purchased 4 BTC) announced that it signed a NOK 250 million (~$25 million) structured financing agreement to purchase more bitcoin - Cel AI purchased raised £10 million ($13.7 million) - The Blockchain Group raised ~€11M ($12.95 million) - H100 Group resolves on a directed share issue and raises SEK 74 million ($7.8 million) - Coinsilium Group Forza! raised £2,787,500 ($3.8 million) through Accelerated Bookbuild - London BTC Company Limited (former Vinanz Limited) raised £1 million (~$1.16M) with WRAP Retail Offer - Vaultz Capital announced they successfully raised £1 million (~$1.16M) through their oversubscribed Placing and WRAP Retail Offer. - Norwegian Block Exchange $NBX.OL (16 BTC) announced that it raised NOK 5.4 million (~$532k) via 3rd put option and will be partly used to acquire more BTC. 4th put option is already underway. ### ADDITIONAL ANNOUNCEMENTS - Last week: 6 out of 228 (2.6%) Russell 3000 Final 2025 index additions own bitcoin or plan to purchase BTC. - Vanadi Coffee's Shareholders' Meeting has approved the company's strategic shift to become the largest listed Bitcoin company in Spain with investments of up to one billion euro in BTC. - Tao Alpha PLC, who is raising a minimum of £100 million ($137.5 million), changes name to Satsuma with ticker $SATS.L. The rebranding/ticker underscore their conviction in Bitcoin as a primary treasury reserve asset. - Vinanz Limited changed name to London BTC Company Limited - Sequans shares investor presentation for their $384 million strategic investment - Anemoi announces increased their BTC+Gold ETF $BTGD holdings from 30% to 40% of their cash",Week 27 - Bitcoin Treasury Strategy Updates,BitcoinMarkets,24,6,NLNico,5359,877
2025-07-12,"Week 28 - Bitcoin Treasury Strategy Updates Week 28 - #Bitcoin Treasury Strategy Updates July 7-12 saw 80 announcements - 4.7k BTC 🤯 - 6 new treasuries launched with 491.2 BTC - 10 future treasuries announcements - ReserveOne with a massive $1.05 billion! - 29(!) companies added 4,209 BTC - 20 plans to buy more BTC - billions planned - 15 additional treasury-related disclosures 35 companies announced BTC acquisitions this week - a NEW RECORD! And that despite Strategy not buying for a week. Saylor pioneered the bitcoin treasury playbook and now it's accelerating faster than ever 🧡 FYI, on my [X account]( I frequently post updates during the week. ## NEW TREASURIES - Sequans started with 370 BTC - K Wave Media purchased their first 88 BTC - Murano Global Investments started with 21 BTC - Universal Digital started with 10 BTC - Whitepaper studio starts with 1.2 BTC (private) - GSTechnologies Limited started with 1 BTC ## FUTURE NEW TREASURIES - ReserveOne Inc expecting to launch $1.05 billion digital asset treasury anchored by BTC - Hilbert Group executes on SEK 200+ million ($21 million) financing to start Crypto Treasury Strategy - Mac House announced to target for 1,000 BTC and starts buying by September 17, 2025. Previously, they raised 1.715 billion JPY ($11.8 million) but yet to buy their first BTC. - NextGen Digital Platforms announced private placement of convertible notes up to C$2m ($1.46 million) for digital assets treasury including bitcoin - Nakiki SE is planning to become the first German listed company with a pure Bitcoin treasury strategy - Active Energy announces BTC Focused Treasury Policy and raised £346k ($472k.) Up to 30% of liquidity reserves (including the fund raise) may be allocated to digital assets with 70% to BTC. - Boostheat SA announces to adopt the bitcoin treasury strategy and raised €250k ($292k) to buy their first BTC. - Tangiamo Touch is raising €1-2 million, mostly for business purposes but also mentions building a bitcoin treasury. - Sundae Bar has begun the implementation of its Bitcoin Treasury Management Policy by acquiring Bitcoin for its treasury reserves - Missed last week: BeLive Holdings announces that it is considering a Digital Asset Treasury Strategy including bitcoin ## PURCHASES/ADDED - Metaplanet added 2,205 BTC (15,555 BTC) - The Smarter Web Company added 501.42 BTC (1,275 BTC) - DDC Enterprise added 230 BTC (368 BTC) - Semler Scientific added 187 BTC (4,636 BTC) - Cango added 149.7 BTC (4,091 BTC) - Remixpoint added 116.72 BTC (1,168.28 BTC) - The Blockchain Group added 116 BTC (1,904 BTC) - CleanSpark adds 106 BTC in June (12,608 BTC) - KULR added 101 BTC (1,021 BTC) - BitFuFu adds 83 BTC in June (1,792 BTC) - Canaan Inc added 83 BTC in June (1,484 BTC) - Bitmax added 51.06 BTC (349.19 BTC) - K33 added 50 BTC (85 BTC) - H100 Group added 46.93 BTC (294.5 BTC) - ANAP added 44.56 BTC (229.23 BTC) - Bitdeer Technologies Group added 36.4 BTC (1,563.9 BTC) - Genius Group added 28 BTC (148 BTC) - Exodus Movement, Inc added 20 BTC in June (2,058 BTC) - Coinsilium Group Forza! added 15.3 BTC (88.67 BTC) - LQWD added 10 BTC (181 BTC) - Planet Ventures Inc added 6.47 BTC (16.6 BTC) - Digital Commodities added 6.29 BTC (8.69 BTC) - B Treasury Capital added 5 BTC (152 BTC) - Vanadi Coffee added 4 BTC (70 BTC) - Cel AI added 2.52 BTC (8.7 BTC) - Jetking Infotrain added 2 BTC (23 BTC) - Pioneer AI Foundry added 0.881 BTC (1.15 BTC) - Tractial added 0.5 BTC (15.25 BTC) - LM Funding America, Inc added 0.5 BTC in June (155.5 BTC) ## FUTURE PURCHASES - Strategy Announces $4.2 Billion $STRD At-The-Market Program - Murano Global Investments entered into a $500 million SEPA to buy BTC - K Wave Media announces an additional $500 million in convertible notes on top of previous $500 million SEPA deal. At least 80% of new funds has to be used for BTC. - Sequans successfully raised $384 million to start their bitcoin treasury + $57.6 million in warrants if exercised - planning to buy over 3,000 BTC in coming weeks - Remixpoint to raise 31.5 billion JPY ($215 million) to buy more bitcoin. Their new target is 3,000 BTC. - DDC Enterprise signed an MoU with Animoca Brands, who will allocate up to $100 million in BTC for DDC to manage yield strategies. - H100 Group raised SEK 516M (~$54 million) - The Smarter Web Company raised £22.9m + £10.3 million through Subscription - currently has £31 million ($41.8 million) in cash. - DigitalX Limited has secured a $20.7 million strategic investment from global digital asset leaders Animoca Brands, UTXO Management, and ParaFi Capital. - KULR has secured a $20 million credit facility with Coinbase Credit to buy more BTC - LQWD raised C$12.3 million (~$9 million), closed C$10 million brokered portion already - The Blockchain Group raised ~€3 million ($3.52 million) to purchase more bitcoin - GSTechnologies Limited has conditionally raised £1.925 million ($2.6 million) through a placing and retail offer - London BTC Company Limited (former Vinanz Limited) raised £1.5 million ($2.04 million) partly to be used to buy more BTC - Digital Commodities announces amended Terms for $2 million Unit Financing - Tractial (former BD Multimedia) to raise €1m ($1.17 million) to buy more BTC - B Treasury Capital raised 15m SEK ($1.57 million) - Mogo Inc makes strategic $1 million investment in Digital Commodities to buy BTC+gold. - Vaultz Capital announced they successfully raised £450k ($611k) through WRAP offer (on top of previous £1m) - Coinsilium received shareholder approval to issue up to 1.2bn new shares, enhancing its ability to scale its Bitcoin treasury strategy via its Forza! subsidiary. ## ADDITIONAL ANNOUNCEMENTS - Tao Alpha, to be renamed Satsuma Technology, appoints Mark Moss as Leading Bitcoin Treasury Strategist and Henry Elder from UTXO Management as Non-Executive Director ""to support the essential work of bringing a premier Bitcoin treasury strategy to the London Stock Exchange."" - Strive appoints Jeff Walton as VP of Bitcoin Strategy - Crypto Blockchain Industries announces that it has surpassed USD 1.25 million invested in its Bitcoin mining operations to increase BTC holdings - B Treasury Capital started trading publicly - BD Multimedia will change its name to Tractial - Genius Group increases Bitcoin Treasury target to 10,000 BTC - The Blockchain Group final stages of the listing process on the OTCID market - Vaultz Capital applied to be listed on the OTCQB market - Remixpoint to pay directors compensation in BTC - Mogo bought back ~2% of its shares in Q2, with $7M buyback capacity remaining. All future buybacks will be evaluated against a Bitcoin hurdle rate - if BTC performs better, Mogo will hold BTC instead. - Genius Group approves and initiates 20% share buyback, buys back one million shares. - DDC Enterprise will have Animoca's Yat Siu joining DDC's new Bitcoin Visionary Council. - Vaultz joins ""Bitcoin for Corporations"" - BitGo Expands Services to Enable Seamless and Secure Bitcoin Treasury Adoption - Aditxt Unveils bitXbio™: A Bitcoin-Backed Treasury Strategy Designed to Accelerate Biotech Commercialization",Week 28 - Bitcoin Treasury Strategy Updates,BitcoinMarkets,43,8,NLNico,7113,1191
2025-07-13,"Month of the bear In this thread we assume the Bitcoin cycle continues (if you think otherwise, please ignore it). At what month do you think the bear market starts and why? If it isn't a fixed month, what are the signals of alert you are expecting? . (Excuse my english, I'm not native). Thanks in advance.",Month of the bear,BitcoinMarkets,14,13,PetiteFort,307,57
2025-07-19,"Week 29 - Bitcoin Treasury Strategy Updates Week 29 - Bitcoin Treasury Strategy Updates July 14-19 saw 58 announcements - ~7.7k BTC - 4 new treasuries launched with 817 BTC - 17 future treasuries announcements - BSTR could launch with ~44.2k BTC! - 21 companies added 6,875 BTC - 11 plans to buy more BTC, $47 million raised already - 5 additional treasury-related disclosures FYI, on my [X account]( I frequently post updates during the week. ## NEW TREASURIES - Bullish IPO registration reveals 780 BTC as investment - Satsuma Technology started with 28.56 BTC - BTC Digital started with $1 million in BTC (8.5 BTC estimate) - Active Energy purchased their first BTC - amount not disclosed (estimate <1 BTC) ## FUTURE NEW TREASURIES - Bitcoin Standard Treasury Company will launch with ~44.2k BTC (30k BTC + ~$1.7 billion) with Adam Back as CEO. - Volcon, Inc announced $500 million private placement to start a bitcoin Treasury Strategy - OFA Group secured a $100 million equity facility (expandable to $200M) and will partner with Bitwise to launch a crypto treasury focused on BTC, SOL, and SUI. - Click Holdings plans to build a Bitcoin & Solana treasury of up to $100 million - Aether Holdings launches a $40 million public offering, primarily to be used to start a Bitcoin Treasury Strategy. - SGA Co will raise approximately 34.5 billion KRW ($24.8 million) via a private placement to investors including Sora Ventures, AsiaStrategy, Metaplanet CEO Simon Gerovich and KCGI - Cycurion is launching a new subsidiary, Cycurion Crypto, to establish a $10 million crypto treasury (pending board approval), focused on long-term holdings in BTC and ETH. - LiveOne priced an $8.9 million public offering to fund the launch of its BTC treasury strategy and board approval for up to $500 million in total. - FRNT Financial Inc is raising C$2 million ($1.46 million) in private placing to start spot bitcoin treasury. - Refine Group AB is launching a Bitcoin treasury strategy and raised 10 MSEK ($1 million) via a directed share issue to fund its first BTC purchase. - Super Copper Corp allocating up to 20% of reserves to BTC as a store of value. - Red Light Holland announces Bitcoin Balance Sheet Strategy and names Scott Melker as Lead Cryptocurrency Advisor - Hilbert Group secured 233 BTC from Deus X Capital for its bitcoin treasury, following last week's SEK 200M convertible bond. - Convano Inc (6574.T) plans to purchase 400m JPY (~$2.7 million) worth of BTC within July. The company established a dedicated ""Bitcoin Strategy Office"". - Amazing AI raised £150.4k ($202k) through accelerated bookbuild to purchase their first BTC - Rezolve Ai reaffirms commitment to $1 billion Bitcoin Treasury Strategy. - Missed last week: ENDRA Life Sciences to issue 15.7 million shares ($100+ million) through public offering to initiate Cryptocurrency Treasury Strategy. ## PURCHASES/ADDED - Strategy added 4,225 BTC (601,550 BTC) - Metaplanet added 797 BTC (16,352 BTC) - Sequans added 683 BTC (1,053 BTC) - The Smarter Web Company added 325 BTC (1,600 BTC) - Semler Scientific added 210 BTC (4,846 BTC) - DigitalX added 166.8 BTC (425.1 BTC) - Cango added 149 BTC (4,240 BTC) - H100 Group added 75.53 BTC (370 BTC) - LQWD added 57.5 BTC (238.5 BTC) - Bitdeer Technologies Group added 37.5 BTC (1,601.4 BTC) - K33 added 36 BTC (121 BTC) - Genius Group added 32 BTC (180 BTC) - The Blockchain Group added 29 BTC (1,933 BTC) - Coinsilium Group Forza! added 23.37 BTC (112 BTC) - Planet Ventures Inc added 9.14 BTC (25.8 BTC) - Sixty Six Capital Inc added 6.1 BTC (132.8 BTC in ETFs.) - B Treasury Capital added 4.5 BTC (156 BTC) - Vanadi Coffee added 4 BTC (74 BTC) - Autris added ~2 BTC (~9-10 BTC estimate) - Vault Ventures added 1.92 BTC (4 BTC) - Agile Media Network Inc added 0.56 BTC (1.28 BTC) ## FUTURE PURCHASES - The Smarter Web Company raised £17.5 million ($23.5 million) through Accelerated Bookbuild - Belgravia Hartford raised $5M + C$4M (= $7.9 million total) through convertible debt and a private placement - The Blockchain Group raised ~€6 million ($7 million) through ATM-type - H100 Group raised SEK 42.9 million ($4.5 million) - LQWD announces closing of non-brokered portion of financing for C$2.3 million ($1.68 million) - Digital Commodities announces closing of final tranche of fully subscribed C$2 million ($1.47 million) private placement to be used to buy bitcoin and Gold. - Vaultz Capital raised £1 million ($1.35 million) - Matador Technologies filed a C$900 million ($656 million) base shelf prospectus over 25 months - Bitcoin Treasury Corporation filed a C$300 million ($219 million) base shelf prospectus over 25 months - B Treasury Capital enters into 200 million SEK ($20.7 million) ATM-type Equity Facility - LQWD announces ATM program to issue up to C$10 million ($7.3 million) ## ADDITIONAL ANNOUNCEMENTS - Tao Alpha renamed to Satsuma Technology and appointed Henry Elder as CEO - Bluebird Mining, gold miner, purchased bitcoin mining units as small but symbolic step in their digital gold strategy. - Matador Technologies Board Approves Long-Term Bitcoin Treasury Acquisition Strategy: 1k '26, 6k '27 - Basel Medical Group putting on hold on the Acquisition of BTC - B Treasury Capital approved for trading on Frankfurt Stock Exchange with ticker $X4L",Week 29 - Bitcoin Treasury Strategy Updates,BitcoinMarkets,39,5,NLNico,5291,884
2025-07-27,"Week 30 - Bitcoin Treasury Strategy Updates Week 30 - Bitcoin Treasury Strategy Updates July 21-26 saw 62 announcements - ~29.5k BTC 🤯 - 8 new treasuries launched with 20,368 BTC - 10 future treasuries announcements, at least ~$132m worth - 24 companies added 9,183 BTC - 13 plans to buy more BTC, billions worth - 7 additional treasury-related disclosures ## NEW TREASURIES - Trump Media and Technology started with $2 billion worth (17,000 BTC estimate) - Volcon started with 3,183.37 BTC - NextGen Digital Platforms started with $1 million worth (8.5 BTC estimate) - Convano Inc started with 79.92 BTC - Stacking Sats Inc started with 12.3 BTC (private) - Fragbite Group started with 4.3 BTC - Boostheat started with 2.45 BTC - Blockmate started with 1 BTC ## FUTURE NEW TREASURIES - Profusa is launching a Bitcoin treasury strategy through a $100 million equity line - Hilbert Group secures a SEK 150M ($15.8 million) structured financing agreement - Quantum Solutions to start with $10 million investment in bitcoin, targeting 3,000 BTC over time - Kitabo Co plans to purchase ¥800 million ($5.4 million) worth of bitcoin - Refine Group AB raised an additional 5m SEK ($520k) - Nativo Resources, gold miner, announces bitcoin strategy - SMX (Security Matters) to launch crypto treasury strategy and begin buying bitcoin - ENDRA Life Science to adopt a crypto treasury strategy and formed Crypto Advisory Board - ProPhase Labs is exploring a reverse merger with a crypto-focused company - DevvStream to start a crypto treasury strategy with BTC/SOL/DEVVE ## PURCHASES/ADDED - Strategy added 6,220 BTC (607,770 BTC) - Sequans added 1,264 BTC (2,317 BTC) - ANAP added 584.9 BTC (814.14 BTC) - H100 Group added 258.22 BTC (628.22 BTC) - The Smarter Web Company added 225 BTC (1,825 BTC) - Semler Scientific added 175 BTC (5,021 BTC) - Cango added 147.1 BTC (4,387.1 BTC) - DigitalX added 74.7 BTC (499.8 BTC) - Bitmax added 43.8 BTC (444.05 BTC) - Bitdeer Technologies Group added 36.4 BTC (1,637.8 BTC) - Belgravia Hartford added 25 BTC (40.8 BTC) - Capital B added 22 BTC (1,955 BTC) - London BTC Company added 20.94 BTC (85.97 BTC) - Genius Group added 20 BTC (200 BTC) - Vaultz Capital added 20 BTC (70 BTC) - Sixty Six Capital Inc added 16 BTC (148.8 BTC in ETFs) - B Treasury Capital added 10 BTC (166 BTC) - Tractial added 9.77 BTC (25.03 BTC) - Vanadi Coffee added 4 BTC (78 BTC) - Planet Ventures Inc added 3.06 BTC (28.89 BTC) - Ace Digital added 1.2 BTC (9.26 BTC private) - Neptune Digital Assets added 1 BTC (405 BTC) - Pioneer AI Foundry added 0.92 BTC (2.07 BTC) - Hyper Bit added 0.35 BTC (0.7 BTC) ## FUTURE PURCHASES - Strategy announces $2.521 billion $STRC IPO - MARA Holdings announces $950 million of 0% Convertible Notes - Satsuma raises over £100m ($136 million) and opens third round for strategic US investors - Matador Technologies secures USD $100 million Financing Facility - Capital B announces a capital increase for an amount of ~€10.3 million ($12.1 million) - Coinsilium Group Forza! raised £5m ($6.7 million) through placing - Planet Ventures Inc to raise up to C$5 million ($3.7 million) through convertible debt - Crypto Blockchain Industries raised €3 million ($3.5 million) through off-market share block sales program - H100 Group raised SEK 14.1 million ($1.5 million) - Jetking board approves Preferential Equity Issue up to ₹11.50cr ($1.3 million) - Coinsilium Group Forza! raised £500k ($673k) through WRAP retail offer - Fragbite Group raised an additional 6m SEK ($630k) - DDC Enterprise Shelf Registration will allow up to $500 million of securities sales ## ADDITIONAL ANNOUNCEMENTS - H100 Group has been approved for trading on the Frankfurt Stock Exchange $GS9 - The Blockchain Group renames to Capital B - K Wave Media announces Investment and Strategic Partnership from Galaxy Digital - DMG Blockchain Solutions Announces Exploration of Digital Asset Treasury Strategy - Hut 8 advances Capital Strategy with DIFC License - Red Light Holland selects Arch Public for Bitcoin Purchases - DDC Enterprise Partners with QCP Group to Pioneer Next-Generation Bitcoin Treasury Management",Week 30 - Bitcoin Treasury Strategy Updates,BitcoinMarkets,46,7,NLNico,4131,690
2025-08-04,"Week 31 - Bitcoin Treasury Strategy Updates Week 31 - Bitcoin Treasury Strategy Updates July 28-Aug 2 saw 64 announcements - ~33.3k BTC - 3 new treasuries, ~71 BTC, including a gold miner with 20 BTC - 11 future treasuries announcements, ~$319m worth - 25 companies added 33,180 BTC - 10 plans to buy more BTC, up to $8.8 billion worth - 15 additional treasury-related disclosures ## NEW TREASURIES - Hamak Gold Limited started with 20 BTC - Profusa purchased started with $1m in BTC (8.5 BTC estimate) - DevvStream has started BTC/SOL treasury, funded by a $10 million tranche from its $300m convertible notes ## FUTURE NEW TREASURIES - ZOOZ Power announces Private Placement of $180 million - Bakkt Holding sold its Loyalty business and pivots to pure-play crypto, raised ~$75 million to buy BTC and other crypto. - Antelope Enterprise Holdings (AEHL) signs $50 million Strategic Financing Agreement - WebX International Holdings to raise HK$47.6m ($6 million) and use 90% ($5.5 million USD) for BTC - Robin Energy to allocate up to 50% of cash in BTC and initial $5 million - 3 E Network raised $2.2 million tranche of $7.4 million total through convertible notes to be partly used for BTC - Shortwave Life Sciences raised £250k ($333k) and will launch a Digital Asset Treasury strategy - Tilray Brands to invest in BTC and other crypto - Marti Technologies allocates 20% of Cash Reserves to Bitcoin - Pixelfox AB announces plans to allocate part of its surplus liquidity into BTC and other crypto - Valereum Plc to establish a Bitcoin treasury reserve ## PURCHASES/ADDED - Strategy added 21,021 BTC (628,791 BTC) - Twenty One added 6,284 BTC (43,514 BTC) - Coinbase added 2,509 BTC (11,776 BTC - Q2) - Metaplanet added 780 BTC (17,132 BTC) - Sequans added 755 BTC (3,072 BTC) - Empery Digital added 620.2 BTC (3,803.23 BTC) - The Smarter Web Company added 225 BTC (2,050 BTC) - Phoenix Group added 179 BTC (514 BTC - Q2) - Virtu Financial added 175 BTC (410 BTC - Q2) - Cango added 142.7 BTC (4,529.8 BTC) - Convano Inc added 85 BTC (164.93 BTC) - H100 Group added 74.37 BTC (702.6 BTC) - Capital B added 58 BTC (2,013 BTC) - Bitmax added 56.07 BTC (500.123 BTC) - Belgravia Hartford added 42.38 BTC (83.15 BTC) - ATAI added 42 BTC (100 BTC) - Bitdeer Technologies Group added 38.1 BTC (1,675.9 BTC) - RSXYZ added 31.05 BTC (50 BTC) - Crypto Blockchain Industries added 21.52 BTC (25.07 BTC) - ANAP added 16.98 BTC (831.12 BTC) - Coinsilium Group Forza! added 12.42 BTC (124.42 BTC) - K33 added 5 BTC (126 BTC) - Fragbite Group added 2.7 BTC (7 BTC) - Fold Holdings Inc added 2 BTC (1,492 BTC) - Digital Commodities added 1.86 BTC (10.56 BTC) ## FUTURE PURCHASES - Strategy announces $4.2 billion $STRC At-The-Market Program - Metaplanet announces up to 555 billion yen ($3.6 billion) perpetual preferred stock issuance - MARA Holdings successfully raised $950 million - The Smarter Web Company raised £19.7m ($26.1 million) - H100 Group raised SEK 109.19m ($11.2 million) - Convano Inc raised 1.5bn JPY ($10.1 million) - Vaultz Capital raised total of £6.3m ($8.2 million) via a subscription and placing - Belgravia Hartford Closes USD $5 million Convertible Debenture - Planet Ventures Inc increased convertible debt financing from C$5 million to C$6 million ($4.35 million) - Pri0r1ty Intelligence Group raised $1 million (to buy at least 4 BTC) ## ADDITIONAL ANNOUNCEMENTS - Méliuz announces Mason Foard as Director of Bitcoin Strategy - London BTC Company increased to 1,005 bitcoin miners - Canaan Inc, BTC miner, officially adopts crypto holding policy - Unitronix partners with BTC miner to be able to acquire up to 50% of miner production - Columbus Circle Capital Corp I changed ticker to $BRR in preparation of merger with ProCap BTC - Neptune Digital Assets listed on OTCQX $NPPTF - Digital Commodities appoints Nick St Louis as Bitcoin Strategist - Phoenix Group officially adopts Digital Asset Treasury Strategy as first in UAE - H100 Group live on Frankfurt Stock Exchange $GS9 - Capital B live with new tickers: $ALCPB and $CPTLF - Volcon renamed to Empery Digital, changes ticker from $VLCN to $EMPD - Crypto Blockchain Industries deal with SAFEbit to acquire up to 2,000 BTC by exchanging CBI shares for a discount - Vaultz Capital: Erik Benz has been appointed CEO, and a new Bitcoin Advisory Board has been formed. - Satsuma Technology appoints Jonathan Jachym, Kraken's Global Head of Policy, to its Board as Non-Executive Director. - Cel AI announces plans to delist from the LSE and move to the Aquis Stock Exchange (AQSE) to accelerate its Bitcoin treasury strategy",Week 31 - Bitcoin Treasury Strategy Updates,BitcoinMarkets,33,5,NLNico,4593,785
2025-08-11,"Week 32 - Bitcoin Treasury Strategy Updates Week 32 - Bitcoin Treasury Strategy Updates Aug 4-10 saw 53 announcements - ~5k BTC - 6 new treasuries launched with 1,039.79 BTC - 8 future treasuries announcements, ~$145m worth - 24 companies added 3,923 BTC - 7 plans to buy more BTC, many millions worth - 8 additional treasury-related disclosures ## NEW TREASURIES - Know Labs started with 1,000 BTC - Robin Energy started with $3 million in BTC (26 BTC estimate) - Unitronix Corp started with 5.5 BTC - Blue Star started with 4.64 BTC (50% ownership of SatoshiPay) - FRNT Financial started with 3.14 BTC - Medalist Diversified started with 0.51 BTC ## FUTURE NEW TREASURIES - Bitcoin Standard Treasury Company raises additional $65 million - Bakkt Holdings to acquire shares of Marusho Hotta; company to be renamed bitcoin.jp - ZOOZ Power closes $5 million private placement (of $180m) to invest 95% of it in BTC - Jeffs' Brands Targets up to $75 million in launch of AI-Driven Crypto Treasury - ECR Minerals (gold company) adopts a Bitcoin Treasury policy (50% of cash) - Goobit Group AB launches BTCX Bitcoin Treasury Strategy - BitBridge to go public this quarter as a pure Bitcoin treasury firm - Equillium Announces Strategic Expansion of Cryptocurrency Treasury Reserve Strategy ## PURCHASES/ADDED - Satsuma Technology added 1,097 BTC (1,125.85 BTC) - MARA added 639 BTC (50,639 BTC - July) - Metaplanet added 463 BTC (17,595 BTC) - Hut 8 added 403 BTC (10,667 BTC - Q2) - Empery Digital added 197.62 BTC (4,001 BTC) - Cipher Mining Inc added 156 BTC (1,219 BTC - July) - Cango added 149.1 BTC (4678.9 BTC) - Block added 108 BTC (8,692 BTC - Q2) - CleanSpark added 95 BTC (12,703 BTC) - Sequans added 85 BTC (3,157 BTC) - ANAP added 82.33 BTC (913.45 BTC) - Capital B added 62 BTC (2,075 BTC) - H100 Group added 60.6 BTC (763.2 BTC) - Coinsilium Group Forza! added 57.54 BTC (181.96 BTC) - The Smarter Web Company added 50 BTC (2,100 BTC) - Vaultz Capital added 47.85 BTC (117.85 BTC) - Bitdeer Technologies Group added 42.2 BTC (1,718.1 BTC) - Exodus Movement added 29 BTC (2,087 BTC - July) - Alliance Resource Partners added 28.84 BTC (541.39 BTC - Q2) - Canaan Inc added 27 BTC (1,511 BTC - July) - Digi Power X added 21 BTC (61 BTC - July) - Riot Platforms added 14 BTC (19,287 BTC - July) - Vanadi Coffee added 7 BTC (85 BTC) - Agile Media Network Inc added 0.58 BTC (2.25 BTC) ## FUTURE PURCHASES - Satsuma Technology closes £163.7M ($217.6 million) raise - The Smarter Web Company launches $21 million Bitcoin-denominated convertible bond, fully subscribed - Convano Inc releases plan to own 21,000 BTC by end of March 2027 and raised 2bn JPY ($13.54 million) to buy more BTC within August. - Capital B raised ~€11.5 million ($13.3 million) - The Smarter Web Company raised £8.1m ($10.75 million) - H100 Group raised SEK 21.2 million ($2.2 million) - Boostheat raised €250k ($291.3k) ## ADDITIONAL ANNOUNCEMENTS - ProCap BTC names Jeff Park as Chief Investment Officer. - Union Jack Oil and Reabold Resources plan to mine Bitcoin at West Newton using stranded gas via 360 Energy - Jetking Infotrain releases dashboard site - Murano appoints Eric Weiss to board to accelerate BTC purchases - K33 and Goobit Deepen Collaboration Around Bitcoin Strategy and Market Infrastructure - Universal Digital Appoints New CEO to Spearhead Strategic Vision - Know Labs to rename to USBC and focus as digital dollar - Mac House Co will rename to Gyet Co amid strategic diversification",Week 32 - Bitcoin Treasury Strategy Updates,BitcoinMarkets,31,9,NLNico,3484,606
2025-08-18,"Week 33 - Bitcoin Treasury Strategy Updates Week 33 - Bitcoin Treasury Strategy Updates Aug 11-17 saw 62 announcements - ~3.9k BTC - 2 new treasuries, including a cigarette company - 10 future treasuries announcements, ~$105m worth - 29 companies added 3,859.5 BTC - 12 plans to buy more BTC, $219m+ raised - 10 additional treasury-related disclosures ## NEW TREASURIES - LiveOne started with a ""multimillion-dollar position"" in BTC (17-80 BTC) - Harrys, a cigarette company, started with 0.15 BTC ## FUTURE NEW TREASURIES - VCI Global Limited to raise up to $51m, $20 million to be used to buy BTC - Top Win International raised $10 million to buy BTC - Jeffs' Brands raised $4.5 million out of $90m private placements ($75m to be used for crypto) - Mango Financial launches Digital Currency Strategy, initially focused on BTC - to be merged by Cayson - Amazing AI aims to be able to initiate bitcoin purchases before the end of August 2025 - LIXTE Biotechnology Holdings allow up to 25% allocation to Bitcoin and other crypto - 707 Cayman signs MOU to build crypto treasury reserve - Two Hands Corporation launched its Digital Asset Treasury and Trading Desk - Farmhouse, Inc. management is evaluating potential BTC treasury - IGC Pharma, Inc evaluating bitcoin treasury strategy ## PURCHASES/ADDED - American Bitcoin added 1,726 BTC (1,941 BTC) - Metaplanet added 518 BTC (18,113 BTC) - The Smarter Web Company added 295 BTC (2,395 BTC) - Bitfarms added 236 BTC (1,402 BTC - Q2)1 - Strategy added 155 BTC (628,956 BTC) - Cango added 143.5 BTC (4,822.3 BTC) - Capital B added 126 BTC (2,201 BTC) - DDC Enterprise added 120 BTC (488 BTC) - Linekong Interactive Group added 91.17 BTC (193.08 BTC) - ANAP added 86.6 BTC (1,000 BTC) - Remixpoint added 63.32 BTC (1,231.6 BTC) - Bitmax added 51.11 BTC (551.23 BTC) - Empery Digital added 50.9 BTC (4,051.9 BTC) - Bitdeer Technologies Group added 46.1 BTC (1,764.2 BTC) - H100 Group added 45.8 BTC (809.1 BTC) - B Treasury Capital added 21 BTC (187 BTC) - Digi Power X added 19 BTC (80 BTC) - Vaultz Capital added 17.15 BTC (135 BTC) - Sequans added 13 BTC (3,171 BTC) - Vanadi Coffee added 10 BTC (95 BTC) - Investview added 5.67 BTC (25.97 BTC - Q2) - Matador added 5 BTC (77.4 BTC) - OneMedNet added 5 BTC (15 BTC - Q2) - AgriFORCE added 3.47 BTC (6.8 BTC - Q2) - Fragbite Group added 2.5 BTC (9.5 BTC) - Kitabo Co added 1.66 BTC (3.32 BTC) - Boostheat added 1 BTC (3.45 BTC) - Agile Media Network added 0.55 BTC (3.53 BTC) - Canurta added 0.06 BTC (1.62 BTC - private) ## FUTURE PURCHASES - KindlyMD closes $200 million Convertible Note Offering - The Smarter Web Company raised £7.6m ($10.3 million) - B Treasury Capital to have up to 4\*21 = 84 BTC in additional convertible loans - H100 Group AB raised SEK 65.3 million ($6.8 million) - Goobit Group raised SEK 5 million ($0.5 million) through convertible loan in BTC and 12.8m SEK ($1.34 million) via First-Round Share Allocation - Norwegian Block Exchange raises 10.2m NOK ($1 million) via 4th put option - B Treasury Capital raised 4m SEK ($420k) - Digital Commodities to purchase C$50k ($36k) more BTC - Sequans announces targets 100,000 BTC by 2030 - Goobit Group's BTCX targets 210 BTC - EverGive targets $13m Bitcoin Reserve - Fragbite Group targets 100 BTC by the end of 2025 ## ADDITIONAL ANNOUNCEMENTS - Strategy announces legal name change from MicroStrategy Incorporated to Strategy Inc - Belgravia Hartford appoints Tim Kotzman as Strategic Advisor - H100 Group AB appoints Brian Brookshire as Head of Bitcoin Strategy - Belgravia Hartford begins trading on the OTCQB market: $BLGVF - Méliuz begins trading on the OTCQB market: $MLIZY - Aditxt's bitXbio will have Crypto.com as the custodian - Vaultz Capital PLC appoints Aleksander Nowak as Chief Operating Officer (COO) and Adam Vaziri to Bitcoin Advisory Board - Satsuma appoints Jonathan Jachym to the board - Know Labs renamed to USBC - Genius Group Seeks Dual Listing in Asia",Week 33 - Bitcoin Treasury Strategy Updates,BitcoinMarkets,28,3,NLNico,3947,688
2025-08-19,"Any news about balances on OTC desks (since early August)? For those who might not know, big institutions like Strategy and Blackrock buy their bitcoin 'over the counter' (OTC desks). Large trades such as these are NOT done on exchanges, and hence it doesn't affect the price. For eg, we recently heard about the [$9 billion sale of BTC]( without really moving the price on the exchanges at all. Experts can correct me if I'm wrong, but my understanding of how this works is as follows: these OTC desks connect large whales (buyers and sellers) and execute the trade using the price on the exchanges at the time of the trade. For eg if the price on the exchange is $120k, the OTC trade will be carried out at this price without really affecting the price on the exchanges at all. Now the question is, what happens when the OTC supply runs out, i.e. When there are no sellers left (at the current price). The balance on OTC desks has dropped sharply, about 75% from over 400,000 coins to just above 150,000 coins. Not all the coins on the exchanges are for sale. When the demand outstrips the supply, whales will have to buy on open exchanges. This will create a [supply shock]( (what everyone has been talking about for years). What will a supply shock look like? Well, there will be sudden increases in price, and with every new high (125k, 130k... 200k) we'll continue to see more and more sellers. The supply will never be zero, but the point is - the demand will be much much higher. I'm curious to know if anyone here has done more research on this, and can add or correct anything that I've written. I believe any further insight will benefit the community.",Any news about balances on OTC desks (since early August)?,BitcoinMarkets,16,7,New-Ad-9629,1663,301
2025-08-25,"Week 34 - Bitcoin Treasury Strategy Updates Week 34 - Bitcoin Treasury Strategy Updates Aug 18-24 saw 48 announcements - ~7.7k BTC - 4 new treasuries launched with 41.14 BTC - 16 future treasuries announcements, hundreds of millions worth - 14 companies added 7,704.54 BTC - 5 plans to buy more BTC - 9 additional treasury-related disclosures ## NEW TREASURIES - Mac House started with 17.51 BTC - Goobit Group (BTCX) started with 10.63 BTC - BOXABL started with 10 BTC (Q2) - The Crypto Company started with 3 BTC (and other crypto) ## FUTURE NEW TREASURIES - Amdax will launch AMBTS, a BTC treasury company targeting 210,000 BTC long-term - AMTD IDEA/AMTD Digital/TGE will make BTC/ETH/USDT an essential part of their $240 million liquid funds - BTC Development files S-1, plans to raise $227.6 million and start bitcoin treasury - Lib Work Co will purchase 500 million yen ($3.4 million) of BTC - Tangiamo Touch signs LOI for SEK 12M convertible loan + SEK 40M warrant facility - requires buying SEK 8M ($842k) Bitcoin reserve - Reborn Coffee is reviewing a digital asset treasury including BTC - TruSpine Technologies shareholders approve Bitcoin Treasury Policy - Asset Entities will hold a Sept 9 shareholder vote on its merger with Strive, PIPE financing, and rebrand to Strive, Inc. with new Nasdaq-listed shares. - ProPhase Labs filed its definitive proxy, Sept 9 vote will include proposals enabling its planned crypto treasury strategy including BTC - Everything Blockchain plans to make the most diversified blockchain treasury, including BTC - Antelope Enterprise Holdings signs Strategic Agreement with BitGo to Advance Bitcoin Strategy - Buccaneer Energy is exploring using gas production for Bitcoin mining, appointing Appold to advise regarding a potential future Bitcoin strategy - Mendell Helium's M3 unit to drill a low-cost methane well in Nebraska that could directly power Bitcoin mining, marking its pilot BTC energy project. - ECR Minerals appoints Perry Hothi as a specialist consultant adviser to advance Bitcoin Strategy - AirNet Technology appoints fintech/blockchain expert Raeez Lorgat as Strategic Advisor to help build its BTC/ETH treasury framework. - Phoenix Plus Corp closed its merger with Rhino Digital, a Bitcoin financial services firm with a BTC treasury strategy ## PURCHASES/ADDED - KindlyMD/Nakamoto added 5,743.91 BTC (5,764.91 BTC) - Metaplanet added 775 BTC (18,888 BTC) - Strategy added 430 BTC (629,376 BTC) - DDC Enterprise added 200 BTC (688 BTC) - Convano added 200 BTC (364.93 BTC) - Cango added 151.2 BTC (4,973.5 BTC) - H100 Group added 102.19 BTC (911.29 BTC) - Bitdeer Technologies Group added 54 BTC (1,818.2 BTC) - 3U Holding added 32 BTC (363 BTC) - ANAP added 6.26 BTC (1,006.31 BTC) - Quantum Solutions added 5.23 BTC (14.19 BTC) - Spetz Inc added 3.75 BTC (3.75 BTC - Q2 estimate) - Agile Media Network added 0.57 BTC (4.1 BTC) - LEEF Brands added 0.43 BTC (4.4 BTC) ## FUTURE PURCHASES - Ming Shing Group entered a Bitcoin Purchase Agreement for 4,250 BTC - LM Funding America raises $23 million to buy BTC - B Treasury Capital AB to raise up to 209M SEK ($21.9 million) to buy BTC - Planet Ventures raised C$6.4m ($4.63 million) to buy BTC - Capital B raised €2.2 million ($2.6 million) to buy BTC ## ADDITIONAL ANNOUNCEMENTS - Metaplanet included in FTSE Japan Index - The Smarter Web Company appoints Jesse Myers in a full-time role as Head of Bitcoin Strategy. - Convano plans to list on OTCQX - Top Win International renames to AsiaStrategy, accepting BTC for luxury watches - Bluebird Mining appoints Denis Rusinovich as VP of Finance and Operations, who has been active in the Bitcoin ecosystem since 2017. - VaultZ Capital appoints James Bowater as Global Head of Partnerships of the Company to advance Bitcoin mining and Treasury activities. - Empery Digital secures $25 million Credit Facility to fund share repurchases - Capital B appoints Romaric Tenant as Bitcoin Strategy Analyst and Florence Humblet as Legal Operations Manager - Nakamoto appoints Kevin Zhang as Head of Asia",Week 34 - Bitcoin Treasury Strategy Updates,BitcoinMarkets,24,3,NLNico,4054,669
2025-09-01,"Week 35 - Bitcoin Treasury Strategy Updates Aug 25-31 saw 49 announcements - ~5.3k BTC - 6 new treasuries launched with 866.77 BTC - 8 future treasuries announcements, $119+ million worth - 21 companies added 4,401.6 BTC - 8 plans to buy more BTC, billions worth - 6 additional treasury-related disclosures ## NEW TREASURIES - AirNet Technology started with 819.07 BTC - S-Science started with 30.74 BTC - BitStrat Holdings Limited started with 10 BTC - Red Light Holland started with ~3.1 BTC (in ETFs, estimate) - 333D Limited started with 2.02 BTC - Refine Group AB started with 1.84 BTC ## FUTURE NEW TREASURIES - CIMG Inc. to issue 220M shares ($55M) in exchange for 500 BTC - Bitplanet ( previous SGA Co) plans to start with $40 million in BTC and aims for 10,000 BTC - Amdax's AMBTS received 20m eur ($23.4 million) commitment to start BTC treasury - Nakiki SE evaluates corporate bond offering worth millions to buy BTC - Amazing AI raised £72k ($97k) to purchase BTC - Def Consulting: to start a Bitcoin treasury - Hyperscale Data up to $125 million ATM program to purchase BTC and keep mined BTC - Falconedge will use IPO proceeds to buy BTC ## PURCHASES/ADDED - Strategy added 3,081 BTC (632,457 BTC) - DDC Enterprise added 320 BTC (1,008 BTC) - Boyaa Interactive added 290 BTC (3,670 BTC) - LM Funding America added 164 BTC (311 BTC) - Cango added 153.3 BTC (5,126.8 BTC) - Metaplanet added 103 BTC (18,991 BTC) - Bitdeer Technologies Group added 89.2 BTC (1,907.4 BTC) - H100 Group added 46.22 BTC (957.5 BTC) - The Smarter Web Company added 45 BTC (2,440 BTC) - Remixpoint added 41.52 BTC (1,273.12 BTC) - Empery Digital added 29.1 BTC (4,081 BTC) - LiveOne added ~17.1 BTC (~34.2 BTC) - ANAP added 11.68 BTC (1,018 BTC) - Vanadi Coffee added 5 BTC (100 BTC) - Occams Advisory added 3.06 BTC (13.06 BTC - private) - Bitcoin Holding Sweden AB added 0.77 BTC (1.98 BTC - private) - Agile Media Network Inc added 0.59 BTC (4.69 BTC) - NameSilo Technologies added 0.55 BTC (8.52 BTC - H1) - Digital Commodities added 0.32 BTC (10.88 BTC) - KV Group added 0.1 BTC (1.22 BTC - private) - West Main Self Storage added 0.09 BTC (0.43 BTC - private) ## FUTURE PURCHASES - Kindly MD announces $5 billion ATM program - Metaplanet to raise up to $837 million through issuance of New International stocks - Sequans announces $200 million ATM program - RSXYZ to raise THB 187M ($5.8 million) - The Smarter Web Company raised £3.7m ($5 million) - Pioneer AI Foundry raised C$625k, 80% ($364k) to be used for BTC - B Treasury Capital AB raised 2m SEK ($211k) from warrant exercise - RSXYZ targets 3,333 BTC in 3 years ## ADDITIONAL ANNOUNCEMENTS - LQWD's Lightning Network Strategy shows strong initial Bitcoin Yield - Refine Group AB partners with K33 - Pri0r1ty Intelligence Group starts trading on OTCQB market - The Smarter Web Company Change of Auditor - Crypto Blockchain Industries invested $1.2 million in BTC mining to acquire more BTC - Autris Signs Term Sheet to Acquire Bitcoin Treasury Company",Week 35 - Bitcoin Treasury Strategy Updates,BitcoinMarkets,30,9,NLNico,3004,531
2025-09-06,"Week 36 - Bitcoin Treasury Strategy Updates Sep 1 - Sep 6 saw 47 announcements - ~9.8k BTC 🤯 - 3 new treasuries launched with 1,503.6 BTC - 6 future treasuries announcements, millions worth - 24 companies added 8,339.26 BTC - 6 plans to buy more BTC, $136.7m worth - 8 additional treasury-related disclosures ## NEW TREASURIES - Treasury started with 1,000 BTC (from $147m raise, will still go public) - CIMG Inc started with 500 BTC - Hyperscale Data started with 3.6 BTC ## FUTURE NEW TREASURIES - Universal Digital to acquire a 3.48% stake + up to 1.8M warrants in ReYuu, with an option for $100 million Bitcoin purchases as part of a joint treasury strategy in Japan. - Star Seeds Co to invest ¥1bn ($6.8 million) in BTC - InFocus Group Holdings to invest 2.5m AUD ($1.6 million) in BTC ETF - FiscalNote Holdings evaluating cryptocurrencies for its corporate treasury - Yoshiharu Global, a restaurant operator, preparing to implement a corporate Crypto Treasury strategy - Sadot Group engages Bitcoin Bancorp to develop Bitcoin Treasury Strategy ## PURCHASES/ADDED - Strategy added 4,048 BTC (636,505 BTC) - MARA added 1,838 BTC (52,477 BTC - August) - Metaplanet added 1,009 BTC (20,000 BTC) - American Bitcoin added 502 BTC (2,443 BTC) - Cipher Mining added 195 BTC (1,414 BTC - August) - Convano added 155 BTC (519.93 BTC) - Cango added 150.3 BTC (5,277.1 BTC) - CleanSpark added 124 BTC (12,827 BTC - August) - BitFuFu 115 BTC (1,899 BTC - August) - H100 Group added 47.16 BTC (1,004.56 BTC) - Sequans added 34 BTC (3,205 BTC) - Bitdeer Technologies Group added 27.5 BTC (1,934.9) - Satsuma Technology added 22.65 BTC (1,148.65 BTC) - Riot Platforms added 22 BTC (19,309 BTC - August) - DMG Blockchain Solutions added 17 BTC (324 BTC - August) - Abits Group added 13.12 BTC (15.7 BTC) - Méliuz added 9.01 BTC (604.69 BTC) - Digi Power X added 5 BTC (85 BTC) - FRNT Financial added 1.29 BTC (4.44 BTC) - Kitabo Co added 1.25 BTC (4.57 BTC) - Pioneer AI Foundry added 1.17 BTC (3.24 BTC) - Goobit Group's 'BTCX added 1.02 BTC (11.65 BTC) - Tractial added 0.7 BTC (25.73 BTC) - West Main Self Storage added 0.09 BTC (0.52 BTC - private) ## FUTURE PURCHASES - Metaplanet secures shareholder approval to raise up to ¥555bn ($3.8 billion) via preferred shares - S-Science expanded its Bitcoin investment limit from ¥500m to ¥9.6bn ($65.3 million) - The Smarter Web Company signed a subscription deal for 21M new shares, expected to raise about ~£24M ($32.4 million) as Shard places them into the market - Hyperscale Data intends to buy $20 million in Bitcoin through ATM - Convano to purchase an additional ¥2.5bn ($17 million) of BTC within Sep - Universal Digital announces up to $2 million brokered private placement ## ADDITIONAL ANNOUNCEMENTS - Sora Ventures launches $1bn Bitcoin treasury fund - American Bitcoin debuts on Nasdaq as $ABTC - DDC Enterprise Strengthens Crypto Treasury Capabilities with Gemini - Empery Digital repurchased ~1m shares - Sequans announces ADS Ratio Change - DV8 appoints Jason Fang as CEO - The Smarter Web Company appoints Albert Soleiman as CFO and Strand Hanson as Corporate Adviser - Treasury aqcuired Bitcoin Amsterdam conference",Week 36 - Bitcoin Treasury Strategy Updates,BitcoinMarkets,26,5,NLNico,3172,544
2025-10-07,"10 years ago I made these threads about buying 85 Bitcoin with my $20k student line of credit instead of going to College and everyone ridiculed me. It worked out for me back then but here’s why I wouldn’t recommend buying btc on credit today. Here's some threads from 10 years ago about me buying 85 btc on my $20k student line of credit instead of going to college: 1. [ 2. [ 3. [ 4. [ there was more threads but lots of them got removed by mods and I got banned from some subs as well, that's how much people were against this back then. I'm seeing a lot of posts lately from people asking about buying Bitcoin on credit. In 2015 when I just turned 18 I bought 85 Bitcoin @ around 235 each with a $20k student line of credit. Instead of going to college I used that money to buy Bitcoin and when i talked about it back then everyone said I was an idiot for doing it. But it worked out great because bitcoin was still a nascent technology at the time. Along with holding my initial position I doubled down many times and greatly grew my stack. The problem with buying Bitcoin on credit these days is that the free market alone no longer really determines the price of btc and you are leaving yourself open to being wiped out by a financial entities manipulation. There are lots of government, corporate and central bank games being played with Bitcoin today. In the early bitcoin days things happened organically, it was simple supply and demand that caused the btc price to go up and down. There was also the fact it was a new technology and even if there wasn't demand for btc at some points back then you could still say you believe in the tech and if the tech was solid it would pay off down the line and bitcoin will go mainstream resulting in the btc price exploding. Well that dream was realized and Bitcoin went mainstream. But the fact that bitcoin is mainstream now also means it has achieved deeper integration with financial institutions and the government. These entities are now manipulating the price of bitcoin like they did with traditional assets. Bitcoin can now have a manufactured downtrend in price caused by these financial institutions. Let's say you buy bitcoin on credit one day, you could be wiped out and lose everything not because of organic sell pressure but because of government/tradfi manipulation pushing the price down. This wasn't a problem back then but it is now. They have enough money to decide when btc pumps and when it dumps because they literally print fiat and unfortunately many in the space today only care about btc going up so they can dump it for fiat. This plays directly into the hands of the financial institutions and central banks. These are the entities that cause recessions, maybe they create another one once you buy on credit and you get wiped out that way. So these days it could be better to buy btc with your own money instead of on credit, so even if there is a downtrend you can still keep your btc and ride it to $1m per coin instead of having to sell it in a downtrend to pay off your credit resulting in you missing gains. Also 10 years ago when Bitcoin was $200 each the marketcap was 3 billion, today the Bitcoin marketcap is 2.4 trillion. Almost 1000x bigger. Orders of magnitude of more money needs to be put into bitcoin today to move it the exact same percentage as back then. in 2015 if btc marketcap went up another 3 billion that would double the price. Today for the price to double another 2.4 Trillion needs to be added to the marketcap. Of course literally $2.4 T dollars don't need to be injected but you get what I'm saying, we're on a bigger scale now and it takes much more to move the price. We aren't seeing frequent 40% daily pumps and weekly 10x increase in price anymore for a reason. For clarification I still think btc is going to $1m per bitcoin, so of course if you time your credit buys properly you'll come out ahead but do you really think you can time it? The risk of getting caught in a downturn is really big and that could wipe you out. And sorry if this seemed like a doomer post, I don't want this to be taken as a bearish post because I'm still super bullish on Bitcoin and always have been. I just think the central banks are now greatly manipulating bitcoin and wiping people out so they can get even more of peoples bitcoin and control the supply as much as possible. This is all a big plan by them to manipulate Bitcoin like they do everything else, they don't want people owning btc they want it all for themselves. A lot of these ETFs, btc treasuries and other recent tradfi integrations of bitcoin will be used by the government to control the supply of Bitcoin. And even though I say the risk of buying credit on bitcoin is huge today and I wouldn't recommend it some part of me still wants to beat this government and tradfi trash that is trying to corrupt Bitcoin lol. I think I can beat them at their own game so I still have some credit btc positions open. I'm happy I was able to use the tradfi system against them back then and use their credit to purchase real currency btc. That's really the moral in all this, going against fiat and doing your best to make Bitcoin prevail.",10 years ago I made these threads about buying 85 Bitcoin with my $20k student line of credit instead of going to College and everyone ridiculed me. It worked out for me back then but here’s why I wouldn’t recommend buying btc on credit today.,BitcoinMarkets,0,9,KidEliteTrader,5197,966
2025-11-01,Bitcoin’s Silent IPO: Why This Consolidation Isn’t What You Think,Bitcoin’s Silent IPO: Why This Consolidation Isn’t What You Think,BitcoinMarkets,42,35,jarederaj,65,10
2025-11-11,"Cryptocurrency futures contracts and the price of Bitcoin I'm not sure if the price of Bitcoin futures is determined mainly by the current spot price of Bitcoin, or if it can also work the other way around — where the futures market itself influences Bitcoin’s price movements. How strong is this relationship, and can activity in one market significantly impact the other?",Cryptocurrency futures contracts and the price of Bitcoin,BitcoinMarkets,3,4,Fine-Extension6289,373,62
2025-11-14,"3 reasons bitcoin is on the brink of wiping out its gains for the year *From Business Insider's Jennifer Sor:* It's been a tough month for bitcoin investors. The OG cryptocurrency officially entered a bear market at the beginning of this month, with the token's price down 22% since reaching a peak of around $126,000 in early October. After being up as much as 35% year-to-date, the latest tumble has whittled that gain down to less than 4% on Friday. The sell-off accelerated this week. Bitcoin dropped as low as $94,700 on Friday, the lowest the crypto has traded in about six months. Waning liquidity, this week's tech sell-off, and rumored selling from Strategy were adding pressure. Bitcoin has been hurt amid a broader sell-off in risk assets, with tech stocks in particular getting hit hard as investors fret over high valuations. Outflows from spot bitcoin ETFs hit $866.7 million on Thursday, according to data from CoinGlass, the worst outflow bitcoin funds have seen since early August. ""In some ways, Bitcoin was a leading indicator for risk,"" David Nicholas, the CEO of XFUNDS, wrote in a note this week, pointing to recent concerns among investors about valuations in the stock market. ""I think it's the perfect recipe for Bitcoin price weakness,"" he added. Bitcoin's liquidity has also dropped off over the last month, a possible reason the crypto's price has seen more volatility. Bitcoin's market depth, a measure of how resistant its price is to volatility stemming from large trades, dropped from around $766 million in early October $535.2 million as of this week, according to the crypto analytics firm Kaiko. The sell-off picked up steam on Friday as Michael Saylor, the founder of Strategy and one of bitcoin's biggest cheerleaders over the years, fended off online rumors that his crypto treasury dumped some of its bitcoin holdings. ""I think the volatility comes with the territory,"" Saylor said of the latest sell-off. [Read the full story on why Bitcoin might wipe out its gains for the year here.](",3 reasons bitcoin is on the brink of wiping out its gains for the year,BitcoinMarkets,10,23,businessinsider,2027,338
2025-11-17,"THEORETICAL perfect buy times # Cycle-by-Cycle: Maximal Theoretical Entry Points Below are the approximate *perfect* entry points (only one per cycle), chosen strictly based on actual market history: # Cycle 1 → Peak in 2013 * Halving: Nov 2012 * Ideal buy: Nov–Dec 2011 (\~$2–$3) * Peak: Nov 2013 (\~$1,100) Return: \~400x to 550x (Yes, early Bitcoin was insane.) # Cycle 2 → Peak in 2017 * Halving: July 2016 * Ideal buy: Jan 2015 (\~$150) * Peak: Dec 2017 (\~$20,000) Return: \~130x # Cycle 3 → Peak in 2021 * Halving: May 2020 * Ideal buy: Dec 2018 (\~$3,200) * Peak: Nov 2021 (\~$69,000) Return: \~21x # Cycle 4 → Peak expected 2025 (historical pattern) * Halving: April 2024 * Ideal buy: Nov 2022 (\~$15,500) * Peak: TBD (Historically 12–18 months after halving → mid/late 2025) Return so far: \~4x from lows (as of 2025) # 🧠 The Pattern Is Shockingly Consistent Historical optimal entries always land roughly here: # The theoretical optimal buy each cycle = \~18 months after the previous peak AND \~12–18 months before the next halving.\*\* This is because: * Post-peak capitulation wipes out excess leverage * Miners sell heavily before block rewards are cut * Market boredom = best valuations * Liquidity is lowest = best prices",THEORETICAL perfect buy times,BitcoinMarkets,0,15,ObjectivistAlpha,1238,213
2025-11-21,"Bitcoin next peak (2029) Previous All-Time High was $20k (2017) The next All-Time High was $70k (2021) That's 3.5x This cycles All-Time high was $126k (2025) That's like 1.7x or so? Next peak: $200k October 2029 I hereby Predict $199k Bitcoin in October 2029 Actual gains can be much larger. I expect it to fall as far as $50k in January 2027. So if you buy at around $50k, then hold 3 years and sell at $200k, that's pretty good gains. The party isn't over if you put big money in.",Bitcoin next peak (2029),BitcoinMarkets,3,36,ObjectivistAlpha,482,91
2025-12-02,"Bitcoin just survived another Market Manipulation Monday Early Warning Signs: •""China bans Bitcoin"" — the crypto world's ""Groundhog Day"" rerun • Satoshi-era Bitcoin wallets show activity • A major whale offloads large holdings before market open • Media/FUD cycle kicks in: quantum computing ""threatens"" Bitcoin, exchange hacks, recycled fear narratives from the usual suspects During the Dip: •Markets open 5–10% down • Hundreds of billions in USDT (and other stablecoins) shift between exchanges • USDT Treasury mints billions, while only a few hundred dollars worth gets burned Recovery: •A few days later, markets rebound — often by Friday close • Thousands of Bitcoin move off exchanges (accumulation signal) Do you think I'm writing BS? or this is what happens again, again, again Don't Feed the whales.",Bitcoin just survived another Market Manipulation Monday,BitcoinMarkets,26,25,AcostaJA,809,126
2025-12-05,"An unpopular truth: there are no actual ""cycles"" Please read before challenge the headline . . The notion of predictable ""cycles"" in Bitcoin's price is a persistent misconception. Unlike commodities or equities—where supply and demand respond to external factors like geopolitics, weather, or industrial output—Bitcoin follows a different economic logic. . Bitcoin is not a manufactured good nor a traditional commodity. Its supply is algorithmically fixed: only 21 million will ever exist, and its issuance rate (mining reward) adjusts solely through predetermined halvings, which reduce new supply at regular intervals. This makes Bitcoin's supply perfectly inelastic—unaffected by miner count, network activity, or global economic conditions. . What truly drives Bitcoin's price is adoption, currently fueled largely by its role as a speculative asset rather than a medium of exchange. Its value is shaped primarily by four factors: the halving mechanism, adoption curves, fiat money supply expansion, and regulatory developments. Other macroeconomic variables—such as oil prices or real estate markets—affect Bitcoin only indirectly, in much the same way they influence fiat currencies like the dollar or yen. The key difference is Bitcoin’s absolute scarcity, which may one day position it as a benchmark for global value. . Large holders (""whales"") understand this deeply. Their objective is not to control Bitcoin's protocol—which remains decentralized—but to accumulate enough of its limited supply to exert influence over future economic leverage. Retail investors, meanwhile, often behave like a school of fish: moving on collective instinct rather than independent analysis. Much like humpback whales using bubble nets to herd prey, major players can orchestrate market narratives through timed campaigns, influencer messaging, and capitalizing on periods of market vulnerability—such as holidays or low-liquidity events—to artificially depress prices. The billions they deploy to buy during these engineered dips represent the whale's open mouth; the losses absorbed by unprepared traders are the inevitable result. . When you filter out the market noise created by these tactics, Bitcoin’s underlying trajectory becomes clearer. This is why maximalists advocate a simple strategy: ignore short-term signals, avoid timing the market, and consistently accumulate during dips. Regardless of whether the price is $1 or $20 million per bitcoin, disciplined accumulation remains the most reliable way to participate in its long-term appreciation—without falling prey to the whales' games. Your inputs are appreciated","An unpopular truth: there are no actual ""cycles""",BitcoinMarkets,0,27,AcostaJA,2623,377
2025-12-09,"Bitcoin Looks Strong, but Interest Is Dropping. I’ve spent the last few weeks digging into Bitcoin’s performance, the macro trends behind the big moves, and a ton of alternative data that shows how public interest is changing. Here’s what I found. 1. Bitcoin’s last two years were wild. We went from the post-FTX depression to new highs above $126k, then back down into the mid-$80k range. Even with the big pullback, the long term move is still incredibly strong. 2. The rally was mostly driven by three (maybe four) things: * Spot Bitcoin ETFs in the United States finally going live * The 2024 halving and the predictable scarcity narrative * Expectations for lower interest rates and a friendlier macro backdrop * The new US administration is, in lack of a better word, more crypto-friendly than the former administration 3. The hedge debate is more complicated than people make it. After digging into studies and price behavior, my takeaway is this: Bitcoin can hedge long term debasement because of its fixed supply, but it does not behave like a short term hedge against the dollar. Money supply has been rising lately, but bitcoin hasn't followed. When markets de-risk, Bitcoin usually sells off in the same direction as tech stocks. Bitcoin might still protect you from a long term weak dollar, but not from short term risk-off / volatility. 4. The alternative data surprised me. Interest is cooling. This is the part I didn’t expect to be so obvious: * Google searches for “Bitcoin” are down nearly 50 percent YoY * subreddit growth has slowed to just 1 percent in the last 3 months * Bitcoin’s Wikipedia views dropped from \~10k per day to \~4k * Sentiment across crypto forums is turning bearish It feels like excitement has cooled even though the price is still up massively over two years. 5. What I’m watching next: • ETF inflows or outflows • The Fed’s approach to rates • Whether search interest and community momentum pick back up • Any regulatory shifts, especially since the Trump administration has historically been more pro-crypto My personal take: Bitcoin still makes sense as a long term asset with a fixed supply and global adoption. But in the short run it behaves like a high beta macro trade, not a clean hedge. The data shows retail attention is fading, which might mean we are in the middle of a cooling phase rather than a new explosive rally. Curious to hear what others think. Does this align with your view, or are you seeing something different?","Bitcoin Looks Strong, but Interest Is Dropping.",BitcoinMarkets,15,37,MoonMyWay,2481,428
2025-12-12,"Bitcoin used to need a price of $380k to match golds market cap, now it needs a price of $1.4 million. Gold has always been a valuation benchmark for bitcoin because bitcoin is digital sound money where gold is analog sound money. The main reasoning for this is the fact the digital version of something is always more valuable than the analog version, so seeing bitcoins market cap match golds one day is a conservative assumption. Back in 2020 golds market cap was around $8 trillion requiring the bitcoin price to reach $380k to match golds value. This was always seen as a conservative expectation. However golds market cap has risen from $8 trillion in 2020 to $30 trillion today meaning bitcoin now needs to be worth $1.43 million just to meet the same conservative valuation estimates we had for gold vs bitcoin in 2020. People think the conservative valuation estimates we used 5 years ago still hold true, but the base case estimate for bitcoins price has gone from $380k to $1.4 million over the last few years just because golds market cap has risen in dollar terms. $1.5 million used to be seen as the highest valuation possisble, now it is the conservative base case with even higher prices likely.","Bitcoin used to need a price of $380k to match golds market cap, now it needs a price of $1.4 million.",BitcoinMarkets,70,69,slvbtc,1211,212
2025-12-14,"5th Annual ""Guess the Low"" contest It's the 5th Annual ""Guess the Low"" contest. Here are the rules: 1. The time window is 01 Jan 2026 00:00:00 UTC to 22 Dec 2026 00:00:00 UTC. 2. What is your guess for the lowest price during that window? (Price is in US$, and comes from Coinbase.) 3. You get one guess. 4. Guesses must be messaged to me, NOT sent as a reply to this post. 5. Guesses must be in $100 increments, in round $100 amounts (i.e. $77700, $87600, etc.). Your guess must end with two zeros. 6. Included with your guess must be the instruction ""higher"" or ""lower"". If your guess has already been entered, your guess will be moved to the next available slot, higher or lower, based on your instruction. (If you guess $85300, but $85300 is already taken, I will move your guess to the next available slot, based on your ""higher or lower"".) 7. Guesses will be accepted until 22 Dec 2025 00:00:00 UTC. 8. You must submit an actual number, not ""Whatever the open is on 1 Jan"". 9. I reserve the right to toss your entry if you're a pain in the ass. Rules 4, 5, and 6 are not guidelines, not suggestions. They are rules. The person with the closest guess will get their choice of 0.0005 BTC or $50 worth of BTC at the price at the close of the contest. Once all the entries are in, I will post the guesses here. I will include my guess as well.","5th Annual ""Guess the Low"" contest",BitcoinMarkets,19,24,imissusenet,1345,258
2025-12-19,"Benjamin Cowen Track Record Ben’s calling a BTC bear market based on the 4yr cycle and the 50-week MA cross. He says that it's likely an October 2025 - October 2026 bear market. Is his analysis actually credible, does anyone know what his track record is on predictions as I'm new to this space? Everyone would like a supercycle but his analysis seems pretty realistic.",Benjamin Cowen Track Record,BitcoinMarkets,1,36,sirensoflove,369,65
2025-12-26,Bitcoin Feels “Dead”… But It’s Just Stuck in a Range,Bitcoin Feels “Dead”… But It’s Just Stuck in a Range,btc,0,15,ROUCHBEN,52,10
2025-12-26,"How will we start 2026? Wall Street is celebrating the Christmas rally: stocks are soaring like rockets. 🧊 #Bitcoin, on the other hand, remains stagnant around $88,000, hibernating as if it were in the middle of the Northern Hemisphere winter. Santa came loaded with gifts for the traditional markets… but not a single tamale for cryptocurrencies? Who's getting to be the star of Christmas this year?",How will we start 2026?,btc,141,171,Sufficient_Fuel5269,400,66
2025-12-26,"Gold Hits a 50-Year Monetary Ceiling While Bitcoin Tests a Key Cycle Support This isn’t a price prediction, just an observation about how gold and bitcoin are behaving relative to the money supply at very different points in their respective cycles. Gold Is Testing a 50-Year Ceiling While Bitcoin Tests Its Cycle Floor When gold is measured against the U.S. money supply, it’s back at a level that historically marked major turning points. This ratio was last seen in 2011 and before that in the early 1970s, just ahead of gold’s explosive multi-year run. Today, gold has rallied about 70% this year and is pressing against that same long-term ceiling again. At the same time, bitcoin is moving in the opposite direction, retracing toward a key support level near the April “tariff tantrum” low, which also aligns with the prior cycle high from March 2024. This isn’t a simple risk-on or risk-off signal. It shows gold being treated as the ultimate monetary hedge, while #bitcoin is still working through its cycle structure. Historically, bitcoin has lagged at moments like this before reasserting itself relative to money supply. Two assets tied to debasement. Two very different moments in the cycle.",Gold Hits a 50-Year Monetary Ceiling While Bitcoin Tests a Key Cycle Support,btc,0,13,Mission-Stomach-3751,1204,199
2025-12-26,"The VOLUME speakes volumes, how can anyone can think BTC price is natural and rational? Doesn't matter if people are buying or selling. No one is talking about BTC, and volume is miles above levels it's has ever been before. People saying ""this time it's different"" is most likely right. It is different. Ever since Trump became President in January 2025, the volume has skyrocketed, and the price action has been hard spiking up and down, liquidating shorts and longs over and over again. 4 year cycle may actually be dead, because the volume in those days would be just be a small percentage of what we're having now that ETFs are involved, and market makers can ""illegally"" print bitcoin. There is no way the price isn't being suppressed and heavily manipulated. I applaud anyone who's confidently figured out how the trading algorithm operates here, congratulations on making millions!","The VOLUME speakes volumes, how can anyone can think BTC price is natural and rational?",btc,46,51,gekinz,889,149
2025-12-26,"CashStamps, BCH, and the Reality of On-the-Ground Onboarding Cashstamps provide one of the best onboarding tools on the BCH ecosystem where users load vouchers with *""Bitcoin Cash and give them to family, friends, partners, etc, to get them started in the universe. This is so essential that people can get BCH than get explained how that works while get introduced in the ecosystem.","CashStamps, BCH, and the Reality of On-the-Ground Onboarding",btc,13,0,alberdioni8406_,383,63
2025-12-27,"BCH has BTC's Scarcity (but better, we have a sustainable security model), ETH's programmability (but better, UTXO actually scales), and Zcash's Privacy (but better, we can host ANY privacy technique using smart contract logic)","BCH has BTC's Scarcity (but better, we have a sustainable security model), ETH's programmability (but better, UTXO actually scales), and Zcash's Privacy (but better, we can host ANY privacy technique using smart contract logic)",btc,25,82,AD1AD,227,34
2025-12-27,What’s your 2026 July 1st btc prediction?,What’s your 2026 July 1st btc prediction?,btc,0,11,L6V9,41,7
2025-12-27,"Reflections on 2025: My Year with Bitcoin Cash and Why Your Support Matters for 2026 I want to share a few honest reflections about my 2025 working with Bitcoin Cash — not as a report, but from the ground level. A lot of the work never becomes a post or announcement. Most days are spent explaining BCH from scratch, testing tools in real conditions, helping first-time users make their first transaction, or adding context where discussions go nowhere. Read more in the [article](",Reflections on 2025: My Year with Bitcoin Cash and Why Your Support Matters for 2026,btc,15,0,alberdioni8406_,481,83
2025-12-27,"What's your hedge? During the fall of crypto prices after 10/10, in late November, I bought a silver bullion ETF to make up 5% of my portfolio to then 7% of my Bitcoin portfolio holdings. Now, due to market price action, my silver ETF is 10% of my portfolio while my Bitcoin portfolio dropped to 6%. Glad I hedged to make this bear market, well..., more ""bearable"" (excuse the pun). What's your hedge to make this bear market more tolerable?",What's your hedge?,btc,1,29,Background-Day-4957,441,80
2025-12-27,Obbiettivo un btc,Obbiettivo un btc,btc,0,1,,17,3
2025-12-27,"The Bitcoin Dream Just Collided with Math # Why the world’s most famous asset now faces a hard ceiling, fading speculation, and an 80% chance of long-term irrelevance.",The Bitcoin Dream Just Collided with Math,btc,0,4,Additional_Cash_3357,167,28
2025-12-27,"Genuine Bitcoin Value Prop Question How do ya’ll see BTC shaping the future. 1. The US dollar & other centralized currencies switch from fiat to being backed by btc. This means i can still pay in cash places, but the true store of value is btc. 2. The dollar as we know it is gone. Transactions via btc become so cheap everyone is just a suite of “btc credit cards”. Basically an insured, centralized system is built atop btc (or maybe a stablecoin), and normies can use that for everyday payments. 3. Something else? Thoughts? I’m wondering what the future looks like.",Genuine Bitcoin Value Prop Question,btc,0,41,jpbuilds,569,102
2025-12-27,"For an Open Source project, the Bitcoin community is too gated a community where even a little deviation from the herd is not allowed.","For an Open Source project, the Bitcoin community is too gated a community where even a little deviation from the herd is not allowed.",btc,10,45,Icy_Annual_9954,134,24
2025-12-28,Desktop wallet for Bitcoin Cash - is Cashonize safe to use? Could something like this contain malware? Sorry for my ignorance.,Desktop wallet for Bitcoin Cash - is Cashonize safe to use?,btc,8,9,OopsThereGoesGrav1ty,126,21
2025-12-28,"Russia, US Talk Bitcoin Mining at Zaporizhzhia Plant","Russia, US Talk Bitcoin Mining at Zaporizhzhia Plant",btc,0,3,2smart2gentle,52,8
2025-12-28,BlackRock Sells $192.6M in Bitcoin — Market Impact Incoming?,BlackRock Sells $192.6M in Bitcoin — Market Impact Incoming? 💎📉,btc,0,31,Mission-Stomach-3751,60,9
2025-12-28,January Points of Interest — BTC Context From December,January Points of Interest — BTC Context From December,btc,0,0,Epiclovesnature,54,9
2025-12-28,Satoshi's wallet has lost over $42B since the ATH. Birth of Bitcoin releases in a week. Preorder your copy with Bitcoin.,Satoshi's wallet has lost over $42B since the ATH.,btc,0,9,birth_of_bitcoin,120,21
2025-12-28,Crypto What is going on here??? ETH buying at 94% BTC buying at 44% Anyone know what’s going on???,Crypto,btc,0,12,Tricky-Leadership607,98,19
2025-12-28,"US spot ETF flow update for Dec 26, 2025: big red day. Bitcoin spot ETFs had -$275.88M in outflows and Ethereum spot ETFs had -$38.70M outflows. Everything else listed showed zero flow. Total net outflow was -$314.58M. What stands out is the scale: BTC ETFs sold an amount roughly equal to","US spot ETF flow update for Dec 26, 2025: big red day. Bitcoin spot ETFs had -$275.88M in outflows and Ethereum spot ETFs had -$38.70M outflows. Everything else listed showed zero flow. Total net outflow was -$314.58M. What stands out is the scale: BTC ETFs sold an amount roughly equal to",btc,0,2,Successful-Program99,289,51
2025-12-28,Bitcoin on holidays !,Bitcoin on holidays !,btc,0,0,rmaurisset17,21,4
2025-12-28,These communities only serve the purpose of sickening you. I joined some BTC communities thinking something productive/smart would get in my feed but instead all I get are FOMO posts and Ai-written garbage posted by scammers. It's almost like 98% of posts here are from insecure BTC holders that needs to get validation in order for them to keep holding. ''Look at these funny lines I drew in a graph that shows bitcoinrino is going to moonrino in two millisecondrinos !!!'' Lmao If you value your sanity stop following BTC-related community and just believe in your balls for once,These communities only serve the purpose of sickening you.,btc,21,8,Jueyuan_WW,581,99
2025-12-28,Who is behind Satoshi Nakamoto? My book about Satoshi Nakamoto comes out next week. You can buy it with bitcoin.,Who is behind Satoshi Nakamoto?,btc,0,17,birth_of_bitcoin,112,20
2025-12-28,"Bhutan, the Himalayan kingdom renowned for its Buddhist monasteries and rich culture, has secretly become the world’s fourth-largest holder of bitcoin.","Bhutan, the Himalayan kingdom renowned for its Buddhist monasteries and rich culture, has secretly become the world’s fourth-largest holder of bitcoin.",btc,154,40,birth_of_bitcoin,151,21
2025-12-28,"$BTC stuck in the ""Chop Zone"" and Fighting to Hold $80-84K Institutional Floor","$BTC stuck in the ""Chop Zone"" and Fighting to Hold $80-84K Institutional Floor",btc,0,0,AnywhereBig9070,78,13
2025-12-29,Me after spending my last $ on BTC for the year!,Me after spending my last $ on BTC for the year!,btc,19,7,Electrical-Cat-6660,48,11
2025-12-29,GoMining App - Earning BTC with sound advice and strong community,GoMining App - Earning BTC with sound advice and strong community,btc,0,0,MikeDooset,65,11
2025-12-29,"Is it just me, or are high fees making BTC feel more like a bank account than a currency lately? I’ve been holding through the 2025 volatility, but every time I try to move some funds or use it, the fees remind me why the ""Peer-to-Peer Electronic Cash"" vision matters so much. Anyone else shifting their focus more toward utility than just the ETF price action?","Is it just me, or are high fees making BTC feel more like a bank account than a currency lately?",btc,20,155,Crypto-Voice-Pro,361,66
2025-12-29,Bitcoin 2026 yearly candle will be?,Bitcoin 2026 yearly candle will be?,btc,0,0,Beginning-County2258,35,6
2025-12-29,The History of Loops of Bitcoin (GP Shorts),The History of Loops of Bitcoin (GP Shorts),btc,10,2,GeneralProtocols,43,8
2025-12-29,"If #BTC really runs to $250K in 2026, the “XRP upside case” people are pushing is basically this: XRP held up better than many alts in 2025, Ripple is building real financial infrastructure, and the SEC cloud is finally gone. A few articles making the rounds claim the broader altcoin mark","If #BTC really runs to $250K in 2026, the “XRP upside case” people are pushing is basically this: XRP held up better than many alts in 2025, Ripple is building real financial infrastructure, and the SEC cloud is finally gone. A few articles making the rounds claim the broader altcoin mark",btc,0,4,Successful-Program99,289,51
2025-12-29,How do yall feel about the btc stock that matches bitcoin? Theres literally a stock called btc that matches bitcoins movement EXACTLY. even called btc. On robinhood. I want to invest in this thing. Maybe its safer?,How do yall feel about the btc stock that matches bitcoin?,btc,0,17,ethe_ze,214,37
2025-12-29,"realizing a btc loss without changing your position sounds easy… here’s what’s actually going on let’s say you bought 1 bitcoin at $126k. price drops to $89k. on paper you’re down $37k, but that loss usually isn’t usable for taxes until you sell (most people aren’t on special mark-to-market setups). so you sell your 1 btc at $89k. now the loss is realized. then you buy 1 btc back right after. you end up holding the same amount of bitcoin again, but you’ve locked in a capital loss that might reduce your tax bill (depending on where you live). your cost basis also resets to the new buy price, and your holding period clock restarts. this is basically tax loss harvesting. the key idea: your market exposure can stay similar, while your cost basis resets to the lower price. but it’s not a cheat code. first, rules depend on your country. some places have rules that block the “sell and instantly rebuy” move (like 30-day matching / superficial loss style rules). in the us, people often say crypto isn’t covered by wash sale rules right now, but laws can change and your situation can be different. second, trading friction is real. two trades means fees, spread, and slippage. if the market is moving fast, you can get a worse fill and accidentally lose more than you planned. third, losses only help if they offset gains or reduce taxable income in a useful way (and in some places there are caps, with carryforwards). otherwise you’re just creating paperwork. if you’re thinking about doing this, treat it like tax planning, not trading. also keep clean records, because it gets messy fast. i use awaken tax for this kind of thing mainly to sanity-check realized gains/losses by year and make sure the lots + cost basis didn’t get mangled after the rebuy. anyone here actually done this with btc and had it work out cleanly?",realizing a btc loss without changing your position sounds easy… here’s what’s actually going on,btc,2,7,Gullible-Tale9114,1832,322
2025-12-29,BTC TO XMR SWAP ON CAKE,BTC TO XMR SWAP ON CAKE,btc,1,3,Traditional_Hat_3584,23,6
2025-12-29,"Feb 21, 2026 – CHAPA BCH Meetup: Students Get Their First Real BCH Experience! On Feb 21, we’re hosting the CHAPA BCH Meetup – a fun, hands-on introduction to Bitcoin Cash for students and enthusiasts. Thanks to Cashstamps, participants will get free stamps and make their first real BCH transactions. A simple, practical way to see crypto in action! [Support BCH and help onboard new users]( Also announced on [X]( Come see students experience crypto firsthand and help BCH grow!","Feb 21, 2026 – CHAPA BCH Meetup: Students Get Their First Real BCH Experience!",btc,20,3,alberdioni8406_,480,80
2025-12-30,Buying Btc with 500$,Buying Btc with 500$,btc,0,5,Embarrassed_Rough245,20,4
2025-12-30,"Supply and Demand Drive Prices and Decisions, BUT… The price of chicken should be soooo cheap. Chicken is EVERYWHERE, ALL THE TIME. There’s chicken nuggets, chicken strips, chicken wings, chicken thighs, baked chicken, broasted chicken, fried chicken, chicken teriyaki, bbq chicken, chicken drum sticks, and skinless chicken cutlets. There’s chicken in every grocery store, chicken in every restaurant, chicken at gas stations, chicken at steak restaurants, chicken at Chinese restaurants. Chicken at Mexican restaurants. Chicken at Indian restaurants. Chicken Chicken Chicken. Based upon those dynamics, the price of chicken should have fell decades ago. Yet, the price of chicken is rising, until you price chicken in Satoshis. Against Bitcoin, EVERYTHING gets cheaper, even chicken.","Supply and Demand Drive Prices and Decisions, BUT…",btc,0,3,TeaGroundbreaking306,785,114
2025-12-30,PRESIDENT TRUMP SIGNS AN EXECUTIVE ORDER establishing a STRATEGIC #BTC RESERVE THIS CHANGES EVERYTHING,"PRESIDENT TRUMP SIGNS AN EXECUTIVE ORDER establishing a STRATEGIC #BTC RESERVE
THIS CHANGES EVERYTHING",btc,0,30,VERSA_CRYPTO,102,14
2025-12-30,BTC 1:5 Trade | TF 5Min | Review my Trade,BTC 1:5 Trade | TF 5Min | Review my Trade,btc,0,0,mesarswat,41,10
2025-12-30,Bitcoin Wipes Out All 2025 Gains After 30% Crash from Peak,🚨 Bitcoin Wipes Out All 2025 Gains After 30% Crash from Peak,btc,0,5,MarketRodeo,58,11
2025-12-30,"The Updated Bitcoin Richlist, the top 1000 Addresses by Balance I used to check the Bitcoin Richlist from Bitinfocharts a lot, which is awesome, I used their data and bitaps to make a newer more modern version that I'll try to keep updated with my other bitcoin data dashboards. I thought it was time for an update. The Top 1000 Bitcoin Wallets by Balance hold 5.91 Million BTC, a fair bit of them belong to exchanges, binance leading with about 60 Billion worth. Robinhood surprisingly owns the 3rd largest balance at bc1ql49ydapnjafl5t2cp9zqpjwe6pdgmxy98859v2 now. Inflows > Outflows right now. Has changed a bit over time. The Silkroad wallet bc1qa5wkgaew2dkv56kfvj49j0av5nml45x9ek9hz6 had 142 incoming Bitcoin on December 23rd ? I haven't read any news about this, does anyone else know more? Excluding all exchanges The largest single balance belongs to bc1qd4ysezhmypwty5dnw7c8nqy5h5nxg0xqsvaefd0qn5kq32vwnwqqgv4rzr which some have linked to Bitfinex After that it's Tether's bc1qjasf9z3h7w3jspkhtgatgpyvvzgpa2wwd2lr0eh5tx44reyn2k7sfc27a4 87,296 BTC here, which is now less notional than the amount of gold it holds (10B). I uploaded it here: [ auto updates every 12 hours. Original: [","The Updated Bitcoin Richlist, the top 1000 Addresses by Balance",btc,5,9,obolli,1191,177
2025-12-30,"XRP rich list data is making people uncomfortable again More than 6M wallets hold 500 XRP or less, while a small number of wallets control very large balances. As XRP’s price rises, the cost to build even a modest position is much higher than it was a year ago. Some argue this means retail is getting priced out. Others push back, pointing out that roughly 16B XRP still sits on exchanges, so supply isn’t exactly scarce. Crypto lawyer Bill Morgan says the bigger driver is still Bitcoin when BTC moves, XRP and most of the market tend to follow. So is wallet distribution really the issue… or is price action still all about Bitcoin?",XRP rich list data is making people uncomfortable again,btc,0,8,VERSA_CRYPTO,635,114
2025-12-30,"does bitcoin help or hurt the dollar’s reserve status? here’s the argument i keep coming back to i’ve been thinking about this question a lot: is bitcoin a threat to the us dollar, or does it weirdly strengthen it? the “threat” view is obvious. if people can opt out of fiat, that sounds like competition. but there’s another angle that feels more realistic: bitcoin doesn’t need to replace the dollar to matter. it just needs to exist as a credible escape hatch. and that escape hatch changes incentives. if policymakers run super loose fiscal policy for too long, or if inflation keeps beating real growth, confidence in the dollar takes hits at the margin. normally, that’s a slow boil. but with bitcoin (and even gold), the market has a clean place to express “i don’t trust this.” that feedback loop can force more discipline, because ignoring the signal gets expensive politically and financially. i don’t mean bitcoin “controls” the fed. it doesn’t. i mean it makes the consequences of bad policy more visible, faster. the numbers are why this conversation keeps coming up. u.s. debt is roughly \~$38 trillion and rising fast (the per-day pace people cite is around \~$6b/day depending on the window). and big banks have literally framed bitcoin + gold as a “debasement” hedge in certain moments when uncertainty spikes. then there’s stablecoins, which might be the more direct support for dollar dominance. they push digital dollars into daily use globally (latam, africa, etc). some people call it “dollarisation 2.0.” stablecoins are roughly a $300b+ market now, and there are treasury-linked projections floating around that it could reach \~$2t by 2028 under certain assumptions. also, there’s a practical layer people don’t mention: if crypto becomes more “dollar rails” via stablecoins, a lot more everyday users will end up with taxable activity (swaps, yield, moving between chains). that doesn’t change reserve status directly, but it does shape adoption because friction matters. i use awaken tax to keep the boring side from getting out of hand, because the difference between “holding a thesis” and “actually using crypto” is usually paperwork. also, small boring angle most people ignore: if this whole parallel dollar system grows, the compliance + reporting side gets real for normal users. more yields, more swaps, more taxable events across wallets. thats why tools like awaken tax exist, because the macro debate is fun but the paperwork is what actually hits you. so maybe the real answer is: stablecoins spread the dollar, and bitcoin polices the credibility of the system from the outside. curious how you see it. does btc ultimately weaken usd reserve status, or does it act like a pressure valve that keeps it intact?",does bitcoin help or hurt the dollar’s reserve status? here’s the argument i keep coming back to,btc,0,8,Gullible-Tale9114,2748,450
2025-12-30,"BlackRock just moved a large batch of BTC and ETH while ETF outflows continue. According to Arkham, 2,201 BTC and 7,557 ETH were sent to Coinbase Prime, worth over $214M at the time. This happened as Bitcoin ETFs saw -$275.9M in net outflows on Dec 26, with IBIT responsible for most of it.","BlackRock just moved a large batch of BTC and ETH while ETF outflows continue. According to Arkham, 2,201 BTC and 7,557 ETH were sent to Coinbase Prime, worth over $214M at the time. This happened as Bitcoin ETFs saw -$275.9M in net outflows on Dec 26, with IBIT responsible for most of it.",btc,0,6,Successful-Program99,290,53
2025-12-31,"Should I sell now? I have 5.8x my initial BTC investment from 4 years ago, but with that said, it was 8x a few months ago. I am not an expert by far, but I like following BTC’s developments. I noticed that BTC is closing this year lower than it did last year for the first time in its history. I have not made life changing profits but for me it’s a good deal of money. More than I ever made. I don’t need the money right now but of course, I wanna put it in a place where I’m confident that the money will grow the most. So far, I trusted BTC would keep growing as historically it is the asset that has grown the fastest as far as I could see, but I’m concerned that it may not be in the future. The halving also did not preform as well as other periods and I’m doubtful that the next one will do much better. I’m also concerned that my greed might cloud my judgement and that I might just not get off the wave and loose my profits or not maximise them as much as I could. Any advice?",Should I sell now?,btc,27,55,TheDudeInTheChair,985,201
2025-12-31,"‘What’s in the Box?’ Netflix Winner & Grand Prize Revealed! NPH - “But what makes What’s in the Box? even extra exciting to me is that then you have to maintain the prizes that you’ve won. So it’s not: “If you win the box, then yay, good for you!” You have to now figure out how to keep it—because the team that has accrued the most boxes by the end of the six episodes, then they get to play for the Super Box. It’s a booty of over $250,000, so the stakes are very high” Spoiler alert I thought the series was great. I was not expecting bitcoin to be the grand prize but it certainly was grand. Lucky winners I hope they HODL.",‘What’s in the Box?’ Netflix Winner & Grand Prize Revealed!,btc,0,6,mendozavega,627,124
2025-12-31,"Grayscale’s 2026 Outlook: less hype, more structure Grayscale is framing 2026 as a year where $BTC could hit new all-time highs in the first half, and they highlight a symbolic milestone: the 20 millionth bitcoin is projected to be mined around March 2026. What’s interesting is the narra","Grayscale’s 2026 Outlook: less hype, more structure Grayscale is framing 2026 as a year where $BTC could hit new all-time highs in the first half, and they highlight a symbolic milestone: the 20 millionth bitcoin is projected to be mined around March 2026. What’s interesting is the narra",btc,0,0,Successful-Program99,288,48
2025-12-31,"Is this a criptocurency laundering scheme? Hi! I know very little about criptocurency and Bitcoin, so please let me know if I'm being dumb. I had a recruiter reach out through LinkedIn associated with a company in Columbus ( where I live) called Ascent Solutions. They asked if I was interested in a part time data entry gig and I said yes. They sent a third party person to work through the details and training which took me to blenndppc.com . We did all our communicating through Whatsapp ( a red flag for me) . Once onboarded, I was taken to the Web site (blended ppc. Com) I poked around. No matter how I read it, none of the words they post make any sense. I Google the company and it is in good standing, it has a certificate of good standing from California, I search key words and 'scam', and come up with nothing at all. Well my 'task' is processing five star reviews for products I never seen by clicking the submit button. I earn Bitcoin which I process through my cash app account ( don't worry friends I do not do anything serious with this account). They deposit about $70 USD with of Bitcoin for the "" work"" I have done, then then walk me through returning the funds. Nothing at this point is associated with my banking details and I'm not a Bitcoin user. Then they promise I'll be returned the funds after completing x number of tasks. Google has brought me nowhere. At best it's a fake review farm. At worse it's some kind of Bitcoin laundering scheme. Has anyone ever seen this?",Is this a criptocurency laundering scheme?,btc,4,22,Couchskeptic,1497,278
2025-12-31,"BTC adoption keeps creeping into the boring stuff Not price related, but interesting: more companies and institutions are quietly using Bitcoin rails for settlement and custody, especially for cross-border stuff. No hype headlines, just slow, boring adoption which is usually how the real progress happens",BTC adoption keeps creeping into the boring stuff,btc,0,21,SuggestionSea2882,305,45
2025-12-31,Should I buy $10 in bitcoin every day? Wanting to do an automatic investment and I’m wondering if you all think this is a good idea.,Should I buy $10 in bitcoin every day?,btc,6,112,TouchIllustrious4839,132,26
2025-12-31,"BTC is back near the upper Bear Band, which has historically been a warning zone rather than a breakout signal. Price is still holding above long-term trend support, but momentum is clearly flattening. In past cycles, this area often marked the start of a multi-month distribution phase, not","BTC is back near the upper Bear Band, which has historically been a warning zone rather than a breakout signal. Price is still holding above long-term trend support, but momentum is clearly flattening. In past cycles, this area often marked the start of a multi-month distribution phase, not",btc,0,0,Successful-Program99,291,48
2026-01-01,"Corporate treasuries and BTC (Grabbed from an MSTR post) ——— In 2025, the Bitcoin network mined approximately 165,000 BTC after the halving. Corporate accumulation based on the figures above totals ~445,000 BTC. That means corporations absorbed ~280,000 BTC more than the network produced in the same year. ———- My thoughts here are on liquidity drying up and the impact on price. A number of the newer treasuries are under water but not by far. I can see a company like mstr wanting to purchase close to 1.5x the annual production of btc this year, but at what point do you think we we start to really see tightness in the market or significant wider long term adoption? Is that a 2026 or 2028+ thing?",Corporate treasuries and BTC,btc,0,28,Same-Beach-4700,702,124
2026-01-01,"Bhutan became a real-world Bitcoin adoption case at the country level the small Himalayan kingdom has invested around $1.3B in Bitcoin, roughly 40% of its GDP, and has used BTC to help reduce poverty, raise salaries, and roll out crypto-based initiatives like tourism payments and a gold-backed digital token. It’s now one of the largest national Bitcoin holders and is getting global attention for tying BTC to real economic development.",Bhutan became a real-world Bitcoin adoption case at the country level,btc,2,19,SuggestionSea2882,438,70
2026-01-01,"XRP ETF flows are moving differently from the rest of the market. Over the past two days, spot XRP ETFs added 10.8M XRP with no outflows, pushing total holdings to 756M XRP. This extends a 29-day inflow streak. Meanwhile, BTC and ETH ETFs saw money leave in December, while XRP ETFs pulled","XRP ETF flows are moving differently from the rest of the market. Over the past two days, spot XRP ETFs added 10.8M XRP with no outflows, pushing total holdings to 756M XRP. This extends a 29-day inflow streak. Meanwhile, BTC and ETH ETFs saw money leave in December, while XRP ETFs pulled",btc,0,8,Successful-Program99,289,52
2026-01-01,"Can bitcoin realistically 10x from its current level in the foreseeable future? I bought some bitcoin and started wondering whether I should keep buying, given its current market cap. Right now bitcoin’s circulating supply is probably about 16 million coins, accounting for several million coins whose keys have been lost forever. So I guess the market cap is about $1.4 trillion. Now imagine 10x increase: price ~$900k, market cap ~$14 trillion. That’s roughly the same as the total value of all the gold on the planet. It seems that to hit this level, bitcoin would essentially need to replace gold as a store of value. 100x increase? price ~$9 million, market cap $140+ trillion. That’s comparable to the entire global stock market. It would mean the dollar is dead. Does it seem reasonable to expect a 10x increase over the next few years? Sorry if these thoughts seem obvious or if the answers are already clear to everyone else.",Can bitcoin realistically 10x from its current level in the foreseeable future?,btc,48,263,Practical-Option-104,934,159
2026-01-01,Bitcoin competition Let's say there are infinite coin options to buy. That would devalue Bitcoin because some people will want to buy a different coin. Why would you choose Bitcoin over another coin? Can there just be another coin that does the exact same thing as Bitcoin?,Bitcoin competition,btc,1,36,Original-Material-15,273,47
2026-01-01,mods again showing their bias against the working scaling Bitcoin,r/cc mods again showing their bias against the working scaling Bitcoin,btc,15,59,DangerHighVoltage111,65,10
2026-01-02,"Book - Check Your Financial Privilege, An interesting read by Alex Gladstein which brings a whole new conversation to the table re Bitcoin - in Nigeria, human rights activists depend on Bitcoin for donations after crackdowns by authoritarian regimes. In Cuba, after a dual-currency system devalued the peso, those who saved in Bitcoin managed to stay afloat. In El Salvador, where remittance fees and exchange rates can eat away a simple money transfer to family members in need, Bitcoin offers hope with lower fees and faster transactions (and now it's legal tender). I strongly recommend this book.","Book - Check Your Financial Privilege,",btc,0,1,Flimsy_Attorney_9206,600,97
2026-01-02,"Solana’s price action looks boring, but the on-chain data tells a different story. Whales appear to be accumulating during consolidation, while Solana posted $1.6T in DEX volume, ranking just behind Binance. That’s strong usage despite weak price action. That said, falling open interest and rising NVT suggest some short-term risk. SOL is holding around $125, with $130 still the key level to reclaim. #BTC #SOL #BTC Price Analysis","Solana’s price action looks boring, but the on-chain data tells a different story.",btc,0,2,ROUCHBEN,432,68
2026-01-02,Tailstorm and Blitz Hardware Bitcoin unlimited's project Nexa popped up on my twitter feed today and made me wonder if BCH will integrate Andrew Stone's Tailstorm upgrade and Peter Rizun's computer chip he has been working on called Blitz.,Tailstorm and Blitz Hardware,btc,9,6,dookypookycooky,239,39
2026-01-02,"Bitcoin 2026: Three Price Ranges and Three Scenarios There have been no significant signs from Bitcoin since the end of November. The weekly chart shows how, after Thanksgiving, six candles traded 'in the shadows'. According to the theory and trading practice of renowned trader and analyst Larry Williams, such figures are usually ignored in technical analysis. The sideways movement of Bitcoin prices is explained by the chart showing a decline in trading volumes. The seven-day simple moving average of BTC trading volume from institutional funds increased until mid-November, but from Thanksgiving Day onwards, it collapsed. The indicator fell to its lowest level since the end of September. This suggests that large players are no longer interested in raising Bitcoin prices following the October crash, when some of their positions had to be closed at a loss. In 2026, the actions of large capital, which sets Bitcoin trends, will determine three scenarios: - Investment inflows from institutional players will be short-term. Whales do not believe that the Fed's rate cut will stimulate economic growth. In this case, there is a 70% probability that Bitcoin will fluctuate within the range of $80,000–$140,000, with the main zone being $90,000–$120,000. - Increased risks of a US economic recession will trigger an outflow of funds from ETFs. In this case, there is a 50% probability that Bitcoin will attempt to break through the $80,000 level, though analysts do not expect the price to fall much lower. - If factors align favourably, the BTC rate could surge to between $120,000 and $170,000, but this scenario has a 30% probability.",Bitcoin 2026: Three Price Ranges and Three Scenarios,btc,4,6,tornavec,1642,263
2026-01-02,"I Didn’t Learn Bitcoin Cash From a Whitepaper — I Used It Happy new year. I wish you all the best and a great work in the BCH ECOSYSTEM. ON this article I write about ""how Africa is embracing BCH and saving some bucks to all the people who choose it"". It's a great reintroduction to the ecosystem and also a strong belief in the future of decentralized money for the planet.",I Didn’t Learn Bitcoin Cash From a Whitepaper — I Used It,btc,16,3,alberdioni8406_,374,72
2026-01-02,Attempting to have any type of reasonably conversion on will get you banned lol. Only idiotic meme posting is allowed apparently.,Attempting to have any type of reasonably conversion on r/Bitcoin will get you banned lol. Only idiotic meme posting is allowed apparently.,btc,36,62,trimbandit,129,21
2026-01-02,"BlackRock added more BTC right before New Year’s . thoughts? Looks like BlackRock picked up another 1,333 BTC right before New Year’s Eve. Not trying to hype it, but it’s interesting seeing big institutions still adding while things feel pretty quiet overall. Makes me wonder if they’re just thinking longer term than most of us. How do you guys read moves like this from firms that big?",BlackRock added more BTC right before New Year’s . thoughts?,btc,0,3,Real-Masterpiece4686,387,67
2026-01-02,"I don’t see a cost effective way to accept BTC without intermediaries If any Bitcoin maxi’s can figure this out for me I’d be happy. I’ve been a very successful Fiverr for a few years, but I’m extremely disappointed by the fact that Fiverr takes 40% as a cut from every order, simply for processing payments, hosting the website and customer support. I’ve been working on a website where I can sell my services directly. I already have a large clientele that I’m sure would have cryptocurrency due to the field I’m in. I’ve been working on my order system, and settled on BTCpayserver for its simple setup. I want to accept many cryptocurrencies to get more customers. Specifically BTC Bitcoin is the biggest cryptocurrency, but how can it genuinely be used for payments when fees go up? I typically get many small orders daily, so on chain doesn’t justify the potential fees/consolidation. That leaves me to lightning, but even if I ran my own node I wouldn’t have liquidity? It doesn’t make sense, I would have to purchase liquidity and therefore have an intermediary. I plan on setting up the ability to accept the top 12 cryptocurrencies + Xmr for privacy conscious people. Any solutions for this?",I don’t see a cost effective way to accept BTC without intermediaries,btc,11,69,Plenty_Dog_5684,1201,208
2026-01-02,"Bitcoin & Silver Hit 5-Year Support – History Says Big Move Ahead The last two times Bitcoin hit this level, we saw insane rallies: 2016 → $7k to $69k 2020 → $30k to $124k Looks like we might be setting up for another parabolic run. Thoughts?",Bitcoin & Silver Hit 5-Year Support – History Says Big Move Ahead 🚀,btc,0,7,Crypto-Voice-Pro,242,46
2026-01-02,"Is trade republic a good exchange? Hi, I want to buy btc and send them to my trezor but i don't know if trade republic is a good place to buy crypto. I want specifically tr because it automatically pays taxes here in Italy. Thank you",Is trade republic a good exchange?,btc,0,1,pizzeriagio,233,46
2026-01-02,Soluna being the beta play on btc,Soluna being the beta play on btc,btc,0,2,semantticss,33,7
2026-01-02,"Is the old 4-year Bitcoin cycle finally dead? Feels like Bitcoin is breaking out of the old 4-year cycle. People who were expecting a down year in 2026 apparently sold early in 2025, and that might have flipped the whole script. Looking at yearly closes: 2025: -6% 2024: 🟢 +120% 2023: 🟢 +106% 2022: -64% 2021: 🟢 +83% 2020: 🟢 +305% …(and the earlier years just show the crazy swings) If the old cycle is really gone, 2026 could be a totally different game. Institutional adoption and mainstream use are picking up, which might mean a more mature market this time. What do you all think—are we actually entering a new era, or is this just another cycle dressed up differently?",Is the old 4-year Bitcoin cycle finally dead?,btc,13,67,Real-Masterpiece4686,674,121
2026-01-02,"Best swapping platforms? I'm looking to temporarily move some BTC into USDT while the market is uncertain. I don't want to sell through a centralized exchange or deal with account checks. What's the best no-KYC, decentralized way to swap BTC into a stablecoin with low fees? EDIT: Swapped BTC to USDT via whaleswap.io. Straightforward and stayed self-custodied the whole time. Appreciate the suggestions.",Best swapping platforms?,btc,272,13,Sea-Chemist-1991,404,63
2026-01-02,"Is bitcoin about to hit an ATH again here soon ??!! Wow !!!!! Ethereum daily transactions hit all-time high, surpassing 2021 NFT boom","Is bitcoin about to hit an ATH again here soon ??!! Wow !!!!! Ethereum daily transactions hit all-time high, surpassing 2021 NFT boom",btc,0,3,ComplexWrangler1346,133,23
2026-01-03,DCAing in 2025 BCH🟢 vs BTC🟠,DCAing in 2025 BCH🟢 vs BTC🟠,btc,19,12,DangerHighVoltage111,27,6
2026-01-03,"Bitcoin Just Logged Its 2nd Green Day in a Row — Early 2026 Signal? Bitcoin has now closed two straight daily candles in the green to start 2026. It’s not a breakout and it’s not confirmation of a bull run yet, but consecutive green days after consolidation often mark the early phase of tr","Bitcoin Just Logged Its 2nd Green Day in a Row — Early 2026 Signal? Bitcoin has now closed two straight daily candles in the green to start 2026. It’s not a breakout and it’s not confirmation of a bull run yet, but consecutive green days after consolidation often mark the early phase of tr",btc,0,4,Successful-Program99,290,54
2026-01-03,Bitcoin Miner Game Pro Tips – Earn More Sats,Bitcoin Miner Game Pro Tips – Earn More Sats ⚡,btc,0,0,LaineGaming,44,9
2026-01-03,Really loving the YTD BTC chart….. gonna be a good year!!,Really loving the YTD BTC chart….. gonna be a good year!!,btc,0,5,DJDozen,57,11
2026-01-03,"The Day I Stopped Talking About Crypto and Started Using Money: Why I Chose Bitcoin Cash While I was browsing reddit, I came across a post: - what differentiate Bitcoin Cash with other projects? Today in the article I explain that using my own example. I hope you enjoy and find it very useful",The Day I Stopped Talking About Crypto and Started Using Money: Why I Chose Bitcoin Cash,btc,8,1,alberdioni8406_,293,54
2026-01-03,"Happy 17th Birthday to Bitcoin! Today marks 17 years since the genesis block was mined on January 3, 2009.",Happy 17th Birthday to Bitcoin!,btc,17,10,Practical-Option-104,106,19
2026-01-03,"A dog is smarter than its tail, but if the tail were smarter, then it would wag the dog. There's a growing collection of simple but powerful mini-apps on Bitcoin Cash around a social media protocol called Vox. Some of them are my own invention, some are a fresh implementations of contracts developed by others. Check out the unstable testnet version here: Or mainnet: Happy Geniversary! 17 years. Still here.","A dog is smarter than its tail, but if the tail were smarter, then it would wag the dog.",btc,1,1,2q_x,409,70
2026-01-03,"Change my view: Bitcoin will never be used as a global currency Bitcoin is ONLY a speculative investment used to hedge against currency, with cryptography as a backbone. It will NEVER become a global currency and will just become a volatile asset. The use of bitcoin for transactions on a global scale is impossible. There are just too many risks with fraud, money laundering, kidnapping and hacking. Not to mention transaction errors cannot be reversed.",Change my view: Bitcoin will never be used as a global currency,btc,225,336,EmbarrassedKoala3982,454,75
2026-01-04,Why Bitcoin Cash? Sayoshi's thoughts.,Why Bitcoin Cash? Sayoshi's thoughts.,btc,14,4,LightningNotwork,37,5
2026-01-04,"Qube.cash: Why Artificial Intelligence Sovereignty Begins on Bitcoin Cash Qube.cash unites AI and blockchain by making user-owned, memory-persistent AI agents native to Bitcoin Cash via CashTokens, transforming BCH into sovereign digital infrastructure beyond payments.",Qube.cash: Why Artificial Intelligence Sovereignty Begins on Bitcoin Cash,btc,4,1,alberdioni8406_,269,34
2026-01-04,"This is the last time you will ever be able to buy Bitcoin above $90,000 This will be the last time you can ever buy Bitcoin above $90,000. Enjoy this moment in history! We will all miss it. Buy high, sell low!","This is the last time you will ever be able to buy Bitcoin above $90,000",btc,0,12,f00dl3,210,42
2026-01-04,"BTC hovering around $91k in the last hours by the numbers Bitcoin has been trading near $91k over the past few hours, staying within a tight range as short-term volatility remains muted. Volume increased briefly at times, but price failed to break decisively in either direction. On-chain data still points to whale-level activity, though without the kind of heavy selling typically seen near local tops. So far, this looks more like positioning during consolidation than strong directional conviction. How are others reading this — simple range-bound action, or a setup forming for the next move?",BTC hovering around $91k in the last hours by the numbers,btc,9,9,Real-Masterpiece4686,597,95
2026-01-04,The Paradigm Shift explained by Michael Saylor. Do you think this has already happened for Bitcoin or are we still early?,The Paradigm Shift explained by Michael Saylor. Do you think this has already happened for Bitcoin or are we still early?,btc,0,13,-Squidster-,121,21
2026-01-04,"CME Gap? Over the past cycles, some of the strongest weekend moves in BTC were often followed by Monday sell-offs, usually filling the CME gap. We’ve seen that pattern more than once. Yes, whales are accumulating. Yes, momentum looks better short term. But a single move doesn’t change the cycle. Short-term strength doesn’t automatically mean a trend reversal. In transitional phases, relief rallies and deeper pullbacks can exist at the same time. Patience still matters here. Relief rally — or something bigger?",CME Gap?,btc,0,3,Lanky_Intention_9758,514,82
2026-01-04,A red year doesn’t break a cycle. It exposes a misunderstanding. A lot of people argue that this cycle is broken because Bitcoin didn’t print three green calendar years in a row. But they dont see that the top changed from december to october so bear phase starts earlier,A red year doesn’t break a cycle. It exposes a misunderstanding. A lot of people argue that this cycle is broken because Bitcoin didn’t print three green calendar years in a row. But they dont see that the top changed from december to october so bear phase starts earlier,btc,0,3,Lanky_Intention_9758,271,49
2026-01-04,"Crypto Market Update: Bitcoin, Ethereum and Major Altcoins Show Renewed Strength Crypto Market Update: Renewed Strength at the Start of 2026 The cryptocurrency market is showing renewed momentum as 2026 begins, with Bitcoin and Ethereum leading the move higher alongside several major altcoins. After a period of uncertainty and increased volatility, market sentiment appears to be gradually improving, supported by stronger trading activity and renewed interest from institutional participants. Bitcoin has managed to hold key support levels while Ethereum continues to benefit from growing network activity and long-term adoption narratives. At the same time, altcoins are starting to recover as investors become more confident and risk appetite slowly returns to the market. Although volatility remains a defining feature of the crypto space, current price action suggests that confidence is rebuilding among market participants. Many investors are closely watching macroeconomic developments and on-chain data to determine whether this move can be sustained in the coming weeks. What is your outlook for the crypto market going forward? Do you see this as the beginning of a broader recovery, or just a short-term bounce?","Crypto Market Update: Bitcoin, Ethereum and Major Altcoins Show Renewed Strength",btc,0,3,Successful-Program99,1225,181
2026-01-05,"A major U.S. bank is reportedly advising clients to consider allocating a small portion of their portfolios to Bitcoin and crypto assets. The suggested exposure is said to be up to 4%, signaling growing institutional acceptance of digital assets as part of diversified investment strategies.","A major U.S. bank is reportedly advising clients to consider allocating a small portion of their portfolios to Bitcoin and crypto assets. The suggested exposure is said to be up to 4%, signaling growing institutional acceptance of digital assets as part of diversified investment strategies.",btc,51,38,ROUCHBEN,291,45
2026-01-05,"How long until you accept that Bitcoin has failed? This is obviously a hypothetical question but... What if Bitcoin finishes 2026 at 80k? Would you still say ""zoom out""? Then if it finishes 2027 at 85k, Would you still HODL? And then if it finishes 2028 on 70k, would you look at the 15 year logarithmic graph and buy more? (If Bitcoin flies then i know we will buy/hold, this discussion is limited to bitcoin not growing at the desired rate)",How long until you accept that Bitcoin has failed?,btc,0,30,GambleToZero,442,81
2026-01-05,Buying $69 dollars worth of BTC daily until I reach 1 BTC.,Buying $69 dollars worth of BTC daily until I reach 1 BTC.,btc,0,12,TheMaharishiEffect,58,12
2026-01-05,"What should we realistically expect from crypto in 2026? It feels like 2026 could be less about hype and more about structure. Bitcoin’s role as an institutional asset keeps solidifying, stablecoins and real-world asset tokenization are scaling quietly, and potential altcoin ETFs might change how capital flows into the market. Do you think 2026 becomes more utility-driven, or does speculation inevitably take over again?",What should we realistically expect from crypto in 2026?,btc,8,13,Real-Masterpiece4686,423,64
2026-01-05,Governance in Bitcoin’s Children (Forks) – Live Twitter Space (Jan 7),Governance in Bitcoin’s Children (Forks) – Live Twitter Space (Jan 7),btc,0,0,XolosRamirez,69,11
2026-01-05,"Signal clé sur Bitcoin que peu de gens regardent vraiment. La question, c’est qui accumule pendant que la majorité hésite.",🚨 Signal clé sur Bitcoin que peu de gens regardent vraiment.,btc,0,0,GabFromMars,122,20
2026-01-05,Institutions are starting to arrive to BCH. Canadian publicly traded company Moss Genomics Inc. (CSE: MOSS) starts mining Bitcoin-Cash (BCH) and creating treasury strategy.,Institutions are starting to arrive to BCH. Canadian publicly traded company Moss Genomics Inc. (CSE: MOSS) starts mining Bitcoin-Cash (BCH) and creating treasury strategy.,btc,13,5,Designer_Drink_822,172,24
2026-01-05,"Apparently there’s an estimated 600,000 BTC sitting in Venezuela — and maybe that recent US action wasn’t just about oil","Apparently there’s an estimated 600,000 BTC sitting in Venezuela — and maybe that recent US action wasn’t just about oil",btc,0,2,Bcom_Mod,120,20
