date,text_for_sentiment,title,subreddit,score,num_comments,author,text_length,word_count,sentiment_positive,sentiment_negative,sentiment_neutral,sentiment_score,sentiment_label,timestamp,selftext,url,id
2024-12-26,"Binance Free BTC Red Packet Use Code: BP9QKAJOCY in your Binance App or yours this link to get there direktly: For Free 0,000001 BTC!",Binance Free BTC Red Packet ,btctrading,1,0,NiklasHZ,133.0,24.0,0.0457979440689086,0.0173059441149234,0.9368960857391356,0.0284919999539852,neutral,,,,
2024-12-27,"Bitcoin's Christmas Day Price: A Retrospective Bitcoin, as the leader of the cryptocurrency market, has shown remarkable price fluctuations each Christmas Day. Here's a chronology of Bitcoin's Christmas Day prices: * 2010: $0.25 - In its early years, Bitcoin traded at very low prices. * 2011: $4.22 - Its popularity began to rise, though still in the crawling stage. * 2012: $13.35 - A slow but steady increase was observed. * 2013: $690 - Bitcoin started to attract mainstream media attention. * 2014: $318 - A market correction occurred, demonstrating Bitcoin's resilience. * 2015: $455 - It gained stability throughout the year. * 2016: $895 - Price increases gained momentum with growing institutional interest. * 2017: $13,983 - One of the biggest surges in Bitcoin's history happened. * 2018: $3,779 - The beginning of the crypto winter, with a significant drop. * 2019: $7,193 - Signs of recovery were seen. * 2020: $24,705 - It regained investor interest due to the effects of the pandemic. * 2021: $50,440 - Reached record levels. * 2022: $16,828 - Fell due to macroeconomic uncertainties and interest rate hikes. * 2023: $43,146 - Recovery and movement towards new peaks. * 2024: $98,688 - Bitcoin achieved a new record, reaching the highest price on Christmas Day in 2024 source: [",Bitcoin's Christmas Day Price: A Retrospective,BitcoinMarkets,1,0,mentorperplexed,1293.0,215.0,0.4259374439716339,0.0304459631443023,0.5436165928840637,0.3954914808273315,positive,,,,
2024-12-28,"$BTC MAJOR BUY $95,000 | $KULR 217.18 Millions bitcoin","$BTC MAJOR BUY $95,000 | $KULR 217.18 Millions bitcoin",btctrading,1,0,Archerinvestors,54.0,9.0,0.0429805666208267,0.0169280339032411,0.94009131193161,0.0260525327175855,neutral,,,,
2024-12-30,Who's the biggest hodler in Reddit ? I wonder who's the active redditor with the biggest BTC hodling and how much does he hodl,Who's the biggest hodler in Reddit ?,btc,1,0,Pffff555,126.0,24.0,0.0267650838941335,0.0608736425638198,0.9123612642288208,-0.0341085586696863,neutral,,,,
2024-12-31,Amir Taaki on Bitcoin &amp; DarkFi (Bitcoin Takeover Podcast S15 E71),Amir Taaki on Bitcoin &amp; DarkFi (Bitcoin Takeover Podcast S15 E71),btc,1,0,VampireVlad,69.0,11.0,0.0470083281397819,0.0186323281377553,0.9343593120574952,0.0283760000020265,neutral,,,,
2025-01-01,Scaramouche is bullish,Scaramouche is bullish,Bitcoin,1,0,tjreid1987,22.0,3.0,0.1894861906766891,0.0393081381916999,0.7712056040763855,0.1501780524849891,positive,,,,
2025-01-02,"Advice on Investing in Bitcoin: Spot vs. Futures + Modified DCA Strategy Hi everyone! I’m looking for advice and opinions from more experienced investors regarding my current Bitcoin investment strategy. I’m set on using a DCA (dollar-cost averaging) methodology, but with a bit of a twist. Instead of buying regularly at fixed intervals, I accumulate Bitcoin over time and occasionally increase my investment when the market dips significantly. Currently, I’m using Binance to trade futures contracts and take long positions. My strategy looks something like this: 1. I buy futures long contracts periodically, following a modified DCA approach. 2. I use low leverage, typically 3x, to manage risk. 3. When the market experiences a sharp dip, I increase my investment slightly more than usual to take advantage of the opportunity. 4. When the position reaches a certain percentage of profit (depending on market conditions), I sell and lock in the gains. The Issue: I’m worried about the funding fees that come with futures. I understand that these fees slowly eat into my position’s value over time, which means that if I hold a position for too long, a chunk of the profit goes towards these maintenance costs. My Questions for You: 1. Would it make more sense to switch entirely to the spot market, trade Bitcoin there, and avoid the funding fees? I’m not looking to hold BTC long term—I just want to profit from trading. However, with spot trading, I lose the ability to use leverage, which could limit my returns. 2. Does it make sense to stick with futures contracts and my modified DCA strategy using low leverage (3x)? This approach allows me to grow my position faster and take advantage of leverage, but the funding fees are a concern. What would you recommend for someone who: * Trades on Binance and is familiar with the platform. * Wants to profit from BTC price movements rather than holding it long term. * Prefers to use low leverage to minimize risks (3x). * Occasionally increases investments during significant market dips to take advantage of lower prices. * Is actively monitoring the market and trades regularly. I’m also curious about your experiences with funding fees and whether anyone has successfully used futures with a low-leverage DCA strategy on Binance. Thanks in advance for any advice!",Advice on Investing in Bitcoin: Spot vs. Futures + Modified DCA Strategy,BitcoinMarkets,2,14,dynamix16,2321.0,385.0,0.0592104494571685,0.0302554611116647,0.9105340242385864,0.0289549883455038,neutral,,,,
2025-01-03,"2025 is the year of Bitcoin. Here's why (analysis). Happy new year bitcoiners! 2025 will be a monumental year for Bitcoin. Galaxy has made some bold predictions and I decided to make this thread to dive into each one and see what magic internet money has in store for us. Bitcoin’s Path to $185K Bitcoin is set to cross $150K in H1 2025 and test $185K by Q4. Institutional, corporate, and nation-state adoption will drive this growth, reinforcing Bitcoin’s historical outperformance against gold, equities, and other asset classes. [BTC Correlations]( Bitcoin ETPs to Overtake Gold The total AUM of U.S. spot Bitcoin ETPs will surpass $250B in 2025, bringing them within striking distance of overtaking U.S. gold ETPs. Major institutional investors, including hedge funds and public entities, continue to drive record inflows. [Spot Bitcoin ETFs AUM]( Bitcoin as a Top Risk-Adjusted Asset Bitcoin will rank among the top-performing global assets on a risk-adjusted basis in 2025. Its strong Sharpe ratio underscores its appeal, rivaling equities like MicroStrategy. This performance highlights Bitcoin’s value as a diversified portfolio component. [Bitcoin Sharpe Ratio]( Broader Bitcoin Adoption At least five Nasdaq 100 companies and five nation-states will add Bitcoin to their balance sheets or sovereign wealth funds in 2025. Strategic diversification, trade settlement, and geopolitical competition will drive this trend, signaling broader global adoption. [Bitcoin Treasuries]( Bitcoin DeFi to Double in 2025 Bitcoin DeFi will almost double in 2025, driven by a 30% rise in WBTC, 150% rise in cbBTC supply, and new layer 2 solutions. By leveraging Bitcoin’s scalability and security, DeFi adoption will expand across multiple chains and protocols. [WBTC Balance]( Bitcoin Miners to Diversify Operations More than half of the top 20 publicly traded Bitcoin miners will diversify into AI and high-performance computing partnerships. This shift will moderate YoY hashrate growth, which will reach 1.1 zetahash by the end of 2025. [Bitcoin Hashrate]( Trump Administration The new Trump administration will play a pivotal role in fostering Bitcoin adoption by prioritizing deregulation, fostering innovation, and encouraging investment in digital assets. Pro-Bitcoin policies will attract institutional capital and drive broader adoption across the U.S. financial system. Bitcoin strategic reserve anyone? [Trump at the Bitcoin 2024 conference in Nashville]( Predictions came from the original Galaxy [research article]( and all charts can be found on [Newhedge](",2025 is the year of Bitcoin. Here's why (analysis).,BitcoinMarkets,1,0,AlonShvarts,2565.0,381.0,0.7704574465751648,0.0099707636982202,0.2195717841386795,0.7604866828769445,positive,,,,
2025-01-06,"JUST IN: 🟠 MicroStrategy has acquired an additional 1,070 $BTC for ~$101 million at ~$94,004 per bitcoin. Microstrategy currently hodls 447,470 $BTC acquired for ~$27.97 billion at ~$62,503 per bitcoin.","JUST IN: 🟠 MicroStrategy has acquired an additional 1,070 $BTC for ~$101 million at ~$94,004 per bitcoin.

Microstrategy currently hodls 447,470 $BTC acquired for ~$27.97 billion at ~$62,503 per bitcoin.",btc,1,0,Jem_colley,202.0,30.0,0.056481547653675,0.0112043563276529,0.9323140978813172,0.0452771913260221,neutral,,,,
2025-01-07,Forum moderator in hiding after Bitcoin kidnapping,Forum moderator in hiding after Bitcoin kidnapping  ,btc,1,0,btcxio,50.0,7.0,0.0292148571461439,0.7298711538314819,0.2409140020608902,-0.700656296685338,negative,,,,
2025-01-08,"Hypothetical redesign of btc, thoughts post 2025 Hi guys I’m curious… let’s say someone could create bitcoin in 2025, if it were never invented… what changes would you like implemented? What are its shortfalls that can be altered right from the beginning? Is the scalability a problem when we’re constantly using more electricity and compute post halving ? Is the network not as good as it should be ? Is quantum compute a serious threat to the integrity and if so, how do you solve for it? Thank you.","Hypothetical redesign of btc, thoughts post 2025",btc,1,0,ArcteryxAnonymous,501.0,89.0,0.0687502101063728,0.0195647533982992,0.9116849899291992,0.0491854567080736,neutral,,,,
2025-01-09,"Whats the safest Bitcoin Hardware Wallet? Hello, im looking for a Bitcoin Hardware Wallet, the most popular is Ledger, but i heard the company can get access to ur Bitcoin in some case. Does Someone know a Hardware wallet where no one can get access without the password, so no Software or Goverment? #",Whats the safest Bitcoin Hardware Wallet?,Bitcoin,1,0,unkownbav,302.0,54.0,0.0408182740211486,0.0294545609503984,0.9297271370887756,0.0113637130707502,neutral,,,,
2025-01-13,"PAIN: Iowa’s first industrial bitcoin mine with 1,800 computers was destroyed by a fire.","PAIN: 🇺🇸 Iowa’s first industrial bitcoin mine with 1,800 computers was destroyed by a fire.",btc,1,0,orphic2,88.0,14.0,0.0100110406056046,0.927082657814026,0.0629062876105308,-0.9170716172084212,negative,,,,
2025-01-14,"Bitcoin Price Surges to $96,000, Trump Prepares Crypto-Friendly Executive Orders","Bitcoin Price Surges to $96,000, Trump Prepares Crypto-Friendly Executive Orders",btc,1,0,crypto_news_source23,80.0,10.0,0.2003823965787887,0.0460474453866481,0.7535701394081116,0.1543349511921405,positive,,,,
2025-01-15,XRP seems like a better buy in the end. Why keep BTC as a proof of work (burning GPUs) instead of using something functional like XRP seems like banks want to get behind something like XRP but don't want to touch BTC. Without smart contract banks won't touch specifcally Escrow-Based Smart Contracts like XRP. Really considering getting out while they getting is good.,XRP  seems like a better buy in the end.,btc,1,0,Dynamiclynk,368.0,63.0,0.1376845985651016,0.0174872372299432,0.844828188419342,0.1201973613351583,positive,,,,
2025-01-16,Peter Rizun on Mass Scaling Bitcoin with Cheap Custom Hardware and Parallelization,Peter Rizun on Mass Scaling Bitcoin with Cheap Custom Hardware and Parallelization,btc,1,0,sandakersmann,82.0,12.0,0.1476252228021621,0.009826979599893,0.8425477743148804,0.137798243202269,positive,,,,
2025-01-17,"My Dad’s Friend Is A Millionaire But Lives Like A Poor Person So my dad’s friend (let’s call him Fred) isn’t the smartest person. Back when bitcoin was first out, there was a guy paying people to bring in signatures for a cause with bitcoin. He had a limit of 5 pages of signatures per person, but Fred forgot about that and turned in a bunch of papers. The guy felt bad, so he paid for all of the papers that Fred turned in. Fred received a little over 200 bitcoin from that, and just didn’t do anything with it. Now, you would think a person who has around 20 million dollars of bitcoin would be living in at least a decent home and living a good life? No, he lives in a small house barely getting by, because he only has sold a few of his bitcoin to live off of. The reason for this? Because he thinks the government will spy on him if he sells a lot of his bitcoin. He doesn’t even work a job or anything. Now, I don’t do anything with crypto currency, but I am pretty sure this is a poor choice",My Dad’s Friend Is A Millionaire But Lives Like A Poor Person,Bitcoin,1,0,Front-Ice-2924,999.0,199.0,0.0301889609545469,0.1648660004138946,0.8049449920654297,-0.1346770394593477,negative,,,,
2025-01-19,"We should be highly sceptical of the Trump administration While it is great that Trump is taking a pro-bitcoin stance, the launch of his shitcoin $TRUMP is going to have a very negative effect on Bitcoin adoption. I wrote an article about it here: Any ideas on how we can persuade the administration to abandon crypto &amp; focus on Bitcoin?",We should be highly sceptical of the Trump administration,BitcoinMarkets,1,0,Bitman321,341.0,60.0,0.0557585321366786,0.2549067139625549,0.6893347501754761,-0.1991481818258762,negative,,,,
2025-01-20,"Grift ends every bull market. Is Trump or his people smart enough to see what others have done before him? Imagine SBF but never having given CZ enough coins to rekt him. What would be the state today if CZ hadn't dumped on him? I imagine FTX would still be running, Bitcoin would be at SBF's beck and call, loans would be impossible to margin call. All Trump would have to do is hold the 80% and use some of the loan money to put in bids to prop up the price. Someone out there would be greedy enough to offer loans against it as collateral. SBF simply took too much meth and couldn't keep track of things. They gave CZ a bunch of coins to entice him to buy them out when still early, then forgot all about it. The books got messy because they never wanted to record any of the fraud, so they couldn't figure out how much reserve was needed to protect against him selling (or simply didn't realise it was a risk). CZ got a look at the books and is much smarter, so he knew exactly how much FTT he needed to sell and how much Bitcoin he needed to buy in order to rekt them. How? Well... CZ was using BNB in the exact same way, so he knew the game. In the weeks before BNB pumped in order to get the ammo required. Then it all unwound. Some time later, SBF realised he was rekt. Not long after that, he was in prison. The first turd is where CZ was positioned. The 2nd turd is when SBF realised he was rekt. The 3rd turd is when SBF went to prison.",Grift ends every bull market. Is Trump or his people smart enough to see what others have done before him?,BitcoinMarkets,1,0,ChadRun04,1447.0,288.0,0.0413057282567024,0.0410788245499134,0.9176154136657716,0.000226903706789,neutral,,,,
2025-01-22,staking bitcoin to buy memecoin. I want to stake 0.1btc and put the earnings on meme coins. I have some questions. How safe is this? Can I lose my bitcoin? Is bitcoin the right choice for my plan? Should I use eth or binance coin? Will the commissions hurt much? What exchange do you recommend for this ?,staking bitcoin to buy memecoin.,btc,1,0,vtuber_fan11,304.0,58.0,0.0449732020497322,0.0418609902262687,0.913165807723999,0.0031122118234634,neutral,,,,
2025-01-23,Bitcoin strategic reserve Incoming,Bitcoin strategic reserve Incoming,btc,25,28,Glasspekka,34.0,4.0,0.0407201088964939,0.0185468215495347,0.9407330751419068,0.0221732873469591,neutral,,,,
2025-01-24,"SEC Revokes SAB 121, Paving Way for Banks to Offer Crypto and Bitcoin Services","SEC Revokes SAB 121, Paving Way for Banks to Offer Crypto and Bitcoin Services",btc,1,0,crypto_news_source23,78.0,14.0,0.1042395159602165,0.1209064275026321,0.7748540639877319,-0.0166669115424156,neutral,,,,
2025-01-25,"I found my wallet from 2013 Hi guys, I was cleaning up my bedroom for moving and found old laptop and drive from 2013. This was a wallet I remembered I had that has about 3,500 bitcoins inside. I cannot remember the passcode. What are ways I can enter into it, is there anyone who has hacked into a wallet and gotten there coins? Im even willing to split the profits if anyone knows.",I found my wallet from 2013,Bitcoin,1,0,Ok-Conversation-395,383.0,74.0,0.0359791219234466,0.0322076678276062,0.9318131804466248,0.0037714540958404,neutral,,,,
2025-01-27,"If Bitcoin had full 8mb blocks since the start in 2009, the blockchain today would only be 6.72 Terabytes.... Which can fit on a $160 Hard drive","If Bitcoin had full 8mb blocks since the start in 2009, the blockchain today would only be 6.72 Terabytes.... Which can fit on a $160 Hard drive",btc,1,0,FlyingScotzman,144.0,27.0,0.0275529567152261,0.0319082997739315,0.940538763999939,-0.0043553430587053,neutral,,,,
2025-01-28,"Check Out This Clip from Yesterdays BAM Episode with our Guest Robert Warren Answering the Common Question - ""What is Bitcoin Mining""🤔","Check Out This Clip from Yesterdays BAM Episode with our Guest 
Robert Warren Answering the Common Question -

""What is Bitcoin Mining""🤔",btc,1,0,Adorable_Incident717,134.0,22.0,0.0448096096515655,0.0202580206096172,0.9349324107170104,0.0245515890419483,neutral,,,,
2025-01-29,Hong Kong SFC Issues Crypto Trading Licenses as Bitcoin Trading Grows in the Region,Hong Kong SFC Issues Crypto Trading Licenses as Bitcoin Trading Grows in the Region,btc,0,1,crypto_news_source23,83.0,14.0,0.5542427897453308,0.0104277813807129,0.4353294372558594,0.5438150083646178,positive,,,,
2025-01-30,Grayscale Introduces Bitcoin Miners ETF for Indirect BTC Investment,Grayscale Introduces Bitcoin Miners ETF for Indirect BTC Investment,btc,1,0,voyagerdx,67.0,9.0,0.1137316152453422,0.0106997704133391,0.8755685687065125,0.1030318448320031,positive,,,,
2025-01-31,"Bitcoin Price (BTC) Lower After Mexico, Canada, China Tariffs","Bitcoin Price (BTC) Lower After Mexico, Canada, China Tariffs",btc,0,0,lalaci,61.0,9.0,0.0319014973938465,0.9129674434661864,0.0551310926675796,-0.88106594607234,negative,,,,
2025-02-01,GP Spaces 41 Recap: BCH/BTC Approach to Network Upgrades,GP Spaces 41 Recap: BCH/BTC Approach to Network Upgrades,btc,1,0,GeneralProtocols,56.0,9.0,0.1198434084653854,0.0111142648383975,0.8690422773361206,0.1087291436269879,positive,,,,
2025-02-02,"Bitcoin 101 - Timestamps On Blocks In the Bitcoin network, each block includes a timestamp indicating when the miner believes the block was created. This timestamp is set by the miner's system clock and is included in the block header. However, to maintain consistency and prevent manipulation, the Bitcoin protocol enforces specific rules regarding these timestamps: 1. Median Past Time (MPT) Rule: A block's timestamp must be greater than the median of the previous 11 blocks' timestamps. This ensures that time in the blockchain moves forward and prevents miners from setting arbitrarily low timestamps. 2. Future Time Limit: A block's timestamp cannot be more than two hours ahead of the network-adjusted time. The network-adjusted time is calculated as the median of the timestamps reported by all connected nodes, providing a consensus-based current time. These rules allow for minor discrepancies in individual miners' system clocks but prevent significant deviations that could disrupt the network. As a result, while miners do use their local time to set block timestamps, the protocol's constraints ensure that these times remain within an acceptable range, maintaining the integrity and chronological order of the blockchain.",Bitcoin 101 - Timestamps On Blocks,Bitcoin,3,0,i-love-k9,1236.0,188.0,0.0242683850228786,0.0370485819876194,0.9386830925941468,-0.0127801969647407,neutral,,,,
2025-02-04,Watch out for possible hard drop on btc very soon. Monthly has an almost perfect example of inverse cup and handle pattern. I have been watch it for a few days now and it is completely set up for the hard drop down now. Keep and eye out and good luck!,Watch out for possible hard drop on btc very soon.,btctrading,1,0,Parapadarapper1,251.0,51.0,0.1084581241011619,0.030327271670103,0.8612145781517029,0.0781308524310588,neutral,,,,
2025-02-05,"Trump | Promising A Pump *Do to my last meme I'm putting this here. I do NOT wanna see anything like ""Look at nov 4th"", ""Crypto is up since nov 4th"", ""Bitcoin use to be 67k"", ect. this is a MEME not a serious thing .* [Trump Promising A Pump](",Trump | Promising A Pump,btc,1,0,Correct-Potential-15,243.0,50.0,0.037193227559328,0.0337030999362468,0.9291037321090698,0.0034901276230812,neutral,,,,
2025-02-06,"Are there any proposals or research on making bitcoin's PoW useful for real-world computation? Bitcoin’s proof of work (PoW) mechanism secures the network by requiring miners to perform massive amounts of computations to find a valid nonce. However, these computations—though essential for Bitcoin’s security—are purely wasteful in terms of real-world utility, as they serve no purpose beyond reaching the target hash. Are there any proposals, research papers, or experimental ideas exploring ways to make PoW contribute to useful computational tasks while still maintaining Bitcoin’s security? For example, could mining be designed to also perform: * Scientific simulations * Protein folding for medical research * AI model training * Other forms of distributed computing If such ideas exist, what are the technical and economic challenges preventing their implementation? Would altering PoW in this way compromise Bitcoin’s decentralization or security? Curious to hear thoughts and any research on this topic!",Are there any proposals or research on making bitcoin's PoW useful for real-world computation?,btc,1,0,allexj,1012.0,148.0,0.0289714410901069,0.0687050744891166,0.9023234844207764,-0.0397336333990097,neutral,,,,
2025-02-07,What is the most btc you can buy I know btc has a market cap of 2 trillion but say I had infinite funds what would be the most I could buy right now? Could I buy 2 trillion? Sorry for the arrogance I couldn’t find any answers online and I’m really dumb when it comes to stocks or crypto.,What is the most btc you can buy,btc,0,12,CyanideSuicides,287.0,60.0,0.0397476889193058,0.1283913850784301,0.8318609595298767,-0.0886436961591243,neutral,,,,
2025-02-08,"Bitcoin + GameStop=? I've seen a couple posts lately of Ryan Cohen (CEO) meeting with with Michael Saylor (Bitcoin guru) does anyone have any thoughts on why these two would meet? It's suspected that GameStop stock price is being suppressed by illegal hedge fund activity, is it possible that these two are meeting to find a way to combat this fraud? If so, what would be the best way to use Bitcoin as a tool to fight against corruption? TSO ( tokenized stock offering) ?",Bitcoin + GameStop=?,BitcoinMarkets,1,0,1stinkyfinga,472.0,85.0,0.0405303500592708,0.0466390252113342,0.912830650806427,-0.0061086751520633,neutral,,,,
2025-02-09,"For the first time in the history of Bitcoin, since the last halving the price has gapped ahead of miner revenue.","For the first time in the history of Bitcoin, since the last halving the price has gapped ahead of miner revenue.",btc,4,22,Leithm,113.0,21.0,0.0845015570521354,0.8196561932563782,0.0958423167467117,-0.7351546362042427,negative,,,,
2025-02-10,"Advice on DCAing Good morning. I am a total novice and very recently I started my Bitcoin journey. Made 5 purchases over about a week through Coinbase because a friend suggested buying through them. I want to get into doing DCA but not sure of how best to get started, meaning what’s the best strategy (hourly, daily, weekly, monthly, etc), and who is the best to go with for doing DCA? Also, will I be charged a fee every time I make a DCA purchase like I seem to have been when I made my 5 previous purchases through Coinbase? Thanks in advance for any advice and help.",Advice on DCAing,Bitcoin,3,3,passing_gas_,571.0,108.0,0.034591868519783,0.0566430427134037,0.9087650775909424,-0.0220511741936206,neutral,,,,
2025-02-11,$BTC Get your credit card with bitcoin sats rewards,$BTC,BTCTrading,2,0,Far_Ad_2703,51.0,9.0,0.0500095412135124,0.0148875610902905,0.935102880001068,0.0351219801232218,neutral,,,,
2025-02-12,Bitcoin Makes Local Correction Forcing Alts To Shed $234B,Bitcoin Makes Local Correction Forcing Alts To Shed $234B,btc,1,0,crypto_news_source23,57.0,9.0,0.0182335022836923,0.9603548049926758,0.0214117057621479,-0.9421213027089834,negative,,,,
2025-02-13,"Satoshi's Vision All The Way... Even For Voting A Crypto Queen! Satoshi has changed the way we see money and the story narrative has always been noteworthy. Scrolling through my timeline on X, I saw an array of cryptocurrencies were being voted for by users including $BTC $ETH $SOL $DOGE $BGB in a competition by Bitget. I don't know why but even for something as trivial as this, I was inclined to just go vote for Bitcoin. Lol... I don't know if they did it intentionally but, if you noticed, you will see that only Bitcoin Queen had a crown and she was wearing gold... Which usually screams royalty. It was fun just participating hope BTC Queen actually wins and we get something off of it... Either way, it was nice supporting Satoshi's vision.",Satoshi's Vision All The Way... Even For Voting A Crypto Queen!,BitcoinMarkets,1,0,PureClass247,749.0,134.0,0.0648436397314071,0.031470887362957,0.9036855101585388,0.0333727523684501,neutral,,,,
2025-02-14,"I LOVE TRADING ON BTCC Love the App You can short long crazy leverage 500x BTC if you use my referral code start with $100 BTC free free Tap the below link to register a BTCC account. Register for the new user campaign to get up to 10,055 USDT in rewards.",I LOVE TRADING ON BTCC,btc,1,0,Traditional-Ad-1792,255.0,51.0,0.1028954684734344,0.0107185021042823,0.8863860964775085,0.092176966369152,neutral,,,,
2025-02-15,24/7 BITCOIN TRADING-CROMCALL 2,24/7 BITCOIN TRADING-CROMCALL 2,BitcoinMarkets,1,0,Accomplished_Olive99,31.0,4.0,0.0478818640112876,0.0183595493435859,0.9337586164474488,0.0295223146677017,neutral,,,,
2025-02-16,"The sell pressure on $BTC is fading slowly, am I the only one noticing that?","The sell pressure on $BTC is fading slowly, am I the only one noticing that?",btc,1,0,kouwa,76.0,15.0,0.1727493852376938,0.1218759641051292,0.7053747177124023,0.0508734211325645,neutral,,,,
2025-02-17,"Deadline Update For Stronghold Investor Settlement Over 2021 IPO Scandal Hey there, I guess there are some Stronghold investors here, good news for y’all — Stronghold’s finally agreed to settle the financial issues they had a few years ago. For newbies, back in 2022, Stronghold was accused of hiding issues with contracted suppliers, missed deadlines, and difficulties in obtaining new mining equipment. In March 2022, their financial reports revealed losses higher than they had claimed during their IPO a few months earlier. As a result, $SDIG fell, and investors filed a lawsuit alleging they were misled about Stronghold’s mining capacity, operational costs, and the feasibility of expanding its mining fleet during its IPO. The good news is that the company finally agreed to pay investors $4.75M + 25 BTC over this whole situation. The deadline is a few weeks ahead. So, if you were an investor back then, you can check the details and file for payment [here]( Anyways, did you invest in Stronghold back then? How big were your losses due to all this?",Deadline Update For Stronghold Investor Settlement Over 2021 IPO Scandal,btc,1,0,thesatisfiedplethora,1058.0,175.0,0.0844536647200584,0.8889518976211548,0.0265945084393024,-0.8044982329010963,negative,,,,
2025-02-18,"Home mining BTC question Why do people $hit on home miners. I own 2 x S19s and yes, they are not profitable with the power cost, but I'm not interested in the profit in fiat. Isn't the point to earn BTC and hold for the future? Yes, I can buy it with KYC but, honestly, I prefer to mine and earn non KYC instead. Am I wrong? I feel like I'm in stupid land when I read some of these posts. And besides, I haven't had to turn on the furnace on all winter as they're connected to the intake ducts!",Home mining BTC question,Bitcoin,1,0,WarMachine7979,494.0,101.0,0.0348058566451072,0.4187723100185394,0.5464218258857727,-0.3839664533734321,negative,,,,
2025-02-20,"Help Hi so I need some assistance currently I have like around 100k in btc and I need 2,000 in btc to help get it out if anyone is willing to help please message me. I’m more than happy to explain my situation more in depth and no this isn’t a Nigerian prince scam.",Help,btctrading,1,0,Organic_Ad2709,265.0,54.0,0.1204349771142005,0.0227958653122186,0.8567691445350647,0.0976391118019819,neutral,,,,
2025-02-21,"BTC Mining with 160 computers and free electricity Hey everyone, I have an office with 160 computers running chrome OS. This is a call center, there is nothing fancy about these computers. However, with so many and free electricity (big building, not monitored per suite and we never turn any PC off anyways) how could I most effectively mine for BTC or other coins during non-business hours?",BTC Mining with 160 computers and free electricity,btc,1,0,flappynoisehole,392.0,67.0,0.040028017014265,0.0311457980424165,0.9288261532783508,0.0088822189718484,neutral,,,,
2025-02-22,"Another “what if” scenario This would immediately get banned in the other sub but I’m curious. I’m not invested in crypto but everyone touts btc as the one and only… This administration is unpredictable, Elon seems to be doing what he wants and has ties to eth What if, out of the blue Trump and Elon decide to do a strategic eth reserve. I know, I know…illogical but crazy shit already happened and I’m at the stage where I don’t dismiss anything that could come out of orange guy’s mouth.",Another “what if” scenario,btc,1,0,hawkeyedude1989,490.0,90.0,0.04418171569705,0.0529302284121513,0.902888000011444,-0.0087485127151012,neutral,,,,
2025-02-23,"Why Has not BTC Tanked Since the Bybit Hack Surfaced? I was hoping bitcoin will drop through the 80,000 floor. But did not happen. The buybit hack gave some credence to every voice beating the old drum that crypto is a scam, obviously. But seems did not result in a BTC sell off? Why? Or is it like the market has not reacted yet, I.e. too soon for the market to price in?",Why Has not BTC Tanked Since the Bybit Hack Surfaced?,BitcoinMarkets,1,0,CheetahGloomy4700,372.0,73.0,0.0453227683901786,0.4300512969493866,0.5246260166168213,-0.3847285285592079,negative,,,,
2025-02-24,Btc is down 14% from it's high Btc currently trading at 92k. Down 14% from it's high of 106k. It's said that btc falls ~30% before it's next leg up. What are our thoughts on this?,Btc is down 14% from it's high,btc,22,114,BokChoySlaps,179.0,36.0,0.0077805398032069,0.9537500143051147,0.0384694039821624,-0.9459694745019078,negative,,,,
2025-02-25,"Is this sub dead, over 1 mil and 1 post in the last hour Least active bitcoin sub here...","Is this sub dead, over 1 mil and 1 post in the last hour",btc,1,0,IamCanadian11,89.0,19.0,0.0205669738352298,0.8065330386161804,0.1729000657796859,-0.7859660647809505,negative,,,,
2025-02-26,"Should I sell before price drops further? Hi, I'm 37 years old and as of recently have most of my savings invested in BTC. I am almost 14% down on my initial investment. Should I just cut my losses and sell before I lose more money? How do you guys deal with the price dropping? I am scared of losing my hard earned savings and at a loss of what to do right now.",Should I sell before price drops further?,Bitcoin,1,0,Fall-lessFoliage,362.0,74.0,0.0100189736112952,0.9376464486122132,0.0523345880210399,-0.927627475000918,negative,,,,
2025-02-27,$Btc Earn Btc with every purchase,$Btc,BTCTrading,2,0,Far_Ad_2703,33.0,6.0,0.1142098978161811,0.0191589519381523,0.8666311502456665,0.0950509458780288,neutral,,,,
2025-02-28,"+ I t!med bitcoin + I bought btc at 20k, 25k, 40k and at 95k( and some little DCA amount too that is not mentioned) Made it to the integer did some long futures in the bull market and achieved the whole coin. And sold it all again at 102k. And bought again yesterday with all previous profit + invest at 79k. total 1.19. Gonna time the market in 2029 again.",+ I t!med bitcoin +,BitcoinMarkets,1,0,webstryker,357.0,71.0,0.1462980806827545,0.014548516832292,0.8391534090042114,0.1317495638504624,positive,,,,
2025-03-02,"roast my strategy Hi, I was trying to come up with a new strategy and I got this code, which I trained on 2021 and 2022 and tested on 2023 and 2024. What do you think about this strategy? Do you see any problems? `import pandas as pd` `import numpy as np` `from itertools import product` `fee = 0.00075` `def run_strategy(df, sma_window, momentum_window, momentum_thresh):` `data = df.copy().reset_index(drop=True)` `# Use .iloc to reference the close price column (the 5th column, index 4)` `close_price = data.iloc[:, 4]` `# Compute technical indicators: Simple Moving Average and Momentum` `data['sma'] = close_price.rolling(window=sma_window).mean()` `data['momentum'] = close_price / close_price.shift(momentum_window) - 1` `signals = [0] * len(data)` `cash = 1000.0 # starting capital in USD` `btc = 0.0 # starting with no BTC` `position = 0 # 0: holding cash, 1: holding BTC` `prices = close_price.values` `sma_arr = data['sma'].values` `momentum_arr = data['momentum'].values` `for i in range(len(prices)):` `price = prices[i]` `sma_val = sma_arr[i]` `mom_val = momentum_arr[i]` `# If indicators are not available, do nothing.` `if np.isnan(sma_val) or np.isnan(mom_val):` `signals[i] = 0` `continue` `# Buy condition: if not in position and price is above SMA and momentum is strong positive.` `if position == 0 and (price &gt; sma_val) and (mom_val &gt; momentum_thresh):` `signals[i] = 1 # buy signal` `btc = cash / (price * (1 + fee)) # buy BTC with all available cash, accounting for fee.` `cash = 0.0` `position = 1` `# Sell condition: if in BTC position and price is below SMA and momentum is strongly negative.` `elif position == 1 and (price &lt; sma_val) and (mom_val &lt; -momentum_thresh):` `signals[i] = -1 # sell signal` `cash = btc * price * (1 - fee) # sell all BTC and update cash, accounting for fee.` `btc = 0.0` `position = 0` `else:` `signals[i] = 0` `# If still in BTC position at the end, sell at the last available price.` `if position == 1:` `cash = btc * prices[-1] * (1 - fee)` `btc = 0.0` `position = 0` `final_value = cash` `return signals, final_value` `# Define parameter grid for optimization` `sma_windows = [10, 20, 30, 50, 90, 150]` `momentum_windows = [10, 20, 30, 50, 90, 150]` `momentum_thresholds = [0.01, 0.012, 0.015]` `best_value = -np.inf` `best_params = None` `# Grid search using the training dataset (close_values_df_train)` `for sma_window in sma_windows:` `for momentum_window in momentum_windows:` `for momentum_thresh in momentum_thresholds:` `_, final_value = run_strategy(close_values_df_train, sma_window, momentum_window, momentum_thresh)` `if final_value &gt; best_value:` `best_value = final_value` `best_params = (sma_window, momentum_window, momentum_thresh)` `# Use the best-found parameters on the test dataset (close_values_df) to generate trading signals.` `best_sma_window, best_momentum_window, best_momentum_thresh = best_params` `signals_test, _ = run_strategy(close_values_df, best_sma_window, best_momentum_window, best_momentum_thresh)` `# Create result_df by adding the 'signal' column to the test dataframe.` `result_df = close_values_df.copy().reset_index(drop=True)` `result_df['signal'] = signals_test`",roast my strategy,BitcoinMarkets,1,0,FireDragonRider,3184.0,453.0,0.0469877570867538,0.0275401901453733,0.9254720211029052,0.0194475669413805,neutral,,,,
2025-03-03,BTC vs BCH Consensus (GP Shorts),BTC vs BCH Consensus (GP Shorts),btc,7,0,GeneralProtocols,32.0,6.0,0.0724534839391708,0.0313280709087848,0.8962184190750122,0.0411254130303859,neutral,,,,
2025-03-04,Are we getting best btc market price with Robinhood ?,Are we getting best btc market price with Robinhood ?,btctrading,1,0,Gthmen,53.0,10.0,0.2529520392417907,0.0116308629512786,0.7354171872138977,0.241321176290512,positive,,,,
2025-03-05,"Michael Saylor tells President Bukele, “Bitcoin adoption is unstoppable.”","Michael Saylor tells President Bukele, “Bitcoin adoption is unstoppable.”",btc,11,32,SikafieOnlineHustler,73.0,9.0,0.7125623226165771,0.0224995538592338,0.2649381160736084,0.6900627687573433,positive,,,,
2025-03-06,"$1 million Left In Mempool Since November I have a full node that I use from time to time alongside an LND lightning node. Usually I just use it to create offline transactions for small amounts. I recently saw a small amount of btc that I left over from the last time I started it and decided to move it out ([here]( Before my full node caught up and synched with the network, I took a look at the mempool, since LND transactions are sometimes stored offline. To my surprise, there indeed were 42 offline transactions stored in my local mempool since early November totaling close to $1 million USD (10.01569473 BTC): [ ""e586ef532c7815a21d5f37f64412debc58a688bddb9c1dacbcea1204230a782d"", ""8bcf32a7a207562d78a8db1820eaf1b9f5c70da8fb2274274ef93736056138ca"", ""8eb011271ad3744d1ebbe29900ad3a548dcaee73b2506f6e4f45d3a5d41ace0e"", ""5f7dffc78e017b207a5cdcc6b0d38c9117217ce27dc1a2a83168ebbb9a6ab080"", ""514141fb06fb4887c23271e672f4109eef7b6f819940c45f7fd4cc621cfa458d"", ""c323846a0ceb7cd5ef000298f2fc12abebd2d55257e75f3be9f0fcba0ba14bde"", ""aab88dc2404bb816c6ddf940f2a1abd217779e8b22df34e91b65f99790fa2e91"", ""f882c7e17dccb99749623a018fc1c8a8e23d60a8d6085d57edb09a04c3b28efc"", ""8b63344234b45436f83e956124c7706c33091e89d44ac9caba3d96d88db7ecc5"", ""3dd96e70572e03e029936b015dc461a63167c2c73dbe063d87145858a4ad3e46"", ""65f8dd6d37eeae95d9ddfab96b103b9c955ecd95abbd571dd0e350093f02031d"", ""8217219d806949982be5e6c5fdb4103c090fe5e93da61beac5051c5b75574168"", ""90301ac0906a7de2e186fa5f332215325a6c9e04a5e67749b07966d9ae2def95"", ""6e25ead1574579009abbf49201573fdf27d1121075e4b7f33501ffade8518b22"", ""4c4619ca4070368b4d70e1fec1d302081f6639b222aa317e7d90080ee32d1d4f"", ""8f9b90bde2a086f555238de921d9d76215d41973cf12ca63a63ea9222645df91"", ""158ea18897e47d0edfeaadcac8bb778f38b58cfeb79ac8c0ebe7be6845dfb059"", ""673396e908ee6fd2ca072e73aeb56f68fcc3031e6badbd2f46730b142e6d1cd6"", ""7790170503375ba6d91764562a28efcce768d6fbbeaaf93a08d065900ab923e2"", ""b2c356aa605c1e61a165cc224e0c2327f0ebf06c7c1620b9270dc0303714bfb7"", ""6baec16be915db2030562e92721213907f74bf3c63f297fbef827dc4cd6c3e66"", ""5678b90cb67cb95a95fe8203a86b916dee679d87e67ad17d892bf3089b099410"", ""49d6608c0463c89a409ead50aa7d4cd628a6b3c87634039ad84bbf314f8878aa"", ""b097cd606314062b466c04f61de5d4a9527eb9fed21fd1951b5ab0a2e4d16f22"", ""ffffa7107460e4f08ebe0562fce73dbb41eb43214f7a6badbb0d0569f85ce063"", ""99a6616ef1e7898e9509256cf6abc488a56e77293ed77a28d30fc40f37e1e561"", ""3195752e65f547de04e63fedb81bb9b867e1b9a27304832a1be9ec13d6e352e7"", ""ae011a358d069d8bba0a2019b92d91f02acc65b6a10094355d58e688f0379d6c"", ""fa46df5ed8ded61ec76b3d617b371f9072b061799d6db373960dd118068c06a9"", ""9debdc58959f6bf6a0bdb5e3b9abf1268077d510414fbc1e12591364b6b087e5"", ""c19a6c2245aaee332d3752fa806a76c786a8eae96fe27559b62c5dfe63d6f6ee"", ""3dfd60b79c3f3ad197d6f190c1df0f88c3df89f722e1499a0ec8527a5ed95ce1"", ""b7ecf7ffa23da8031f5e32c72342badc67a6956ae7ea16715b84b929482a2990"", ""47492333d3a7fe2a70debbec42a9ff2e62fe46af735d37b5b158df01f054393b"", ""5cd871831034e82f85f119a63b55bba6c04be4b2f7c9c144513d50a2e8fc9a48"", ""c874e41998cea21560f42cf8077d8185dc81ebd61132a97f69684cf7cadff105"", ""183748d148f4a735e02cefdc09d6dab5a5ed78faad3bb08a109e3928fe1f06f4"", ""bfbc5d26a173d9c96f817563b0c2470758b60608da7576f6515eecea5a3c6202"", ""f476bd8b3e493ca9e28bd0434a54b5adbf0d912a4c3f711cc51efbeedbf3c507"", ""37b69d66273ed210279988f6a490803d170796db5d2e848c32bd3c6b0ee5b292"", ""6bcfce706562c12e1c2734320af674e695fcb7f8fa114946831b1d3e2f7cc155"", ""13644a6c2cff98d418bc0bdfade17dea1b303b75d1d80c3868903f4a9bf13483"", ""bd92abdecaf95139c49b658cb163a4a82a4c24e891cbe6de18e41346b505e93b"" ] It's very strange to me that 42 offline transactions were just left on my machine for that period of time, considering they have a total value of $1 million. What's even stranger is that some of the addresses [haven't moved since 2022]( At first glance, some of the transactions are being made to addresses with extremely large balances, like [this one with a $200 million balance](",$1 million Left In Mempool Since November,Bitcoin,1,0,Miserable-Nail3826,3927.0,223.0,0.0312209781259298,0.0394768491387367,0.9293021559715272,-0.0082558710128068,neutral,,,,
2025-03-09,"Only 30 weeks ago! To those freaking out, remember only 30 weeks ago, just over 6 months ago the price of bitcoin low was $49,000. For those who are saying a market correction of 20 - 30% is not achievable and kidding themselves selves. Yesterday I made a post that bitcoin was going to make a correction, for those who are new, a market correction is normally considered a 10% drop. From my research that placed btc at 76,500k , so yes we are in a stage of correction. And possibly the biggest market crash since covid comming. You can believe what you want and have your own oppinions, but there has been many major influences in the stock market and crypto communities talking about this biggest crash for sometime. As with the covid crash everything will pick back up. This could continue for the next 8 to 12 months. So just stick it out and wait .",Only 30 weeks ago!,BitcoinMarkets,5,0,Sweet-Hat-7946,853.0,158.0,0.0290498360991477,0.8866525292396545,0.0842976346611976,-0.8576026931405067,negative,,,,
2025-03-10,When will the market stop treating Bitcoin like a risk-on asset? At some point it's got to flip,When will the market stop treating Bitcoin like a risk-on asset?,btc,1,0,Reywas3,95.0,18.0,0.0481074787676334,0.1195712313055992,0.8323213458061218,-0.0714637525379657,neutral,,,,
2025-03-11,How do you predict BTC before summer? Do you guys think it will reach a new higher level before summer? Just wondering about your opinions,How do you predict BTC before summer?,btc,0,21,Fearless-Interest219,138.0,25.0,0.094942606985569,0.0150909312069416,0.8899664878845215,0.0798516757786274,neutral,,,,
2025-03-12,"Unusual Chart Pattern on BTC/USD Three Peaks Domed House I have seen this very rare Chart Pattern called Three Peaks Domed House on various long-term stock charts over the last 25 years. It has always preceded a major market collapse. I found it on the 12-month BTC/USD chart, it is regarded as a bearish pattern. I notice the pattern is fully formed and therefore an easy call. I am not predicting an outcome simply offering this chart as a point of interest.",Unusual Chart Pattern on BTC/USD Three Peaks Domed House,btc,1,0,ShoneGold,460.0,82.0,0.0670439004898071,0.1235925555229187,0.8093635439872742,-0.0565486550331115,neutral,,,,
2025-03-13,"The Bitcoin Newtonian Model. Version 3. I really like the addition of section 3.2, it demonstrates how rapidly Bitcoin's price could rise if adoption accelerates.","The Bitcoin Newtonian Model. Version 3. I really like the addition of section 3.2, it demonstrates how rapidly Bitcoin's price could rise if adoption accelerates.",btc,1,0,Obvireal,162.0,25.0,0.7306855916976929,0.0092535968869924,0.2600608468055725,0.7214319948107004,positive,,,,
2025-03-14,Anyone know Gary’s Economics? He was making waves by bashing bitcoin. Took my best stab at rebutting all the misinfo he was spouting Let me know what else I missed,Anyone know Gary’s Economics? He was making waves by bashing bitcoin. Took my best stab at rebutting all the misinfo he was spouting,Bitcoin,1,0,thesatdaddy,163.0,30.0,0.047581635415554,0.1097509711980819,0.8426674008369446,-0.0621693357825279,neutral,,,,
2025-03-15,"Btc Arincen - أفاد جيمس سايفارت، محلل ETFs البارز في بلومبرغ، أن صناديق الاستثمار المتداولة في البيتكوين قد نجحت في الحفاظ على أكثر من 95% من رأس المال المستثمر بها، رغم تباطؤ تدفقات الأموال وانخفاض سعر البيتكوين بنسبة 25%. ووفقًا للبيانات التي نشرها سايفارت في منشور على منصة X بتاريخ 14 مارس، فقد تراجعت التدفقات إلى 35 مليار دولار بعد أن بلغت ذروتها عند 40 مليار دولار، في حين بقيت الأصول تحت الإدارة عند 115 مليار دولار. واعتبر سايفارت أن هذا الصمود يعد مشابهًا للسلوك الذي يظهره المستثمرون في صناديق ETFs التقليدية بالولايات المتحدة، حيث لا يتسرع المستثمرون في البيع العاطفي خلال فترات تراجع السوق، بل يواصلون الشراء، مما يعكس تحولًا في الاستراتيجيات الاستثمارية من المضاربة قصيرة الأجل إلى بناء الثروة على المدى الطويل. وفي ذات السياق، أظهرت بيانات منصة SoSoValue أن صناديق البيتكوين ETFs في الولايات المتحدة شهدت خروج أموال بقيمة 870 مليون دولار في الأسبوع الماضي، و1.6 مليار دولار خلال الشهر المنصرم. وأشار المحللون إلى أن هذه التدفقات السلبية تمثل ظاهرة “شراء الإشاعة، بيع الخبر”، في إشارة إلى التكهنات التي سبقت الإعلان عن مبادرة الاحتياطي الاستراتيجي للبيتكوين التي طرحها الرئيس الأمريكي دونالد ترامب في يوليو 2024، وما تلاها من عمليات بيع بعد الإعلان الرسمي في قمة التشفير. من جهة أخرى، أظهرت بيانات من منصة CryptoQuant انخفاضًا حادًا في الطلب على البيتكوين منذ ديسمبر الماضي، حيث تراجع المتوسط المتحرك البسيط للطلب الظاهر، مما يشير إلى قلة عدد المشترين النشطين في السوق. كما كشفت منصة Alphractal عن انخفاض مستمر في مؤشر شارب للبيتكوين منذ مارس 2024، مما يعكس زيادة المخاطر وتقلبات السوق، في ظل تراجع العوائد قصيرة المدى. إضافة إلى ذلك، كشفت بيانات منصة Santiment عن بيع حاملي البيتكوين الكبار، أو “الحيتان”، لكميات كبيرة من البيتكوين، حيث قامت المحافظ التي تحتوي على 100-1000 بيتكوين ببيع أكثر من 50,000 بيتكوين في الأسبوع الماضي، ما يعادل نحو 4.07 مليار دولار. وتثير هذه التغيرات في سلوك الحيتان تساؤلات بشأن الاستقرار المستقبلي للسوق، مما يعكس ضغوطًا سلبية قد تستمر على المدى القريب.",Btc,BTCTrading,3,0,robyoosaid,1898.0,318.0,0.109332837164402,0.0455322191119194,0.8451349139213562,0.0638006180524826,neutral,,,,
2025-03-16,Check Out The Build-a-Mine Podcast On YouTube For More Bitcoin Mining Content!,Check Out The Build-a-Mine Podcast On YouTube For More Bitcoin Mining Content!,btc,1,0,Adorable_Incident717,78.0,12.0,0.0440124049782753,0.0197467487305402,0.9362407922744752,0.024265656247735,neutral,,,,
2025-03-17,"I wonder what Bitcoin Cash people think will happen. The world isn’t going to sell their Bitcoin for Bitcoin cash. And if they do agree to upgrade the block size in the future it will be apart of Bitcoin, not Bitcoin cash. Bitcoin will already be held by the majority of future holders by.",I wonder what Bitcoin Cash people think will happen. The world isn’t going to sell their Bitcoin for Bitcoin cash.,btc,1,0,Obvireal,289.0,54.0,0.0627478063106536,0.0168674066662788,0.9203848242759703,0.0458803996443748,neutral,,,,
2025-03-18,"I Built a Bitcoin Whale Tracking Website (Open Source) [ Features: -Live Bitcoin Price – Updates in real-time -Largest Transactions – See the top 10 BTC transfers in the last 24h -Richest Wallets – Top 10 Bitcoin wallets tracked -Historical Volume Charts – Track BTC transaction trends (Currently some API calls are not working correctly so replaced error with Synthetic Data) I’ve open-sourced it on GitHub, if someone is interested in crypto tracking or web development, feel free to check it out, contribute and report issues. Thankyou for your time",I Built a Bitcoin Whale Tracking Website (Open Source),btc,1,0,Aggravating-Mine-292,552.0,90.0,0.0360688641667366,0.0217946581542491,0.9421364665031432,0.0142742060124874,neutral,,,,
2025-03-19,Mine Bitcoin with Gomining and get 5% Cashback at your First miner. With the code: fO-yZ or with this Link: Start with Just 22$ and earn your First BTC. Earn Bitcoin,Mine Bitcoin with Gomining and get 5% Cashback at your First miner. With the code: fO-yZ or with this Link: https://gomining.com/?ref=fO-yZ Start with Just 22$ and earn your First BTC.,btctrading,1,0,Live_Wave6681,165.0,31.0,0.0643815174698829,0.0153394257649779,0.9202790856361388,0.049042091704905,neutral,,,,
2025-03-20,"Donald Trump Urges the Federal Reserve to Cut Interest Rates! “The Fed needs to lower rates. U.S. tariffs are starting to impact the economy. It’s important to do the right thing. April 2nd – America’s Liberation Day!” — Donald Trump. So, let me get this straight… tariffs were supposed to help the economy, but now we need lower interest rates to fix the economy because of tariffs? What does this mean for Bitcoin? Of course, a rate cut. The dollar will weaken, investors will look for alternative assets, and right now, Bitcoin is at the top of that list. We’re expecting another Bitcoin pump on this positive news!",Donald Trump Urges the Federal Reserve to Cut Interest Rates!,BitcoinMarkets,1,0,Altruistic-Loan-2271,618.0,108.0,0.0608317852020263,0.655748724937439,0.2834194600582123,-0.5949169397354126,negative,,,,
2025-03-21,Canadian carpenter needs help Carpenter from Canada has fallen help please before it’s too late I’m literally done with it all here’s my btc address and happy birthday Baron bc1qnhr0m475w5v749fjmzqwdf9w4xxzmr77f82xnp,Canadian carpenter needs help,btc,1,0,cheema54,216.0,30.0,0.0459468550980091,0.132403552532196,0.8216496109962463,-0.0864566974341869,neutral,,,,
2025-03-22,"Bitcoin use as money The more I have researched Bitcoin the more conflicted I become. To keep things brief, what concerns me is the need for layer 2 solutions as Bitcoin is slow and expensive. People say layer 2 solves this, but does it not defeat the purpose of crypto in the first place? If transactions are not happening on chain aren't they less secure? Thank you! And if you are just going to leave a dumb and hostile comment then save your time and move along.",Bitcoin use as money,Bitcoin,1,0,NothernLarry,466.0,87.0,0.055811695754528,0.1832325607538223,0.7609557509422302,-0.1274208649992942,negative,,,,
2025-03-24,"BTC tax question: “lmk if I’m understanding crypto tax correctly” For theory here and understanding seeking any correction. In general, taxations applies to capital gains whether profit or loss. Cryptocurrency is somewhat similar to a unique 401(k) without withdrawal penalties, point is to ignore the noise hold for long term stability; crypto is a financial commodity instrument created/innovated by special interest the last 20 years. I recently read that only a million people in the world hold more than one bitcoin, the rest hold less than one bitcoin — If true It’s a small group of people compared to 8 billion roaming the earth. There’s a lot more to crypto but simply put, quickest way to understand crypto. To continue Developers of digital assets are required to provide completely accurate financial disclosures to consumers &amp; government entities. Federal regulators have oversight of crypto taxation &amp; processing. Securities Exchange Commission (SEC) and Commodity Futures Trading Commission (CFTC) oversee all digital asset transactions, working together to validate these transactions. Cryptocurrency is treated as property, meaning that regardless of an exchange amount, holders must pay taxes twice: • First, when holders mine or sell crypto • Then, selling cryptocurrency or realizing gains, crypto owners should be aware that their state tax rates are based on the address listed on their ID driver's license. Here’s a breakdown of the tax implications for a crypto owner: • Day One: The owner mines or sells one coin for $50,000. They owe taxes on $50,000 as ordinary income. • Day Two: The owner sells that coin for $52,000. They owe taxes on a $2,000 capital gain. In total, this owner has $50,000 in ordinary income and $2,000 in capital gains. They must factor in state tax rates to calculate their total tax liability. It’s crucial to pay cryptocurrency taxes correctly; failing to do so can result in prison time of up to 5 years or fines reaching six figures for tax evasion. If you buy cryptocurrency, you won't face a taxable event until you sell, exchange it for another asset, or use it to purchase goods or services. However, receiving cryptocurrency through mining, staking, or lending is considered a taxable event, subject to ordinary income tax rates.",BTC tax question: “lmk if I’m understanding crypto tax correctly”,btc,1,0,SharpDiscussion525,2296.0,370.0,0.043090995401144,0.0309876259416341,0.9259213805198668,0.0121033694595098,neutral,,,,
2025-03-25,GameStop Adds Bitcoin to Treasury Reserve in Strategic Update,GameStop Adds Bitcoin to Treasury Reserve in Strategic Update,btc,1,0,btcxio,61.0,9.0,0.1164304241538047,0.0335348881781101,0.8500346541404724,0.0828955359756946,neutral,,,,
2025-03-26,Bitcoin based DeFi solutions are growing,Bitcoin based DeFi solutions are growing,btc,1,0,morkovka2497,40.0,6.0,0.1528432369232177,0.007993540726602,0.8391632437705994,0.1448496961966157,positive,,,,
2025-03-27,Is This Bitcoin Bull Run A HUGE Disappointment?? Bitcoin 2025 Market Overview &amp; Altcoin Outlook,Is This Bitcoin Bull Run A HUGE Disappointment?? Bitcoin 2025 Market Overview &amp; Altcoin Outlook,btc,0,2,Greedy_Box_9356,99.0,15.0,0.0251603983342647,0.7232640385627747,0.2515755891799927,-0.6981036402285099,negative,,,,
2025-03-28,Running Bitcoin,Running Bitcoin,btc,1,0,birth_of_bitcoin,15.0,2.0,0.0226609967648983,0.0410889461636543,0.93625009059906,-0.018427949398756,neutral,,,,
2025-03-29,The Bitcoin Cash Podcast #145: FundMe &amp; Badgers feat. Sayoshi Nakamario,The Bitcoin Cash Podcast #145: FundMe &amp; Badgers feat. Sayoshi Nakamario,btc,1,0,Shibinator,75.0,11.0,0.0933927372097969,0.0181076806038618,0.8884995579719543,0.0752850566059351,neutral,,,,
2025-03-30,buying btc no kyc is there any website or exchange I can buy btc with just my debit card without kyc,buying btc no kyc,Bitcoin,1,0,LiteratureCute7606,100.0,21.0,0.0293161980807781,0.0266639068722724,0.9440199136734008,0.0026522912085056,neutral,,,,
2025-03-31,"If US is entering a bear market how would you expect bitcoin to perform over the next 6 months? This post isn’t about if a US bear market is about to happen or not. It’s how you think bitcoin would perform IF indeed a US bear market did happen now. Bitcoin has been pretty correlated with the US market over the past 5 months since its post election bump. Over the past 7 weeks since s and p high Feb 19 bitcoin has dropped 13% and been unable to rise back anywhere near its Feb 19 value same as the market struggling to regain its peak. As opposed to gold price which has continued rising. Looking back at 2022 bear market I see that was a brutal year for bitcoin. I’m a big bitcoin believer and have a good chuck of my brokerage in IBIT. I’ve been waiting for bitcoin to show it can diverge from the US market like gold but I haven’t seen any evidence of it. And now I have some concern how low it could go and how long it may stay depressed if we are entering a bear market. I forget exact data but I think around 15-25% of bitcoin is held by US/canadian investors. So vast majority is global investors. That gives me some hope it can diverge. But the positive news of US institutional adoption may be mitigated by US economy crashing, and EU and other key countries haven’t seemed to show much adoption of it yet, right? I think it’s 50-50 on which way it moves next 6 months if US is indeed entering a bear market. Would love to get other’s thoughts or points I’m overlooking.",If US is entering a bear market how would you expect bitcoin to perform over the next 6 months?,BitcoinMarkets,2,27,IAmDisturbanceFeedMe,1481.0,285.0,0.0098176458850502,0.9708107709884644,0.0193715207278728,-0.960993125103414,negative,,,,
2025-04-02,"Should we expect $pump to surely pump the various forms of Bitcoin ? With PumpBTc allowing users to stake various forms of Bitcoin, including BTCB and WBTC, to receive pumpBTC tokens in return has left many with huge hopium. Seeing its capability of hitting major exchanges like bitget while ensuring security, scalability, and transparency, and allowing Bitcoin holders to maximize returns by participating in DeFi has brought up so many price predictions from different perspectives especially those that deposited theirs without sparing any for gas fee. Do you really think things will go as expected?",Should we expect $pump to surely pump the various forms of Bitcoin ?,BitcoinMarkets,1,0,Feisty-Rhubarb-6718,604.0,95.0,0.1764364689588546,0.1196103245019912,0.7039531469345093,0.0568261444568634,neutral,,,,
2025-04-03,Shall I buy some bitcoin or buy some mining bitcoin ?! M,Shall I buy some bitcoin or buy some mining bitcoin ?!,btc,1,0,Happy-Assignment7749,56.0,12.0,0.0360085852444171,0.0291156154125928,0.9348758459091188,0.0068929698318243,neutral,,,,
2025-04-04,"When does BTC fall with the economy? I imagine at some point, layoffs are going to come and the world economy is going to slow to a crawl. When does BTC drop?",When does BTC fall with the economy?,btc,1,0,Jumpy-Mess2492,158.0,32.0,0.0126579124480485,0.9207655787467957,0.0665764436125755,-0.9081076662987472,negative,,,,
2025-04-05,"Has there been an extensive attempt to bruteforce Bitcoin addresses? So we know bruteforcing bitcoin private addresses will take gazillion years, but you could get lucky, right? Have anyone attempted to bruteforce it with a processing farm or something?",Has there been an extensive attempt to bruteforce Bitcoin addresses?,btc,1,0,hedi455,253.0,39.0,0.0384684279561042,0.0646046921610832,0.8969268798828125,-0.0261362642049789,neutral,,,,
2025-04-06,Anybody want to give me a full bitcoin,Anybody want to give me a full bitcoin 😄,btc,1,0,Happy-Assignment7749,38.0,8.0,0.0483575277030468,0.0201827641576528,0.9314597249031068,0.0281747635453939,neutral,,,,
2025-04-07,Antminer U1 Found this in a box of random stuff I bought. Does anyone still use the tiny little thing anymore? Also could there be bitcoin on the hard drives!? 🤔 lol,Antminer U1,Bitcoin,1,0,Solchile,165.0,32.0,0.024914963170886,0.0513422563672065,0.9237427711486816,-0.0264272931963205,neutral,,,,
2025-04-10,I am giving you vital warnings about Bitcoin prices for free with the quantum application.,I am giving you vital warnings about Bitcoin prices for free with the quantum application.,BitcoinMarkets,1,0,Motod0shi,90.0,15.0,0.0937802717089653,0.0129779921844601,0.8932417035102844,0.0808022795245051,neutral,,,,
2025-04-11,The Hidden Impacts of US and China Tariffs on the Bitcoin and Crypto Industry,The Hidden Impacts of US and China Tariffs on the Bitcoin and Crypto Industry,btc,1,0,btcxio,77.0,14.0,0.0350388772785663,0.423625648021698,0.5413354635238647,-0.3885867707431316,negative,,,,
2025-04-12,Who decided that only 21 million bitcoins can exist?,Who decided that only 21 million bitcoins can exist?,btc,1,0,SharpDiscussion525,52.0,9.0,0.0288774650543928,0.0550568848848342,0.9160656332969666,-0.0261794198304414,neutral,,,,
2025-04-13,"Bitcoin is moss. Bitcoin Is Moss Body: Bitcoin isn’t a revolution in the traditional sense. It doesn’t shout. It doesn’t demand. It doesn’t storm the gates. It spreads. Like moss. It moves quietly. It doesn’t need headlines or permission. It simply finds surfaces—old stone, decaying wood, forgotten cracks in foundations—and begins to grow. Slowly. Persistently. Irreversibly. Fiat systems are the stone. They appear solid: institutions, currencies, central banks. But over time, they weather. They crack. Their weight becomes their weakness. And once those cracks appear, Bitcoin enters. It doesn’t attack the structure. It covers it. It renders it obsolete not by confrontation, but by quiet redundancy. It’s not about destruction. It’s about persistence. You can’t uproot moss—it has no central stalk. You can’t kill it by cutting—it grows from fragments. You can’t burn it away—it thrives in the shade and returns with the rain. Bitcoin is the same. There’s no CEO to arrest. No headquarters to raid. No switch to flip. It’s a distributed organism. A living network of memory and value. Every attempt to contain it only spreads its awareness. And like moss, it thrives in neglected places—where trust has eroded, where inflation eats value, where systems are collapsing under their own weight. The more centralized control tries to reassert itself, the more obvious the need for something else becomes. Bitcoin doesn’t replace fiat by force. It makes it irrelevant. Not through revolution, but through saturation. You don’t notice moss at first. Then one day, the statue is covered. The wall is green. The monument to the old world is now a part of the forest floor. That’s Bitcoin. Not a war. A reclamation.",Bitcoin is moss.,btc,1,0,ExamOrnery9871,1713.0,275.0,0.029755350202322,0.0601519867777824,0.9100926518440248,-0.0303966365754604,neutral,,,,
2025-04-14,BT Coin Mining Hey I have Installed this App BT Coin Mining and Mine BTC on Play Store,BT Coin Mining,btc,1,0,Apocalyptea,86.0,18.0,0.0667142570018768,0.0105440113693475,0.922741711139679,0.0561702456325292,neutral,,,,
2025-04-15,Bitcoin Treasury Company Imagine how embarrassing it must be to call yourself a Bitcoin Treasury Company.,Bitcoin Treasury Company,Bitcoin,1,0,Life-Observer,105.0,16.0,0.0224778298288583,0.3769923150539398,0.6005298495292664,-0.3545144852250814,negative,,,,
2025-04-19,The Bitcoin Cash Podcast #147: BCHata &amp; Endless Inflation feat. Alex &amp; Petya,The Bitcoin Cash Podcast #147: BCHata &amp; Endless Inflation feat. Alex &amp; Petya,btc,1,0,Shibinator,84.0,13.0,0.129309132695198,0.0134447673335671,0.8572461605072021,0.1158643653616309,positive,,,,
2025-04-20,El Salvador’s Bitcoin Experiment Struggles as 89% of Registered Businesses Are Inactive,El Salvador’s Bitcoin Experiment Struggles as 89% of Registered Businesses Are Inactive,btc,1,0,btcxio,87.0,12.0,0.0100334733724594,0.9735540747642516,0.0164125319570302,-0.9635206013917924,negative,,,,
2025-04-21,"Bitcoin is a store of VaLuE #Pulse WATCH: WHITE HOUSE ADVISOR SAYS #BITCOIN WILL BE A STORE OF VALUE FOR THE NEXT 1,000 YEARS HE BELIEVES #bitcoin‌ #bitcoin #cryptone…",Bitcoin is a store of VaLuE,btc,1,0,FRANKYB357,167.0,29.0,0.0931795239448547,0.012593756429851,0.8942267894744873,0.0805857675150036,neutral,,,,
2025-04-22,"I Survived the Bank Blackout with Bitcoin Cash! This is a real story that I lived in 2018 and one of the main reasons I have been since an advocate of Bitcoin Cash for years. I hope you enjoy it and pass by to leave a comment, tip, share and more. Have a great day ahead",I Survived the Bank Blackout with Bitcoin Cash!,btc,10,0,alberdioni8406_,270.0,56.0,0.2098932266235351,0.015580415725708,0.7745262980461121,0.1943128108978271,positive,,,,
2025-04-23,Bitcoin flips google,Bitcoin flips google,Bitcoin,1,0,itsdylanyo,20.0,3.0,0.0432632975280284,0.1072098910808563,0.8495267629623413,-0.0639465935528278,neutral,,,,
2025-04-26,BTC cult excuses.,BTC cult excuses.,btc,1,0,DangerHighVoltage111,17.0,3.0,0.0419477522373199,0.0270271766930818,0.9310250282287598,0.014920575544238,neutral,,,,
2025-04-27,Bitcoin Cash and the Underdog Story of Real Peer-to-Peer Money,Bitcoin Cash and the Underdog Story of Real Peer-to-Peer Money,btc,1,0,alberdioni8406_,62.0,10.0,0.0564550273120403,0.0223174039274454,0.9212275743484496,0.0341376233845949,neutral,,,,
2025-04-28,"Question about fees My perception is that there is a movement by BTC coin to imprison people's money instead of the initial idea that it would be freed, why do I say that? Well, it's no one's secret that brokers charged fees, so far ok. But even platforms like Satoshi and Bluesky, which should encourage accumulation precisely to make people-to-people transactions easier, are charging a very high fee, imagine paying for a cup of coffee with BTC in Sats and the fee being higher than the coffee? Unfeasible! I only made one operation and it's not worth it, the fees are high even on these platforms that claim to be everyday wallets... am I understanding this wrong?",Question about fees,btc,1,0,Ok_Aardvark_3026,668.0,117.0,0.0642672702670097,0.1056340411305427,0.8300986886024475,-0.041366770863533,neutral,,,,
2025-04-29,"60 Million people were in total blackout and the price didn't change So Portugal, Spain and parts of several other countries (France, Netherlands, Marroco, etc) were in total blackout today. For 10 hours we didn't know if WW3 had began or what. I was thinking how much the price would tank. But no. Zero. Bitcoin didn't budge. But if trump tomorrow farts on TV or says some shit like ""you know, this bitmoney thing, it's really something you know"" then the price will go to the moon. Strange world.",60 Million people were in total blackout and the price didn't change,btc,1,0,OverPT,498.0,89.0,0.0313611850142478,0.3120752274990082,0.6565636396408081,-0.2807140424847603,negative,,,,
2025-04-30,Bitcoin Developers Divided Over Proposal to Expand Blockchain Data Storage,Bitcoin Developers Divided Over Proposal to Expand Blockchain Data Storage,btc,12,8,btcxio,74.0,10.0,0.0360339730978012,0.7783301472663879,0.1856359243392944,-0.7422961741685867,negative,,,,
2025-05-01,Finally hit 0.1 I swear bitcoin is addictive.,Finally hit 0.1,Bitcoin,815,101,Ok_Sock_9161,45.0,8.0,0.2667077779769897,0.0203293319791555,0.712962806224823,0.2463784459978342,positive,,,,
2025-05-03,"This year Warren Buffett is resigning from Berkshire Hathaway, and Greg Abel is taking his place! Do you think they will invest in Bitcoin starting in 2026?Alternatively, do you believe investors will seek out Bitcoin if they lose trust in the berkshire CEO?","This year Warren Buffett is resigning from Berkshire Hathaway, and Greg Abel is taking his place!",btc,1,0,Subject_Oven8343,258.0,43.0,0.0284420996904373,0.2020380198955536,0.7695199251174927,-0.1735959202051162,negative,,,,
2025-05-04,"10 years ago, someone tried to use 50,000 Bitcoin to buy a $14 million apartment. 10 years ago, someone tried to use 50,000 Bitcoin to buy a $14 million apartment. #Today, 50,000 Bitcoin are worth $4.8 billion.","10 years ago, someone tried to use 50,000 Bitcoin to buy a $14 million apartment.",btc,1,0,FeatureAggravating75,210.0,37.0,0.0282064359635114,0.026268396526575,0.9455252289772034,0.0019380394369363,neutral,,,,
2025-05-05,"I Made an Experimental BTC Predicting Web App / Game Hello, I would like to present an early version of my experimental Bitcoin-predicting website [cryptodraw.live]( It is based on ideas of human pattern recognition, wisdom of the crowd and machine learning. You basically draw a continuation of a chart. The predictions are updated in real time and publicly available. By contributing, you might practice your chart-reading abilities and also compete with others on the leaderboard. Have fun contributing and thanks for your potential feedback.",I Made an Experimental BTC Predicting Web App / Game,BitcoinMarkets,1,0,FireDragonRider,545.0,84.0,0.0474514700472354,0.0185137055814266,0.934034824371338,0.0289377644658088,neutral,,,,
2025-05-06,"I just bought some Bitcoin, if you see this, upvote and buy $10 worth of Bitcoin. Just do it.","I just bought some Bitcoin, if you see this, upvote and buy $10 worth of Bitcoin.",btc,1,0,Obvireal,93.0,19.0,0.0446985587477684,0.0323963463306427,0.9229050278663636,0.0123022124171257,neutral,,,,
2025-05-07,Why are people not selling I trade on P2P daily and have been looking forward to buy and sell btc for profits but lately people are not selling. It’s hodl till when 🤣?,Why are people not selling,btc,1,0,Cold-Shopping-8253,167.0,33.0,0.0416534580290317,0.178576573729515,0.7797699570655823,-0.1369231157004833,negative,,,,
2025-05-08,"Phishing email supposedly sent by Grayscale Be careful. I received a phishing email today that is pretending to be from Grayscale. The user database was breached last October, and this is the first email I have seen so far. The email was sent from santaritaonline dot com. &gt;Dear User, &gt;In accordance with Grayscale’s latest fund management update, your holdings in the Grayscale Bitcoin Trust (GBTC) may now be eligible for early redemption or conversion to ETF format via your linked custodian. &gt;Key changes affecting your account: &gt;GBTC now qualifies for partial liquidity event under SEC rule 144 unlocks. &gt;Custody provider update: Your Custodian requires updated verification by May 10, 2025. &gt;Unverified wallet links may result in forced custodial freeze. &gt;Verify your custody wallet to maintain eligibility: &gt;For institutional investors, secure API review is also available. Please ensure your custodian has the updated linkage schema. &gt;Grayscale Investor Services &gt;compliance @ grayscaleinvestments . com",Phishing email supposedly sent by Grayscale,btc,4,0,sos755,1041.0,152.0,0.027001529932022,0.0614872649312019,0.9115111827850342,-0.0344857349991798,neutral,,,,
2025-05-09,We cashing out? I don’t pay too much attention to btc but i put 1100 in when it was around dip at 78k and after hitting 1500 today im very happy with the $400 come up as someone who works a day job so i dont have time to spend an hour a day researching the market and if you guys have any advice on if i should hold or cash out soon,We cashing out?,Bitcoin,1,0,Solid_Dependent_2255,332.0,73.0,0.1002376973628997,0.0235610716044902,0.8762012720108032,0.0766766257584095,neutral,,,,
2025-05-11,"BTC = Shit? Prove it. Not here to troll, not here to preach either. Just want to read all the solid arguments you have AGAINST Bitcoin. Technical, economic, environmental, philosophical - throw it all out there. If you think BTC is crap, explain why. I really want to see the best anti-Bitcoin arguments, not just slogans. I personally believe in bitcoin but I'd love to hear other points of view. Hearing all day long people going in the same direction doesn't help to gain perspective.",BTC = Shit? Prove it.,btc,1,0,Hefty-Question-4789,487.0,85.0,0.0635783523321151,0.0362461656332016,0.9001755118370056,0.0273321866989135,neutral,,,,
2025-05-12,"Been there, done that. BTC Core and killing Bitcoin. This is hilarious, Suposibly there is a grassroots movement in the BTC Bitcoin community that thinks money should just be money. All the power to them, I have similar beliefs. We part ways, as I can't tolerate the idea that there should be a transaction limit when using money. Nonetheless, they are small blockers who don't want to allow appending an increased data limit to a BTC transaction, fair enough, They believe it should be a setting, fair enough. It'd be nice if one could configure a cost per bite, and allow a free market to emerge for transaction data limits. But that's not an option. So what do they do? They reject Peter Todd's proposal to increase penned transaction data limits and put the control of those limits in the hands of Core developers. (because the limit is too generous, not because they reject free market principles or centralized decision-making, despite being addend advocated for decentralization of power, maybe that's a sub text that's supposed to be understood.) Evidently not when you look at the solution. The solution: move to a crazy person's Luke Dashjr, Implementation of Bitcoin, Bitcoin Knots. OMG I can't, these BTC Bitcoin should just be money have no idea, what Knots, and its lead developer represent.","Been there, done that. BTC Core and killing Bitcoin.",btc,17,31,Adrian-X,1305.0,220.0,0.0543818697333335,0.0603052042424678,0.8853129148483276,-0.0059233345091342,neutral,,,,
2025-05-13,"BSR Funding strategy thoughts -- Revenue Neutral ? Hey BTC Markets -- This is really more trading adjacent so... I have been thinking a bit about the BSR and how it could be funded in a revenue neutral way. The thought is to fund the BSR via BTC owners directly selling BTC to the government (via treasury direct), and getting a t-bill (or maybe a BSR T-Bill?). If they made it tax advantaged in some way ... like it was a tax free conversion ... or a portion of the long term capital gains for the purchase could be deducted at some favorable level, I bet they would get significant interest. Heck.. ""normal"" folks might buy BTC just to sell it to the treasury to get some BSR-Bills. I think I first raised this idea in early march in: But... wondering what do you all think? Do you think this would this be considered revenue neutral? Would you consider selling to the USG for some short duration TBills? I probably would sell some if it had a tax sweetener.",BSR Funding strategy thoughts -- Revenue Neutral ?,BitcoinMarkets,4,11,paranoidopsecguy,960.0,179.0,0.0910137444734573,0.0158951710909605,0.893091082572937,0.0751185733824968,neutral,,,,
2025-05-14,"His shift from calling Bitcoin a ""scam"" in 2021 to now embracing crypto is quite the turnaround","His shift from calling Bitcoin a ""scam"" in 2021 to now embracing crypto is quite the turnaround",btc,1,0,Glass_Original_7567,95.0,17.0,0.0926735773682594,0.0271705351769924,0.8801558613777161,0.065503042191267,neutral,,,,
2025-05-15,Congratulations on yet another hard-fork upgrade for Bitcoin Cash!! New VM limits and high-precision math are here!,Congratulations on yet another hard-fork upgrade for Bitcoin Cash!! New VM limits and high-precision math are here!,btc,1,0,2q_x,115.0,17.0,0.5973448753356934,0.0126592507585883,0.3899958431720733,0.584685624577105,positive,,,,
2025-05-16,Buy bitcoin,Buy bitcoin,btc,1,0,Nasty_slutX,11.0,2.0,0.0368103720247745,0.0258262660354375,0.93736332654953,0.0109841059893369,neutral,,,,
2025-05-19,"EL SALVADOR UP $137M IN ONE MONTH ON SBR El Salvador's Strategic Bitcoin Reserve is worth nearly $655 million today. This is up from $518 million just a month ago. That's impressive, daily stacking is finally paying off.","EL SALVADOR UP $137M IN ONE MONTH ON SBR El Salvador's Strategic Bitcoin Reserve is worth nearly $655 million today. This is up from $518 million just a month ago. That's impressive, daily stacking is finally paying off.👏👏👏",btc,1,0,Nasty_slutX,220.0,38.0,0.9542329907417296,0.0191544760018587,0.0266124792397022,0.935078514739871,positive,,,,
2025-05-20,"AMA # 77 - AMA#77 with David Bailey CEO Nakamoto + $KDLY 5/21/2025 7 pm Eastern. Post Your questions below =============================================== AMA Complete Recording with Answers: [ =============================================== You are invited to a Zoom webinar! When: May 21, 2025 07:00 PM Eastern Time (US and Canada) Topic: AMA#77 with David Bailey CEO Nakamoto + $KDLY Join from PC, Mac, iPad, or Android: [ Phone one-tap: \+16469313860,,87920761100# US \+19292056099,,87920761100# US (New York) Join via audio: \+1 646 931 3860 US \+1 929 205 6099 US (New York) \+1 301 715 8592 US (Washington DC) \+1 305 224 1968 US \+1 309 205 3325 US \+1 312 626 6799 US (Chicago) \+1 386 347 5053 US \+1 507 473 4847 US \+1 564 217 2000 US \+1 669 444 9171 US \+1 669 900 6833 US (San Jose) \+1 689 278 1000 US \+1 719 359 4580 US \+1 253 205 0468 US \+1 253 215 8782 US (Tacoma) \+1 346 248 7799 US (Houston) \+1 360 209 5623 US Webinar ID: 879 2076 1100 International numbers available: [ Please post your questions below and join in on webinar! References 1. 2. 3.",AMA # 77 - AMA#77 with David Bailey CEO Nakamoto + $KDLY 5/21/2025 7 pm Eastern. Post Your questions below,BitcoinMarkets,18,9,CanadianDoc2019,1074.0,191.0,0.0286249946802854,0.0314373560249805,0.9399376511573792,-0.002812361344695,neutral,,,,
2025-06-02,"May 2025 - Corporate Bitcoin Treasury Strategy updates Corporate Bitcoin Treasury Strategy updates *May 2025 announcements* NEW TREASURIES - GameStop started with 4,170 BTC - Zap Solutions, Inc (Strike) has 1,500 BTC (private) - DDC Enterprise started with 100 BTC - Roxom Global started with 98.08 BTC (private) - ATAI started with 58 BTC (Q1) - KindlyMD/Nakamoto started with 21 BTC - Coinsilium Group Forza! started with 10 BTC - Walnut Capital started with 10 BTC - Where Food Comes From started with 7 BTC (Q1) - GreenMerc started with 6.2 BTC - Al Abraaj Restaurants started with 5 BTC - H100 Group started with 4.39 BTC FUTURE NEW TREASURIES - Trump Media closes $1.44bn PIPE + $1bn convertible notes to buy BTC - Strive + Asset Entities merger to make bitcoin treasury company, raised $750.3m from private placement - KindlyMD/Nakamoto raised $720m - K33 AB secures SEK 60m ($6.3m) to launch BTC - Belgravia Hartford Secures USD $5 Million Credit Facility from Round13 Digital Asset Fund LP to Expand BTC Holdings - Helium Ventures (will be renamed to VaultZ Capital) has raised £1.2m to buy the initial bitcoin - Cel AI raised £500k and buying BTC right now - Basel Medical Group Ltd plans to buy up to $1bn BTC - Addentax plans to buy up to 8,000 BTC - GD Culture Group Limited announces $300m ATM offering - Amber International announces $100m crypto reserve strategy - PSQ Holdings/PublicSquare $50m ATM to buy BTC - Cykel AI to raise £750k to buy BTC - Hot Rocks Investments to invest excess cash into bitcoin - Pri0r1ty Intelligence Group to accept bitcoin as payment and adapt Bitcoin Treasury Policy - BOXABL to allow percentage of its assets to buy bitcoin - Matador enter Indian market with HODL Systems - Mega Matrix Inc. board approves purchasing Bitcoin as Treasury Reserve Asset PURCHASES - Strategy added 26,695 BTC - Next Technology Holding Inc added 5,000 BTC (Q1) - TwentyOne added 4,812 BTC (part of the 42k plan) - Metaplanet added 2,800 BTC - Coinbase added 2,382 BTC (Q1) - Semler added 797 BTC - MARA added 637 BTC - Cango added 545.9 BTC - Meliuz added 274.52 BTC - The Blockchain Group added 227 BTC - CleanSpark added 232 BTC - DigitalX added 205.1 BTC - MercadoLibre added 157.7 BTC (Q1) - KULR added 125.8 BTC - Bitdeer added 110 BTC - bitmax added 105.3 BTC - Block added 99 BTC (Q1) - The Smarter Web Company added 77.5 BTC - Coinshares International Limited added 73 BTC (Q1) - Exodus added 70 BTC (Q1) - Bitfufu added 61 BTC - ANAP added 51.24 BTC - Remixpoint added 32.83 BTC - Rumble added 22.82 BTC - Genius Group added 19.5 BTC (after force-sell in April) - Vinanz added 16.9 BTC - Canaan added 16 BTC - Quantum BioPharma added $1m in BTC - Thumzup added 9.3 BTC - Sphere 3D added 7.8 BTC (Q1) - Jetking Infotrain added 6.23 BTC - Forager added 0.05 BTC FUTURE PURCHASES - Strategy announced updated $42bn/$42bn plan including $2.1bn $STRF ATM - The Blockchain Group announces ~€63.3M convertible bonds - Metaplanet announced $46.25m 0% bonds - The Smarter Web Company raised £6.83m - Vinanz $4m Bridge Funding Secured - Coinsilium £2.5m WRAP Retail Offer - Meliuz $26.45m ATM offering - Matador closed C$1.6m private placement offering - Thumzup to raise up to $500m",May 2025 - Corporate Bitcoin Treasury Strategy updates,BitcoinMarkets,78,9,NLNico,3211.0,565.0,0.0561131685972213,0.0176977943629026,0.9261890053749084,0.0384153742343187,neutral,,,,
2025-06-06,"Week 23 - Corporate Bitcoin Treasury Strategy updates From June 2 to June 6 alone - 43 announcements 🤯 - 16 new treasuries (5 already started with 97.74 BTC, 11 plan to purchase) - 16 companies added bitcoin, totaling 4,456 BTC - 11 companies announced future purchases worth billions of dollars - including 4 that haven't officially launched yet # NEW BITCOIN TREASURIES - K33 starts with 10 BTC - Norwegian Block Exchange starts with 6 BTC - Locate Technologies Limited starts with 6.08914 BTC - Vanadi Coffee starts with 5 BTC and target for a total of 10,000 BTC - Meanwhile announces to hold 70.65 BTC as quoted investment (private, per EOY '24) ### FUTURE NEW BITCOIN TREASURIES - Reitar Logtech Holdings entered purchase agreement with institutional bitcoin holders to purchase up to 15,000 BTC through the issuance of shares - K Wave Media announces up to $500 million shares offering to support Bitcoin Treasury Strategy - Know Labs, Inc to become Bitcoin Treasury Strategy company starting with 1,000 BTC - SolarBank announces Bitcoin Treasury Strategy (net cash from latest project into bitcoin) - Treasure Global announces $100 million digital asset treasury - Davis Commodities plans to establish bitcoin reserves ($4.5 million of $30 million fundraise) - Windtree announces accepting cryptocurrency as payment and allow to hold it as asset - Blue Star Capital exploring the possibility of initiating a Bitcoin treasury reserve - Bluebird Mining, a gold miner, announces adopting a bitcoin treasury reserve to ""essentially converting gold to digital gold"" - Silo Pharma Board approves Purchase of Bitcoin as Treasury Reserve Asset - ATIF Holdings announces five-year plan to acquire 1,000 BTC # BITCOIN PURCHASES/ADDITIONS - Metaplanet added 1,088 BTC (8,888 BTC) - MARA Holdings, Inc added 942 BTC (49,179 BTC) - Strategy added 705 BTC (580,955 BTC) - The Blockchain Group added 624 BTC (1,471 BTC) - CleanSpark, Inc added 401 BTC (12,502 BTC) - Cango Inc added 323 BTC (3,504.1 BTC) - Semler Scientific added 185 BTC (4,449 BTC) - Remixpoint added 77.64 BTC (758.36 BTC) - The Smarter Web Company added 39.52 BTC (122.76 BTC) - Bitdeer added 33.1 BTC (1,344 BTC) - Riot Platforms, Inc added 14 BTC (19,225 BTC) - H100 Group secures added 7.7 BTC (13.95 BTC) - Value Creation Co added 6.4 BTC (30.38 BTC) - Athena Bitcoin Global added 6 BTC (17 BTC - Q1) - Coinsilium Group Forza! added 3.6378 BTC (13.6399 BTC) - Forager added 0.0477 BTC (8.32 BTC - private) ### FUTURE BITCOIN PURCHASES - Trump Media & Technology registers $12 billion in new securities (on top of previously raised $2.44 billion) - Metaplanet announces to raise up to $5.4 billion and targets to own 210,000 BTC by 2027 - Twenty One Capital now has 37,229.69 BTC prepared - Strategy raised $1 billion with $STRD offering (June 10 settlement) - Vanadi Coffee has €100m ($113.9 million) convertible notes to be approved by June 29 - The Smarter Web Company raised £13.4 million ($18.11 million) through WRAP Retail Offer & Accelerated Bookbuild - H100 Group secures SEK 21m ($2.1m) commitment from Adam Back with rights up to SEK 277m ($28.73m) - Matador Technologies Inc announces closing C$3.1 million ($2.26 million) private placement - Belgravia Hartford closes first $500k tranche (of total $5m credit facility) - BitMine Immersion Technologies announces $18 million IPO to purchase bitcoin - Méliuz board approved 17m-51m shares offering (~$22.8m-$68.3m), with changes to the warrants (= up to an additional $45.9m-$137.7m within 2025 if exercised)",Week 23 - Corporate Bitcoin Treasury Strategy updates,BitcoinMarkets,34,1,NLNico,3536.0,581.0,0.1517048627138137,0.0125234238803386,0.8357716798782349,0.1391814388334751,positive,,,,
2025-06-14,"Week 24 - Bitcoin Treasury Strategy Updates June 9-13 saw a massive 60 announcements! 🤯 - 6 new treasuries launched with 404 BTC - 10 future treasuries announcements - 23 companies added bitcoin, totaling 2,188 BTC - 9 revealed plans to buy more bitcoin, up to ~$1.83 billion worth - 12 additional treasury-related disclosures Strategy kicked off the Bitcoin Treasury Strategy revolution. Now it's spreading globally - with companies worldwide following their lead. Bitcoin is being absorbed, treasury by treasury. ## NEW TREASURIES - American Bitcoin Corp started with 215 BTC (to be merged with $GRYP and become public under $ABTC) - Bitmine starts with 100 BTC - Gumi starts with 80.352 BTC - Belgravia Hartford starts with 4.86152969 BTC - Anemoi International Ltd started with ~30% of its cash reserves in Bitcoin (estimate: 3-4 BTC) - Pioneer AI Foundry starts with 0.269 BTC ## FUTURE NEW TREASURIES - Trump Media Registration Statement for Bitcoin Treasury Deal ($2.3 billion) Becomes Effective - Mercurity Fintech announces $800 million Financing Plan for bitcoin Treasury - ProCapBTC, with Anthony Pompliano as possible CEO, aiming to raise $750 million to launch a bitcoin treasury - Siebert Financial registers up to $100 million in new securities, potentially to be used for buying bitcoin (among other ""strategic initiatives"" like AI solutions.) - Bitcoin Treasury Capital raised SEK 100 million ($10.5 million) to buy BTC and intend to go public later this month - F Street (private) adds BTC to corporate treasury, nearby goal of $10 million in BTC - Cykel AI completed £750k ($1 million) capital raise and yet to announce their first BTC purchase - Hyper Bit to acquire bitcoin and dogecoin directly from Bit Royalty in exchange for company shares, under a credit facility of up to CAD $1 million ($0.74 million) - Bakkt Holdings, Inc board approved updating investment policy to allocate capital into bitcoin - Digital Commodities Capital Corp enters into Binding Letter of Intent for Bitcoin Purchase Facility ## PURCHASES/ADDED - Strategy added 1,045 BTC (582,000 BTC) - Remixpoint added 279.9 BTC (1,038.27 BTC) - KULR added 118.6 BTC (920 BTC) - The Smarter Web Company added 119.59 BTC (242.34 BTC) - Cango Inc added 106.1 BTC (3610.2 BTC) - Evertz Pharma added 100 BTC (private - started stacking in 2020) - ANAP added 50.56 BTC (153.4627 BTC) - Canaan Inc added 42 BTC (1,466 BTC) - DDC Enterprise Limited added 38 BTC (138 BTC) - Ionic Digital Inc. added 35.9 BTC (private - 2520.2 BTC) - Bitdeer Technologies Group added 31.9 BTC (1375.9 BTC) - Exodus Movement, Inc added 27 BTC (2,038 BTC) - Bitmax added 20.76 BTC (251.02 BTC) - Bitcoin Depot added 17.5 BTC (100+ BTC) - H100 Group added 10.46 BTC (24.41 BTC) - K33 added 10 BTC (20 BTC) - LM Funding America, Inc added 6.3 BTC (155 BTC) - Matador added 5.38 BTC (~69 BTC) - Coinsilium Group Forza! added 5.0416 BTC (18.6815 BTC) - Fold Holdings Inc added 5 BTC (1,490 BTC) - Quantum BioPharma Ltd added 500k worth BTC/crypto ($5m BTC/crypto) - Vanadi Coffee added 2 BTC (7 BTC) - Rocksoft added 0.019 BTC (private - 0.35 BTC) ## FUTURE PURCHASES - Strategy's $STRD IPO completed at June 10 with ~$979.7 million proceeds - The Blockchain Group (1,471 BTC) Launches a €300 million (~$343 million) ""ATM-type"" Capital Increases Program with TOBAM - KULR (920 BTC) announces $300 million ATM offering - Méliuz (320.2 BTC) raised 180 million BRL ($32.5 million) through a share offering with an additional 385.6 million BRL ($69.48 million) in warrants if exercised - ANAP (153.4627 BTC) aims for 1,000+ BTC by Aug 2025, raised capital including 585 BTC investment (pending shareholder approval) - The Smarter Web Company (242.34 BTC) announces Accelerated Bookbuild for a minimum of £15 million ($20.4 million) - H100 Group (24.41 BTC) secured SEK 129.4 Million ($13.65 million) in total through Share Issues and Convertible Loan - The Blockchain Group (1,471 BTC) announces an equity and convertible bond issuance for a total amount of ~€9.7M ($11.2 million) - Vinanz Limited (40.42 BTC) announces £1 million ($1.4 million) WRAP retail offer ## ADDITIONAL ANNOUNCEMENTS - GameStop (4,710 BTC) priced $2.25 billion convertible notes to be used for possible investments that could include bitcoin - Cipher Mining Inc (966 BTC) added 111 BTC - missed last week - The Blockchain Group (1,471 BTC) shareholders authorized the board to raise up to €10 billion in capital - H100 Group (24.41 BTC) partners with STOKR to explore a tokenized convertible loan - The Smarter Web Company (242.34 BTC) admission to trading on OTCQB market $TSWCF - The Blockchain Group (1,471 BTC) announces objective to be listed soon on OTCQX market - DDC Enterprise Limited (138 BTC) announces to use BitGo as custodian - Vanadi Coffee (7 BTC) announced Bit2Me will be their liquidity provider and custodian - HK Asia Holdings Limited (28.88 BTC) changes name to Moon Inc - KULR (920 BTC) will effect a 1-for-8 reverse stock split as part of broader market positioning strategy - Bluebird Mining (future treasury), gold miner, might buy £200k worth of BTC miners - Standard Strategies announces $500k private placement and received £250k commitment from Tiger Royalties. Standard Strategies Inc is focused in providing infrastructure and analytics solutions to assist companies in managing and maximizing return on their Bitcoin treasury assets",Week 24 - Bitcoin Treasury Strategy Updates,BitcoinMarkets,43,6,NLNico,5393.0,888.0,0.1594341695308685,0.0169205050915479,0.8236453533172607,0.1425136644393205,positive,,,,
2025-06-21,"Week 25 - Bitcoin Treasury Strategy Updates June 16-20 saw 51 announcements - 12k+ BTC! - 2 new treasuries: Prenetics started with a cool 187.4 BTC - 14 future treasuries announcements, tens of millions purchases planned - 18 companies added bitcoin, totaling a massive 12,010 BTC - 12 plans to buy more bitcoin, up to ~$1.16 billion worth - 5 additional treasury-related disclosures ## NEW TREASURIES - Prenetics Global Limited bought their first 187.42 BTC with $20 million - Vault Ventures Plc started with 0.22 BTC (and 34.47 ETH) ## FUTURE NEW TREASURIES - Bakkt Holdings entered into a $25 million convertible debenture and doubles the amounts of authorized shares they could issue from 30 to 60 million shares. This seems in preparation to become a BTC treasury. - Mac House raised 1.715 billion JPY ($11.8 million) to buy BTC. - Helium Ventures (rename to VaultZ Capital) raised ~£4 million ($5.39 million) to start bitcoin treasury strategy - TAO Alpha PLC announces £5m ($6.78 million) Fundraising and Adoption of BTC Treasury Policy - Standard Supply AS (rename to StandardCoin) to invest 50 million NOK ($5 million) in bitcoin - Parataxis Holdings is acquiring controlling stake in Bridge Biotherapeutics for KRW 25 billion ($18.3 million), they will rename the company to Parataxis Korea and make it a bitcoin treasury - Davis Commodities updates their $30m fundraising plan to spend an additional $7.5 million on BTC over time (on top of the initial planned $4.5m) - Ryvyl Inc considering ""Crypto Treasury Allocation"" including plan to raise $100 million - Universal Digital Inc announces Bitcoin Treasury Strategy across North America and Asia including Japanese-listed GFA Co - iPower Inc announces bitcoin treasury strategy - Pri0r1ty Intelligence confirms they officially started to use a bitcoin treasury policy by accepting BTC as payment - Digital Commodities Capital Corp entered into Bitcoin Purchase Facility to acquire bitcoin from VanCrypto Tech LTD - Aditxt, Inc updated their S1 registration which includes a Digital Assets Treasury Strategy - Hyper Bit made its first request for a draw of $50k CAD ($36.4k) to acquire bitcoin ## PURCHASES/ADDED - Strategy added 10,100 BTC (592,100 BTC) - Metaplanet added 1,112 BTC (10,000 BTC) - The Blockchain Group added 182 BTC (1,653 BTC) - H100 Group added 144.8 BTC (169.2 BTC) - The Smarter Web Company added 104.28 BTC (346.63 BTC) - Cango Inc added 102.8 BTC (3,713 BTC) - Bitdeer Technologies Group added 69.9 BTC (1,445.8 BTC) - BitMine Immersion added 54.167 BTC (154.167 BTC) - Genius Group added 34 BTC (100 BTC) - ANAP added 31.21 BTC (184.6735) - Vanadi Coffee added 27 BTC (34 BTC) - Coinsilium Group Forza! added 20.43 BTC (43.11 BTC) - Remixpoint added 13.3 BTC (1,051.56 BTC) - LQWD Technologies Corp added 5 BTC (166 BTC) - K33 added 5 BTC (25 BTC) - SayNode added 2.7 BTC (15.04 BTC - private) - Belgravia Hartford added 1.53 BTC (6.39 BTC) - BD Multimedia added 0.3 BTC (3.8 BTC) ## FUTURE PURCHASES - DDC Enterprise Limited $DDC announces up to $528 million raise - Fold (1,490 BTC) announces $250 million equity purchase facility - Metaplanet Issues $210 million in bonds - KindlyMD and Nakamoto announce an additional $51.5 million in PIPE Financing to support Bitcoin Treasury efforts - The Smarter Web Company raised £29.3 million ($39.8 million) through Bookbuild and Subscription - ANAP (184.67 BTC) entered into a loan agreement of up to 5bn JPY ($34.4 million) - H100 Group signs new investment agreement with Adam Back, securing a SEK 150 million ($15.85 million) convertible loan guarantee - K33 launches share issues up to 1,000 BTC with min SEK 85 million ($8.92 million) secured through pre-commitments - The Blockchain Group announces a capital increase totaling ~€7.2 million ($8.32 million) as part of their ""ATM-type"" Capital Increases Program with TOBAM - Coinsilium Group Forza!'s WRAP Retail Offer was oversubscribed, instead of £2.5m, they raised a total of £4 million ($5.38 million) - Vinanz Limited Fundraise Total Lifted to £3.579 million ($4.82 million) - BD Multimedia (3.8 BTC) issued a €1 million ($1.15 million) convertible bond to buy BTC ## ADDITIONAL ANNOUNCEMENTS - Semler Scientific appoints appoints Joe Burnett as Director of Bitcoin Strategy and announced 3-year plan to have 10k BTC by EOY, 42k by '26 and 105k BTC by '27 - Prenetics Global Limited appoints Andy Cheung (former OKX COO) to board in preparation of Bitcoin Treasury - Smarter Web Company appointments Jesse Myers as Bitcoin Strategy Consultant - Nakamoto Holdings Appoints Tyler Evans as CIO - The Smarter Web Company signed subscription agreement for a maximum of 21 million new shares",Week 25 - Bitcoin Treasury Strategy Updates,BitcoinMarkets,32,5,NLNico,4679.0,766.0,0.2802382707595825,0.0164788849651813,0.7032828330993652,0.2637593857944011,positive,,,,
2025-06-28,"Week 26 - Bitcoin Treasury Strategy Updates June 23-27 saw 64 announcements: ~10k BTC! 🤯 - 9 NEW treasuries purchased 5,898 BTC - 17 future treasuries announcements, potentially $ billions of buy pressure - 20 companies added bitcoin, totaling 4,045 BTC - 11 plans to buy more bitcoin, ~$573 million already raised - 6 additional treasury-related disclosures FYI, on my [X account]( I frequently post updates during the week. ## NEW TREASURIES - ProCap BTC purchased their first 4,932 BTC after $750 million raise (waiting $1 billion merger) - Bitcoin Treasury Corporation purchased their first 771.37 BTC (will start trading Monday) - Bitcoin Treasury Capital purchased their first 147 BTC (will go public soon) - Sixty Six Capital Inc purchased first direct 18.2 BTC (+ they will convert 113 BTC ETF holdings to direct BTC soon) - Mega Matrix Inc purchased their first 12 BTC - Vaultz Capital purchased their first 10 BTC - Green Minerals purchased their first 4 BTC (goals up to $1.2 billion) - Digital Commodities purchased their first 2 BTC - Panther Metals purchased their first 1 BTC - plans up to £4 million ($5.37 million) ## FUTURE NEW TREASURIES - Bakkt Holdings has filed an S-3 registration to enable issuance of up to $1 billion in equity and debt. This seems in preparation to become a BTC treasury. - ECD Automotive Design secures $500 million Equity Facility to fund a Bitcoin Treasury - Sequans announces $384 million strategic investment - Bluebird Mining, gold miner, announces funding facility of £2 million ($2.72 million) with an immediate £1 million ($1.36 million.) After this, they increased their goals and now aims to raise a minimum of £10 million ($13.7 million) to start their digital gold strategy and buy bitcoin. - Cel AI to raise a minimum of £7.5 million ($10.3 million) by way of an accelerated bookbuild to purchase BTC as part of their recently announced Bitcoin Treasury Reserve Strategy. - DigiAsia Corp will use $3 million in non-recourse debt financing for initial bitcoin purchase - Done.ai Group AB to allocate NOK 20 million (~$2 million) to the purchase of BTC - Unitronix Corp adopts Bitcoin as Core Treasury Asset: Up to $2 million Allocation. - Mendell Helium plc to raise £515k ($705k) and adopt a Bitcoin Treasury Policy. - Sundae Bar announces adoption of bitcoin Treasury Policy and will raise £500K ($675k) through WRAP Retail Offer to buy initial BTC - GSTechnologies Limited announces adoption of Bitcoin Treasury Policy which allows for a significant proportion of the cash resources to be held in Bitcoin ($2.61 million cash in Mar '24) - Catenai announces to adopt a bitcoin focused treasury policy and have a fundraise of up to £1.6 million ($2.2 million.) A portion of excess cash will be held in primarily BTC and some in TAO. - Convano Inc, a Japanese operator of nail salons, is considering adding bitcoin to their treasury - Amazing AI announces that it has implemented a Bitcoin Treasury Policy and are exploring potential fundraising opportunities - Aurora Mobile approves up to 20% of cash investments into Digital Assets incl bitcoin - TruSpine Technologies announces a Bitcoin Treasury Policy and is exploring potential fundraising opportunities for this purpose. - Tangiamo Touch considers investment in Bitcoin as part of the company's long-term reserve strategy ## PURCHASES/ADDED - Metaplanet added 2,345 BTC (12,345 BTC) - Méliuz added 275.43 BTC (595.67 BTC) - Strategy added 245 BTC (592,345 BTC) - The Smarter Web Company added 196.9 BTC (543.52 BTC) - Cango added 96.1 BTC (3,809.1 BTC) - The Blockchain Group added 75 BTC (1,728 BTC) - Bitmax purchased 49.06 BTC (300.08 BTC) - Vinanz Limited added 43.57 BTC (65.03 BTC) - Bitdeer Technologies Group added 40.3 BTC (1,486.1 BTC) - H100 Group added 19.38 BTC (200.21 BTC) - Coinsilium Group Forza! added 15.21 BTC (58.31 BTC) - BD Multimedia added 10.95 BTC (14.75 BTC) - Norwegian Block Exchange added 10 BTC (16 BTC) - Matador added 8.4 BTC (77 BTC) - LQWD Technologies added 5 BTC (171 BTC) - Locate Tech added 4 BTC (10.09 BTC) - Neptune Digital Assets added 3 BTC (404 BTC) - Vault Ventures added 1.86 BTC (2.08 BTC) - Bitcoin Well added 1 BTC (11 BTC) - Nano Labs added 600 BTC (1,000 BTC; will convert to BNB) ## FUTURE PURCHASES - Metaplanet (12,345 BTC) raised 74.9 billion JPY ($515 million) through new stock issuance - The Smarter Web Company (543.52 BTC) raised £41.2 million ($56.5 million) through Accelerated Bookbuild & Subscription - Metaplanet (12,345 BTC) plans to inject up to $5 billion into US subsidiary - Crypto Blockchain Industries (3.55 BTC) and Blockware expanded their strategic partnership, giving Blockware the option to acquire up to 10% of CBI shares by contributing up to 1 BTC per day. They also announced the implementation of a non-dilutive shareholder loan of up to EUR 20 million ($23.4 million) - LQWD Technologies (171 BTC) announces brokered Private Placement of up to C$10m ($7.29 million) - Belgravia Hartford (6.4 BTC) raising C$10m ($7.29 million) in private placement - The Blockchain Group (1,728 BTC) announces a capital increase totalling ~€4.1 million ($4.8 million) with ATM-type raise - Norwegian Block Exchange (16 BTC) announce a EUR 1 million ($1.17 million) capital drawdown and enters into 3-Year Extension of Strategic Partnership with LDA Capital with access to up to $10 million in equity capital. - Sixty Six Capital Inc (131.2 BTC) private placement to raise up to $2.5 million USD - Digital Commodities (2 BTC) announces C$3m ($2.2 million) Unit Financing - Belgravia Hartford (6.4 BTC) completes $1 million USD Second Tranche Drawdown of Credit Facility ## ADDITIONAL ANNOUNCEMENTS - LQWD Technologies (171 BTC) announce the appointment of Sam Callahan, Jesse Myers, and Coyn Mateer to its Bitcoin Advisory Board to accelerate the growth of its Bitcoin treasury - Nakamoto Holdings (21 BTC + $771.5m) appoints Andrew Creighton as Chief Commercial Officer to Lead Global Bitcoin Growth Strategy - Helium Ventures (10 BTC) officially renamed to VaultZ Capital - Pri0r1ty Intelligence Group (bitcoin treasury plans) applied to be listed on the OTCQB market - Belgravia Hartford (6.4 BTC) applied to be listed on the OTCQB market - Matador (77 BTC) secured conditional TSXV approval to pivot into a pure Bitcoin ecosystem and scale their treasury strategy",Week 26 - Bitcoin Treasury Strategy Updates,BitcoinMarkets,43,3,NLNico,6347.0,1048.0,0.1764320582151413,0.0171069465577602,0.806460976600647,0.159325111657381,positive,,,,
2025-07-03,"June 2025 - Corporate Bitcoin Treasury Strategy updates June 2025 was INSANE for Bitcoin Treasury updates Over 250 announcements - 68k BTC 🤯 Here's the ultimate aggregated overview: - 21 new treasuries started with 6,745 BTC - 47 future treasuries planning to buy billions worth of BTC - 42 companies increased their holdings, totaling 61,309 BTC - 43 plans to buy more, billions raised already - 22 additional treasury-related disclosures FYI, on my [X account]( I frequently post updates during the week. ### NEW BITCOIN TREASURIES - ProCap BTC purchased their first 4,932 BTC after $750 million raise (awaiting $1 billion merger) - Bitcoin Treasury Corporation purchased their first 771.37 BTC - American Bitcoin Corp started with 215 BTC (to be merged with $GRYP and become public under $ABTC) - Prenetics Global Limited bought their first 187.42 BTC with $20 million - Bitmine starts with 154.167 BTC after $18 million IPO - Bitcoin Treasury Capital purchased their first 147 BTC after SEK 100 million ($10.5 million) raise (will go public soon) - Gumi starts with 80.352 BTC - Meanwhile announces to hold 70.65 BTC as quoted investment (private, per EOY '24) - Vanadi Coffee starts with 54 BTC - Vaultz Capital purchased their first 50 BTC after ~£4 million ($5.39 million) raise - K33 starts with 25 BTC - Norwegian Block Exchange starts with 16 BTC - Mega Matrix Inc purchased their first 12 BTC - Locate Technologies Limited starts with 10.09 BTC - Laier Two Labs, Inc (Satlantis) reports to have 8.29 BTC (as of 31 Dec '24) - Belgravia Hartford starts with 6.4 BTC - Green Minerals purchased their first 4 BTC (goals up to $1.2 billion) - Anemoi International Ltd started with ~30% of its cash reserves in Bitcoin (estimate: 3-4 BTC) - Vault Ventures Plc started with 2.08 BTC - Digital Commodities purchased their first 2 BTC - Panther Metals purchased their first 1 BTC - plans up to £4 million ($5.37 million) - Pioneer AI Foundry starts with 0.269 BTC ### FUTURE NEW BITCOIN TREASURIES - Trump Media Registration Statement for Bitcoin Treasury Deal ($2.3 billion) Becomes Effective and registers up to $12 billion in new securities. - Bakkt Holdings, Inc board approved updating investment policy to allocate capital into bitcoin. They entered into a $25 million convertible debenture and doubles the amounts of authorized shares they could issue from 30 to 60 million shares. And filed an S-3 registration to enable issuance of up to $1 billion in equity and debt. This seems in preparation to become a BTC treasury. - Reitar Logtech Holdings entered purchase agreement with institutional bitcoin holders to purchase up to 15,000 BTC through the issuance of shares - Mercurity Fintech announces $800 million Financing Plan for bitcoin Treasury - K Wave Media announces up to $500 million shares offering to support Bitcoin Treasury Strategy - ECD Automotive Design secures $500 million Equity Facility to fund a Bitcoin Treasury - Sequans announces $384 million strategic investment - Know Labs, Inc to become Bitcoin Treasury Strategy company starting with 1,000 BTC - Parataxis Holdings is exploring a public listing through a merger with SilverBox Corp IV $SBXD, a SPAC with $200 million in capital to provide institutional exposure to bitcoin - TAO Alpha PLC announces £5m + £105m ($144.3 million total) Fundraising and Adoption of BTC Treasury Policy. - Treasure Global announces $100 million digital asset treasury - ATIF Holdings announces five-year plan to acquire 1,000 BTC - Siebert Financial registers up to $100 million in new securities, potentially to be used for buying bitcoin (among other ""strategic initiatives"" like AI solutions.) - Ryvyl Inc considering ""Crypto Treasury Allocation"" including plan to raise $100 million - Amber International announces $25.5 Million private placement to invest in crypto (possibly bitcoin) - Parataxis Holdings is acquiring controlling stake in Bridge Biotherapeutics for KRW 25 billion ($18.3 million), they will rename the company to Parataxis Korea and make it a bitcoin treasury - Cel AI raised £10 million ($13.7 million) to buy BTC pending approval - Bluebird Mining, a gold miner, announces adopting a bitcoin treasury reserve to ""essentially converting gold to digital gold"". They announced funding facility of £2 million ($2.72 million) with an immediate £1 million ($1.36 million.) After this, they increased their goals and now aims to raise a minimum of £10 million ($13.7 million) to start their digital gold strategy and buy bitcoin. - Mac House raised 1.715 billion JPY ($11.8 million) to buy BTC. - F Street (private) adds BTC to corporate treasury, nearby goal of $10 million in BTC - Davis Commodities plans to establish bitcoin reserves ($7.5 million of $30 million fundraise) - Standard Supply AS (rename to StandardCoin) to invest 50 million NOK ($5 million) in bitcoin - DigiAsia Corp will use $3 million in non-recourse debt financing for initial bitcoin purchase - Done.ai Group AB to allocate NOK 20 million (~$2 million) to the purchase of BTC - Unitronix Corp adopts Bitcoin as Core Treasury Asset: Up to $2 million Allocation. - Cykel AI completed £750k ($1 million) capital raise and yet to announce their first BTC purchase - Hyper Bit to acquire bitcoin and dogecoin directly from Bit Royalty in exchange for company shares, under a credit facility of up to CAD $1 million ($740k) They made its first request for a draw of $50k CAD ($36.4k) to acquire bitcoin - Catenai announces to adopt a bitcoin focused treasury policy and raised £1.6 million, ~£544k (740k) will be allocated to BTC/TAO. - Mendell Helium plc to raise £515k ($705k) and adopt a Bitcoin Treasury Policy. - Sundae Bar announces adoption of bitcoin Treasury Policy and will raise £500K ($675k) through WRAP Retail Offer to buy initial BTC - Fragbite Group launches Bitcoin Treasury and recruits a Treasury Director, raising SEK 5 million ($530k) - Lingerie Fighting Championships announces bitcoin strategy and will buy $230k worth of BTC and up to $2 million in the next 6 months. - SolarBank announces Bitcoin Treasury Strategy (net cash from latest project into bitcoin) - GSTechnologies Limited announces adoption of Bitcoin Treasury Policy which allows for a significant proportion of the cash resources to be held in Bitcoin ($2.61 million cash in Mar '24) - Windtree announces accepting cryptocurrency as payment and allow to hold it as asset - Blue Star Capital exploring the possibility of initiating a Bitcoin treasury reserve - Aurora Mobile approves up to 20% of cash investments into Digital Assets incl bitcoin - Silo Pharma Board approves Purchase of Bitcoin as Treasury Reserve Asset - Universal Digital Inc announces Bitcoin Treasury Strategy across North America and Asia including Japanese-listed GFA Co - iPower Inc announces bitcoin treasury strategy - Pri0r1ty Intelligence confirms they officially started to use a bitcoin treasury policy by accepting BTC as payment - Aditxt, Inc updated their S1 registration which includes a Digital Assets Treasury Strategy - Convano Inc, a Japanese operator of nail salons, is considering adding bitcoin to their treasury - Amazing AI announces that it has implemented a Bitcoin Treasury Policy and are exploring potential fundraising opportunities - TruSpine Technologies announces a Bitcoin Treasury Policy and is exploring potential fundraising opportunities for this purpose. - Tangiamo Touch considers investment in Bitcoin as part of the company's long-term reserve strategy - Wishbone Gold, a Gold trader, announces bitcoin treasury strategy ### BITCOIN PURCHASES/ADDITIONS | Company | Added | Final | |---|---|---| | TwentyOne | 32,417 BTC | 37,230 BTC | | Strategy | 17,075 BTC | 597,325 BTC | | Metaplanet | 5,550 BTC | 13,350 BTC | | MARA Holdings Inc | 942 BTC | 49,179 BTC | | The Blockchain Group | 941 BTC | 1,788 BTC | | The Smarter Web Company | 690 BTC | 774 BTC | | Cango Inc | 628 BTC | 3,809 BTC | | Nano Labs | 600 BTC | 1,000 BTC | | CleanSpark Inc | 401 BTC | 12,502 BTC | | Remixpoint | 371 BTC | 1,052 BTC | | Méliuz | 275 BTC | 596 BTC | | Semler Scientific | 185 BTC | 4,449 BTC | | H100 Group | 182 BTC | 200 BTC | | Bitdeer Technologies Group | 175 BTC | 1,486 BTC | | KULR | 119 BTC | 920 BTC | | Cipher Mining Inc | 111 BTC | 966 BTC | | Evertz Pharma | 100 BTC | | | ANAP | 81.8 BTC | 185 BTC | | Bitmax | 69.8 BTC | 300 BTC | | Coinsilium Group Forza! | 59.7 BTC | 73.7 BTC | | Vinanz Limited | 43.6 BTC | 65 BTC | | Canaan Inc | 42 BTC | 1,466 BTC | | DDC Enterprise Limited | 38 BTC | 138 BTC | | Ionic Digital Inc. | 35.9 BTC | 2,520 BTC | | Genius Group | 34 BTC | 100 BTC | | Exodus Movement Inc | 27 BTC | 2,038 BTC | | Bitcoin Depot | 17.5 BTC | 100 BTC | | Riot Platforms Inc | 14 BTC | 19,225 BTC | | Matador | 13.8 BTC | 77 BTC | | Sixty Six Capital Inc | 13.5 BTC | 127 BTC | | BD Multimedia | 11.2 BTC | 14.8 BTC | | LQWD Technologies Corp | 10 BTC | 171 BTC | | Value Creation Co | 6.40 BTC | 30.4 BTC | | LM Funding America Inc | 6.30 BTC | 155 BTC | | Athena Bitcoin Global | 6.00 BTC | 17 BTC | | Fold Holdings Inc | 5.00 BTC | 1,490 BTC | | Quantum BioPharma Ltd | 500k | $5m BTC/crypto | | Neptune Digital Assets | 3.00 BTC | 404 BTC | | SayNode | 2.70 BTC | 15 BTC | | Bitcoin Well | 1.00 BTC | 11 BTC | | Forager | 0.05 BTC | 8.32 BTC | | Rocksoft | 0.02 BTC | 0.35 BTC | ### FUNDRAISES / FUTURE BITCOIN PURCHASES This includes: raised funds (that may or may not be used already) and planned fundraises/goals. - Metaplanet: - announces to raise up to $5.4 billion and targets to own 210,000 BTC by 2027 - issues $210 million in bonds - raised 74.9 billion JPY ($515 million) through new stock issuance - plans to inject up to $5 billion into US subsidiary - issues 30 Billion JPY (208.3 million) in 0% Ordinary Bonds - Strategy's $STRD IPO completed at June 10 with ~$979.7 million proceeds - KindlyMD and Nakamoto announce an additional $51.5 million in PIPE Financing to support Bitcoin Treasury efforts and now have $771.5 million ready to deploy - DDC Enterprise Limited $DDC announces up to $528 million raise - Fold announces $250 million equity purchase facility - American Bitcoin Corp - backed by Hut8 and Eric Trump - raised $215 million - KULR announces $300 million ATM offering - Vanadi Coffee has €100m ($113.9 million) convertible notes to be approved by June 29 - The Smarter Web Company: - raised £13.4 million ($18.11 million) through WRAP Retail Offer & Accelerated Bookbuild - raised £29.3 million ($39.8 million) through Bookbuild and Subscription - raised £41.2 million ($56.5 million) through Accelerated Bookbuild & Subscription - Méliuz raised 180 million BRL ($32.5 million) through a share offering with an additional 385.6 million BRL ($69.48 million) in warrants if exercised - The Blockchain Group: - Launches a €300 million (~$343 million) ""ATM-type"" Capital Increases Program with TOBAM - announces an equity and convertible bond issuance for a total amount of ~€9.7M ($11.2 million) - announces a capital increase totaling ~€7.2 million ($8.32 million) as part of their ""ATM-type"" Capital Increases Program with TOBAM - announces a capital increase totalling ~€4.1 million ($4.8 million) with ATM-type raise - ANAP aims for 1,000+ BTC by Aug 2025, raised capital including 585 BTC investment (pending shareholder approval) and entered into a loan agreement of up to 5bn JPY ($34.4 million) - H100 Group: - secures SEK 21m ($2.1m) commitment from Adam Back with rights up to SEK 277m ($28.73m) - secured SEK 129.4 Million ($13.65 million) in total through Share Issues and Convertible Loan - signs new investment agreement with Adam Back, securing a SEK 150 million ($15.85 million) convertible loan guarantee - resolves on a directed share issue and raises SEK 74 million ($7.8 million) - Crypto Blockchain Industries and Blockware expanded their strategic partnership, giving Blockware the option to acquire up to 10% of CBI shares by contributing up to 1 BTC per day. They also announced the implementation of a non-dilutive shareholder loan of up to EUR 20 million ($23.4 million) - Norwegian Block Exchange announce a EUR 1 million ($1.17 million) capital drawdown and enters into 3-Year Extension of Strategic Partnership with LDA Capital with access to up to $10 million in equity capital. - K33 launches share issues up to 1,000 BTC with min SEK 85 million ($8.92 million) secured through pre-commitments - Belgravia Hartford: - closes first $500k tranche (of total $5m credit facility) - raising C$10m ($7.29 million) in private placement - completes $1 million USD Second Tranche Drawdown of Credit Facility - LQWD Technologies announces brokered Private Placement of up to C$10m ($7.29 million) - Coinsilium Group Forza!'s WRAP Retail Offer was oversubscribed, instead of £2.5m, they raised a total of £4 million ($5.38 million) - Vinanz Limited announces £3.579 million ($4.82 million) fundraise - Sixty Six Capital Inc private placement to raise up to $2.5 million USD - Matador Technologies Inc announces closing C$3.1 million ($2.26 million) private placement - Digital Commodities announces C$3m ($2.2 million) Unit Financing - BD Multimedia issued a €1 million ($1.15 million) convertible bond to buy BTC ## ADDITIONAL ANNOUNCEMENTS - Semler Scientific appoints appoints Joe Burnett as Director of Bitcoin Strategy and announced 3-year plan to have 10k BTC by EOY, 42k by '26 and 105k BTC by '27 - GameStop priced $2.25 billion convertible notes to be used for possible investments that could include bitcoin - The Blockchain Group shareholders authorized the board to raise up to €10 billion in capital - H100 Group partners with STOKR to explore a tokenized convertible loan - The Smarter Web Company admission to trading on OTCQB market $TSWCF - The Blockchain Group announces objective to be listed soon on OTCQX market - Pri0r1ty Intelligence Group (bitcoin treasury plans) applied to be listed on the OTCQB market - Belgravia Hartford applied to be listed on the OTCQB market - DDC Enterprise Limited announces to use BitGo as custodian - Vanadi Coffee announced Bit2Me will be their liquidity provider and custodian - HK Asia Holdings Limited changes name to Moon Inc - KULR will effect a 1-for-8 reverse stock split as part of broader market positioning strategy - Bluebird Mining (future treasury), gold miner, might buy £200k worth of BTC miners - Standard Strategies announces $500k private placement and received £250k commitment from Tiger Royalties. Standard Strategies Inc is focused in providing infrastructure and analytics solutions to assist companies in managing and maximizing return on their Bitcoin treasury assets - Prenetics Global Limited appoints Andy Cheung (former OKX COO) to board - Smarter Web Company appointments Jesse Myers as Bitcoin Strategy Consultant - Nakamoto Holdings Appoints Tyler Evans as CIO - The Smarter Web Company signed subscription agreement for a maximum of 21 million new shares - LQWD Technologies announce the appointment of Sam Callahan, Jesse Myers, and Coyn Mateer to its Bitcoin Advisory Board to accelerate the growth of its Bitcoin treasury - Nakamoto Holdings appoints Andrew Creighton as Chief Commercial Officer to Lead Global Bitcoin Growth Strategy - Helium Ventures officially renamed to VaultZ Capital - Matador secured conditional TSXV approval to pivot into a pure Bitcoin ecosystem and scale their treasury strategy",June 2025 - Corporate Bitcoin Treasury Strategy updates,BitcoinMarkets,42,7,NLNico,15417.0,2626.0,0.474769115447998,0.0167983751744031,0.5084325075149536,0.4579707402735948,positive,,,,
2025-07-05,"Week 27 - Bitcoin Treasury Strategy Updates June 30-July 4 saw 54 announcements - 8.4k BTC! - 4 new treasuries, Figma with ~843 BTC as nice surprise - 12 future treasuries announcements, including 2 Gold-related companies - 18 companies added bitcoin, totaling 7,591 BTC - 14 plans to buy more bitcoin, hundreds of millions already raised - 6 additional treasury-related disclosures FYI, on my [X account]( I frequently post updates during the week. ### NEW TREASURIES - Figma S-1 registration reveals $69.5 million investment in BTC ETFs (as of March 31, 2025) = 843 BTC estimated - Cel AI purchased their first 6.18 BTC - Missed last week: Opyl Limited purchased their first 2 BTC (in ETFs) - Hyper Bit purchased their first 0.35 BTC. ### FUTURE NEW TREASURIES - DV8 to be aqcuired by consortium of investors including UTXO, Sora Ventures, Kliff Capital, AsiaStrategy and Moon Inc. - Amber International Announces $25.5 million Private Placement to accelerate institutional crypto expansion (including possible BTC purchase) - Blue Star Capital raised £1.25 million ($1.71 million) which will be used to buy their first BTC (indirectly through SatoshiPay.) - Metavesco launches Bitcoin Treasury Strategy, secures $750,000 Financing - Catenai raised £1.6 million, ~£544k ($742.6k) will be allocated to BTC/TAO. - Fragbite Group launches Bitcoin Treasury, recruits a Treasury Director and raised SEK 5 million ($530k) - Hamak Gold Limited, yet another gold miner, announces a Bitcoin Treasury Strategy. They just raised £2.5 million ($3.4 million) which will be used to settle some creditors and working capital, but any excess will go to BTC. - Addentax Group announced that it has entered into a non-binding $1.3bn term sheet with a substantial and independent Bitcoin holder to acquire up to 12,000 BTC - Hilbert Group announces Strategic Crypto Treasury Program with Bitcoin as the primary reserve asset. - Wishbone Gold, a Gold trader, announces bitcoin treasury strategy - Mendell Helium officially adopts Bitcoin Treasury policy: 50% free cash to BTC - Mac House signs agreement with Zero Field, a crypto miner, in preparation for Bitcoin Treasury ### PURCHASES/ADDED - Strategy added 4,980 BTC (597,325 BTC) - Metaplanet added 1,005 BTC (13,350 BTC) - MARA added 761 BTC in June and 60 in July so far (50,000 BTC) - The Smarter Web Company added 230.05 BTC (773.58 BTC) - Cango added 132.2 BTC (3,941.3 BTC) - Cipher Mining Inc added 97 BTC in June (1,063 BTC) - The Blockchain Group added 60 BTC (1,788 BTC) - Bitmax added 49.1 BTC (349.19 BTC) - Riot Platforms added 48 BTC in June (19,273 BTC) - H100 Group added 47.33 BTC (247.54 BTC) - Bitdeer Technologies Group added 41.4 BTC (1527.5 BTC) - Vaultz Capital added 40 BTC (50 BTC) - Vanadi Coffee added 32 BTC (66 BTC) - Genius Group added 20 BTC (120 BTC) - Coinsilium Group Forza! added 15.42 BTC (73.73 BTC) - Sixty Six Capital Inc added 13.5 BTC (126.8 BTC in ETFs) - K33 added 10 BTC (35 BTC) - Belgravia Hartford added 9.35 BTC (15.75 BTC) ### FUTURE PURCHASES - American Bitcoin Corp (waiting merger) - backed by Hut8 and Eric Trump - raised $215 million - Metaplanet Issues 30 Billion JPY ($207.6 million) in 0% Ordinary Bonds - DDC Enterprise announces closing of its $528 million financing to advance #Bitcoin Treasury Strategy. $26m PIPE, $25m convertible notes (up to $275m), $2m private placement ($200m equity line of credit.) - The Smarter Web Company announce to still have £38 million ($52.2 million) for BTC - Mogo Inc $MOGO announces $50 Million Bitcoin Treasury Authorization and Strategic Alignment with Bitcoin Across the Organization - Figma S-1 registration reveals they have $30 million in USDC ready to to buy BTC - Green Minerals (previously purchased 4 BTC) announced that it signed a NOK 250 million (~$25 million) structured financing agreement to purchase more bitcoin - Cel AI purchased raised £10 million ($13.7 million) - The Blockchain Group raised ~€11M ($12.95 million) - H100 Group resolves on a directed share issue and raises SEK 74 million ($7.8 million) - Coinsilium Group Forza! raised £2,787,500 ($3.8 million) through Accelerated Bookbuild - London BTC Company Limited (former Vinanz Limited) raised £1 million (~$1.16M) with WRAP Retail Offer - Vaultz Capital announced they successfully raised £1 million (~$1.16M) through their oversubscribed Placing and WRAP Retail Offer. - Norwegian Block Exchange $NBX.OL (16 BTC) announced that it raised NOK 5.4 million (~$532k) via 3rd put option and will be partly used to acquire more BTC. 4th put option is already underway. ### ADDITIONAL ANNOUNCEMENTS - Last week: 6 out of 228 (2.6%) Russell 3000 Final 2025 index additions own bitcoin or plan to purchase BTC. - Vanadi Coffee's Shareholders' Meeting has approved the company's strategic shift to become the largest listed Bitcoin company in Spain with investments of up to one billion euro in BTC. - Tao Alpha PLC, who is raising a minimum of £100 million ($137.5 million), changes name to Satsuma with ticker $SATS.L. The rebranding/ticker underscore their conviction in Bitcoin as a primary treasury reserve asset. - Vinanz Limited changed name to London BTC Company Limited - Sequans shares investor presentation for their $384 million strategic investment - Anemoi announces increased their BTC+Gold ETF $BTGD holdings from 30% to 40% of their cash",Week 27 - Bitcoin Treasury Strategy Updates,BitcoinMarkets,24,6,NLNico,5359.0,877.0,0.2147734463214874,0.0178141966462135,0.7674124240875244,0.1969592496752739,positive,,,,
2025-07-12,"Week 28 - Bitcoin Treasury Strategy Updates Week 28 - #Bitcoin Treasury Strategy Updates July 7-12 saw 80 announcements - 4.7k BTC 🤯 - 6 new treasuries launched with 491.2 BTC - 10 future treasuries announcements - ReserveOne with a massive $1.05 billion! - 29(!) companies added 4,209 BTC - 20 plans to buy more BTC - billions planned - 15 additional treasury-related disclosures 35 companies announced BTC acquisitions this week - a NEW RECORD! And that despite Strategy not buying for a week. Saylor pioneered the bitcoin treasury playbook and now it's accelerating faster than ever 🧡 FYI, on my [X account]( I frequently post updates during the week. ## NEW TREASURIES - Sequans started with 370 BTC - K Wave Media purchased their first 88 BTC - Murano Global Investments started with 21 BTC - Universal Digital started with 10 BTC - Whitepaper studio starts with 1.2 BTC (private) - GSTechnologies Limited started with 1 BTC ## FUTURE NEW TREASURIES - ReserveOne Inc expecting to launch $1.05 billion digital asset treasury anchored by BTC - Hilbert Group executes on SEK 200+ million ($21 million) financing to start Crypto Treasury Strategy - Mac House announced to target for 1,000 BTC and starts buying by September 17, 2025. Previously, they raised 1.715 billion JPY ($11.8 million) but yet to buy their first BTC. - NextGen Digital Platforms announced private placement of convertible notes up to C$2m ($1.46 million) for digital assets treasury including bitcoin - Nakiki SE is planning to become the first German listed company with a pure Bitcoin treasury strategy - Active Energy announces BTC Focused Treasury Policy and raised £346k ($472k.) Up to 30% of liquidity reserves (including the fund raise) may be allocated to digital assets with 70% to BTC. - Boostheat SA announces to adopt the bitcoin treasury strategy and raised €250k ($292k) to buy their first BTC. - Tangiamo Touch is raising €1-2 million, mostly for business purposes but also mentions building a bitcoin treasury. - Sundae Bar has begun the implementation of its Bitcoin Treasury Management Policy by acquiring Bitcoin for its treasury reserves - Missed last week: BeLive Holdings announces that it is considering a Digital Asset Treasury Strategy including bitcoin ## PURCHASES/ADDED - Metaplanet added 2,205 BTC (15,555 BTC) - The Smarter Web Company added 501.42 BTC (1,275 BTC) - DDC Enterprise added 230 BTC (368 BTC) - Semler Scientific added 187 BTC (4,636 BTC) - Cango added 149.7 BTC (4,091 BTC) - Remixpoint added 116.72 BTC (1,168.28 BTC) - The Blockchain Group added 116 BTC (1,904 BTC) - CleanSpark adds 106 BTC in June (12,608 BTC) - KULR added 101 BTC (1,021 BTC) - BitFuFu adds 83 BTC in June (1,792 BTC) - Canaan Inc added 83 BTC in June (1,484 BTC) - Bitmax added 51.06 BTC (349.19 BTC) - K33 added 50 BTC (85 BTC) - H100 Group added 46.93 BTC (294.5 BTC) - ANAP added 44.56 BTC (229.23 BTC) - Bitdeer Technologies Group added 36.4 BTC (1,563.9 BTC) - Genius Group added 28 BTC (148 BTC) - Exodus Movement, Inc added 20 BTC in June (2,058 BTC) - Coinsilium Group Forza! added 15.3 BTC (88.67 BTC) - LQWD added 10 BTC (181 BTC) - Planet Ventures Inc added 6.47 BTC (16.6 BTC) - Digital Commodities added 6.29 BTC (8.69 BTC) - B Treasury Capital added 5 BTC (152 BTC) - Vanadi Coffee added 4 BTC (70 BTC) - Cel AI added 2.52 BTC (8.7 BTC) - Jetking Infotrain added 2 BTC (23 BTC) - Pioneer AI Foundry added 0.881 BTC (1.15 BTC) - Tractial added 0.5 BTC (15.25 BTC) - LM Funding America, Inc added 0.5 BTC in June (155.5 BTC) ## FUTURE PURCHASES - Strategy Announces $4.2 Billion $STRD At-The-Market Program - Murano Global Investments entered into a $500 million SEPA to buy BTC - K Wave Media announces an additional $500 million in convertible notes on top of previous $500 million SEPA deal. At least 80% of new funds has to be used for BTC. - Sequans successfully raised $384 million to start their bitcoin treasury + $57.6 million in warrants if exercised - planning to buy over 3,000 BTC in coming weeks - Remixpoint to raise 31.5 billion JPY ($215 million) to buy more bitcoin. Their new target is 3,000 BTC. - DDC Enterprise signed an MoU with Animoca Brands, who will allocate up to $100 million in BTC for DDC to manage yield strategies. - H100 Group raised SEK 516M (~$54 million) - The Smarter Web Company raised £22.9m + £10.3 million through Subscription - currently has £31 million ($41.8 million) in cash. - DigitalX Limited has secured a $20.7 million strategic investment from global digital asset leaders Animoca Brands, UTXO Management, and ParaFi Capital. - KULR has secured a $20 million credit facility with Coinbase Credit to buy more BTC - LQWD raised C$12.3 million (~$9 million), closed C$10 million brokered portion already - The Blockchain Group raised ~€3 million ($3.52 million) to purchase more bitcoin - GSTechnologies Limited has conditionally raised £1.925 million ($2.6 million) through a placing and retail offer - London BTC Company Limited (former Vinanz Limited) raised £1.5 million ($2.04 million) partly to be used to buy more BTC - Digital Commodities announces amended Terms for $2 million Unit Financing - Tractial (former BD Multimedia) to raise €1m ($1.17 million) to buy more BTC - B Treasury Capital raised 15m SEK ($1.57 million) - Mogo Inc makes strategic $1 million investment in Digital Commodities to buy BTC+gold. - Vaultz Capital announced they successfully raised £450k ($611k) through WRAP offer (on top of previous £1m) - Coinsilium received shareholder approval to issue up to 1.2bn new shares, enhancing its ability to scale its Bitcoin treasury strategy via its Forza! subsidiary. ## ADDITIONAL ANNOUNCEMENTS - Tao Alpha, to be renamed Satsuma Technology, appoints Mark Moss as Leading Bitcoin Treasury Strategist and Henry Elder from UTXO Management as Non-Executive Director ""to support the essential work of bringing a premier Bitcoin treasury strategy to the London Stock Exchange."" - Strive appoints Jeff Walton as VP of Bitcoin Strategy - Crypto Blockchain Industries announces that it has surpassed USD 1.25 million invested in its Bitcoin mining operations to increase BTC holdings - B Treasury Capital started trading publicly - BD Multimedia will change its name to Tractial - Genius Group increases Bitcoin Treasury target to 10,000 BTC - The Blockchain Group final stages of the listing process on the OTCID market - Vaultz Capital applied to be listed on the OTCQB market - Remixpoint to pay directors compensation in BTC - Mogo bought back ~2% of its shares in Q2, with $7M buyback capacity remaining. All future buybacks will be evaluated against a Bitcoin hurdle rate - if BTC performs better, Mogo will hold BTC instead. - Genius Group approves and initiates 20% share buyback, buys back one million shares. - DDC Enterprise will have Animoca's Yat Siu joining DDC's new Bitcoin Visionary Council. - Vaultz joins ""Bitcoin for Corporations"" - BitGo Expands Services to Enable Seamless and Secure Bitcoin Treasury Adoption - Aditxt Unveils bitXbio™: A Bitcoin-Backed Treasury Strategy Designed to Accelerate Biotech Commercialization",Week 28 - Bitcoin Treasury Strategy Updates,BitcoinMarkets,43,8,NLNico,7113.0,1191.0,0.6493574380874634,0.0171792954206466,0.3334632217884063,0.6321781426668167,positive,,,,
2025-07-13,"Month of the bear In this thread we assume the Bitcoin cycle continues (if you think otherwise, please ignore it). At what month do you think the bear market starts and why? If it isn't a fixed month, what are the signals of alert you are expecting? . (Excuse my english, I'm not native). Thanks in advance.",Month of the bear,BitcoinMarkets,14,13,PetiteFort,307.0,57.0,0.0389891304075717,0.0501719005405902,0.9108389616012572,-0.0111827701330184,neutral,,,,
2025-07-19,"Week 29 - Bitcoin Treasury Strategy Updates Week 29 - Bitcoin Treasury Strategy Updates July 14-19 saw 58 announcements - ~7.7k BTC - 4 new treasuries launched with 817 BTC - 17 future treasuries announcements - BSTR could launch with ~44.2k BTC! - 21 companies added 6,875 BTC - 11 plans to buy more BTC, $47 million raised already - 5 additional treasury-related disclosures FYI, on my [X account]( I frequently post updates during the week. ## NEW TREASURIES - Bullish IPO registration reveals 780 BTC as investment - Satsuma Technology started with 28.56 BTC - BTC Digital started with $1 million in BTC (8.5 BTC estimate) - Active Energy purchased their first BTC - amount not disclosed (estimate <1 BTC) ## FUTURE NEW TREASURIES - Bitcoin Standard Treasury Company will launch with ~44.2k BTC (30k BTC + ~$1.7 billion) with Adam Back as CEO. - Volcon, Inc announced $500 million private placement to start a bitcoin Treasury Strategy - OFA Group secured a $100 million equity facility (expandable to $200M) and will partner with Bitwise to launch a crypto treasury focused on BTC, SOL, and SUI. - Click Holdings plans to build a Bitcoin & Solana treasury of up to $100 million - Aether Holdings launches a $40 million public offering, primarily to be used to start a Bitcoin Treasury Strategy. - SGA Co will raise approximately 34.5 billion KRW ($24.8 million) via a private placement to investors including Sora Ventures, AsiaStrategy, Metaplanet CEO Simon Gerovich and KCGI - Cycurion is launching a new subsidiary, Cycurion Crypto, to establish a $10 million crypto treasury (pending board approval), focused on long-term holdings in BTC and ETH. - LiveOne priced an $8.9 million public offering to fund the launch of its BTC treasury strategy and board approval for up to $500 million in total. - FRNT Financial Inc is raising C$2 million ($1.46 million) in private placing to start spot bitcoin treasury. - Refine Group AB is launching a Bitcoin treasury strategy and raised 10 MSEK ($1 million) via a directed share issue to fund its first BTC purchase. - Super Copper Corp allocating up to 20% of reserves to BTC as a store of value. - Red Light Holland announces Bitcoin Balance Sheet Strategy and names Scott Melker as Lead Cryptocurrency Advisor - Hilbert Group secured 233 BTC from Deus X Capital for its bitcoin treasury, following last week's SEK 200M convertible bond. - Convano Inc (6574.T) plans to purchase 400m JPY (~$2.7 million) worth of BTC within July. The company established a dedicated ""Bitcoin Strategy Office"". - Amazing AI raised £150.4k ($202k) through accelerated bookbuild to purchase their first BTC - Rezolve Ai reaffirms commitment to $1 billion Bitcoin Treasury Strategy. - Missed last week: ENDRA Life Sciences to issue 15.7 million shares ($100+ million) through public offering to initiate Cryptocurrency Treasury Strategy. ## PURCHASES/ADDED - Strategy added 4,225 BTC (601,550 BTC) - Metaplanet added 797 BTC (16,352 BTC) - Sequans added 683 BTC (1,053 BTC) - The Smarter Web Company added 325 BTC (1,600 BTC) - Semler Scientific added 210 BTC (4,846 BTC) - DigitalX added 166.8 BTC (425.1 BTC) - Cango added 149 BTC (4,240 BTC) - H100 Group added 75.53 BTC (370 BTC) - LQWD added 57.5 BTC (238.5 BTC) - Bitdeer Technologies Group added 37.5 BTC (1,601.4 BTC) - K33 added 36 BTC (121 BTC) - Genius Group added 32 BTC (180 BTC) - The Blockchain Group added 29 BTC (1,933 BTC) - Coinsilium Group Forza! added 23.37 BTC (112 BTC) - Planet Ventures Inc added 9.14 BTC (25.8 BTC) - Sixty Six Capital Inc added 6.1 BTC (132.8 BTC in ETFs.) - B Treasury Capital added 4.5 BTC (156 BTC) - Vanadi Coffee added 4 BTC (74 BTC) - Autris added ~2 BTC (~9-10 BTC estimate) - Vault Ventures added 1.92 BTC (4 BTC) - Agile Media Network Inc added 0.56 BTC (1.28 BTC) ## FUTURE PURCHASES - The Smarter Web Company raised £17.5 million ($23.5 million) through Accelerated Bookbuild - Belgravia Hartford raised $5M + C$4M (= $7.9 million total) through convertible debt and a private placement - The Blockchain Group raised ~€6 million ($7 million) through ATM-type - H100 Group raised SEK 42.9 million ($4.5 million) - LQWD announces closing of non-brokered portion of financing for C$2.3 million ($1.68 million) - Digital Commodities announces closing of final tranche of fully subscribed C$2 million ($1.47 million) private placement to be used to buy bitcoin and Gold. - Vaultz Capital raised £1 million ($1.35 million) - Matador Technologies filed a C$900 million ($656 million) base shelf prospectus over 25 months - Bitcoin Treasury Corporation filed a C$300 million ($219 million) base shelf prospectus over 25 months - B Treasury Capital enters into 200 million SEK ($20.7 million) ATM-type Equity Facility - LQWD announces ATM program to issue up to C$10 million ($7.3 million) ## ADDITIONAL ANNOUNCEMENTS - Tao Alpha renamed to Satsuma Technology and appointed Henry Elder as CEO - Bluebird Mining, gold miner, purchased bitcoin mining units as small but symbolic step in their digital gold strategy. - Matador Technologies Board Approves Long-Term Bitcoin Treasury Acquisition Strategy: 1k '26, 6k '27 - Basel Medical Group putting on hold on the Acquisition of BTC - B Treasury Capital approved for trading on Frankfurt Stock Exchange with ticker $X4L",Week 29 - Bitcoin Treasury Strategy Updates,BitcoinMarkets,39,5,NLNico,5291.0,884.0,0.1806329935789108,0.0159331914037466,0.803433895111084,0.1646998021751642,positive,,,,
2025-07-27,"Week 30 - Bitcoin Treasury Strategy Updates Week 30 - Bitcoin Treasury Strategy Updates July 21-26 saw 62 announcements - ~29.5k BTC 🤯 - 8 new treasuries launched with 20,368 BTC - 10 future treasuries announcements, at least ~$132m worth - 24 companies added 9,183 BTC - 13 plans to buy more BTC, billions worth - 7 additional treasury-related disclosures ## NEW TREASURIES - Trump Media and Technology started with $2 billion worth (17,000 BTC estimate) - Volcon started with 3,183.37 BTC - NextGen Digital Platforms started with $1 million worth (8.5 BTC estimate) - Convano Inc started with 79.92 BTC - Stacking Sats Inc started with 12.3 BTC (private) - Fragbite Group started with 4.3 BTC - Boostheat started with 2.45 BTC - Blockmate started with 1 BTC ## FUTURE NEW TREASURIES - Profusa is launching a Bitcoin treasury strategy through a $100 million equity line - Hilbert Group secures a SEK 150M ($15.8 million) structured financing agreement - Quantum Solutions to start with $10 million investment in bitcoin, targeting 3,000 BTC over time - Kitabo Co plans to purchase ¥800 million ($5.4 million) worth of bitcoin - Refine Group AB raised an additional 5m SEK ($520k) - Nativo Resources, gold miner, announces bitcoin strategy - SMX (Security Matters) to launch crypto treasury strategy and begin buying bitcoin - ENDRA Life Science to adopt a crypto treasury strategy and formed Crypto Advisory Board - ProPhase Labs is exploring a reverse merger with a crypto-focused company - DevvStream to start a crypto treasury strategy with BTC/SOL/DEVVE ## PURCHASES/ADDED - Strategy added 6,220 BTC (607,770 BTC) - Sequans added 1,264 BTC (2,317 BTC) - ANAP added 584.9 BTC (814.14 BTC) - H100 Group added 258.22 BTC (628.22 BTC) - The Smarter Web Company added 225 BTC (1,825 BTC) - Semler Scientific added 175 BTC (5,021 BTC) - Cango added 147.1 BTC (4,387.1 BTC) - DigitalX added 74.7 BTC (499.8 BTC) - Bitmax added 43.8 BTC (444.05 BTC) - Bitdeer Technologies Group added 36.4 BTC (1,637.8 BTC) - Belgravia Hartford added 25 BTC (40.8 BTC) - Capital B added 22 BTC (1,955 BTC) - London BTC Company added 20.94 BTC (85.97 BTC) - Genius Group added 20 BTC (200 BTC) - Vaultz Capital added 20 BTC (70 BTC) - Sixty Six Capital Inc added 16 BTC (148.8 BTC in ETFs) - B Treasury Capital added 10 BTC (166 BTC) - Tractial added 9.77 BTC (25.03 BTC) - Vanadi Coffee added 4 BTC (78 BTC) - Planet Ventures Inc added 3.06 BTC (28.89 BTC) - Ace Digital added 1.2 BTC (9.26 BTC private) - Neptune Digital Assets added 1 BTC (405 BTC) - Pioneer AI Foundry added 0.92 BTC (2.07 BTC) - Hyper Bit added 0.35 BTC (0.7 BTC) ## FUTURE PURCHASES - Strategy announces $2.521 billion $STRC IPO - MARA Holdings announces $950 million of 0% Convertible Notes - Satsuma raises over £100m ($136 million) and opens third round for strategic US investors - Matador Technologies secures USD $100 million Financing Facility - Capital B announces a capital increase for an amount of ~€10.3 million ($12.1 million) - Coinsilium Group Forza! raised £5m ($6.7 million) through placing - Planet Ventures Inc to raise up to C$5 million ($3.7 million) through convertible debt - Crypto Blockchain Industries raised €3 million ($3.5 million) through off-market share block sales program - H100 Group raised SEK 14.1 million ($1.5 million) - Jetking board approves Preferential Equity Issue up to ₹11.50cr ($1.3 million) - Coinsilium Group Forza! raised £500k ($673k) through WRAP retail offer - Fragbite Group raised an additional 6m SEK ($630k) - DDC Enterprise Shelf Registration will allow up to $500 million of securities sales ## ADDITIONAL ANNOUNCEMENTS - H100 Group has been approved for trading on the Frankfurt Stock Exchange $GS9 - The Blockchain Group renames to Capital B - K Wave Media announces Investment and Strategic Partnership from Galaxy Digital - DMG Blockchain Solutions Announces Exploration of Digital Asset Treasury Strategy - Hut 8 advances Capital Strategy with DIFC License - Red Light Holland selects Arch Public for Bitcoin Purchases - DDC Enterprise Partners with QCP Group to Pioneer Next-Generation Bitcoin Treasury Management",Week 30 - Bitcoin Treasury Strategy Updates,BitcoinMarkets,46,7,NLNico,4131.0,690.0,0.1591005474328994,0.0146110290661454,0.8262884020805359,0.144489518366754,positive,,,,
2025-08-04,"Week 31 - Bitcoin Treasury Strategy Updates Week 31 - Bitcoin Treasury Strategy Updates July 28-Aug 2 saw 64 announcements - ~33.3k BTC - 3 new treasuries, ~71 BTC, including a gold miner with 20 BTC - 11 future treasuries announcements, ~$319m worth - 25 companies added 33,180 BTC - 10 plans to buy more BTC, up to $8.8 billion worth - 15 additional treasury-related disclosures ## NEW TREASURIES - Hamak Gold Limited started with 20 BTC - Profusa purchased started with $1m in BTC (8.5 BTC estimate) - DevvStream has started BTC/SOL treasury, funded by a $10 million tranche from its $300m convertible notes ## FUTURE NEW TREASURIES - ZOOZ Power announces Private Placement of $180 million - Bakkt Holding sold its Loyalty business and pivots to pure-play crypto, raised ~$75 million to buy BTC and other crypto. - Antelope Enterprise Holdings (AEHL) signs $50 million Strategic Financing Agreement - WebX International Holdings to raise HK$47.6m ($6 million) and use 90% ($5.5 million USD) for BTC - Robin Energy to allocate up to 50% of cash in BTC and initial $5 million - 3 E Network raised $2.2 million tranche of $7.4 million total through convertible notes to be partly used for BTC - Shortwave Life Sciences raised £250k ($333k) and will launch a Digital Asset Treasury strategy - Tilray Brands to invest in BTC and other crypto - Marti Technologies allocates 20% of Cash Reserves to Bitcoin - Pixelfox AB announces plans to allocate part of its surplus liquidity into BTC and other crypto - Valereum Plc to establish a Bitcoin treasury reserve ## PURCHASES/ADDED - Strategy added 21,021 BTC (628,791 BTC) - Twenty One added 6,284 BTC (43,514 BTC) - Coinbase added 2,509 BTC (11,776 BTC - Q2) - Metaplanet added 780 BTC (17,132 BTC) - Sequans added 755 BTC (3,072 BTC) - Empery Digital added 620.2 BTC (3,803.23 BTC) - The Smarter Web Company added 225 BTC (2,050 BTC) - Phoenix Group added 179 BTC (514 BTC - Q2) - Virtu Financial added 175 BTC (410 BTC - Q2) - Cango added 142.7 BTC (4,529.8 BTC) - Convano Inc added 85 BTC (164.93 BTC) - H100 Group added 74.37 BTC (702.6 BTC) - Capital B added 58 BTC (2,013 BTC) - Bitmax added 56.07 BTC (500.123 BTC) - Belgravia Hartford added 42.38 BTC (83.15 BTC) - ATAI added 42 BTC (100 BTC) - Bitdeer Technologies Group added 38.1 BTC (1,675.9 BTC) - RSXYZ added 31.05 BTC (50 BTC) - Crypto Blockchain Industries added 21.52 BTC (25.07 BTC) - ANAP added 16.98 BTC (831.12 BTC) - Coinsilium Group Forza! added 12.42 BTC (124.42 BTC) - K33 added 5 BTC (126 BTC) - Fragbite Group added 2.7 BTC (7 BTC) - Fold Holdings Inc added 2 BTC (1,492 BTC) - Digital Commodities added 1.86 BTC (10.56 BTC) ## FUTURE PURCHASES - Strategy announces $4.2 billion $STRC At-The-Market Program - Metaplanet announces up to 555 billion yen ($3.6 billion) perpetual preferred stock issuance - MARA Holdings successfully raised $950 million - The Smarter Web Company raised £19.7m ($26.1 million) - H100 Group raised SEK 109.19m ($11.2 million) - Convano Inc raised 1.5bn JPY ($10.1 million) - Vaultz Capital raised total of £6.3m ($8.2 million) via a subscription and placing - Belgravia Hartford Closes USD $5 million Convertible Debenture - Planet Ventures Inc increased convertible debt financing from C$5 million to C$6 million ($4.35 million) - Pri0r1ty Intelligence Group raised $1 million (to buy at least 4 BTC) ## ADDITIONAL ANNOUNCEMENTS - Méliuz announces Mason Foard as Director of Bitcoin Strategy - London BTC Company increased to 1,005 bitcoin miners - Canaan Inc, BTC miner, officially adopts crypto holding policy - Unitronix partners with BTC miner to be able to acquire up to 50% of miner production - Columbus Circle Capital Corp I changed ticker to $BRR in preparation of merger with ProCap BTC - Neptune Digital Assets listed on OTCQX $NPPTF - Digital Commodities appoints Nick St Louis as Bitcoin Strategist - Phoenix Group officially adopts Digital Asset Treasury Strategy as first in UAE - H100 Group live on Frankfurt Stock Exchange $GS9 - Capital B live with new tickers: $ALCPB and $CPTLF - Volcon renamed to Empery Digital, changes ticker from $VLCN to $EMPD - Crypto Blockchain Industries deal with SAFEbit to acquire up to 2,000 BTC by exchanging CBI shares for a discount - Vaultz Capital: Erik Benz has been appointed CEO, and a new Bitcoin Advisory Board has been formed. - Satsuma Technology appoints Jonathan Jachym, Kraken's Global Head of Policy, to its Board as Non-Executive Director. - Cel AI announces plans to delist from the LSE and move to the Aquis Stock Exchange (AQSE) to accelerate its Bitcoin treasury strategy",Week 31 - Bitcoin Treasury Strategy Updates,BitcoinMarkets,33,5,NLNico,4593.0,785.0,0.2065477222204208,0.0150675531476736,0.7783847451210022,0.1914801690727472,positive,,,,
2025-08-11,"Week 32 - Bitcoin Treasury Strategy Updates Week 32 - Bitcoin Treasury Strategy Updates Aug 4-10 saw 53 announcements - ~5k BTC - 6 new treasuries launched with 1,039.79 BTC - 8 future treasuries announcements, ~$145m worth - 24 companies added 3,923 BTC - 7 plans to buy more BTC, many millions worth - 8 additional treasury-related disclosures ## NEW TREASURIES - Know Labs started with 1,000 BTC - Robin Energy started with $3 million in BTC (26 BTC estimate) - Unitronix Corp started with 5.5 BTC - Blue Star started with 4.64 BTC (50% ownership of SatoshiPay) - FRNT Financial started with 3.14 BTC - Medalist Diversified started with 0.51 BTC ## FUTURE NEW TREASURIES - Bitcoin Standard Treasury Company raises additional $65 million - Bakkt Holdings to acquire shares of Marusho Hotta; company to be renamed bitcoin.jp - ZOOZ Power closes $5 million private placement (of $180m) to invest 95% of it in BTC - Jeffs' Brands Targets up to $75 million in launch of AI-Driven Crypto Treasury - ECR Minerals (gold company) adopts a Bitcoin Treasury policy (50% of cash) - Goobit Group AB launches BTCX Bitcoin Treasury Strategy - BitBridge to go public this quarter as a pure Bitcoin treasury firm - Equillium Announces Strategic Expansion of Cryptocurrency Treasury Reserve Strategy ## PURCHASES/ADDED - Satsuma Technology added 1,097 BTC (1,125.85 BTC) - MARA added 639 BTC (50,639 BTC - July) - Metaplanet added 463 BTC (17,595 BTC) - Hut 8 added 403 BTC (10,667 BTC - Q2) - Empery Digital added 197.62 BTC (4,001 BTC) - Cipher Mining Inc added 156 BTC (1,219 BTC - July) - Cango added 149.1 BTC (4678.9 BTC) - Block added 108 BTC (8,692 BTC - Q2) - CleanSpark added 95 BTC (12,703 BTC) - Sequans added 85 BTC (3,157 BTC) - ANAP added 82.33 BTC (913.45 BTC) - Capital B added 62 BTC (2,075 BTC) - H100 Group added 60.6 BTC (763.2 BTC) - Coinsilium Group Forza! added 57.54 BTC (181.96 BTC) - The Smarter Web Company added 50 BTC (2,100 BTC) - Vaultz Capital added 47.85 BTC (117.85 BTC) - Bitdeer Technologies Group added 42.2 BTC (1,718.1 BTC) - Exodus Movement added 29 BTC (2,087 BTC - July) - Alliance Resource Partners added 28.84 BTC (541.39 BTC - Q2) - Canaan Inc added 27 BTC (1,511 BTC - July) - Digi Power X added 21 BTC (61 BTC - July) - Riot Platforms added 14 BTC (19,287 BTC - July) - Vanadi Coffee added 7 BTC (85 BTC) - Agile Media Network Inc added 0.58 BTC (2.25 BTC) ## FUTURE PURCHASES - Satsuma Technology closes £163.7M ($217.6 million) raise - The Smarter Web Company launches $21 million Bitcoin-denominated convertible bond, fully subscribed - Convano Inc releases plan to own 21,000 BTC by end of March 2027 and raised 2bn JPY ($13.54 million) to buy more BTC within August. - Capital B raised ~€11.5 million ($13.3 million) - The Smarter Web Company raised £8.1m ($10.75 million) - H100 Group raised SEK 21.2 million ($2.2 million) - Boostheat raised €250k ($291.3k) ## ADDITIONAL ANNOUNCEMENTS - ProCap BTC names Jeff Park as Chief Investment Officer. - Union Jack Oil and Reabold Resources plan to mine Bitcoin at West Newton using stranded gas via 360 Energy - Jetking Infotrain releases dashboard site - Murano appoints Eric Weiss to board to accelerate BTC purchases - K33 and Goobit Deepen Collaboration Around Bitcoin Strategy and Market Infrastructure - Universal Digital Appoints New CEO to Spearhead Strategic Vision - Know Labs to rename to USBC and focus as digital dollar - Mac House Co will rename to Gyet Co amid strategic diversification",Week 32 - Bitcoin Treasury Strategy Updates,BitcoinMarkets,31,9,NLNico,3484.0,606.0,0.0953408852219581,0.0154385035857558,0.8892205357551575,0.0799023816362023,neutral,,,,
2025-08-18,"Week 33 - Bitcoin Treasury Strategy Updates Week 33 - Bitcoin Treasury Strategy Updates Aug 11-17 saw 62 announcements - ~3.9k BTC - 2 new treasuries, including a cigarette company - 10 future treasuries announcements, ~$105m worth - 29 companies added 3,859.5 BTC - 12 plans to buy more BTC, $219m+ raised - 10 additional treasury-related disclosures ## NEW TREASURIES - LiveOne started with a ""multimillion-dollar position"" in BTC (17-80 BTC) - Harrys, a cigarette company, started with 0.15 BTC ## FUTURE NEW TREASURIES - VCI Global Limited to raise up to $51m, $20 million to be used to buy BTC - Top Win International raised $10 million to buy BTC - Jeffs' Brands raised $4.5 million out of $90m private placements ($75m to be used for crypto) - Mango Financial launches Digital Currency Strategy, initially focused on BTC - to be merged by Cayson - Amazing AI aims to be able to initiate bitcoin purchases before the end of August 2025 - LIXTE Biotechnology Holdings allow up to 25% allocation to Bitcoin and other crypto - 707 Cayman signs MOU to build crypto treasury reserve - Two Hands Corporation launched its Digital Asset Treasury and Trading Desk - Farmhouse, Inc. management is evaluating potential BTC treasury - IGC Pharma, Inc evaluating bitcoin treasury strategy ## PURCHASES/ADDED - American Bitcoin added 1,726 BTC (1,941 BTC) - Metaplanet added 518 BTC (18,113 BTC) - The Smarter Web Company added 295 BTC (2,395 BTC) - Bitfarms added 236 BTC (1,402 BTC - Q2)1 - Strategy added 155 BTC (628,956 BTC) - Cango added 143.5 BTC (4,822.3 BTC) - Capital B added 126 BTC (2,201 BTC) - DDC Enterprise added 120 BTC (488 BTC) - Linekong Interactive Group added 91.17 BTC (193.08 BTC) - ANAP added 86.6 BTC (1,000 BTC) - Remixpoint added 63.32 BTC (1,231.6 BTC) - Bitmax added 51.11 BTC (551.23 BTC) - Empery Digital added 50.9 BTC (4,051.9 BTC) - Bitdeer Technologies Group added 46.1 BTC (1,764.2 BTC) - H100 Group added 45.8 BTC (809.1 BTC) - B Treasury Capital added 21 BTC (187 BTC) - Digi Power X added 19 BTC (80 BTC) - Vaultz Capital added 17.15 BTC (135 BTC) - Sequans added 13 BTC (3,171 BTC) - Vanadi Coffee added 10 BTC (95 BTC) - Investview added 5.67 BTC (25.97 BTC - Q2) - Matador added 5 BTC (77.4 BTC) - OneMedNet added 5 BTC (15 BTC - Q2) - AgriFORCE added 3.47 BTC (6.8 BTC - Q2) - Fragbite Group added 2.5 BTC (9.5 BTC) - Kitabo Co added 1.66 BTC (3.32 BTC) - Boostheat added 1 BTC (3.45 BTC) - Agile Media Network added 0.55 BTC (3.53 BTC) - Canurta added 0.06 BTC (1.62 BTC - private) ## FUTURE PURCHASES - KindlyMD closes $200 million Convertible Note Offering - The Smarter Web Company raised £7.6m ($10.3 million) - B Treasury Capital to have up to 4\*21 = 84 BTC in additional convertible loans - H100 Group AB raised SEK 65.3 million ($6.8 million) - Goobit Group raised SEK 5 million ($0.5 million) through convertible loan in BTC and 12.8m SEK ($1.34 million) via First-Round Share Allocation - Norwegian Block Exchange raises 10.2m NOK ($1 million) via 4th put option - B Treasury Capital raised 4m SEK ($420k) - Digital Commodities to purchase C$50k ($36k) more BTC - Sequans announces targets 100,000 BTC by 2030 - Goobit Group's BTCX targets 210 BTC - EverGive targets $13m Bitcoin Reserve - Fragbite Group targets 100 BTC by the end of 2025 ## ADDITIONAL ANNOUNCEMENTS - Strategy announces legal name change from MicroStrategy Incorporated to Strategy Inc - Belgravia Hartford appoints Tim Kotzman as Strategic Advisor - H100 Group AB appoints Brian Brookshire as Head of Bitcoin Strategy - Belgravia Hartford begins trading on the OTCQB market: $BLGVF - Méliuz begins trading on the OTCQB market: $MLIZY - Aditxt's bitXbio will have Crypto.com as the custodian - Vaultz Capital PLC appoints Aleksander Nowak as Chief Operating Officer (COO) and Adam Vaziri to Bitcoin Advisory Board - Satsuma appoints Jonathan Jachym to the board - Know Labs renamed to USBC - Genius Group Seeks Dual Listing in Asia",Week 33 - Bitcoin Treasury Strategy Updates,BitcoinMarkets,28,3,NLNico,3947.0,688.0,0.1365104615688324,0.0131065100431442,0.8503830432891846,0.1234039515256881,positive,,,,
2025-08-19,"Any news about balances on OTC desks (since early August)? For those who might not know, big institutions like Strategy and Blackrock buy their bitcoin 'over the counter' (OTC desks). Large trades such as these are NOT done on exchanges, and hence it doesn't affect the price. For eg, we recently heard about the [$9 billion sale of BTC]( without really moving the price on the exchanges at all. Experts can correct me if I'm wrong, but my understanding of how this works is as follows: these OTC desks connect large whales (buyers and sellers) and execute the trade using the price on the exchanges at the time of the trade. For eg if the price on the exchange is $120k, the OTC trade will be carried out at this price without really affecting the price on the exchanges at all. Now the question is, what happens when the OTC supply runs out, i.e. When there are no sellers left (at the current price). The balance on OTC desks has dropped sharply, about 75% from over 400,000 coins to just above 150,000 coins. Not all the coins on the exchanges are for sale. When the demand outstrips the supply, whales will have to buy on open exchanges. This will create a [supply shock]( (what everyone has been talking about for years). What will a supply shock look like? Well, there will be sudden increases in price, and with every new high (125k, 130k... 200k) we'll continue to see more and more sellers. The supply will never be zero, but the point is - the demand will be much much higher. I'm curious to know if anyone here has done more research on this, and can add or correct anything that I've written. I believe any further insight will benefit the community.",Any news about balances on OTC desks (since early August)?,BitcoinMarkets,16,7,New-Ad-9629,1663.0,301.0,0.0337703414261341,0.0678710490465164,0.8983585238456726,-0.0341007076203823,neutral,,,,
2025-08-25,"Week 34 - Bitcoin Treasury Strategy Updates Week 34 - Bitcoin Treasury Strategy Updates Aug 18-24 saw 48 announcements - ~7.7k BTC - 4 new treasuries launched with 41.14 BTC - 16 future treasuries announcements, hundreds of millions worth - 14 companies added 7,704.54 BTC - 5 plans to buy more BTC - 9 additional treasury-related disclosures ## NEW TREASURIES - Mac House started with 17.51 BTC - Goobit Group (BTCX) started with 10.63 BTC - BOXABL started with 10 BTC (Q2) - The Crypto Company started with 3 BTC (and other crypto) ## FUTURE NEW TREASURIES - Amdax will launch AMBTS, a BTC treasury company targeting 210,000 BTC long-term - AMTD IDEA/AMTD Digital/TGE will make BTC/ETH/USDT an essential part of their $240 million liquid funds - BTC Development files S-1, plans to raise $227.6 million and start bitcoin treasury - Lib Work Co will purchase 500 million yen ($3.4 million) of BTC - Tangiamo Touch signs LOI for SEK 12M convertible loan + SEK 40M warrant facility - requires buying SEK 8M ($842k) Bitcoin reserve - Reborn Coffee is reviewing a digital asset treasury including BTC - TruSpine Technologies shareholders approve Bitcoin Treasury Policy - Asset Entities will hold a Sept 9 shareholder vote on its merger with Strive, PIPE financing, and rebrand to Strive, Inc. with new Nasdaq-listed shares. - ProPhase Labs filed its definitive proxy, Sept 9 vote will include proposals enabling its planned crypto treasury strategy including BTC - Everything Blockchain plans to make the most diversified blockchain treasury, including BTC - Antelope Enterprise Holdings signs Strategic Agreement with BitGo to Advance Bitcoin Strategy - Buccaneer Energy is exploring using gas production for Bitcoin mining, appointing Appold to advise regarding a potential future Bitcoin strategy - Mendell Helium's M3 unit to drill a low-cost methane well in Nebraska that could directly power Bitcoin mining, marking its pilot BTC energy project. - ECR Minerals appoints Perry Hothi as a specialist consultant adviser to advance Bitcoin Strategy - AirNet Technology appoints fintech/blockchain expert Raeez Lorgat as Strategic Advisor to help build its BTC/ETH treasury framework. - Phoenix Plus Corp closed its merger with Rhino Digital, a Bitcoin financial services firm with a BTC treasury strategy ## PURCHASES/ADDED - KindlyMD/Nakamoto added 5,743.91 BTC (5,764.91 BTC) - Metaplanet added 775 BTC (18,888 BTC) - Strategy added 430 BTC (629,376 BTC) - DDC Enterprise added 200 BTC (688 BTC) - Convano added 200 BTC (364.93 BTC) - Cango added 151.2 BTC (4,973.5 BTC) - H100 Group added 102.19 BTC (911.29 BTC) - Bitdeer Technologies Group added 54 BTC (1,818.2 BTC) - 3U Holding added 32 BTC (363 BTC) - ANAP added 6.26 BTC (1,006.31 BTC) - Quantum Solutions added 5.23 BTC (14.19 BTC) - Spetz Inc added 3.75 BTC (3.75 BTC - Q2 estimate) - Agile Media Network added 0.57 BTC (4.1 BTC) - LEEF Brands added 0.43 BTC (4.4 BTC) ## FUTURE PURCHASES - Ming Shing Group entered a Bitcoin Purchase Agreement for 4,250 BTC - LM Funding America raises $23 million to buy BTC - B Treasury Capital AB to raise up to 209M SEK ($21.9 million) to buy BTC - Planet Ventures raised C$6.4m ($4.63 million) to buy BTC - Capital B raised €2.2 million ($2.6 million) to buy BTC ## ADDITIONAL ANNOUNCEMENTS - Metaplanet included in FTSE Japan Index - The Smarter Web Company appoints Jesse Myers in a full-time role as Head of Bitcoin Strategy. - Convano plans to list on OTCQX - Top Win International renames to AsiaStrategy, accepting BTC for luxury watches - Bluebird Mining appoints Denis Rusinovich as VP of Finance and Operations, who has been active in the Bitcoin ecosystem since 2017. - VaultZ Capital appoints James Bowater as Global Head of Partnerships of the Company to advance Bitcoin mining and Treasury activities. - Empery Digital secures $25 million Credit Facility to fund share repurchases - Capital B appoints Romaric Tenant as Bitcoin Strategy Analyst and Florence Humblet as Legal Operations Manager - Nakamoto appoints Kevin Zhang as Head of Asia",Week 34 - Bitcoin Treasury Strategy Updates,BitcoinMarkets,24,3,NLNico,4054.0,669.0,0.0627822801470756,0.0179222393780946,0.9192954897880554,0.0448600407689809,neutral,,,,
2025-09-01,"Week 35 - Bitcoin Treasury Strategy Updates Aug 25-31 saw 49 announcements - ~5.3k BTC - 6 new treasuries launched with 866.77 BTC - 8 future treasuries announcements, $119+ million worth - 21 companies added 4,401.6 BTC - 8 plans to buy more BTC, billions worth - 6 additional treasury-related disclosures ## NEW TREASURIES - AirNet Technology started with 819.07 BTC - S-Science started with 30.74 BTC - BitStrat Holdings Limited started with 10 BTC - Red Light Holland started with ~3.1 BTC (in ETFs, estimate) - 333D Limited started with 2.02 BTC - Refine Group AB started with 1.84 BTC ## FUTURE NEW TREASURIES - CIMG Inc. to issue 220M shares ($55M) in exchange for 500 BTC - Bitplanet ( previous SGA Co) plans to start with $40 million in BTC and aims for 10,000 BTC - Amdax's AMBTS received 20m eur ($23.4 million) commitment to start BTC treasury - Nakiki SE evaluates corporate bond offering worth millions to buy BTC - Amazing AI raised £72k ($97k) to purchase BTC - Def Consulting: to start a Bitcoin treasury - Hyperscale Data up to $125 million ATM program to purchase BTC and keep mined BTC - Falconedge will use IPO proceeds to buy BTC ## PURCHASES/ADDED - Strategy added 3,081 BTC (632,457 BTC) - DDC Enterprise added 320 BTC (1,008 BTC) - Boyaa Interactive added 290 BTC (3,670 BTC) - LM Funding America added 164 BTC (311 BTC) - Cango added 153.3 BTC (5,126.8 BTC) - Metaplanet added 103 BTC (18,991 BTC) - Bitdeer Technologies Group added 89.2 BTC (1,907.4 BTC) - H100 Group added 46.22 BTC (957.5 BTC) - The Smarter Web Company added 45 BTC (2,440 BTC) - Remixpoint added 41.52 BTC (1,273.12 BTC) - Empery Digital added 29.1 BTC (4,081 BTC) - LiveOne added ~17.1 BTC (~34.2 BTC) - ANAP added 11.68 BTC (1,018 BTC) - Vanadi Coffee added 5 BTC (100 BTC) - Occams Advisory added 3.06 BTC (13.06 BTC - private) - Bitcoin Holding Sweden AB added 0.77 BTC (1.98 BTC - private) - Agile Media Network Inc added 0.59 BTC (4.69 BTC) - NameSilo Technologies added 0.55 BTC (8.52 BTC - H1) - Digital Commodities added 0.32 BTC (10.88 BTC) - KV Group added 0.1 BTC (1.22 BTC - private) - West Main Self Storage added 0.09 BTC (0.43 BTC - private) ## FUTURE PURCHASES - Kindly MD announces $5 billion ATM program - Metaplanet to raise up to $837 million through issuance of New International stocks - Sequans announces $200 million ATM program - RSXYZ to raise THB 187M ($5.8 million) - The Smarter Web Company raised £3.7m ($5 million) - Pioneer AI Foundry raised C$625k, 80% ($364k) to be used for BTC - B Treasury Capital AB raised 2m SEK ($211k) from warrant exercise - RSXYZ targets 3,333 BTC in 3 years ## ADDITIONAL ANNOUNCEMENTS - LQWD's Lightning Network Strategy shows strong initial Bitcoin Yield - Refine Group AB partners with K33 - Pri0r1ty Intelligence Group starts trading on OTCQB market - The Smarter Web Company Change of Auditor - Crypto Blockchain Industries invested $1.2 million in BTC mining to acquire more BTC - Autris Signs Term Sheet to Acquire Bitcoin Treasury Company",Week 35 - Bitcoin Treasury Strategy Updates,BitcoinMarkets,30,9,NLNico,3004.0,531.0,0.0728394761681556,0.0128399329259991,0.9143205881118774,0.0599995432421565,neutral,,,,
2025-09-06,"Week 36 - Bitcoin Treasury Strategy Updates Sep 1 - Sep 6 saw 47 announcements - ~9.8k BTC 🤯 - 3 new treasuries launched with 1,503.6 BTC - 6 future treasuries announcements, millions worth - 24 companies added 8,339.26 BTC - 6 plans to buy more BTC, $136.7m worth - 8 additional treasury-related disclosures ## NEW TREASURIES - Treasury started with 1,000 BTC (from $147m raise, will still go public) - CIMG Inc started with 500 BTC - Hyperscale Data started with 3.6 BTC ## FUTURE NEW TREASURIES - Universal Digital to acquire a 3.48% stake + up to 1.8M warrants in ReYuu, with an option for $100 million Bitcoin purchases as part of a joint treasury strategy in Japan. - Star Seeds Co to invest ¥1bn ($6.8 million) in BTC - InFocus Group Holdings to invest 2.5m AUD ($1.6 million) in BTC ETF - FiscalNote Holdings evaluating cryptocurrencies for its corporate treasury - Yoshiharu Global, a restaurant operator, preparing to implement a corporate Crypto Treasury strategy - Sadot Group engages Bitcoin Bancorp to develop Bitcoin Treasury Strategy ## PURCHASES/ADDED - Strategy added 4,048 BTC (636,505 BTC) - MARA added 1,838 BTC (52,477 BTC - August) - Metaplanet added 1,009 BTC (20,000 BTC) - American Bitcoin added 502 BTC (2,443 BTC) - Cipher Mining added 195 BTC (1,414 BTC - August) - Convano added 155 BTC (519.93 BTC) - Cango added 150.3 BTC (5,277.1 BTC) - CleanSpark added 124 BTC (12,827 BTC - August) - BitFuFu 115 BTC (1,899 BTC - August) - H100 Group added 47.16 BTC (1,004.56 BTC) - Sequans added 34 BTC (3,205 BTC) - Bitdeer Technologies Group added 27.5 BTC (1,934.9) - Satsuma Technology added 22.65 BTC (1,148.65 BTC) - Riot Platforms added 22 BTC (19,309 BTC - August) - DMG Blockchain Solutions added 17 BTC (324 BTC - August) - Abits Group added 13.12 BTC (15.7 BTC) - Méliuz added 9.01 BTC (604.69 BTC) - Digi Power X added 5 BTC (85 BTC) - FRNT Financial added 1.29 BTC (4.44 BTC) - Kitabo Co added 1.25 BTC (4.57 BTC) - Pioneer AI Foundry added 1.17 BTC (3.24 BTC) - Goobit Group's 'BTCX added 1.02 BTC (11.65 BTC) - Tractial added 0.7 BTC (25.73 BTC) - West Main Self Storage added 0.09 BTC (0.52 BTC - private) ## FUTURE PURCHASES - Metaplanet secures shareholder approval to raise up to ¥555bn ($3.8 billion) via preferred shares - S-Science expanded its Bitcoin investment limit from ¥500m to ¥9.6bn ($65.3 million) - The Smarter Web Company signed a subscription deal for 21M new shares, expected to raise about ~£24M ($32.4 million) as Shard places them into the market - Hyperscale Data intends to buy $20 million in Bitcoin through ATM - Convano to purchase an additional ¥2.5bn ($17 million) of BTC within Sep - Universal Digital announces up to $2 million brokered private placement ## ADDITIONAL ANNOUNCEMENTS - Sora Ventures launches $1bn Bitcoin treasury fund - American Bitcoin debuts on Nasdaq as $ABTC - DDC Enterprise Strengthens Crypto Treasury Capabilities with Gemini - Empery Digital repurchased ~1m shares - Sequans announces ADS Ratio Change - DV8 appoints Jason Fang as CEO - The Smarter Web Company appoints Albert Soleiman as CFO and Strand Hanson as Corporate Adviser - Treasury aqcuired Bitcoin Amsterdam conference",Week 36 - Bitcoin Treasury Strategy Updates,BitcoinMarkets,26,5,NLNico,3172.0,544.0,0.0988305434584617,0.0144725199788808,0.8866969347000122,0.0843580234795808,neutral,,,,
2025-10-07,"10 years ago I made these threads about buying 85 Bitcoin with my $20k student line of credit instead of going to College and everyone ridiculed me. It worked out for me back then but here’s why I wouldn’t recommend buying btc on credit today. Here's some threads from 10 years ago about me buying 85 btc on my $20k student line of credit instead of going to college: 1. [ 2. [ 3. [ 4. [ there was more threads but lots of them got removed by mods and I got banned from some subs as well, that's how much people were against this back then. I'm seeing a lot of posts lately from people asking about buying Bitcoin on credit. In 2015 when I just turned 18 I bought 85 Bitcoin @ around 235 each with a $20k student line of credit. Instead of going to college I used that money to buy Bitcoin and when i talked about it back then everyone said I was an idiot for doing it. But it worked out great because bitcoin was still a nascent technology at the time. Along with holding my initial position I doubled down many times and greatly grew my stack. The problem with buying Bitcoin on credit these days is that the free market alone no longer really determines the price of btc and you are leaving yourself open to being wiped out by a financial entities manipulation. There are lots of government, corporate and central bank games being played with Bitcoin today. In the early bitcoin days things happened organically, it was simple supply and demand that caused the btc price to go up and down. There was also the fact it was a new technology and even if there wasn't demand for btc at some points back then you could still say you believe in the tech and if the tech was solid it would pay off down the line and bitcoin will go mainstream resulting in the btc price exploding. Well that dream was realized and Bitcoin went mainstream. But the fact that bitcoin is mainstream now also means it has achieved deeper integration with financial institutions and the government. These entities are now manipulating the price of bitcoin like they did with traditional assets. Bitcoin can now have a manufactured downtrend in price caused by these financial institutions. Let's say you buy bitcoin on credit one day, you could be wiped out and lose everything not because of organic sell pressure but because of government/tradfi manipulation pushing the price down. This wasn't a problem back then but it is now. They have enough money to decide when btc pumps and when it dumps because they literally print fiat and unfortunately many in the space today only care about btc going up so they can dump it for fiat. This plays directly into the hands of the financial institutions and central banks. These are the entities that cause recessions, maybe they create another one once you buy on credit and you get wiped out that way. So these days it could be better to buy btc with your own money instead of on credit, so even if there is a downtrend you can still keep your btc and ride it to $1m per coin instead of having to sell it in a downtrend to pay off your credit resulting in you missing gains. Also 10 years ago when Bitcoin was $200 each the marketcap was 3 billion, today the Bitcoin marketcap is 2.4 trillion. Almost 1000x bigger. Orders of magnitude of more money needs to be put into bitcoin today to move it the exact same percentage as back then. in 2015 if btc marketcap went up another 3 billion that would double the price. Today for the price to double another 2.4 Trillion needs to be added to the marketcap. Of course literally $2.4 T dollars don't need to be injected but you get what I'm saying, we're on a bigger scale now and it takes much more to move the price. We aren't seeing frequent 40% daily pumps and weekly 10x increase in price anymore for a reason. For clarification I still think btc is going to $1m per bitcoin, so of course if you time your credit buys properly you'll come out ahead but do you really think you can time it? The risk of getting caught in a downturn is really big and that could wipe you out. And sorry if this seemed like a doomer post, I don't want this to be taken as a bearish post because I'm still super bullish on Bitcoin and always have been. I just think the central banks are now greatly manipulating bitcoin and wiping people out so they can get even more of peoples bitcoin and control the supply as much as possible. This is all a big plan by them to manipulate Bitcoin like they do everything else, they don't want people owning btc they want it all for themselves. A lot of these ETFs, btc treasuries and other recent tradfi integrations of bitcoin will be used by the government to control the supply of Bitcoin. And even though I say the risk of buying credit on bitcoin is huge today and I wouldn't recommend it some part of me still wants to beat this government and tradfi trash that is trying to corrupt Bitcoin lol. I think I can beat them at their own game so I still have some credit btc positions open. I'm happy I was able to use the tradfi system against them back then and use their credit to purchase real currency btc. That's really the moral in all this, going against fiat and doing your best to make Bitcoin prevail.",10 years ago I made these threads about buying 85 Bitcoin with my $20k student line of credit instead of going to College and everyone ridiculed me. It worked out for me back then but here’s why I wouldn’t recommend buying btc on credit today.,BitcoinMarkets,0,9,KidEliteTrader,5197.0,966.0,0.0394183211028575,0.3911311626434326,0.5694504976272583,-0.351712841540575,negative,,,,
2025-11-01,Bitcoin’s Silent IPO: Why This Consolidation Isn’t What You Think,Bitcoin’s Silent IPO: Why This Consolidation Isn’t What You Think,BitcoinMarkets,42,35,jarederaj,65.0,10.0,0.0339392311871051,0.1306825876235962,0.8353781700134277,-0.096743356436491,neutral,,,,
2025-11-11,"Cryptocurrency futures contracts and the price of Bitcoin I'm not sure if the price of Bitcoin futures is determined mainly by the current spot price of Bitcoin, or if it can also work the other way around — where the futures market itself influences Bitcoin’s price movements. How strong is this relationship, and can activity in one market significantly impact the other?",Cryptocurrency futures contracts and the price of Bitcoin,BitcoinMarkets,3,4,Fine-Extension6289,373.0,62.0,0.0450647361576557,0.027115948498249,0.9278192520141602,0.0179487876594066,neutral,,,,
2025-11-14,"3 reasons bitcoin is on the brink of wiping out its gains for the year *From Business Insider's Jennifer Sor:* It's been a tough month for bitcoin investors. The OG cryptocurrency officially entered a bear market at the beginning of this month, with the token's price down 22% since reaching a peak of around $126,000 in early October. After being up as much as 35% year-to-date, the latest tumble has whittled that gain down to less than 4% on Friday. The sell-off accelerated this week. Bitcoin dropped as low as $94,700 on Friday, the lowest the crypto has traded in about six months. Waning liquidity, this week's tech sell-off, and rumored selling from Strategy were adding pressure. Bitcoin has been hurt amid a broader sell-off in risk assets, with tech stocks in particular getting hit hard as investors fret over high valuations. Outflows from spot bitcoin ETFs hit $866.7 million on Thursday, according to data from CoinGlass, the worst outflow bitcoin funds have seen since early August. ""In some ways, Bitcoin was a leading indicator for risk,"" David Nicholas, the CEO of XFUNDS, wrote in a note this week, pointing to recent concerns among investors about valuations in the stock market. ""I think it's the perfect recipe for Bitcoin price weakness,"" he added. Bitcoin's liquidity has also dropped off over the last month, a possible reason the crypto's price has seen more volatility. Bitcoin's market depth, a measure of how resistant its price is to volatility stemming from large trades, dropped from around $766 million in early October $535.2 million as of this week, according to the crypto analytics firm Kaiko. The sell-off picked up steam on Friday as Michael Saylor, the founder of Strategy and one of bitcoin's biggest cheerleaders over the years, fended off online rumors that his crypto treasury dumped some of its bitcoin holdings. ""I think the volatility comes with the territory,"" Saylor said of the latest sell-off. [Read the full story on why Bitcoin might wipe out its gains for the year here.](",3 reasons bitcoin is on the brink of wiping out its gains for the year,BitcoinMarkets,10,23,businessinsider,2027.0,338.0,0.010000642389059,0.971617579460144,0.0183818154036998,-0.961616937071085,negative,,,,
2025-11-17,"THEORETICAL perfect buy times # Cycle-by-Cycle: Maximal Theoretical Entry Points Below are the approximate *perfect* entry points (only one per cycle), chosen strictly based on actual market history: # Cycle 1 → Peak in 2013 * Halving: Nov 2012 * Ideal buy: Nov–Dec 2011 (\~$2–$3) * Peak: Nov 2013 (\~$1,100) Return: \~400x to 550x (Yes, early Bitcoin was insane.) # Cycle 2 → Peak in 2017 * Halving: July 2016 * Ideal buy: Jan 2015 (\~$150) * Peak: Dec 2017 (\~$20,000) Return: \~130x # Cycle 3 → Peak in 2021 * Halving: May 2020 * Ideal buy: Dec 2018 (\~$3,200) * Peak: Nov 2021 (\~$69,000) Return: \~21x # Cycle 4 → Peak expected 2025 (historical pattern) * Halving: April 2024 * Ideal buy: Nov 2022 (\~$15,500) * Peak: TBD (Historically 12–18 months after halving → mid/late 2025) Return so far: \~4x from lows (as of 2025) # 🧠 The Pattern Is Shockingly Consistent Historical optimal entries always land roughly here: # The theoretical optimal buy each cycle = \~18 months after the previous peak AND \~12–18 months before the next halving.\*\* This is because: * Post-peak capitulation wipes out excess leverage * Miners sell heavily before block rewards are cut * Market boredom = best valuations * Liquidity is lowest = best prices",THEORETICAL perfect buy times,BitcoinMarkets,0,15,ObjectivistAlpha,1238.0,213.0,0.0485673360526561,0.0280878972262144,0.9233447313308716,0.0204794388264417,neutral,,,,
2025-11-21,"Bitcoin next peak (2029) Previous All-Time High was $20k (2017) The next All-Time High was $70k (2021) That's 3.5x This cycles All-Time high was $126k (2025) That's like 1.7x or so? Next peak: $200k October 2029 I hereby Predict $199k Bitcoin in October 2029 Actual gains can be much larger. I expect it to fall as far as $50k in January 2027. So if you buy at around $50k, then hold 3 years and sell at $200k, that's pretty good gains. The party isn't over if you put big money in.",Bitcoin next peak (2029),BitcoinMarkets,3,36,ObjectivistAlpha,482.0,91.0,0.0553910583257675,0.7658340334892273,0.1787749826908111,-0.7104429751634598,negative,,,,
2025-12-02,"Bitcoin just survived another Market Manipulation Monday Early Warning Signs: •""China bans Bitcoin"" — the crypto world's ""Groundhog Day"" rerun • Satoshi-era Bitcoin wallets show activity • A major whale offloads large holdings before market open • Media/FUD cycle kicks in: quantum computing ""threatens"" Bitcoin, exchange hacks, recycled fear narratives from the usual suspects During the Dip: •Markets open 5–10% down • Hundreds of billions in USDT (and other stablecoins) shift between exchanges • USDT Treasury mints billions, while only a few hundred dollars worth gets burned Recovery: •A few days later, markets rebound — often by Friday close • Thousands of Bitcoin move off exchanges (accumulation signal) Do you think I'm writing BS? or this is what happens again, again, again Don't Feed the whales.",Bitcoin just survived another Market Manipulation Monday,BitcoinMarkets,26,25,AcostaJA,809.0,126.0,0.0127893770113587,0.9485076069831848,0.0387030206620693,-0.935718229971826,negative,,,,
2025-12-05,"An unpopular truth: there are no actual ""cycles"" Please read before challenge the headline . . The notion of predictable ""cycles"" in Bitcoin's price is a persistent misconception. Unlike commodities or equities—where supply and demand respond to external factors like geopolitics, weather, or industrial output—Bitcoin follows a different economic logic. . Bitcoin is not a manufactured good nor a traditional commodity. Its supply is algorithmically fixed: only 21 million will ever exist, and its issuance rate (mining reward) adjusts solely through predetermined halvings, which reduce new supply at regular intervals. This makes Bitcoin's supply perfectly inelastic—unaffected by miner count, network activity, or global economic conditions. . What truly drives Bitcoin's price is adoption, currently fueled largely by its role as a speculative asset rather than a medium of exchange. Its value is shaped primarily by four factors: the halving mechanism, adoption curves, fiat money supply expansion, and regulatory developments. Other macroeconomic variables—such as oil prices or real estate markets—affect Bitcoin only indirectly, in much the same way they influence fiat currencies like the dollar or yen. The key difference is Bitcoin’s absolute scarcity, which may one day position it as a benchmark for global value. . Large holders (""whales"") understand this deeply. Their objective is not to control Bitcoin's protocol—which remains decentralized—but to accumulate enough of its limited supply to exert influence over future economic leverage. Retail investors, meanwhile, often behave like a school of fish: moving on collective instinct rather than independent analysis. Much like humpback whales using bubble nets to herd prey, major players can orchestrate market narratives through timed campaigns, influencer messaging, and capitalizing on periods of market vulnerability—such as holidays or low-liquidity events—to artificially depress prices. The billions they deploy to buy during these engineered dips represent the whale's open mouth; the losses absorbed by unprepared traders are the inevitable result. . When you filter out the market noise created by these tactics, Bitcoin’s underlying trajectory becomes clearer. This is why maximalists advocate a simple strategy: ignore short-term signals, avoid timing the market, and consistently accumulate during dips. Regardless of whether the price is $1 or $20 million per bitcoin, disciplined accumulation remains the most reliable way to participate in its long-term appreciation—without falling prey to the whales' games. Your inputs are appreciated","An unpopular truth: there are no actual ""cycles""",BitcoinMarkets,0,27,AcostaJA,2623.0,377.0,0.0230646040290594,0.1679048836231231,0.8090305328369141,-0.1448402795940637,negative,,,,
2025-12-09,"Bitcoin Looks Strong, but Interest Is Dropping. I’ve spent the last few weeks digging into Bitcoin’s performance, the macro trends behind the big moves, and a ton of alternative data that shows how public interest is changing. Here’s what I found. 1. Bitcoin’s last two years were wild. We went from the post-FTX depression to new highs above $126k, then back down into the mid-$80k range. Even with the big pullback, the long term move is still incredibly strong. 2. The rally was mostly driven by three (maybe four) things: * Spot Bitcoin ETFs in the United States finally going live * The 2024 halving and the predictable scarcity narrative * Expectations for lower interest rates and a friendlier macro backdrop * The new US administration is, in lack of a better word, more crypto-friendly than the former administration 3. The hedge debate is more complicated than people make it. After digging into studies and price behavior, my takeaway is this: Bitcoin can hedge long term debasement because of its fixed supply, but it does not behave like a short term hedge against the dollar. Money supply has been rising lately, but bitcoin hasn't followed. When markets de-risk, Bitcoin usually sells off in the same direction as tech stocks. Bitcoin might still protect you from a long term weak dollar, but not from short term risk-off / volatility. 4. The alternative data surprised me. Interest is cooling. This is the part I didn’t expect to be so obvious: * Google searches for “Bitcoin” are down nearly 50 percent YoY * subreddit growth has slowed to just 1 percent in the last 3 months * Bitcoin’s Wikipedia views dropped from \~10k per day to \~4k * Sentiment across crypto forums is turning bearish It feels like excitement has cooled even though the price is still up massively over two years. 5. What I’m watching next: • ETF inflows or outflows • The Fed’s approach to rates • Whether search interest and community momentum pick back up • Any regulatory shifts, especially since the Trump administration has historically been more pro-crypto My personal take: Bitcoin still makes sense as a long term asset with a fixed supply and global adoption. But in the short run it behaves like a high beta macro trade, not a clean hedge. The data shows retail attention is fading, which might mean we are in the middle of a cooling phase rather than a new explosive rally. Curious to hear what others think. Does this align with your view, or are you seeing something different?","Bitcoin Looks Strong, but Interest Is Dropping.",BitcoinMarkets,15,37,MoonMyWay,2481.0,428.0,0.0420627146959304,0.8671258091926575,0.090811513364315,-0.825063094496727,negative,,,,
2025-12-12,"Bitcoin used to need a price of $380k to match golds market cap, now it needs a price of $1.4 million. Gold has always been a valuation benchmark for bitcoin because bitcoin is digital sound money where gold is analog sound money. The main reasoning for this is the fact the digital version of something is always more valuable than the analog version, so seeing bitcoins market cap match golds one day is a conservative assumption. Back in 2020 golds market cap was around $8 trillion requiring the bitcoin price to reach $380k to match golds value. This was always seen as a conservative expectation. However golds market cap has risen from $8 trillion in 2020 to $30 trillion today meaning bitcoin now needs to be worth $1.43 million just to meet the same conservative valuation estimates we had for gold vs bitcoin in 2020. People think the conservative valuation estimates we used 5 years ago still hold true, but the base case estimate for bitcoins price has gone from $380k to $1.4 million over the last few years just because golds market cap has risen in dollar terms. $1.5 million used to be seen as the highest valuation possisble, now it is the conservative base case with even higher prices likely.","Bitcoin used to need a price of $380k to match golds market cap, now it needs a price of $1.4 million.",BitcoinMarkets,70,69,slvbtc,1211.0,212.0,0.0530833825469017,0.0262928698211908,0.920623779296875,0.0267905127257108,neutral,,,,
2025-12-14,"5th Annual ""Guess the Low"" contest It's the 5th Annual ""Guess the Low"" contest. Here are the rules: 1. The time window is 01 Jan 2026 00:00:00 UTC to 22 Dec 2026 00:00:00 UTC. 2. What is your guess for the lowest price during that window? (Price is in US$, and comes from Coinbase.) 3. You get one guess. 4. Guesses must be messaged to me, NOT sent as a reply to this post. 5. Guesses must be in $100 increments, in round $100 amounts (i.e. $77700, $87600, etc.). Your guess must end with two zeros. 6. Included with your guess must be the instruction ""higher"" or ""lower"". If your guess has already been entered, your guess will be moved to the next available slot, higher or lower, based on your instruction. (If you guess $85300, but $85300 is already taken, I will move your guess to the next available slot, based on your ""higher or lower"".) 7. Guesses will be accepted until 22 Dec 2025 00:00:00 UTC. 8. You must submit an actual number, not ""Whatever the open is on 1 Jan"". 9. I reserve the right to toss your entry if you're a pain in the ass. Rules 4, 5, and 6 are not guidelines, not suggestions. They are rules. The person with the closest guess will get their choice of 0.0005 BTC or $50 worth of BTC at the price at the close of the contest. Once all the entries are in, I will post the guesses here. I will include my guess as well.","5th Annual ""Guess the Low"" contest",BitcoinMarkets,19,24,imissusenet,1345.0,258.0,0.0196938719600439,0.06841541826725,0.911890745162964,-0.0487215463072061,neutral,,,,
2025-12-19,"Benjamin Cowen Track Record Ben’s calling a BTC bear market based on the 4yr cycle and the 50-week MA cross. He says that it's likely an October 2025 - October 2026 bear market. Is his analysis actually credible, does anyone know what his track record is on predictions as I'm new to this space? Everyone would like a supercycle but his analysis seems pretty realistic.",Benjamin Cowen Track Record,BitcoinMarkets,1,36,sirensoflove,369.0,65.0,0.0468518324196338,0.0247645583003759,0.9283836483955384,0.0220872741192579,neutral,,,,
2025-12-26,"CashStamps, BCH, and the Reality of On-the-Ground Onboarding Cashstamps provide one of the best onboarding tools on the BCH ecosystem where users load vouchers with *""Bitcoin Cash and give them to family, friends, partners, etc, to get them started in the universe. This is so essential that people can get BCH than get explained how that works while get introduced in the ecosystem.","CashStamps, BCH, and the Reality of On-the-Ground Onboarding",btc,13,0,alberdioni8406_,383.0,63.0,0.1534658670425415,0.00926283467561,0.8372713327407837,0.1442030323669314,positive,,,,
2025-12-27,"For an Open Source project, the Bitcoin community is too gated a community where even a little deviation from the herd is not allowed.","For an Open Source project, the Bitcoin community is too gated a community where even a little deviation from the herd is not allowed.",btc,10,45,Icy_Annual_9954,134.0,24.0,0.0301672779023647,0.1601006239652633,0.8097320795059204,-0.1299333460628986,negative,,,,
2025-12-28,"$BTC stuck in the ""Chop Zone"" and Fighting to Hold $80-84K Institutional Floor","$BTC stuck in the ""Chop Zone"" and Fighting to Hold $80-84K Institutional Floor",btc,0,0,AnywhereBig9070,78.0,13.0,0.0167577397078275,0.8875866532325745,0.0956555902957916,-0.8708289135247469,negative,,,,
2025-12-29,"Feb 21, 2026 – CHAPA BCH Meetup: Students Get Their First Real BCH Experience! On Feb 21, we’re hosting the CHAPA BCH Meetup – a fun, hands-on introduction to Bitcoin Cash for students and enthusiasts. Thanks to Cashstamps, participants will get free stamps and make their first real BCH transactions. A simple, practical way to see crypto in action! [Support BCH and help onboard new users]( Also announced on [X]( Come see students experience crypto firsthand and help BCH grow!","Feb 21, 2026 – CHAPA BCH Meetup: Students Get Their First Real BCH Experience!",btc,20,3,alberdioni8406_,480.0,80.0,0.3378814160823822,0.0097430478781461,0.6523754596710205,0.328138368204236,positive,,,,
2025-12-30,"BlackRock just moved a large batch of BTC and ETH while ETF outflows continue. According to Arkham, 2,201 BTC and 7,557 ETH were sent to Coinbase Prime, worth over $214M at the time. This happened as Bitcoin ETFs saw -$275.9M in net outflows on Dec 26, with IBIT responsible for most of it.","BlackRock just moved a large batch of BTC and ETH while ETF outflows continue. According to Arkham, 2,201 BTC and 7,557 ETH were sent to Coinbase Prime, worth over $214M at the time. This happened as Bitcoin ETFs saw -$275.9M in net outflows on Dec 26, with IBIT responsible for most of it.",btc,0,6,Successful-Program99,290.0,53.0,0.1451858580112457,0.0917437374591827,0.7630703449249268,0.0534421205520629,neutral,,,,
2025-12-31,"BTC is back near the upper Bear Band, which has historically been a warning zone rather than a breakout signal. Price is still holding above long-term trend support, but momentum is clearly flattening. In past cycles, this area often marked the start of a multi-month distribution phase, not","BTC is back near the upper Bear Band, which has historically been a warning zone rather than a breakout signal. Price is still holding above long-term trend support, but momentum is clearly flattening. In past cycles, this area often marked the start of a multi-month distribution phase, not",btc,0,0,Successful-Program99,291.0,48.0,0.5001844167709351,0.3716788291931152,0.1281367987394333,0.1285055875778198,positive,,,,
2026-01-01,mods again showing their bias against the working scaling Bitcoin,r/cc mods again showing their bias against the working scaling Bitcoin,btc,15,59,DangerHighVoltage111,65.0,10.0,0.3450242280960083,0.2256265133619308,0.4293492138385772,0.1193977147340774,positive,,,,
2026-01-02,"Is bitcoin about to hit an ATH again here soon ??!! Wow !!!!! Ethereum daily transactions hit all-time high, surpassing 2021 NFT boom","Is bitcoin about to hit an ATH again here soon ??!! Wow !!!!! Ethereum daily transactions hit all-time high, surpassing 2021 NFT boom",btc,0,3,ComplexWrangler1346,133.0,23.0,0.9231826663017272,0.0182172283530235,0.0586001649498939,0.9049654379487038,positive,,,,
2026-01-03,"Change my view: Bitcoin will never be used as a global currency Bitcoin is ONLY a speculative investment used to hedge against currency, with cryptography as a backbone. It will NEVER become a global currency and will just become a volatile asset. The use of bitcoin for transactions on a global scale is impossible. There are just too many risks with fraud, money laundering, kidnapping and hacking. Not to mention transaction errors cannot be reversed.",Change my view: Bitcoin will never be used as a global currency,btc,225,336,EmbarrassedKoala3982,454.0,75.0,0.0317563079297542,0.1817497909069061,0.7864938974380493,-0.1499934829771518,negative,,,,
2026-01-04,"Crypto Market Update: Bitcoin, Ethereum and Major Altcoins Show Renewed Strength Crypto Market Update: Renewed Strength at the Start of 2026 The cryptocurrency market is showing renewed momentum as 2026 begins, with Bitcoin and Ethereum leading the move higher alongside several major altcoins. After a period of uncertainty and increased volatility, market sentiment appears to be gradually improving, supported by stronger trading activity and renewed interest from institutional participants. Bitcoin has managed to hold key support levels while Ethereum continues to benefit from growing network activity and long-term adoption narratives. At the same time, altcoins are starting to recover as investors become more confident and risk appetite slowly returns to the market. Although volatility remains a defining feature of the crypto space, current price action suggests that confidence is rebuilding among market participants. Many investors are closely watching macroeconomic developments and on-chain data to determine whether this move can be sustained in the coming weeks. What is your outlook for the crypto market going forward? Do you see this as the beginning of a broader recovery, or just a short-term bounce?","Crypto Market Update: Bitcoin, Ethereum and Major Altcoins Show Renewed Strength",btc,0,3,Successful-Program99,1225.0,181.0,0.9540821313858032,0.0175926331430673,0.0283252838999032,0.936489498242736,positive,,,,
2026-01-05,"Apparently there’s an estimated 600,000 BTC sitting in Venezuela — and maybe that recent US action wasn’t just about oil","Apparently there’s an estimated 600,000 BTC sitting in Venezuela — and maybe that recent US action wasn’t just about oil",btc,0,2,Bcom_Mod,120.0,20.0,0.0673197731375694,0.0339971594512462,0.8986830711364746,0.0333226136863231,neutral,,,,
2026-02-06,"Is Bitcoin Already Recovering? Bitcoin's jumped up almost 7,000 dollars today alone. Lots of people believed BTC would go back up to reach ATH, but is that already trending up, or will it just drop more tomorrow?",Is Bitcoin Already Recovering?,BTC,0,23,Latter_Golf_9975,,,0.7184386253356934,0.041380129754543304,0.24018128216266632,0.67705849558115,positive,2026-02-06 16:57:38,"Bitcoin's jumped up almost 7,000 dollars today alone. Lots of people believed BTC would go back up to reach ATH, but is that already trending up, or will it just drop more tomorrow?",https://www.reddit.com/r/btc/comments/1qxn3mz/is_bitcoin_already_recovering/,1qxn3mz
2026-02-07,Made a vid explaining why BTC was crashing Yall can check it out if u want,Made a vid explaining why BTC was crashing,BTC,0,2,Good-Helicopter4146,,,0.043747734278440475,0.023989835754036903,0.9322624206542969,0.019757898524403572,neutral,2026-02-07 00:42:26,Yall can check it out if u want,https://www.instagram.com/reel/DUb2W1bDnCZ/?igsh=MmJpa3d2YXd0Zms2,1qxzaol
2026-02-08,"Epstein, creator of Bitcoin? Hello, can you tell me if the emails I've seen claiming that Epstein is the creator of Bitcoin are true or not? Thank you very much.","Epstein, creator of Bitcoin?",BTC,0,40,Own_Reference2619,,,0.06847898662090302,0.04141145199537277,0.8901095986366272,0.027067534625530243,neutral,2026-02-08 18:49:16,"Hello, can you tell me if the emails I've seen claiming that Epstein is the creator of Bitcoin are true or not? Thank you very much.",https://www.reddit.com/r/btc/comments/1qzh6h8/epstein_creator_of_bitcoin/,1qzh6h8
2026-02-09,"Blockstream’s Ties to Epstein Reveal Hidden Investments, Bitcoin Mixing, and Deniable Funding","Blockstream’s Ties to Epstein Reveal Hidden Investments, Bitcoin Mixing, and Deniable Funding",BTC,11,5,btcxio,,,0.015094383619725704,0.7167134881019592,0.2681921422481537,-0.7016191044822335,negative,2026-02-09 18:50:35,,https://news.bitcoinprotocol.org/blockstreams-ties-to-epstein-reveal-hidden-investments-bitcoin-mixing-and-deniable-funding/,1r0csi9
2026-02-11,"Just saw the top 10 btc holders, that’s wild","Just saw the top 10 btc holders, that’s wild",BTC,0,1,National-Theory1218,,,0.13791704177856445,0.020305342972278595,0.8417775630950928,0.11761169880628586,positive,2026-02-11 02:54:21,,/r/Social_Investing/comments/1r1liw9/who_really_holds_the_most_bitcoin_here_are_the/,1r1lm6f
2026-02-12,DCA BTC into Cold Wallet What is the best platform with lowest fees and low transfer fees to buy btc and eth monthly then transfer to cold wallet in Canada?,DCA BTC into Cold Wallet,Bitcoin,1,0,Busy-Ad-5320,,,0.08346882462501526,0.013652152381837368,0.9028790593147278,0.06981667224317789,neutral,2026-02-12 21:53:36,What is the best platform with lowest fees and low transfer fees to buy btc and eth monthly then transfer to cold wallet in Canada?,https://www.reddit.com/r/Bitcoin/comments/1r36oqy/dca_btc_into_cold_wallet/,1r36oqy
2026-02-13,Bitcoin price dips and liquidation spikes. The chart tells a story most of us have felt in our guts this week,Bitcoin price dips and liquidation spikes. The chart tells a story most of us have felt in our guts this week,BTC,0,0,Bcom_Mod,,,0.0800049677491188,0.3567928373813629,0.5632021427154541,-0.2767878696322441,negative,2026-02-13 02:48:27,,/r/bitcoin_com/comments/1r3djxl/bitcoin_price_dips_and_liquidation_spikes_the/,1r3dk79
2026-02-14,Finally reached 0.10 of bitcoin. Just by dca'ing 100 a week hoping to atleast get to 0.25 during this dip. I dont believe we are in a crypto winter yet.,Finally reached 0.10 of bitcoin. Just by dca'ing 100 a week,Bitcoin,301,40,Spiritual-Will-1586,,,0.20415924489498138,0.3003893196582794,0.495451420545578,-0.09623007476329803,neutral,2026-02-14 01:39:55,hoping to atleast get to 0.25 during this dip. I dont believe we are in a crypto winter yet.,https://www.reddit.com/r/Bitcoin/comments/1r47l03/finally_reached_010_of_bitcoin_just_by_dcaing_100/,1r47l03
2026-02-15,"What to invest in brokerage link account if you are strong believer in BTC but want some diversification? I am a strong believer in Bitcoin but am a realist but do want to diversify some. For those with brokerage link in their work retirement accounts with fiseluty(usa only)  do you invest all in ibit, diversify with other bitcoin related stocks or diversify with vti or other ETFs. Just curious how most people who take advantage of tax deferred retirement accounts from work.",What to invest in brokerage link account if you are strong believer in BTC but want some diversification?,Bitcoin,5,8,Unlikely-Pin9555,,,0.07483794540166855,0.015861880034208298,0.9093002080917358,0.05897606536746025,neutral,2026-02-15 01:19:41,"I am a strong believer in Bitcoin but am a realist but do want to diversify some. For those with brokerage link in their work retirement accounts with fiseluty(usa only)  do you invest all in ibit, diversify with other bitcoin related stocks or diversify with vti or other ETFs. Just curious how most people who take advantage of tax deferred retirement accounts from work.  ",https://www.reddit.com/r/Bitcoin/comments/1r51mqc/what_to_invest_in_brokerage_link_account_if_you/,1r51mqc
2026-02-16,Non kyc wallet Is there any way to send and buy bitcoin using a sponsored cashapp card or a way to get around it,Non kyc wallet,Bitcoin,0,7,Desperate-Weird-1801,,,0.04937685281038284,0.014990036375820637,0.93563312292099,0.034386816434562206,neutral,2026-02-16 06:13:32,Is there any way to send and buy bitcoin using a sponsored cashapp card or a way to get around it,https://www.reddit.com/r/Bitcoin/comments/1r61wg0/non_kyc_wallet/,1r61wg0
2026-02-17,Brazil Revives Bill 4501 to Accumulate 1 Million BTC for Strategic National Reserve | Bitget News Are you bullish enough ?,Brazil Revives Bill 4501 to Accumulate 1 Million BTC for Strategic National Reserve | Bitget News,Bitcoin,100,5,Crypto-hercules,,,0.2451697438955307,0.014654742553830147,0.7401755452156067,0.23051500134170055,positive,2026-02-17 09:53:49,Are you bullish enough ?,https://www.bitget.com/news/detail/12560605200239?utm_source=chatgpt.com,1r71xlv
2026-02-18,I finally set up my hardware wallet Yes this thread will kill me but I got a ledger wallet. I opted out of the key card and cloud storage phrase key. Moved all my bitcoin there. Not much but it’s something. Next move is to stamp my key phrase on metal. That comes later.,I finally set up my hardware wallet,Bitcoin,33,17,SamFisherXboxOG,,,0.0581543892621994,0.0328529067337513,0.9089926481246948,0.025301482528448105,neutral,2026-02-18 00:33:29,Yes this thread will kill me but I got a ledger wallet. I opted out of the key card and cloud storage phrase key. Moved all my bitcoin there. Not much but it’s something. Next move is to stamp my key phrase on metal. That comes later.,https://www.reddit.com/r/Bitcoin/comments/1r7nzw2/i_finally_set_up_my_hardware_wallet/,1r7nzw2
2026-02-19,Confused: Where Can I swap my BTC to BNB chain asset ?,Confused: Where Can I swap my BTC to BNB chain asset ?,BTC,0,0,Emotional_Spread_164,,,0.030735310167074203,0.03508816659450531,0.934176504611969,-0.004352856427431107,neutral,2026-02-19 10:09:54,,/r/binance/comments/1r8t6cg/confused_where_can_i_swap_my_btc_to_bnb_chain/,1r8vgeg
2026-02-20,Bitcoin Asymmetric Rise and the 2040 Inflection,Bitcoin Asymmetric Rise and the 2040 Inflection,BTC,0,0,Cantonius,,,0.33396223187446594,0.21242506802082062,0.45361265540122986,0.12153716385364532,positive,2026-02-20 15:07:49,,https://substack.com/@cantonius/p-188560899,1r9xt0c
2026-02-21,Institutional Bitcoin Adoption and Wences Casares - 'Patient Zero',Institutional Bitcoin Adoption and Wences Casares - 'Patient Zero',BTC,0,3,Bitcoin-Adam,,,0.13127703964710236,0.015746060758829117,0.8529768586158752,0.11553097888827324,positive,2026-02-21 06:35:12,,https://v.redd.it/tdteaty2lokg1,1rak0t5
2026-02-22,Thoughts on buying BTC on Cashapp? What are your thoughts on that??,Thoughts on buying BTC on Cashapp?,Bitcoin,10,12,wcshorty1985,,,0.035316113382577896,0.029556822031736374,0.9351270794868469,0.005759291350841522,neutral,2026-02-22 14:57:59,What are your thoughts on that?? ,https://www.reddit.com/r/Bitcoin/comments/1rbnwrr/thoughts_on_buying_btc_on_cashapp/,1rbnwrr
2026-02-23,"59 years old and I have $65,000 which I am saving as a down payment on a house trying to get to $100 which will take 4 months, I already own two homes. I am tempted to buy if it hits $40,000.   thoughts? As above.....It will take me a little over 6 months of saving to recover if bitcoin goes to zero. Would you buy? when?","59 years old and I have $65,000 which I am saving as a down payment on a house trying to get to $100 which will take 4 months, I already own two homes. I am tempted to buy if it hits $40,000.   thoughts?",Bitcoin,0,38,No_Alarm6362,,,0.04407775402069092,0.06563573330640793,0.8902865052223206,-0.02155797928571701,neutral,2026-02-23 03:20:54,As above.....It will take me a little over 6 months of saving to recover if bitcoin goes to zero. Would you buy? when?,https://www.reddit.com/r/Bitcoin/comments/1rc6e86/59_years_old_and_i_have_65000_which_i_am_saving/,1rc6e86
2026-02-24,"Vendam seus BTC agora! Não vou entrar em detalhes mas quem me ouvir, me agradecerá até o fim de março",Vendam seus BTC agora!,BTC,0,9,Siriano1809,,,0.7695414423942566,0.0261310413479805,0.2043275237083435,0.7434104010462761,positive,2026-02-24 19:23:25,"Não vou entrar em detalhes mas quem me ouvir, me agradecerá até o fim de março  ",https://www.reddit.com/r/btc/comments/1rdpv0t/vendam_seus_btc_agora/,1rdpv0t
2026-02-25,"Owning 1 Bitcoin is what you need to do. If you owned a full Bitcoin, do you think things would change in ten years?",Owning 1 Bitcoin is what you need to do.,Bitcoin,324,258,LAOGE1,,,0.04757949337363243,0.025006448850035667,0.9274141192436218,0.022573044523596764,neutral,2026-02-25 08:06:48,"If you owned a full Bitcoin, do you think things would change in ten years?",https://www.reddit.com/r/Bitcoin/comments/1re7d4r/owning_1_bitcoin_is_what_you_need_to_do/,1re7d4r
2026-02-26,"Bitcoin ETFs post highest net inflows in three weeks, attracting more than $506 million [https://www.theblock.co/post/391401/bitcoin-etf-net-inflows-highest-three-weeks](https://www.theblock.co/post/391401/bitcoin-etf-net-inflows-highest-three-weeks)","Bitcoin ETFs post highest net inflows in three weeks, attracting more than $506 million",Bitcoin,24,5,21Bullish,,,0.8652436137199402,0.029997531324625015,0.10475874692201614,0.8352460823953152,positive,2026-02-26 15:28:22,[https://www.theblock.co/post/391401/bitcoin-etf-net-inflows-highest-three-weeks](https://www.theblock.co/post/391401/bitcoin-etf-net-inflows-highest-three-weeks),https://www.reddit.com/r/Bitcoin/comments/1rfd52w/bitcoin_etfs_post_highest_net_inflows_in_three/,1rfd52w
2026-02-27,Can I buy Bitcoin for 1000 rupees? (Hindi Language Article),Can I buy Bitcoin for 1000 rupees? (Hindi Language Article),Bitcoin,0,1,nishantpatil108,,,0.04909592866897583,0.01764971762895584,0.9332543611526489,0.03144621104001999,neutral,2026-02-27 07:49:54,,https://nishatimes.com/buy-bitcoin-1000-rupees/,1rg0iui
2026-02-28,"Closed Bitcoin Core PR proposed one-time fork to recover 79,956 BTC from Mt. Gox hack address A now-closed Bitcoin Core PR (#34695) suggested a narrowly scoped consensus change to make the Mt. Gox theft address (1Feex…) spendable via a designated recovery key, so \~79,956 BTC could be returned to creditors.
2026-03-01,2026-03-01 15:11:42,Bitcoin,People who were left out of Bitcoin and now have emotional damage,I often see people criticizing Bitcoin","Closed Bitcoin Core PR proposed one-time fork to recover 79,956 BTC from Mt. Gox hack address",BTC, and many times, these are people who were told about Bitcoin when it was worth $100, $1,,,0.048787396401166916,0.10242210328578949,0.8487904667854309,-0.053634706884622574,neutral,2026-02-28 09:57:36,"A now-closed Bitcoin Core PR (#34695) suggested a narrowly scoped consensus change to make the Mt. Gox theft address (1Feex…) spendable via a designated recovery key, so \~79,956 BTC could be returned to creditors.
2026-03-01,2026-03-01 15:11:42,Bitcoin,People who were left out of Bitcoin and now have emotional damage,I often see people criticizing Bitcoin",000, or $10
2026-03-01,how it my timeframe so i am dollar cost averaging btc weekly but in like 2.5 to 3 years i want to sell a chunck of it so i can go on a trip to japan. but is 2.5 to 3 years a long enough time to hold my btc?,how it my timeframe,Bitcoin,0,10,Bright_Constant_1421,,,0.04587041959166527,0.0326947458088398,0.9214348196983337,0.01317567378282547,neutral,2026-03-01 18:29:12,so i am dollar cost averaging btc weekly but in like 2.5 to 3 years i want to sell a chunck of it so i can go on a trip to japan. but is 2.5 to 3 years a long enough time to hold my btc?,https://www.reddit.com/r/Bitcoin/comments/1ri4vj2/how_it_my_timeframe/,1ri4vj2
2026-03-02,Dubai Turned Off Its Stock Market. Nobody Can Turn Off Bitcoin.,Dubai Turned Off Its Stock Market. Nobody Can Turn Off Bitcoin.,Bitcoin,884,37,ReplacementFormer861,,,0.02445955201983452,0.6171543598175049,0.3583861291408539,-0.5926948077976704,negative,2026-03-02 11:10:36,,https://dailycoinpost.com/dubai-closed-stock-market-bitcoin-never-closes/,1riq1fv
2026-03-03,"Out of curiosity... These large holders, that move btc off exchanges to external; do they affect the price at all?",Out of curiosity...,Bitcoin,6,28,r0addawg,,,0.03940910845994949,0.08773654699325562,0.8728542923927307,-0.04832743853330612,neutral,2026-03-03 02:28:48,"These large holders, that move btc off exchanges to external; do they affect the price at all?  ",https://www.reddit.com/r/Bitcoin/comments/1rjd65q/out_of_curiosity/,1rjd65q
2026-03-04,"2023 How it started
2026-03-04,2026-03-04 13:27:04,Bitcoin,Most Interesting Physical Bitcoin Gadgets Ever Made,Bitcoin exists purely as information  no atoms","2023 How it started
2026-03-04,2026-03-04 13:27:04,Bitcoin,Most Interesting Physical Bitcoin Gadgets Ever Made,Bitcoin exists purely as information",Bitcoin, nothing you can touch, just cryptographic signatures in a distributed network. And yet humans, being the predictably irrational creatures we are,,,0.031628988683223724,0.027402475476264954,0.9409685134887695,0.004226513206958771,neutral,2026-03-04 16:02:54, no atoms, keep trying to give it physical form because we can't help ourselves (or feel less anxious, I haven't figured out which yet).
2026-03-05,Bitcoin Expactation Might try 80k for correction daily.  what's your thoughts.,Bitcoin Expactation,BTC,0,6,East-Ad-5517,,,0.0371464267373085,0.07695630192756653,0.8858972191810608,-0.039809875190258026,neutral,2026-03-05 05:37:33,Might try 80k for correction daily.  what's your thoughts.,https://www.tradingview.com/x/nZxeft37,1rl9azq
