date,timestamp,open,high,low,close,volume,return,log_return,volatility_7d,ma_7,ma_30,momentum_7d,hl_range,hl_pct,sentiment_score_x,sentiment_positive_x,sentiment_negative_x,sentiment_neutral_x,news_count,sentiment_score_y,sentiment_positive_y,sentiment_negative_y,sentiment_neutral_y,reddit_count,is_synthetic
,2025-09-18,116447.6,117900.0,116092.76,117073.53,11726.910319951126,0.0053752937265596,0.005224645390145738,0.0059890729171303,116125.07285714286,112820.40633333332,1575.0896921503188,1807.2400000000048,0.015209162986906779,0.13883874665591725,0.2202003157387177,0.0798685590788308,0.6999311142394112,36.015918912374254,,,,,0.04155822298025151,1
,2025-04-26,94638.68,95199.0,93870.69,94628.0,9496.078414065709,-0.0001128502637609,-0.0001360698214566335,0.024716434359994422,91868.09857142858,84958.989,9589.919522457656,1328.3099999999977,0.013613980585704935,0.20020434760294317,0.2957260262272838,0.0945974481292069,0.6096765257211195,36.34128164096871,0.017021925982571868,0.0419477522373199,0.0270271766930818,0.9310250282287598,0.9464943996947263,1
2025-05-14,2025-05-14,104103.72,104356.95,102602.05,103507.82,16452.9081,-0.0057240990043391,-0.0057405444459628,0.0264933094275493,103651.99714285714,94670.44133333334,6477.320000000007,1754.8999999999942,0.0169542745659216,0.1708403146544168,0.2819588303912517,0.1111185157368349,0.6069226596764353,43.0,0.0448461013535658,0.0671217795461416,0.0222756781925757,0.9106025099754332,3.0,0
2025-03-22,2025-03-22,84088.79,84539.17,83625.1,83840.59,5420.22114,-0.0029516419489445,-0.0029560066348178,0.027057231244763,84042.61428571427,86453.70533333333,-497.8500000000058,914.0699999999924,0.0109024757578637,0.057246458320383,0.2097533187888404,0.1525068604684573,0.6377398132326755,47.0,-0.0115405603822681,0.0878680114063524,0.0994085717886205,0.8127234078222706,31.0,0
2025-02-03,2025-02-03,97700.59,102500.01,91231.0,101328.52,75164.7385,0.0371331432082446,0.036460313684873,0.0248858826985543,101698.00285714286,100427.06666666668,-754.3099999999977,11269.009999999997,0.1112126181256767,-0.0751822583174899,0.185210875555387,0.260393133872877,0.5543959901546655,115.0,,,,,0.0,0
,2025-02-23,96551.01,96650.0,95227.94,96258.0,10861.536888412373,-0.0030347688750226,-0.003095266875442073,0.012240951725671124,96484.58571428571,98531.58033333332,170.42886236399846,1422.0599999999977,0.014859978274888476,0.10995801581549201,0.185235045654209,0.0742629456186765,0.740502003188196,19.03490897984255,0.19728235534945426,0.3478128649294376,0.1522591005389889,0.4999280373255412,2.891483795080963,1
2025-06-09,2025-06-09,105734.01,110530.17,105318.37,110263.02,19975.37451,0.0428340931015567,0.0419420963494116,0.0240301930611556,105345.72,105947.35066666668,4405.029999999999,5211.800000000003,0.0472669803529778,0.2526334085767822,0.3766276992422032,0.123994290665421,0.4993780083325389,77.0,,,,,0.0,0
2025-04-01,2025-04-01,82550.0,85579.46,82432.74,85158.34,20190.39697,0.0315969677047889,0.031108055610873,0.0201993463275684,84473.20571428571,84767.65733333332,-2234.529999999999,3146.720000000001,0.0369514013542302,0.0506836477003685,0.1747358053897137,0.1240521576893452,0.7012120379670842,73.0,,,,,0.0,0
2025-07-12,2025-07-12,117527.66,118200.0,116900.05,117420.0,8446.60437,-0.0009160396795103,-0.0009164595002588,0.016718694836225,112654.48714285716,107625.99499999998,9221.880000000005,1299.949999999997,0.0110709419179015,0.2866166638165351,0.3725137041220742,0.085897040305539,0.5415892718479999,62.0,0.6321781426668167,0.6493574380874634,0.0171792954206466,0.3334632217884063,1.0,0
2025-09-02,2025-09-02,109237.43,111771.52,108393.39,111240.01,18510.28756,0.018332454208457,0.0181664406573254,0.0182786087510369,109963.77428571427,114666.32866666668,-523.2100000000064,3378.1300000000047,0.0303679404559564,0.2556572049136527,0.3635337534572251,0.1078765485435724,0.5285897049206224,66.0,,,,,0.0,0
,2025-07-03,108849.59,110529.18,108530.4,109584.78,12900.01036660054,0.0067540900471843,0.006552384005201699,0.01463810770160561,107709.04714285712,106021.68233333336,2654.9796154702294,1998.7799999999988,0.017949540201118903,0.18787862899521685,0.2804414243563204,0.0927821453786581,0.6267764385084849,73.99301476527447,0.45648644230880325,0.474769115447998,0.0167983751744031,0.5084325075149536,0.9462159651310044,1
2025-01-18,2025-01-18,104077.47,104988.88,102277.55,104556.23,24307.82998,0.0045999384304846,0.004589391046213,0.0198189529935762,99251.48285714284,96780.06416666666,9956.23999999999,2711.3300000000017,0.0259317880914413,0.0122336278468169,0.2148169048784955,0.2025832770316786,0.5825998034026172,37.0,,,,,0.0,0
2025-11-03,2025-11-03,110540.69,110750.0,105306.56,106583.04,28681.18779,-0.0358025660779361,-0.0364591983685811,0.0174076141503608,109724.6357142857,112603.237,-7524.610000000001,5443.440000000002,0.0510722906758899,-0.0931342554977163,0.2175009975908324,0.3106352530885488,0.4718637370388023,64.0,,,,,0.0,0
2025-01-25,2025-01-25,104870.51,105286.52,104106.09,104746.85,9068.32377,-0.0011790732379457,-0.0011797688916675,0.0227076321377774,103852.82142857143,98463.323,190.6200000000099,1180.4300000000076,0.0112693603674001,0.1895294304316242,0.265227796923783,0.0756983664921588,0.6590738455178561,27.0,0.0017705030698815,0.1081416779602675,0.106371174890386,0.7854871404883654,46.0,0
2025-11-23,2025-11-23,84739.75,88127.64,84667.57,86830.0,19734.46418,0.0246668210216363,0.0243675070874857,0.0247443020284937,88581.04714285713,101347.48966666668,-7431.440000000002,3460.0699999999924,0.0398487849821489,-0.1440500873196426,0.13247049003396,0.2765205773536027,0.5910089274735323,84.0,,,,,0.0,0
2025-10-14,2025-10-14,115166.0,115409.96,109866.0,113028.14,31870.32974,-0.0185632912491533,-0.0187377515517996,0.0350405093622994,115934.32,116124.23,-8304.809999999998,5543.960000000006,0.0490493783229557,-0.0271649734752479,0.2046315091984155,0.2317964826736634,0.56357201414235,107.0,,,,,0.0,0
,2025-05-25,107761.9,109299.99,106600.64,109004.19,17516.33864964086,0.0115280065099068,0.011513951969655876,0.021618854958525544,108264.04714285716,101471.58066666666,2572.2521841500316,2699.350000000006,0.02441485460122641,-0.10112109700116391,0.1692499825014518,0.2693705640685482,0.5613794552448851,39.240463926461736,,,,,0.0,1
2025-03-06,2025-03-06,90606.0,92810.64,87836.0,89931.89,34342.44902,-0.0074401245568588,-0.007467940338037,0.054450230046078,88389.28000000001,93492.183,5223.309999999998,4974.639999999999,0.0553156394244577,0.1530671884667956,0.2543949290799598,0.1013277406131641,0.6442773325575722,72.0,0.0796545616943727,0.1413772512565959,0.0617226895622231,0.796900054270571,33.0,0
,2025-03-10,80734.48,84123.46,77459.91,78595.86,47883.42861591037,-0.0264882230455256,-0.02690743446599047,0.03317376443934145,85739.18714285713,91700.05333333332,-7619.444579385667,6663.550000000003,0.08469041077826096,-0.12381291208929236,0.1673171318074067,0.292521424430112,0.5401614466309548,74.82237720599986,-0.293643722505563,0.099757257848978,0.3984752620259921,0.5017675037185351,2.998545399951343,1
,2025-08-25,113493.59,113667.28,109274.1,110111.98,25035.30133300289,-0.0297956034345199,-0.030594107653459747,0.024958182581488828,113660.54142857144,116252.21033333334,-6099.672867605549,4393.179999999993,0.0401017543929548,-0.005695009459156486,0.1771517103172939,0.1808968326202719,0.6419514564897966,74.22848504089252,0.044561854910471786,0.0627822801470756,0.0179222393780946,0.9192954897880554,0.8377521307825491,1
,2024-12-27,95791.6,97544.58,93500.01,94299.03,26471.858877711224,-0.0155814288517991,-0.015582270884499361,-0.00023102869711830038,95045.315,95045.315,7.264311948822542,4044.570000000007,0.04272511850267277,-0.013815650264605697,0.2329279891983197,0.246504361120363,0.5205676445181955,57.2430612190808,0.39664177221907854,0.4259374439716339,0.0304459631443023,0.5436165928840637,1.0525668734267422,1
,2025-08-20,112872.95,114615.38,112380.0,114271.24,15440.26251780014,0.0123882659563931,0.012182596904618032,0.018316821955055223,116256.29142857144,117055.74666666666,-9044.647976969436,2235.3800000000047,0.01936125895191061,0.0030414147271225745,0.2025917929992692,0.2001023893946246,0.5973058103086197,72.78443059630217,,,,,0.0,1
,2025-05-18,103126.65,106660.0,103105.09,106454.26,21447.76425692383,0.0322672170578604,0.03155764618657211,0.014932943090869354,103887.34,97327.493,2349.639825945943,3554.9100000000035,0.03352613822063271,0.02383369760450567,0.1590374029197153,0.1346047006636148,0.706357885506891,21.03874735351607,,,,,0.0,1
2025-04-25,2025-04-25,93980.47,95758.04,92855.96,94638.68,27500.66648,0.0070036891707392,0.0069792772557713,0.0242444419382424,90503.67142857144,84712.45599999999,10163.98999999999,2902.079999999987,0.0306648402112116,0.2964183850012518,0.4079035591409617,0.1114851741397098,0.4806112672982586,74.0,,,,,0.0,0
,2025-06-19,104886.79,105226.17,103929.27,104658.59,7830.179603318016,-0.0021755839963816,-0.0019438793051728793,0.010102659147810111,105423.75857142858,106574.16533333334,-959.276929790837,1296.8999999999942,0.012348110441321686,0.12757465258532102,0.3057916994419014,0.17770374997666,0.5165045524440837,57.35826284884949,,,,,0.0,1
2025-10-02,2025-10-02,118594.99,121022.07,118279.31,120529.35,19670.83503,0.0163106384173563,0.0161790488991379,0.0147697110970505,114132.64142857144,113759.39233333334,11534.86,2742.7600000000093,0.0227559511438501,0.2582488497416791,0.3772509690591847,0.1190021193175056,0.5037469121494463,77.0,,,,,0.0,0
,2025-06-15,105414.63,106128.57,104494.53,105594.01,7059.877945363238,0.0017015663099546,0.0016443135282767935,0.02181596745465572,107418.5,106611.28433333331,-175.630667822113,1634.040000000008,0.015491344799615616,0.12874097597553935,0.3057916994419014,0.17770374997666,0.5165045524440837,56.45283146879912,,,,,0.027992894634038687,1
,2025-10-19,107185.0,109450.07,106103.36,108642.78,15225.918591911464,0.0136005025329568,0.013405264199747115,0.015173623378962638,109915.88142857142,114788.392,-6277.854954840268,3346.7100000000064,0.030920684631812755,-0.0798455411747175,0.1658927695326773,0.2445957019725548,0.5895115246863237,56.01133312453527,,,,,0.014946862450235321,1
,2025-06-28,107047.58,107577.75,106811.51,107296.79,3478.3863343589273,0.0023279365747514,0.002548936659615186,0.017524728044213834,105858.9742857143,105549.55633333333,5110.90400512644,766.2400000000052,0.007004089492047164,0.12839868077583183,0.3057916994419014,0.17770374997666,0.5165045524440837,57.084160897541686,0.16148118135526812,0.1764320582151413,0.0171069465577602,0.806460976600647,1.193422705180809,1
,2025-05-09,103261.61,104361.3,102315.14,102971.99,27457.87646260197,-0.0028046243714991,-0.002887219235813319,0.027303381894508556,97852.26142857142,91248.08233333334,6104.975167878151,2046.1600000000035,0.019251968942779675,0.3612709264693809,0.4469548894583687,0.0812066489892019,0.471838465062799,91.13910828384917,0.046914962036698364,0.1243530088276774,0.073287208047178,0.8023597896099091,27.041255900389004,1
,2025-06-13,105671.74,106179.53,102664.31,106066.59,26180.828921445867,0.003736666372359,0.0036707968846950998,0.022074060377689504,107458.14285714284,106485.24966666666,1802.9349189077343,3515.220000000001,0.03302432433282027,0.1293307492596046,0.3057916994419014,0.17770374997666,0.5165045524440837,57.108312596766226,,,,,0.004592328792545361,1
2025-08-30,2025-08-30,108377.4,108926.15,107350.1,108816.33,10708.39159,0.0040500141173345,0.0040418348867215,0.0203395145392734,110913.06142857144,115043.972,-6621.720000000001,1576.0499999999884,0.0144835798082878,-0.0389834013849235,0.1401246846571826,0.1791080860421061,0.680767232062001,57.0,,,,,0.0,0
2025-02-27,2025-02-27,84250.09,87078.46,82716.49,84708.58,42505.45439,0.005442011990729,0.0054272577477817,0.0236727208966545,91168.99142857143,96478.472,-13596.419999999998,4361.970000000001,0.0514938392309256,-0.1221474860304672,0.1725906005349794,0.2947380865654467,0.5326713096767076,76.0,0.0817091707140207,0.1030702851712703,0.0213611144572496,0.8755686283111572,2.0,0
2025-06-12,2025-06-12,108645.13,108813.55,105671.72,105671.73,17778.67218,-0.0273679112324602,-0.0277493887872792,0.0239775627120425,107204.12142857142,106399.95733333334,4163.050000000003,3141.8300000000017,0.0297319822435007,0.1280879494652413,0.3057916994419014,0.17770374997666,0.5165045524440837,57.0,,,,,0.0,0
,2025-03-25,87498.16,88539.63,86310.0,87392.87,22693.52569197572,-0.0012033395902268,-0.0011623350769881808,0.02554809096180386,85710.31999999999,85519.79,4725.5969681413835,2229.6300000000047,0.02581511074308253,0.22996766107075625,0.3215652510327728,0.0919536401321621,0.5864811113398326,94.53846117330446,-0.20604540864803195,0.0472228284925222,0.2575895164627582,0.6951876664534211,7.999332491935474,1
,2025-04-28,93749.29,95630.0,92800.01,95011.18,22098.596052970614,0.0134601538358152,0.01350819727543826,0.025524090188221514,94163.1,85681.90766666667,7595.628717080129,2829.990000000005,0.029736675143230723,0.10186295476931742,0.2545168239111994,0.1515408806028027,0.593942291066781,51.004583648685205,0.3361308299424584,0.380543977022171,0.0444235217291861,0.5750324744731188,8.034768660973683,1
,2025-02-12,95778.21,98119.99,94088.23,97869.99,29218.858452707864,0.021839938524633,0.022012213019862514,0.012025849863595171,96721.09285714288,100688.70100000002,1388.645321015061,4031.760000000009,0.040843476177885585,0.00930731493364236,0.1811574680511565,0.1707269926829373,0.6481155412107268,68.29883508574045,-0.16656557640184672,0.1339931037897865,0.3029205619047085,0.5630863526215156,5.913977857251647,1
2025-07-22,2025-07-22,117380.36,120247.8,116128.0,119954.42,20959.12973,0.0219292222310443,0.021692235206271,0.0103456734927578,118310.39,112309.677,2196.3300000000017,4119.800000000003,0.0343447119330826,0.2002603119239211,0.3075999625465449,0.1073396506226238,0.585060383686248,85.0,,,,,0.0,0
2025-05-11,2025-05-11,104809.53,104972.0,103345.06,104118.0,17987.12197,-0.0065979687152494,-0.0066198315306769,0.0242740169755361,100537.0457142857,92777.962,9840.380000000005,1626.9400000000023,0.0156259244318946,0.19128139336791,0.2552133992201451,0.063932005852235,0.6808545889727997,33.0,0.2923192155236999,0.3242787979543209,0.0319595824306209,0.6437616025408109,3.0,0
,2025-04-20,85077.0,85320.76,83949.52,85179.24,7836.261628417286,0.0012016172171542,0.0008243653602779344,0.00809117902398247,84563.54285714286,83660.91733333333,1490.5539292485635,1371.2399999999907,0.01633276142707273,0.002358454921783599,0.1837173840031027,0.180444689739185,0.6358379426722726,24.1897507889727,-0.27733266953603064,0.0288011681820665,0.3046115040779114,0.6665873322635889,6.798951415283603,1
,2025-06-03,105858.0,106794.67,104872.5,105376.89,13674.486387243554,-0.0045447679480784,-0.004546750510326758,0.01128457361907476,105546.67142857144,104867.28966666666,-3562.7873827491244,1922.1699999999985,0.018292861029625213,0.16233613100422756,0.2781542074151857,0.115753511113093,0.6060922799502001,85.83308284540304,,,,,0.0,1
,2025-02-08,96506.8,96880.0,95688.0,96444.74,10223.554348582955,-0.0006430634939713,-0.00036782670426872843,0.023793411426016497,97558.65142857144,100384.21766666666,-4147.3298946033965,1192.0,0.012039428643197259,0.05020512974246402,0.1918129131738697,0.1421046195732009,0.6660824640383644,30.992518365925957,0.05392110676116539,0.112243466079235,0.0544561779658709,0.8333003606115069,7.031493768851966,1
2025-03-03,2025-03-03,94269.99,94416.46,85117.11,86220.61,59171.10218,-0.0853865492733637,-0.0892537611894861,0.0576870651524007,86934.87857142858,94457.92833333332,-5332.270000000004,9299.350000000006,0.1078553028098502,0.1583036613202205,0.2736886973320334,0.1153850360118128,0.6109262707263783,135.0,0.1075760094681754,0.1465841825120151,0.0390081730438396,0.8144076289609075,8.0,0
2025-11-18,2025-11-18,92215.14,93836.01,89253.78,92960.83,39835.14769,0.0080864161785148,0.0080538963103698,0.0206490511151029,95853.43428571428,105100.45333333332,-10098.160000000003,4582.229999999996,0.0492920512865472,-0.1923824750595319,0.1629081338451641,0.3552906089046961,0.4818012533106015,213.0,,,,,0.0,0
,2025-03-30,82648.53,83534.64,81565.0,82389.99,9968.086404793574,-0.0031283069247198,-0.0031980896797104154,0.016014510245891112,85499.30285714286,85188.53,-3608.4086165074914,1969.64,0.023954288632224006,-0.22961090565139267,0.1748704469895788,0.4049998025542923,0.4201297598137032,21.36004086581071,-0.013575469312415525,0.0896924267988652,0.1050164852757006,0.8052910836413503,39.898946446176744,1
2025-10-16,2025-10-16,110763.28,111982.45,107427.0,108194.28,29857.17252,-0.0231936071232271,-0.0234668114929177,0.0333645819124803,112218.48571428572,115684.85966666669,-13468.119999999995,4555.449999999997,0.042104351542429,0.0279371673823334,0.2456930371350608,0.2177558697527274,0.5365511027863249,80.0,,,,,0.0,0
,2025-09-12,115482.69,116665.63,114740.99,116029.42,15396.759733139896,0.004734302604139,0.004485144061686183,0.009292276578527879,112915.57714285716,112909.63000000002,5398.632400981915,1924.64,0.016671387481066585,0.1711903301026546,0.306770726067147,0.1348168748696999,0.5584124007661427,70.35641901058426,,,,,0.12408854822718692,1
,2025-10-01,114048.94,118649.1,113966.67,118594.99,19943.592367905705,0.039860610704546,0.03943515468183785,0.02485277673940254,112484.80428571429,113449.74766666666,5335.934382239998,4682.430000000008,0.03926711126387057,0.07960291806416324,0.2400200152769684,0.1595310691191116,0.6004489101469517,63.60803334402881,,,,,0.0,1
2025-02-23,2025-02-23,96551.01,96650.0,95227.94,96258.0,10884.84913,-0.0030347688750226,-0.0030393831239023,0.0122615101455443,96484.58571428571,98531.58033333332,139.88000000000466,1422.0599999999977,0.0147734214299071,0.1109721000355325,0.185235045654209,0.0742629456186765,0.740502003188196,19.0,0.1955537643904487,0.3478128649294376,0.1522591005389889,0.4999280373255412,3.0,0
2025-09-17,2025-09-17,116788.96,117286.73,114720.81,116447.59,16754.2454,-0.0029229646363835,-0.0029272448401405,0.0074187177970232,115897.80999999998,112680.38666666666,2487.5899999999965,2565.9199999999983,0.022034977280337,0.1525078131656708,0.2489405383901863,0.0964327252245154,0.6546267377019956,58.0,,,,,0.0,0
,2025-03-19,82715.03,87000.0,82547.16,86845.94,28001.81347972844,0.0499414677114908,0.048902049606390184,0.030075912695257653,83654.70714285715,87735.98333333334,3152.9134385181746,4452.8399999999965,0.051177250860884586,0.22056422297618886,0.3591431028702679,0.1401544082225026,0.5007024965084651,67.59488176266363,-0.05743117471591721,0.0699272477733237,0.1228068470954895,0.8072659288133893,6.831763576239069,1
,2025-01-27,102620.01,103260.0,97777.77,102082.83,50691.879765746,-0.005234554667706,-0.0055867855698551235,0.020434474598370334,104011.57142857143,98966.783,-157.5015699204908,5482.229999999996,0.05385912870622828,-0.08452972371133727,0.1255124301028748,0.2108177183351169,0.6636698494354883,60.101933661947214,0.25598835954200855,0.2847826154902577,0.0254121739417314,0.689805194735527,1.973855322221843,1
,2025-11-17,94261.45,96043.0,91220.0,92215.14,39174.1454806087,-0.0217087708399108,-0.0217559199221653,0.018279621790793003,97296.0285714286,105623.185,-13818.554332070657,4823.0,0.05228944569606036,-0.13103229787165396,0.1930833887625612,0.3239514513010932,0.4829651651029684,147.0423772759017,0.0192713022116237,0.0485673360526561,0.0280878972262144,0.9233447313308716,1.1661907799122264,1
2025-07-23,2025-07-23,119954.43,120090.0,117301.0,118755.99,14558.75083,-0.0099907114719073,-0.0100409535459066,0.0110864660896729,118328.32714285716,112757.079,125.56000000001222,2789.0,0.023485131150016,0.1032615419632444,0.2951122069731354,0.1918506650098909,0.513037132875373,60.0,,,,,0.0,0
,2025-12-04,93429.95,94080.0,90889.0,92078.06,19704.41625376167,-0.0144695571387976,-0.014682797945588702,0.03207625368968165,90732.14857142858,94105.156,750.9574648328256,3191.0,0.03502884009175326,0.03060123849874785,0.2514266958391732,0.2220314703607822,0.5265418234938646,67.63513291215743,,,,,0.0,1
,2025-07-27,117919.99,119766.65,117825.5,119415.55,9343.356387732732,0.0126828368964413,0.012434512972928536,0.011096436447069554,118483.08714285714,114286.166,2178.9497478668277,1941.1499999999944,0.016141843520329636,0.058956049145747674,0.2028837719233706,0.1427549843443557,0.6543612411711365,39.61763947245847,0.14554323542547173,0.1591005474328994,0.0146110290661454,0.8262884020805359,0.9823696000745801,1
,2025-10-06,123482.32,126199.63,123084.0,124658.54,19731.056451875753,0.0095254939756148,0.00941240979178379,0.013704332389073958,120848.16,115408.70266666666,10302.53219385708,3115.6300000000047,0.025092533613545888,0.2301964979943973,0.3523751622515506,0.1236099274427598,0.5240149080817555,116.07896865539803,,,,,0.05934900722880626,1
2025-09-12,2025-09-12,115482.69,116665.63,114740.99,116029.42,15324.10719,0.004734302604139,0.0047231310394015,0.0093653333524794,112915.57714285716,112909.63000000002,5369.429999999993,1924.64,0.016587517200379,0.1719538511974471,0.306770726067147,0.1348168748696999,0.5584124007661427,70.0,,,,,0.0,0
,2025-05-09,103261.61,104361.3,102315.14,102971.99,27645.161984825452,-0.0028046243714991,-0.002842291564540049,0.027308003129050632,97852.26142857142,91248.08233333334,6029.211426058806,2046.1600000000035,0.02008224013942234,0.36559483001142445,0.4469548894583687,0.0812066489892019,0.471838465062799,90.77103481254538,0.054633780847856486,0.1243530088276774,0.073287208047178,0.8023597896099091,26.928962134552094,1
,2025-10-30,110021.3,111592.0,106304.34,108322.88,26025.56700109495,-0.0154371031279489,-0.015782067876061876,0.017195350269809586,111794.40428571428,114167.154,-1650.3482073785847,5287.660000000004,0.04899092729086947,-0.0021539854385968036,0.249874745647228,0.2556046085529636,0.4945206480360655,85.69530208740879,,,,,0.0,1
,2025-09-04,111705.72,112180.0,109329.12,110730.87,12037.07719887242,-0.0087268591730897,-0.008716074801668236,0.01796918828467927,109764.87,114441.38866666668,-1750.490837661213,2850.8800000000047,0.02588137645897962,0.08212857828475001,0.23873872772092,0.1565376931219361,0.6047235746285878,79.85053712756122,,,,,0.0,1
,2025-07-05,107984.25,108420.56,107756.31,108198.12,3785.1866841697174,0.0019806593999271,0.0019814676116104045,0.016206942187498234,107971.61571428573,106354.243,826.5996102171387,664.25,0.0063060984220461875,0.16238113806826443,0.2155665705601374,0.0514253621610502,0.7330080692966779,47.674755465673115,0.19513958371985407,0.2147734463214874,0.0178141966462135,0.7674124240875244,1.0652495870026106,1
,2025-03-11,78595.86,83617.4,76606.0,82932.99,49059.11242656973,0.0551826775608792,0.05384982047929238,0.04147465043212362,85117.90285714285,91249.06133333336,-4372.415724787003,7011.399999999994,0.08460805415441625,-0.07312801111525735,0.1858639361500438,0.2564366312093428,0.5576994268827744,74.00793514071563,-0.0066091479460735425,0.1162369796657003,0.1230161375715397,0.7607469040667638,16.015804035156215,1
,2025-04-22,87516.22,93888.0,87076.03,93442.99,43694.09510731548,0.0677218385664009,0.06553113371845684,0.024813183843770768,86381.20714285715,84028.78833333333,9735.299829818543,6811.970000000001,0.072796205451558,0.2409451295803042,0.3547839644431536,0.1122696083759711,0.5329464194364846,83.654151790939,0.27556060581612524,0.2967463620007038,0.0221533398143947,0.6811002530157566,4.027607703320897,1
,2025-01-29,101335.52,104782.68,101328.01,103733.24,23354.900460962064,0.0236611999425275,0.023926296972961624,0.013672287854699143,103328.46857142856,99584.73333333334,34.45598870940617,3454.6699999999983,0.03361435594044999,0.1168574496824638,0.2141834542562719,0.0978305926983011,0.6879859570472036,64.13693998284073,0.014534404575080966,0.1491137988632545,0.1348644268000498,0.7160217948257923,7.986722454806393,1
,2025-07-11,116010.01,118869.98,115222.22,117527.66,25860.958913798346,0.0130821480906819,0.012696529165266826,0.016419879908777264,111337.07571428572,107234.386,9555.596492587587,3647.7599999999934,0.031152655020573752,0.261900639249931,0.342468288982391,0.0817521021413016,0.5757796062808956,197.12070774425993,,,,,0.026249877417586838,1
,2025-01-12,94599.99,95450.1,93711.19,94545.06,8590.531681444218,-0.0005806554525006,-0.0005018532704235562,0.030812870740126168,95810.63857142856,95694.79,-3811.238034965851,1738.9100000000035,0.018495230795399914,0.04830681595744835,0.1958554373433192,0.1474309535076221,0.6567136193315188,14.977830241825144,,,,,0.10883163636257227,1
,2025-08-29,112566.9,112638.64,107463.9,108377.4,22600.52781100196,-0.0372178677746299,-0.038166005753345444,0.019575783720246324,111859.02142857145,115275.56366666668,-8526.898542053385,5174.740000000005,0.04797371357096091,0.0822206415186843,0.2457011991867884,0.1633209903347527,0.5909778134165597,83.64253277094386,,,,,0.00279659812907012,1
2025-11-22,2025-11-22,85129.42,85620.0,83500.0,84739.74,14193.93263,-0.0045776178696367,-0.0045881272465222,0.0190024111738241,89642.68142857144,102153.31933333332,-10856.5,2120.0,0.0250177779634443,-0.0819095870678278,0.2060910539649841,0.2880006410328119,0.5059083013588356,108.0,,,,,0.0,0
2025-03-12,2025-03-12,82932.99,84539.85,80607.65,83680.12,31933.986,0.0090088395462408,0.0089685020330386,0.0373940326974072,84128.48999999999,90790.70466666666,-6925.889999999999,3932.200000000012,0.0469908503955301,0.0714487206320502,0.2348390749030852,0.163390354271035,0.6017705616364374,79.0,-0.0817208621237013,0.1103020949910084,0.1920229571147097,0.697674948308203,9.0,0
2025-07-29,2025-07-29,118062.32,119273.36,116950.75,117950.76,15137.93445,-0.000944924680457,-0.0009453714032179,0.0082379810979048,118294.27285714285,114964.81133333332,-2003.6600000000035,2322.6100000000006,0.0196913525610178,0.0571597957412802,0.216672611933562,0.1595128161922818,0.623814575314041,62.0,,,,,0.0,0
,2025-05-21,106850.0,110797.38,106100.01,109643.99,45655.224264093464,0.0261488091856629,0.025932739289774714,0.01599552526559125,105553.74857142856,99470.66766666666,6099.9367648373145,4697.37000000001,0.042590117101606935,0.3540697359038963,0.4361244021815115,0.0825686128810048,0.481306981029255,112.6004854848055,,,,,0.0,1
,2025-02-28,84708.57,85120.0,78258.52,84349.94,83415.0713208249,-0.0042338096093689,-0.004345751412454288,0.024404294006126998,89478.69999999998,95832.362,-11836.36718677366,6861.479999999996,0.08167221558089661,-0.2089737651416153,0.1394955085016021,0.3500278639894362,0.5104766241405333,107.07537134872872,0.13046526398625582,0.1462980806827545,0.014548516832292,0.8391534090042114,0.9952071782358967,1
,2025-05-03,96887.13,96935.67,95753.01,95856.42,9609.204000991353,-0.0106383571648415,-0.0105097788866328,0.013169924335637693,95203.25285714286,87743.06,1189.0643634500886,1182.6600000000035,0.012270419090300562,0.07978204038505125,0.1871659569442272,0.1071131285279989,0.7057209021665833,22.302658897417032,-0.1728707106097748,0.0284420996904373,0.2020380198955536,0.7695199251174927,0.7732018084469762,1
2025-09-11,2025-09-11,113960.0,115488.09,113430.0,115482.69,13676.73119,0.013361618111618,0.0132731389706203,0.0097769353649576,112148.5157142857,113152.197,4751.820000000007,2058.0899999999965,0.0178216319692587,0.2352219747401596,0.3489127541404395,0.1136907794002798,0.5373964643194562,42.0,,,,,0.0,0
2025-09-27,2025-09-27,109643.46,109743.91,109064.4,109635.85,5501.78643,-6.940678449951498e-05,-6.94091932618392e-05,0.0172038850551371,111637.55428571429,112635.00333333334,-6049.779999999999,679.5100000000093,0.0061978814411527,-0.0553441579472653,0.2146091426969791,0.2699533006442444,0.5154375540738811,49.0,,,,,0.0,0
2025-03-24,2025-03-24,86082.5,88765.43,85519.09,87498.16,30115.62111,0.0164453866929981,0.0163116258283656,0.0270083730904246,85042.05714285714,85815.29433333334,3488.1300000000047,3246.3399999999965,0.0371018087694643,0.3022823385583857,0.3533429362811148,0.051060597722729,0.5955964700939754,60.0,-0.0246174866333603,0.0438116732984781,0.0684291599318385,0.8877591788768768,2.0,0
,2025-11-17,94261.45,96043.0,91220.0,92215.14,39202.458068771055,-0.0217087708399108,-0.022199831576003075,0.01842099757544981,97296.0285714286,105623.185,-13857.07100422423,4823.0,0.05260532637318264,-0.1334656103082328,0.1930833887625612,0.3239514513010932,0.4829651651029684,147.00896351517744,0.01599531751360709,0.0485673360526561,0.0280878972262144,0.9233447313308716,1.0026710822629596,1
,2025-08-15,118295.09,119216.82,116803.99,117342.05,13495.676511552963,-0.0080564628675627,-0.007966286334847866,0.023036162982211974,119074.27285714286,117436.77933333332,606.0845252362036,2412.8300000000017,0.020769694643269436,0.030056226334561502,0.247621929116252,0.2200308373603637,0.5323472407342184,101.23070021999378,,,,,0.0,1
,2025-06-22,102120.02,103399.62,98200.0,100963.87,28796.66645255821,-0.0113213854953597,-0.011640080371089984,0.010860509211348115,103896.13428571427,105831.611,-4682.588907786241,5199.619999999995,0.051475118737919684,0.12798382131650932,0.3057916994419014,0.17770374997666,0.5165045524440837,56.76537333712068,,,,,0.012840561114038673,1
,2025-06-01,104591.88,105866.91,103752.49,105642.93,9645.97213769355,0.0100490592577549,0.00990546351225379,0.011503148163096407,106566.39714285712,104163.92833333332,-3375.524040050175,2114.4199999999983,0.01993037828534759,0.07555048503469161,0.1927703500725329,0.1171954418066889,0.6900342111941427,40.2127915206367,,,,,0.12406058822834745,1
,2025-09-10,111546.38,114313.13,110917.45,113960.0,17407.18786060107,0.0216377239998533,0.02174226164237542,0.01053577144120109,111469.68428571428,113307.24333333332,2266.7448044610574,3395.680000000008,0.029974549092629723,0.15774735921269178,0.2988440272964391,0.1409678639588402,0.5601881098403942,50.92712817383387,,,,,0.0,1
,2025-11-06,103885.16,104200.0,100300.95,101346.04,25733.05054829249,-0.024441604556416,-0.024808254233298455,0.02678975298859955,106222.60714285714,110511.72433333332,-6907.054411866995,3899.050000000003,0.038702731793535755,-0.1388609967997897,0.180137043273667,0.3189131943452195,0.5009497693603541,82.02836757872245,,,,,0.0,1
2025-11-24,2025-11-24,86830.0,89228.0,85272.0,88300.01,24663.12795,0.0169297477830241,0.016788036787637,0.0263198813979905,88021.74285714285,100569.281,-3915.1300000000047,3956.0,0.0448018069307126,-0.0360350558896445,0.2114957131792806,0.2475307690689251,0.5409735141854201,126.0,,,,,0.0,0
2025-10-20,2025-10-20,108642.77,111705.56,107402.52,110532.09,19193.4416,0.0173901109673371,0.0172406334529956,0.0175981983117663,109253.89428571428,114616.60733333332,-4633.910000000004,4303.039999999994,0.0389302328400738,0.0942170578246451,0.2300051472034968,0.1357880893788517,0.6342067632517995,73.0,,,,,0.0,0
2025-04-12,2025-04-12,83423.83,85905.0,82792.95,85276.9,18470.74437,0.0222125953444483,0.021969489076607,0.0514996933902599,80691.27428571429,83563.40233333333,1738.909999999989,3112.050000000003,0.0364934700956531,0.1299622669706449,0.3208402867483742,0.1908780197777292,0.4882816953365417,51.0,0.009897166524421,0.0583646287294951,0.048467462205074,0.8931679021228444,11.0,0
,2025-08-21,114271.23,114821.76,112015.67,112500.0,10743.817517662897,-0.015500313114656,-0.015512256224349184,0.013116875083048662,115428.42142857144,116807.266,-5797.888432818869,2806.0899999999965,0.02449577059152883,-0.09673561281632903,0.2155059626031863,0.3104250658336177,0.4740689709586532,57.05443633055453,,,,,0.0,1
2025-08-01,2025-08-01,115764.07,116052.0,112722.58,113297.93,24487.10206,-0.0213032401760546,-0.0215334292496769,0.0120278910003675,117178.7042857143,115805.647,-4316.380000000005,3329.4199999999983,0.0293864150916084,-0.0112504916695448,0.207799813667169,0.2190503053367138,0.5731498810964135,65.0,,,,,0.0,0
,2025-04-17,84030.38,85470.01,83736.26,84947.91,13622.540575813691,0.0109190271423262,0.010817929123311134,0.02167127381879408,84239.22857142857,83675.15666666666,5320.1827360182415,1733.75,0.02043308822171122,-0.00771994115810702,0.2075221412815153,0.217055132567522,0.5754227269320719,61.59607045120204,,,,,0.05799039728939784,1
,2025-08-23,116936.0,117030.0,114560.0,115438.05,11236.838340447752,-0.0128099142103299,-0.013097550216996804,0.022554274478079245,115092.89714285715,116649.83466666666,-2012.125157666991,2470.0,0.021173203963046037,0.14881062541349263,0.3462338404729962,0.1968265600502491,0.4569396066878523,34.96847007494809,,,,,0.0,1
2025-11-01,2025-11-01,109608.01,110564.49,109394.81,110098.1,7378.50431,0.00447129730756,0.0044613307556547,0.0174780941847432,111373.68285714283,113519.87966666667,-1548.1699999999985,1169.6800000000076,0.010623979887028,-0.0024599405005574,0.2373144517466426,0.2397743922472,0.5229111541062593,50.0,-0.096743356436491,0.0339392311871051,0.1306825876235962,0.8353781700134277,1.0,0
,2025-06-24,105333.94,106290.0,104622.02,106083.0,14598.199499346649,0.0071113837677945,0.007311657758384964,0.01975139685602965,103906.30999999998,105653.30533333334,1589.3932823174393,1667.979999999996,0.01575465970627816,0.127191222764681,0.3057916994419014,0.17770374997666,0.5165045524440837,56.994504059297775,,,,,0.0,1
2025-03-08,2025-03-08,86801.74,86897.25,85218.47,86222.45,12989.23054,-0.006673828580645,-0.0066961981573037,0.0566794100182245,88762.09857142856,92820.76366666668,157.91999999999825,1678.7799999999988,0.01947033516213,0.0133964172889326,0.184071337176097,0.1706749198871643,0.6452537373921206,43.0,,,,,0.0,0
,2025-02-16,97569.67,97704.47,96046.18,96118.12,8385.267113608006,-0.0148769607273409,-0.014883668953219577,0.014863561374272536,96982.2014285714,100244.48133333331,-289.7689563394303,1658.290000000008,0.017216999840895388,-0.015150275935563768,0.1820994686836806,0.1977324947499885,0.6201680381424152,26.201877472582442,0.05802540687512337,0.154862234989802,0.0934723445938693,0.7516654166910384,8.90629562561287,1
2025-02-08,2025-02-08,96506.8,96880.0,95688.0,96444.74,10147.24294,-0.0006430634939713,-0.0006432703479849,0.0237001569627095,97558.65142857144,100384.21766666666,-4190.909999999989,1192.0,0.0123594091289996,0.0497082936006688,0.1918129131738697,0.1421046195732009,0.6660824640383644,31.0,0.0577872881133641,0.112243466079235,0.0544561779658709,0.8333003606115069,7.0,0
,2025-01-03,96984.79,98976.91,96100.01,98174.18,15426.437076877846,0.0122636755722211,0.012201455618840172,0.014322963057001143,95022.43,95027.51555555555,3859.9971941096073,2876.9000000000087,0.02938142406553123,0.06627864760565749,0.1995785615660927,0.1337969062398329,0.666624536907131,32.91673955539492,0.7658680428521446,0.7704574465751648,0.0099707636982202,0.2195717841386795,1.0362394527115086,1
,2025-04-01,82550.0,85579.46,82432.74,85158.34,20007.4014146102,0.0315969677047889,0.031101845681976704,0.020135177360400817,84473.20571428571,84767.65733333332,-2209.4788847007553,3146.720000000001,0.037074312857272834,0.05070166309473198,0.1747358053897137,0.1240521576893452,0.7012120379670842,73.04000791333476,,,,,0.0,1
,2025-09-03,111240.01,112575.27,110528.71,111705.71,11785.521910742968,0.0041864433489353,0.003986116489806398,0.01826069446026109,110027.16,114554.68466666668,438.54507558376065,2046.5599999999977,0.018323379526884218,0.22110640952759722,0.342713519860551,0.1208103381202749,0.5364761501550674,53.028537792707006,,,,,0.0,1
,2025-01-10,92552.49,95836.0,92206.02,94726.11,31536.89597042641,0.0234852676573045,0.023036976981280217,0.030843944721896308,96873.36142857144,95835.073125,-3457.7473092212203,3629.979999999996,0.03856540886433679,-0.15488852836448178,0.1519035376769341,0.3052319954206914,0.5428644758821638,81.12150478851429,,,,,0.15932148481636849,1
2025-10-24,2025-10-24,110078.19,112104.98,109700.01,111004.89,15005.16913,0.0084186529973515,0.0083834137779145,0.0149706988065659,109044.00857142857,114075.244,4573.210000000006,2404.970000000001,0.0216654419458458,0.1902089501054932,0.3063660705053847,0.1161571203998915,0.5774768102301718,73.0,,,,,0.0,0
,2025-02-04,101328.51,101732.31,96150.0,97763.13,40453.33616695098,-0.035186441092794,-0.03621480426705884,0.02813021466305065,101187.66142857145,100407.05066666666,-3639.6607590860203,5582.309999999998,0.056982869498379406,0.03613231541127107,0.2126204723704464,0.1785520739157837,0.6088274550400202,79.41853029335313,0.08229501444225236,0.1084581241011619,0.030327271670103,0.8612145781517029,1.0220490312993291,1
,2025-11-13,101654.37,104085.01,98000.4,99692.02,36191.85415981951,-0.0193041381300183,-0.019730700610184712,0.020291793959599957,102970.21285714286,107486.766,-1640.8639009260262,6084.610000000001,0.06078863010630131,-0.042569402723797056,0.2003718762278137,0.2430222533302198,0.5566058809226248,70.68774849594956,,,,,0.0,1
2025-11-19,2025-11-19,92960.83,92980.22,88608.0,91554.96,32286.6376,-0.0151232513737237,-0.0152387739374434,0.0206470281215824,94410.66142857145,104467.88233333331,-10099.409999999987,4372.220000000001,0.0477551407373232,-0.0592953711919008,0.2435039124972776,0.3027992836891784,0.4536968015920405,109.0,,,,,0.0,0
2025-10-18,2025-10-18,106431.68,107499.0,106322.2,107185.01,11123.18766,0.007078061719969,0.0070531298183406,0.0223341881281954,110818.17,115021.37866666666,-3459.3899999999994,1176.800000000003,0.0109791471773898,-0.2041750760511197,0.1394624933798579,0.3436375694309777,0.5168999389527326,47.0,,,,,0.0,0
2025-11-05,2025-11-05,101497.23,104534.74,98966.8,103885.16,33778.77571,0.023527146851904,0.023254649315978,0.026122002488238,107219.2985714286,111177.95466666669,-6136.12999999999,5567.940000000002,0.0535970681471733,-0.0609305388572686,0.1855477886796694,0.246478327536938,0.5679738883921337,107.0,,,,,0.0,0
2025-09-13,2025-09-13,116029.41,116298.78,115127.27,115918.29,8269.40394,-0.0009577743299932,-0.0009582332889029,0.0087772384618043,113734.19428571429,112830.40333333332,5730.319999999992,1171.5099999999948,0.0101063430110985,0.2614107607895958,0.3753699298369987,0.1139591690474029,0.5106708915454561,29.0,,,,,0.0,0
,2025-01-29,101335.52,104782.68,101328.01,103733.24,22954.661840392026,0.0236611999425275,0.023447159395294893,0.013672411501070868,103328.46857142856,99584.73333333334,7.4249822070840885,3454.6699999999983,0.03316940637743684,0.11583681581882495,0.2141834542562719,0.0978305926983011,0.6879859570472036,64.00221919318533,0.012963762599086796,0.1491137988632545,0.1348644268000498,0.7160217948257923,7.953756871847993,1
,2025-11-16,95596.23,96635.11,93005.55,94261.44,23690.829542606436,-0.0139628922643819,-0.013805015309665065,0.022233455467313628,99266.88428571427,106122.18066666668,-10430.870780125635,3629.5599999999977,0.03858265671627201,0.00636680712262312,0.1744336850972751,0.1674620429274894,0.6581042702230862,58.814411058982046,,,,,0.0,1
,2025-05-28,108938.17,109284.7,106769.43,107781.78,15598.953614277822,-0.0106151039621833,-0.010900650934246168,0.018772295279251238,108847.90714285716,102897.12266666668,-1849.8792313129127,2515.270000000004,0.02338303726989124,0.10086756177589604,0.2521625711791009,0.153382213782988,0.5944552168224033,143.09117509446966,,,,,0.02701664173093931,1
,2025-10-17,108194.27,109240.0,103528.23,106431.68,37849.1261120364,-0.0162910645553536,-0.016347972109591925,0.02251418635782815,111312.36857142858,115350.996,-6322.441620595097,5711.770000000004,0.05375483176478344,-0.10957165833808612,0.1883725718182233,0.2977393770340791,0.5138880513877291,97.19247581488405,,,,,0.10814213544107278,1
,2025-02-15,97500.47,97972.26,97223.58,97569.66,7465.228379280844,0.0007095349684433,0.0005939389761371401,0.013492151632646313,97031.43428571428,100509.79333333332,1116.4454890400277,748.679999999993,0.0075133954784940985,0.15802704215677424,0.3052690519473037,0.1495606469342837,0.5451703091730943,37.109150921483604,-0.05253957608056692,0.0796092508826404,0.135484644328244,0.7849061079323292,7.997814714994196,1
2025-11-17,2025-11-17,94261.45,96043.0,91220.0,92215.14,39218.59806,-0.0217087708399108,-0.0219478729477921,0.0184677653180682,97296.0285714286,105623.185,-13795.990000000003,4823.0,0.0523016068727976,-0.1308680625385319,0.1930833887625612,0.3239514513010932,0.4829651651029684,147.0,0.0204794388264417,0.0485673360526561,0.0280878972262144,0.9233447313308716,1.0,0
,2025-04-04,83213.09,84720.0,81659.0,83889.87,32946.56240473918,0.0081330954060232,0.008215848465181443,0.020511664560046015,83195.16142857143,84284.67899999999,-520.2131291091056,3061.0,0.03637396641570075,-0.09208791422697206,0.2309573935181425,0.3222742365967286,0.446768376093946,57.13590287185048,-0.3338330055440498,0.0791838163776057,0.4123463961961014,0.5084697705294404,6.969867964392714,1
2025-10-29,2025-10-29,112898.44,113643.73,109200.0,110021.29,21079.71376,-0.0254844951370014,-0.025814849578232,0.018382906654967,112045.16142857145,114358.02233333333,2453.849999999992,4443.729999999996,0.0403897282062407,-0.0318786249750039,0.2059231525287032,0.2378017775037071,0.5562750704247843,55.0,,,,,0.0,0
,2025-03-04,86221.16,88967.52,81500.0,87281.98,55567.341742706536,0.0123099337849732,0.01247784202500312,0.05702305647921837,86735.10428571429,94110.64133333332,-1335.3600295090728,7467.520000000004,0.08560033823261198,-0.04790607057307117,0.1800197349977679,0.2285022526164539,0.5914780079270713,80.45586010280581,0.05177250361368243,0.1189875778342996,0.0673790905358535,0.8136333652905056,7.009950992894525,1
2025-02-24,2025-02-24,96258.0,96500.0,91349.26,91552.88,31550.10299,-0.0488803008581104,-0.0501153577517212,0.0223968985893155,95880.71142857142,98091.78133333332,-4227.119999999995,5150.740000000005,0.0562597266191954,0.1171507839872329,0.3263016631826758,0.2091508791954429,0.4645474603468621,27.0,-0.0891842002049088,0.0398848949931561,0.129069095198065,0.8310460180044175,10.0,0
2025-06-02,2025-06-02,105642.93,105935.63,103659.88,105857.99,13453.98813,0.0020357254385126,0.0020336561573317,0.0112803650059009,106055.42571428572,104497.314,-3576.7999999999884,2275.75,0.0214981410472653,0.0574324214830994,0.2179293491076245,0.160496927624525,0.6215737223148693,86.0,0.0384153742343187,0.0561131685972213,0.0176977943629026,0.9261890053749084,1.0,0
,2025-11-17,94261.45,96043.0,91220.0,92215.14,39274.0335410872,-0.0217087708399108,-0.02249642482120257,0.018370931844098336,97296.0285714286,105623.185,-13942.006411559321,4823.0,0.05256204807828194,-0.13129454153452538,0.1930833887625612,0.3239514513010932,0.4829651651029684,147.24774274630056,0.017637491078707997,0.0485673360526561,0.0280878972262144,0.9233447313308716,0.941673878886112,1
,2025-12-02,86286.01,92307.65,86184.39,91277.88,28118.32549396361,0.0578525997435739,0.05636176414141047,0.03286040501005366,90205.0,94857.56433333334,3905.6764991445025,6123.259999999995,0.06720130386265918,-0.04121517663725972,0.2559251242120118,0.2976469991076058,0.446427872438446,137.11383960004613,-0.937467096995816,0.0127893770113587,0.9485076069831848,0.0387030206620693,1.0577476005982054,1
2025-12-03,2025-12-03,91277.88,94150.0,90990.23,93429.95,25712.52585,0.0235771251479546,0.0233034776016145,0.0313492125977104,90625.84714285714,94419.128,2945.929999999993,3159.770000000004,0.0338196691746062,0.1039063556381734,0.3039134659993578,0.2000071103611844,0.496079424097843,128.0,,,,,0.0,0
2025-06-18,2025-06-18,104551.17,105550.27,103500.0,104886.78,13968.64167,0.0032100071190022,0.0032048660451346,0.0142267390970816,105568.49285714285,106647.212,-3758.339999999997,2050.270000000004,0.0195474586978454,0.1280879494652413,0.3057916994419014,0.17770374997666,0.5165045524440837,57.0,,,,,0.0,0
,2025-06-04,105376.9,106000.0,104179.0,104696.86,14251.128452731855,-0.0064533124862576,-0.006628473927040898,0.010938097624201016,105105.96857142856,105199.39566666663,-3069.6385375262107,1821.0,0.01704505064102481,0.17491956651104945,0.3071755289313305,0.1318208143530211,0.5610036554869758,82.8350430365718,,,,,0.0,1
2025-03-02,2025-03-02,86064.54,95000.0,85050.6,94270.0,54889.09045,0.0953409029248171,0.0910656416882886,0.0506535714757871,87696.63142857143,94938.42966666668,-1988.0,9949.399999999994,0.1055415296488808,0.1508973940413017,0.2455864536621775,0.0946890596208758,0.6597244901521528,61.0,0.19280946245417,0.211897575482726,0.0190881130285561,0.7690142750740051,5.0,0
,2025-02-15,97500.47,97972.26,97223.58,97569.66,6985.477178793426,0.0007095349684433,0.0005517663397732095,0.013432376164140492,97031.43428571428,100509.79333333332,1140.5577208243517,748.679999999993,0.008155264644927317,0.15679663129631874,0.3052690519473037,0.1495606469342837,0.5451703091730943,36.94274034499129,-0.05705330165918392,0.0796092508826404,0.135484644328244,0.7849061079323292,7.93835287242018,1
2025-08-14,2025-08-14,123306.44,124474.0,117180.0,118295.09,27980.947586,-0.0406413517932519,-0.0414902925662938,0.0229272666576578,118978.94285714289,117479.72533333334,823.0800000000017,7294.0,0.0616593638839955,0.1305241147224533,0.2530043138449181,0.1224801991224648,0.6245154894843518,166.0,,,,,0.0,0
,2025-08-22,112500.0,117429.05,111684.79,116935.99,23115.163845365172,0.0394310222222222,0.0385560903353225,0.022130008078006094,115370.41285714286,116746.59933333332,-441.0597386926339,5744.260000000009,0.04902764305311397,0.020098395335093742,0.1955262840376235,0.1759605033905245,0.6285132132004947,79.56743753118995,,,,,0.0969932077980493,1
,2025-08-15,118295.09,119216.82,116803.99,117342.05,13499.540083786305,-0.0080564628675627,-0.00783695063161348,0.02300723445922693,119074.27285714286,117436.77933333332,694.4688361232479,2412.8300000000017,0.020058891641210688,0.0248673640292397,0.247621929116252,0.2200308373603637,0.5323472407342184,101.05218428046983,,,,,0.08636632048906424,1
,2025-01-16,100497.35,100866.66,97335.13,99987.3,27970.463788056197,-0.0050752582033257,-0.005357693664238073,0.017320630008250647,96493.25285714286,96094.90136363637,7482.95149672684,3531.529999999999,0.035249204563891544,0.28008932315658114,0.3734517890558231,0.0917347233797259,0.534813491956276,50.85091487362563,-0.18374584151605222,0.0968353427946567,0.2806549580767751,0.6225096821784973,9.9716908522971,1
2025-09-18,2025-09-18,116447.6,117900.0,116092.76,117073.53,11657.23365,0.0053752937265596,0.0053608983982732,0.0060717568590068,116125.07285714286,112820.40633333332,1590.8399999999965,1807.2400000000048,0.0154367942950042,0.1403317566598869,0.2202003157387177,0.0798685590788308,0.6999311142394112,36.0,,,,,0.0,0
2025-07-27,2025-07-27,117919.99,119766.65,117825.5,119415.55,9328.30919,0.0126828368964413,0.0126030833468208,0.011179935391653,118483.08714285714,114286.166,2150.430000000008,1941.1499999999944,0.0162554206717633,0.0601287875790148,0.2028837719233706,0.1427549843443557,0.6543612411711365,40.0,0.144489518366754,0.1591005474328994,0.0146110290661454,0.8262884020805359,1.0,0
2025-11-02,2025-11-02,110098.1,111250.01,109471.34,110540.68,12107.00087,0.0040198695526987,0.0040118114648444,0.0130156515096482,110799.58,113130.169,-4018.720000000001,1778.6699999999985,0.016090637401543,-0.0966644080415848,0.1657735409455434,0.2624379489871283,0.5717885164964583,31.0,,,,,0.0,0
2025-10-08,2025-10-08,121332.96,124197.25,121066.14,123306.0,17012.618,0.0162614524743691,0.0161306511638574,0.0152084103234246,122561.7357142857,116123.24866666668,4711.009999999995,3131.1100000000006,0.0253930060175498,0.2270534458431474,0.349604794914101,0.1225513490709535,0.5278438506449791,94.0,,,,,0.0,0
2025-04-15,2025-04-15,84591.58,86496.42,83600.0,83643.99,20910.99528,-0.0112019423209732,-0.0112651566020126,0.0410448406337016,83274.11857142857,83600.04900000001,7321.570000000007,2896.4199999999983,0.034627951153454,0.2638344617453633,0.3564014015566619,0.0925669398112986,0.5510316700903607,61.0,-0.107900867637779,0.0802157193289271,0.1881165869667061,0.7316676889147077,28.0,0
,2025-11-30,90802.44,92000.01,90336.9,90360.0,9841.557128838105,-0.0048725562881349,-0.005089890571545053,0.016078023276945196,89934.43999999999,96293.394,3542.4544482405586,1663.1100000000006,0.018059899248679297,0.06539479071497346,0.2042540123313665,0.138756813686341,0.6569891717284918,49.08990783885696,,,,,0.0,1
,2025-07-30,117950.75,118792.0,115796.23,117840.3,15833.424081468134,-0.000936492482117,-0.0012951288581666649,0.0073041807013499585,118163.46,115321.27133333332,-853.2610176078646,2995.770000000004,0.025633898757548956,0.11486101932200753,0.2714202975904619,0.1553067747956595,0.5732729238130756,74.03049473549717,,,,,0.08041928767015122,1
,2025-05-25,107761.9,109299.99,106600.64,109004.19,17743.95736766167,0.0115280065099068,0.011654132342279555,0.021738644822177983,108264.04714285716,101471.58066666666,2558.066160768725,2699.350000000006,0.024824433972929546,-0.10348998519124518,0.1692499825014518,0.2693705640685482,0.5613794552448851,38.9843433438471,,,,,0.0,1
,2025-03-31,82390.0,83943.08,81278.52,82550.01,20676.531084649763,0.0019422262340362,0.0016356273591032473,0.01315726792098744,84792.42428571428,85071.37933333333,-5010.980233007709,2664.5599999999977,0.031802880752526956,-0.030124786148404158,0.1619271824747556,0.1936779476163792,0.6443948723463109,64.39738952596637,-0.9611001464452891,0.0098176458850502,0.9708107709884644,0.0193715207278728,1.03550662740699,1
,2025-05-03,96887.13,96935.67,95753.01,95856.42,9761.577953286946,-0.0106383571648415,-0.009992418358214471,0.01325750344111017,95203.25285714286,87743.06,1279.352283341199,1182.6600000000035,0.012188423482836568,0.07960878933362518,0.1871659569442272,0.1071131285279989,0.7057209021665833,22.279775919827873,-0.1747754486042891,0.0284420996904373,0.2020380198955536,0.7695199251174927,1.00268562329586,1
,2025-07-28,119415.56,119800.0,117427.5,118062.32,13960.61127367903,-0.0113321087580302,-0.011390171081438501,0.012362420327761858,118580.51,114645.017,688.5143147947404,2372.5,0.02015934713002652,0.09925223711967208,0.2245400257856596,0.1249746524646312,0.6504853148532065,78.54513911711133,,,,,0.0,1
,2025-02-10,96462.75,98345.0,95256.0,97430.82,20585.5250331762,0.0100356873508169,0.01011552282207485,0.014589172532815085,96825.00285714286,100536.46666666666,-3889.2027321305086,3089.0,0.03155148613836309,-0.05580017782762496,0.1762985387620957,0.234797131694984,0.5889043331865156,56.786554341617204,-0.02717545914157802,0.0795044019696829,0.106637477753279,0.8138581204997457,45.984987888141255,1
,2025-03-16,84338.44,85117.04,81981.12,82574.53,17474.304921521278,-0.0209146624006799,-0.02115551130775589,0.03267897269146566,82460.13142857143,88932.54266666666,1875.2884261428621,3135.9199999999983,0.03804964716139599,-0.02366409293713372,0.120468216172109,0.1432875420820588,0.7362442398443818,24.50158116967514,-0.12639122144540438,0.0443681463599205,0.1729216922074556,0.7827101409435272,4.9161844334543625,1
,2025-11-15,94594.0,96846.68,94558.49,95596.24,14872.46375323707,0.0105951751696724,0.01040072198495162,0.026458123450975687,100761.38714285714,106527.85533333334,-6739.481707446195,2288.189999999988,0.023879431369522395,-0.17827053719107872,0.1645360312291554,0.3433985504017648,0.4920654095975416,97.75657916376758,,,,,0.08475927759508262,1
2025-11-25,2025-11-25,88300.01,88519.99,86116.0,87369.96,19567.0411,-0.010532841389259,-0.0105887043733438,0.02560473045192,87223.04714285715,99662.96633333332,-5590.869999999995,2403.990000000005,0.0275150635298448,-0.0570123557881409,0.2362899581619769,0.2933023139501178,0.4704077260722534,109.0,,,,,0.0,0
2025-05-12,2025-05-12,104118.0,105819.45,100718.37,102791.32,31272.77792,-0.0127420811002899,-0.0128239576779249,0.0262709542662525,101688.13714285716,93361.776,8057.640000000014,5101.080000000002,0.0496255909545669,0.1899177089838658,0.2928201100962647,0.1029024011123988,0.6042774850976164,59.0,-0.0059233345091342,0.0543818697333335,0.0603052042424678,0.8853129148483276,1.0,0
2025-11-07,2025-11-07,101346.04,104096.36,99260.86,103339.08,32059.50942,0.0196656919204738,0.0194748205542768,0.0279287725008139,105327.04571428572,109846.16033333332,-6268.929999999993,4835.5,0.0467925590202661,-0.0371889765886078,0.2601869037825164,0.2973758803711242,0.4424372190036453,91.0,,,,,0.0,0
,2025-05-06,94733.68,96920.65,93377.0,96834.02,16342.82177245393,0.0221709955741191,0.021780949545186116,0.015383633961122368,95607.25571428573,89075.97533333332,2637.435326495223,3543.649999999994,0.03691777292742238,0.08392790637480554,0.260917699401628,0.1754535262434914,0.5636287728438572,48.71344917914358,0.0682868942176419,0.1037497082725167,0.0348268059082329,0.8614234685897827,9.976888393873105,1
,2025-09-04,111705.72,112180.0,109329.12,110730.87,12137.492723976227,-0.0087268591730897,-0.008639074337996938,0.017971995619594266,109764.87,114441.38866666668,-1832.282625968806,2850.8800000000047,0.025943954375106142,0.08076305860103893,0.23873872772092,0.1565376931219361,0.6047235746285878,79.93237132337349,,,,,0.021801287730279915,1
,2025-11-06,103885.16,104200.0,100300.95,101346.04,25437.310444893767,-0.024441604556416,-0.024939090882121207,0.026737739512827784,106222.60714285714,110511.72433333332,-7034.247081532201,3899.050000000003,0.03849534056383031,-0.13837053915660666,0.180137043273667,0.3189131943452195,0.5009497693603541,81.84897722124789,,,,,0.034138159709118356,1
,2025-07-03,108849.59,110529.18,108530.4,109584.78,12739.585573877404,0.0067540900471843,0.006981142511571709,0.014521529301175238,107709.04714285712,106021.68233333336,2654.794791619959,1998.7799999999988,0.018016155126840912,0.1872584484537882,0.2804414243563204,0.0927821453786581,0.6267764385084849,73.9101572325763,0.4575948724582868,0.474769115447998,0.0167983751744031,0.5084325075149536,1.1936824185398367,1
,2025-10-28,114107.65,116086.0,112211.0,112898.45,15678.864035859735,-0.0105970108051475,-0.010814888260903082,0.01445323763090461,111694.61142857144,114501.04466666668,4617.644438610041,3875.0,0.03441847574638958,0.10346144565615892,0.2991530445968391,0.1959844086397911,0.5048625550796868,70.67126724444645,,,,,0.0,1
,2025-06-20,104658.59,106524.65,102345.0,103297.99,16268.73959263998,-0.013000366238452,-0.013184261072034784,0.010842499741932285,105028.2442857143,106362.632,-2754.1206605659877,4179.649999999994,0.040494071951866016,0.12970896362420312,0.3057916994419014,0.17770374997666,0.5165045524440837,57.24600073150418,,,,,0.0,1
2025-09-06,2025-09-06,110660.0,111307.7,109977.0,110187.97,5000.29897,-0.0042654983070213,-0.00427462149747,0.0094534825997551,110286.90285714286,114054.178,1371.6399999999994,1330.699999999997,0.0120766359521824,0.0658410750329494,0.1934450757529201,0.1276040007199706,0.678950919416444,29.0,0.0843580234795808,0.0988305434584617,0.0144725199788808,0.8866969347000122,1.0,0
,2025-05-05,94277.61,95199.0,93514.1,94733.68,17300.156074769904,0.0048374152847727,0.0048305846893912695,0.01365669315347705,95239.08428571429,88462.508,-331.2968822143899,1684.8999999999942,0.01773508713565511,-0.044919571045556064,0.2337654416219561,0.2789050188314702,0.4873295395647163,77.41852012430034,0.04672884956336528,0.0820159786380827,0.035816975403577,0.8821669965982437,4.072149004650452,1
2025-10-31,2025-10-31,108322.87,111190.0,108275.28,109608.01,21518.20439,0.0118638832350099,0.0117940590867665,0.0175637740385665,111594.85,113867.588,-1396.8800000000049,2914.720000000001,0.0265922171198984,-0.0281926583570356,0.212533978630717,0.2407266369877526,0.546739386050747,65.0,,,,,0.0,0
2025-03-14,2025-03-14,81115.78,85309.71,80818.84,83983.2,26858.52755,0.0353497186367437,0.0347392620472014,0.0408272213640448,82466.39571428571,89839.06433333333,-2818.550000000003,4490.87000000001,0.0534734327817945,0.0358900507965769,0.1922586675231846,0.1563686167266076,0.6513727219381298,52.0,-0.0510038025187034,0.0835751279894458,0.1345789305081492,0.7818459407671502,38.0,0
,2025-08-05,115055.03,115127.81,112650.0,114129.75,12140.263332469285,-0.0080420647406723,-0.007982716208457438,0.012899726797429598,114691.74857142856,116504.612,-3857.042783369519,2477.8099999999977,0.02188956774212701,0.0974871959364171,0.2264671232155028,0.127772307845744,0.6457605846622523,47.03070275203613,,,,,0.0,1
,2025-05-27,109434.78,110718.0,107516.57,108938.17,21310.815299740294,-0.0045380449855114,-0.004716870144258297,0.02129963818074808,109113.93714285716,102471.436,2081.763049700831,3201.429999999993,0.029854568632498073,0.09734422001579382,0.2457619147518506,0.1457270163131857,0.6085110655525229,91.37931816308287,,,,,0.04778278328109492,1
2025-07-24,2025-07-24,118756.0,119450.0,117103.1,118340.99,15806.89043,-0.0034945605691132,-0.0035006808084234,0.010972004921609,118208.81714285714,113165.67866666666,-836.5699999999924,2346.899999999994,0.0198316745533394,0.0287355263023934,0.2110701682878301,0.1823346419854367,0.6065951806512919,47.0,,,,,0.0,0
,2025-06-06,101508.69,105333.0,101095.8,104288.44,15628.33437829212,0.0273844561864069,0.026892880694753568,0.017645149511922947,104566.23857142856,105597.149,286.57404814284877,4237.199999999997,0.04063777296593333,0.013958330974638652,0.2345580448052042,0.2218874581604685,0.5435544912741609,72.73447563370914,0.13755329934885063,0.1517048627138137,0.0125234238803386,0.8357716798782349,1.0413722047508323,1
,2025-04-03,82516.28,83998.02,81211.24,83213.09,27395.40986500799,0.0084443932222353,0.008533137433615987,0.02331097536374851,83271.52,84508.55033333335,-3988.0881697922523,2786.779999999999,0.03333919279383393,-0.09121864876093445,0.1960806152479642,0.2875395713566357,0.5163798063345577,92.58521307759996,0.03146730339962925,0.0550229549407959,0.0194335309788584,0.9255435268084208,5.8756977661909895,1
,2025-03-31,82390.0,83943.08,81278.52,82550.01,20354.07175942559,0.0019422262340362,0.0021989591276243632,0.013315864611208848,84792.42428571428,85071.37933333333,-4974.777955379596,2664.5599999999977,0.032131499034617456,-0.030188689764285674,0.1619271824747556,0.1936779476163792,0.6443948723463109,63.881257075372794,-0.959701492088002,0.0098176458850502,0.9708107709884644,0.0193715207278728,0.979572333701578,1
,2024-12-26,99429.61,99963.7,95199.14,95791.6,21086.043638836327,0.0,-5.656942723648783e-05,8.301632581383337e-05,95791.6,95791.6,12.367253326673275,4764.559999999998,0.049787607105572056,0.058203903567327575,0.2313864281556258,0.1718016559154623,0.5968119186064642,72.66000870511058,0.014083893060862038,0.0399775418142477,0.0235635178784529,0.936458945274353,2.98463683833311,1
2025-03-01,2025-03-01,84349.95,86558.0,83824.78,86064.53,25785.05464,0.020327103967116,0.0201232660499191,0.0275578531004921,87980.63142857142,95210.415,-10486.479999999996,2733.220000000001,0.0317577984798151,-0.1134083678750971,0.1704126300918328,0.2838209979669299,0.545766371215672,43.0,,,,,0.0,0
2025-05-16,2025-05-16,103763.71,104550.33,103100.49,103463.9,15683.88024,-0.0028893531274085,-0.0028935353660749,0.0110364195699314,103794.0,95988.88266666669,491.90999999998894,1449.8399999999965,0.0140130035693608,0.1890935195304119,0.2984650683408575,0.1093715488104455,0.5921633822648827,67.0,0.2911953425500542,0.3338950285688042,0.04269968601875,0.6234052963554859,4.0,0
2025-07-06,2025-07-06,108198.12,109700.0,107800.01,109203.84,6447.607,0.0092951707478836,0.0092522364973247,0.016070166979722,108092.60285714285,106518.08966666668,846.9100000000035,1899.9900000000048,0.0173985640065404,0.0881657407619059,0.2270444272551685,0.1388786864932626,0.6340768856927752,40.0,,,,,0.0,0
,2025-06-18,104551.17,105550.27,103500.0,104886.78,13824.150137595943,0.0032100071190022,0.0031226256531210555,0.014056018208735296,105568.49285714285,106647.212,-3667.547343755822,2050.270000000004,0.01961674526217713,0.1262056024088722,0.3057916994419014,0.17770374997666,0.5165045524440837,56.89884073418426,,,,,0.0,1
2025-08-18,2025-08-18,117405.01,117543.75,114640.14,116227.05,17745.93954,-0.0100333026674074,-0.0100839754772945,0.0208519243982608,118584.33857142855,117305.79,-2458.949999999997,2903.6100000000006,0.0249822222967889,-0.0864674464206804,0.2279909458858045,0.314458392306485,0.4575506652507818,66.0,0.1234039515256881,0.1365104615688324,0.0131065100431442,0.8503830432891846,1.0,0
,2025-07-21,117265.11,119676.73,116515.0,117380.36,17064.529762861213,0.0009827304146365,0.0011181172124041909,0.008760840628141633,117996.62857142858,111676.65866666666,-2439.3890583182324,3161.729999999996,0.027037214077094588,0.1599414359798591,0.2850017863161423,0.1246669847846907,0.5903312291730852,84.98597177224134,,,,,0.0,1
,2025-05-24,107318.3,109506.03,106875.41,107761.91,16724.710267504866,0.0041335913818985,0.004062249574715826,0.024484887805108983,107899.77142857145,100992.73033333333,4637.704816482217,2630.619999999996,0.024830145937329927,-0.10127030367541362,0.1357616452363933,0.2371104620397091,0.6271278907703918,41.34056071364162,,,,,0.0,1
,2025-07-02,105681.13,109730.0,105100.19,108849.6,17707.90896513317,0.0299813192779714,0.029515468583127147,0.014624078266548131,107332.23,105881.41933333334,1543.2163354365266,4629.809999999998,0.04235984481181267,0.18213690467230392,0.2809389343346692,0.0997141474696291,0.6193469145820161,120.79507669839589,,,,,0.020057457565730356,1
,2025-08-12,118686.0,120324.43,118207.47,120134.08,16772.22314147636,0.0122009335557691,0.01192018613438743,0.012482679143674269,117673.62285714284,117346.317,5991.980565410992,2116.959999999992,0.0172728452741664,0.05548856588407512,0.2469323292785024,0.1896401973030829,0.5634274808847803,58.878710000158904,,,,,0.0,1
,2025-09-15,115268.01,116757.99,114384.0,115349.71,13290.007861111417,0.0007087829485388,0.0005062989772164276,0.010039890037820064,114793.50142857144,112693.57033333332,3320.7769435502278,2373.990000000005,0.020347048788769605,0.18283780989932735,0.3102992606145562,0.128759620260098,0.5609411236073356,63.42948774253825,,,,,0.0,1
,2025-03-28,87232.01,87515.67,83585.0,84424.38,27231.909196815406,-0.0321857767578666,-0.032710440667976376,0.018323117973653647,86197.09714285715,85322.52966666665,342.77291351349197,3930.6699999999983,0.04682100894773509,-0.07378554533249626,0.191809409680738,0.2645897906758401,0.5436007920142314,72.79137233477867,0.10586878229150118,0.1269390783272683,0.0234665756579488,0.8495943546295166,3.9405215349719755,1
2025-02-13,2025-02-13,97870.0,98083.91,95217.36,96608.14,19921.77616,-0.0128931248485874,-0.0129769625826388,0.0131159339766433,96728.77714285711,100690.277,53.7899999999936,2866.550000000003,0.029671930336305,0.1195338475517928,0.2446527587515967,0.1251189111998038,0.6302283334792876,49.0,-0.0948632501272691,0.1109001561999321,0.2057634063272012,0.6833364545471139,9.0,0
,2025-08-19,116227.05,116725.69,112732.58,112872.94,18401.18771341449,-0.0288582563181289,-0.028886828125514512,0.021625842539680983,117547.03285714284,117159.384,-7227.378647262288,3993.1100000000006,0.03544485399284259,-0.03828309553109296,0.2063614465578487,0.2454575908469092,0.5481809557161548,65.92885225872138,-0.03776709291263538,0.0337703414261341,0.0678710490465164,0.8983585238456726,0.8601940910685411,1
2025-07-13,2025-07-13,117420.0,119488.0,117224.79,119086.64,9550.792947,0.0141938340998126,0.0140940447900117,0.0166954247817389,114066.31571428572,108059.99666666666,9882.800000000005,2263.2100000000064,0.0190047347040776,0.16848891529177,0.2471199361995483,0.0786310209077782,0.6742490382166579,48.0,-0.0111827701330184,0.0389891304075717,0.0501719005405902,0.9108389616012572,1.0,0
,2025-05-14,104103.72,104356.95,102602.05,103507.82,16612.775937535727,-0.0057240990043391,-0.005586310879767409,0.026714633574151415,103651.99714285714,94670.44133333334,6394.254502767455,1754.8999999999942,0.01715939230779147,0.17138845543544426,0.2819588303912517,0.1111185157368349,0.6069226596764353,43.370334823696865,0.047595276402590814,0.0671217795461416,0.0222756781925757,0.9106025099754332,2.9631436828839144,1
,2025-04-19,84474.7,85677.99,84364.45,85077.01,9891.938919064616,0.0071301830169485,0.007054584194844667,0.011320707553500427,84360.79428571429,83624.56899999999,-361.4140376379754,1313.540000000008,0.015464372110297643,0.19181981955442448,0.2155031925615142,0.0239029080223511,0.7605938858845654,17.13730995719457,-0.11012347605565233,0.0659977234899997,0.1776677791494876,0.7563345059752464,3.991137140175896,1
,2025-07-30,117950.75,118792.0,115796.23,117840.3,15640.05809484009,-0.000936492482117,-0.0011586638116921513,0.007788004450423793,118163.46,115321.27133333332,-973.8225723603648,2995.770000000004,0.025547106988898373,0.11606208125640609,0.2714202975904619,0.1553067747956595,0.5732729238130756,74.26053831681578,,,,,0.15892282519895132,1
2025-10-28,2025-10-28,114107.65,116086.0,112211.0,112898.45,15523.42257,-0.0105970108051475,-0.0106535589733105,0.0144165058358131,111694.61142857144,114501.04466666668,4600.779999999999,3875.0,0.0343228804292707,0.1031686359570479,0.2991530445968391,0.1959844086397911,0.5048625550796868,71.0,,,,,0.0,0
,2025-05-19,106454.27,107108.62,102000.0,105573.74,30259.372632063743,-0.0082713458343516,-0.008568099019911726,0.014419250997000824,104284.82857142856,98010.71733333332,2780.8520243484013,5108.619999999995,0.04849562648368376,0.13422371802225033,0.2686264272779226,0.1337095854036948,0.59766398877015,68.3052823352492,0.48379572724735564,0.500260079279542,0.0171776553615927,0.4825622532516718,1.9285547131789718,1
,2025-02-16,97569.67,97704.47,96046.18,96118.12,8034.9581591726965,-0.0148769607273409,-0.015010000413052203,0.015040427124890912,96982.2014285714,100244.48133333331,-423.2960406094216,1658.290000000008,0.01677083763393925,-0.016765587699123313,0.1820994686836806,0.1977324947499885,0.6201680381424152,26.087013993779426,0.06490903552285869,0.154862234989802,0.0934723445938693,0.7516654166910384,9.066291976573469,1
,2024-12-27,95791.6,97544.58,93500.01,94299.03,26514.36159499385,-0.0155814288517991,-0.015326832074847205,0.00010879477481135894,95045.315,95045.315,-70.79038161308198,4044.570000000007,0.04295361841225834,-0.013317842581720606,0.2329279891983197,0.246504361120363,0.5205676445181955,57.45028744949487,0.3927905941045217,0.4259374439716339,0.0304459631443023,0.5436165928840637,1.0699099608072666,1
2025-01-28,2025-01-28,102082.83,103800.0,100272.68,101335.52,22022.05765,-0.0073206238502596,-0.0073475511137683,0.0116297098785041,103324.67142857144,99220.027,-4808.300000000003,3527.320000000007,0.0348083278202944,0.0338126529278534,0.2006443535848971,0.1668317006570437,0.6325239487473042,62.0,-0.1913826425249377,0.0948794335126876,0.2862620760376255,0.6188584864139557,6.0,0
2025-01-26,2025-01-26,104746.86,105500.0,102520.44,102620.0,9812.51238,-0.0203046678730673,-0.0205136412372235,0.0205301259962986,104036.88285714286,98740.68866666668,1288.429999999993,2979.5599999999977,0.0290348859871369,0.109390382458897,0.1846932725686776,0.0753028901097805,0.7400038359980834,19.0,,,,,0.0,0
,2025-10-27,114559.41,116400.0,113830.01,114107.65,21569.94669991201,-0.0039433691168074,-0.0037049043585153938,0.016482780845375532,111037.35714285714,114476.56133333332,3589.1338873855116,2569.990000000005,0.022577330203132556,0.2175441783136221,0.3431590949108855,0.1262102565789198,0.5306306474643653,60.74017459875943,,,,,0.0,1
,2025-06-13,105671.74,106179.53,102664.31,106066.59,26147.397461849865,0.003736666372359,0.0036673413333224115,0.022074962442770046,107458.14285714284,106485.24966666666,1775.953061989773,3515.220000000001,0.033445993766397,0.1293194105582812,0.3057916994419014,0.17770374997666,0.5165045524440837,56.92873305767198,,,,,0.05137795357879121,1
,2025-05-18,103126.65,106660.0,103105.09,106454.26,21750.055368922076,0.0322672170578604,0.03212782701854167,0.015031574578266562,103887.34,97327.493,2287.170398033742,3554.9100000000035,0.033305217282183976,0.023806291795343323,0.1590374029197153,0.1346047006636148,0.706357885506891,21.27201968267215,,,,,0.0,1
,2025-06-30,108356.93,108789.99,106733.33,107146.5,9609.049267666218,-0.0111707668351253,-0.011094584531319018,0.00823476126083047,107174.06428571428,105780.42533333336,1758.3936457217112,2056.6600000000035,0.019673863389902603,0.12817436746664074,0.3057916994419014,0.17770374997666,0.5165045524440837,56.76056010556135,,,,,0.0,1
,2025-06-30,108356.93,108789.99,106733.33,107146.5,9723.482380086945,-0.0111707668351253,-0.011278116939377868,0.00826655749285184,107174.06428571428,105780.42533333336,1800.234961452646,2056.6600000000035,0.018822631489917134,0.12957500167296268,0.3057916994419014,0.17770374997666,0.5165045524440837,56.80177772564409,,,,,0.0,1
2025-04-14,2025-04-14,83760.0,85799.99,83678.0,84591.58,28659.09348,0.0099281279847183,0.0098791679099759,0.0444753922403827,82228.18000000001,83564.40033333332,5428.3399999999965,2121.990000000005,0.0250851207649745,0.0764579882088583,0.2476976089528761,0.1712396207440178,0.5810627751634456,32.0,-0.2660131696611643,0.0569217863958328,0.3229349560569972,0.6201432254165411,8.0,0
2025-03-13,2025-03-13,83680.12,84336.33,79939.9,81115.78,27546.27412,-0.0306445545250173,-0.0311239175565561,0.0380796125466821,82869.04571428572,90301.95733333334,-8816.11,4396.430000000008,0.0541994418348687,-0.0018191317339306,0.1994500968240849,0.2012692285580155,0.5992806663979655,46.0,0.0178718969903209,0.1521153517744758,0.1342434547841549,0.7136411964893341,11.0,0
,2025-12-03,91277.88,94150.0,90990.23,93429.95,25840.513888954712,0.0235771251479546,0.02351592199085229,0.031159435021436536,90625.84714285714,94419.128,2960.3216260888694,3159.770000000004,0.033402711703559636,0.10389762186909958,0.3039134659993578,0.2000071103611844,0.496079424097843,127.85770214173013,,,,,0.05739649246345391,1
,2025-08-20,112872.95,114615.38,112380.0,114271.24,15717.135398691551,0.0123882659563931,0.012508832714494211,0.01828111994214468,116256.29142857144,117055.74666666666,-9063.657492918686,2235.3800000000047,0.019646360066471132,0.0031914766197328396,0.2025917929992692,0.2001023893946246,0.5973058103086197,73.26660178947564,,,,,0.061639048060533864,1
2025-03-18,2025-03-18,84010.02,84021.74,81134.66,82715.03,17610.89883,-0.0154148260630307,-0.0155348697269551,0.0233268549638466,83202.44714285714,88033.78533333333,-217.9600000000064,2887.0800000000017,0.0349039346295347,0.0338413629360729,0.2173354578117141,0.1834940948756411,0.5991704447078519,64.0,-0.0672486706636846,0.08021209128201,0.1474607619456946,0.7723271369934082,10.0,0
2025-11-12,2025-11-12,103059.0,105333.33,100813.59,101654.37,20457.63906,-0.0136292816376331,-0.0137230129311303,0.0211782598213856,103206.50142857144,107931.30333333332,-2230.790000000008,4519.740000000005,0.0444618367119879,-0.1069140325642514,0.1976621448138386,0.30457617737809,0.4977616863230205,98.0,,,,,0.0,0
,2025-04-26,94638.68,95199.0,93870.69,94628.0,9259.545302544644,-0.0001128502637609,1.677301099398034e-05,0.024932016334203538,91868.09857142858,84958.989,9532.660378508801,1328.3099999999977,0.014204765757864099,0.20056118228699532,0.2957260262272838,0.0945974481292069,0.6096765257211195,35.94109370090844,0.016986949285546733,0.0419477522373199,0.0270271766930818,0.9310250282287598,0.8897877391481801,1
,2025-03-30,82648.53,83534.64,81565.0,82389.99,10109.53966467538,-0.0031283069247198,-0.0029151405005054887,0.01607968008068859,85499.30285714286,85188.53,-3709.063640326367,1969.64,0.023903760980210118,-0.2271513610094077,0.1748704469895788,0.4049998025542923,0.4201297598137032,21.091739383532815,-0.017291765564174267,0.0896924267988652,0.1050164852757006,0.8052910836413503,39.93518521100925,1
,2025-11-05,101497.23,104534.74,98966.8,103885.16,33912.415000516856,0.023527146851904,0.02349298968916466,0.026003453112401365,107219.2985714286,111177.95466666669,-6128.459218901578,5567.940000000002,0.05342157429526135,-0.06095144766998031,0.1855477886796694,0.246478327536938,0.5679738883921337,107.33394317916549,,,,,0.0,1
2024-12-28,2024-12-28,94299.03,95733.99,94135.66,95300.0,8385.8929,0.0106148493786204,0.0105589073939037,0.0185235659785792,95130.21,95130.21,0.0,1598.3300000000015,0.0167715634837355,0.1049874959410064,0.2341179927914506,0.1291304968504442,0.6367515090646015,36.0,0.0260525327175855,0.0429805666208267,0.0169280339032411,0.94009131193161,1.0,0
2025-04-06,2025-04-06,83537.99,83817.63,77153.83,78430.0,27942.71436,-0.0611457134652151,-0.0630949912246192,0.0304219886415635,82756.51285714285,83792.49066666666,-3959.990000000005,6663.800000000003,0.0849649368863955,-0.010044696854382,0.2113745273431626,0.2214192241975447,0.5672062489590267,41.0,0.014411432435736,0.1118563564183811,0.097444923982645,0.7906987071037292,12.0,0
2025-12-05,2025-12-05,92078.06,92692.36,88056.0,89330.04,19792.97218,-0.0298444602329805,-0.030298870064162,0.0342370505196817,90509.19714285714,93619.98533333332,-1560.6600000000035,4636.360000000001,0.0519014656211953,0.0224033176898956,0.1973036630508991,0.1749003453610035,0.6277959967175355,65.0,-0.1448402795940637,0.0230646040290594,0.1679048836231231,0.8090305328369141,1.0,0
,2025-07-21,117265.11,119676.73,116515.0,117380.36,17073.70107854895,0.0009827304146365,0.00048431887396367245,0.008619155478780812,117996.62857142858,111676.65866666666,-2582.782115191912,3161.729999999996,0.026770487236301498,0.1591522292447064,0.2850017863161423,0.1246669847846907,0.5903312291730852,84.93807598999592,,,,,0.0961541132226646,1
,2025-04-25,93980.47,95758.04,92855.96,94638.68,27326.654196677493,0.0070036891707392,0.007177319844039514,0.024050325094213076,90503.67142857144,84712.45599999999,10175.0432911891,2902.079999999987,0.03030946147035922,0.295541092054417,0.4079035591409617,0.1114851741397098,0.4806112672982586,73.9029517137782,,,,,0.0,1
2024-12-31,2024-12-31,92792.05,96250.0,92033.73,93576.0,19612.03389,0.0084484608325821,0.0084129723294208,0.0131480747989858,94249.48,94249.48,0.0,4216.270000000004,0.0450571727793451,0.0422193501493893,0.233120498585049,0.1909011484356597,0.575978351838421,80.0,0.1226211379874836,0.2062815304168246,0.0836603924293409,0.7100580646233126,11.0,0
2025-02-18,2025-02-18,95780.01,96753.91,93388.09,95671.74,23368.19471,-0.0011302986009604,-0.0011309378701796,0.0126751374273892,96731.16142857142,99763.27933333334,-106.45999999999184,3365.820000000007,0.035180921764358,0.0252873434431173,0.2085073816971006,0.1832200382539833,0.608272583858872,44.0,0.0215272930654464,0.1315493541769683,0.1100220611115219,0.758428581757471,32.0,0
,2025-11-29,90890.71,91165.65,90155.47,90802.44,7513.442268202238,-0.0009710564447187,-0.0007216611515710478,0.016670444868471114,89430.15428571428,96934.99433333332,5966.9345750896455,1010.179999999993,0.011108673066998783,0.008225625826746238,0.2386891078990949,0.2318417473735524,0.5294691343122805,71.02465898792933,,,,,0.0,1
,2025-09-09,112065.23,113293.29,110766.66,111546.39,15424.06118742426,-0.0046298035528057,-0.004800287738392592,0.006730326210187653,111147.64285714286,113464.77666666666,306.3941971601562,2526.62999999999,0.0226530992711322,0.17397924720802996,0.297847591901887,0.1241869384435656,0.5779654653870487,73.10353733393588,,,,,0.0,1
,2025-11-21,86637.22,87498.94,80600.0,85129.43,72317.4052258937,-0.0174036035085609,-0.017703196336577406,0.02132766396248615,91193.61,102997.934,-9527.425497961467,6898.940000000002,0.08095995976129741,-0.21104936978582087,0.1538899678965671,0.3655369478789817,0.480573084880734,171.00384718063805,-0.7115734972341764,0.0553910583257675,0.7658340334892273,0.1787749826908111,1.041533859229863,1
,2025-10-31,108322.87,111190.0,108275.28,109608.01,21318.555964122526,0.0118638832350099,0.011649681634561121,0.01761707109605837,111594.85,113867.588,-1472.9961919475124,2914.720000000001,0.026631925118052957,-0.028276083387702215,0.212533978630717,0.2407266369877526,0.546739386050747,64.72296658626635,,,,,0.016401421846122886,1
2025-04-02,2025-04-02,85158.35,88500.0,82320.0,82516.29,39931.457,-0.0310251468030025,-0.0315166187211996,0.0227589099136703,83845.65142857142,84644.18,-4392.880000000005,6180.0,0.0748943026885964,0.1485821697485423,0.290827254374181,0.1422450846256387,0.5669276614132668,62.0,0.0568261444568634,0.1764364689588546,0.1196103245019912,0.7039531469345093,1.0,0
,2025-01-03,96984.79,98976.91,96100.01,98174.18,15665.009710187385,0.0122636755722211,0.012147348460024956,0.014480349410802826,95022.43,95027.51555555555,3783.650586223741,2876.9000000000087,0.029598409458043456,0.06496440187179402,0.1995785615660927,0.1337969062398329,0.666624536907131,32.975413761250316,0.7588753353944049,0.7704574465751648,0.0099707636982202,0.2195717841386795,0.9947891812621599,1
,2025-02-04,101328.51,101732.31,96150.0,97763.13,40348.89176008311,-0.035186441092794,-0.03572889882005187,0.028099515953956156,101187.66142857145,100407.05066666666,-3572.0737523774364,5582.309999999998,0.057116354700793175,0.03461857950959977,0.2126204723704464,0.1785520739157837,0.6088274550400202,79.50726445209494,0.0809374125507624,0.1084581241011619,0.030327271670103,0.8612145781517029,1.0267494670187005,1
2025-12-07,2025-12-07,89236.8,91760.0,87719.28,90395.31,13021.11185,0.0129825378075567,0.0128989870207887,0.0346482729939751,90290.57714285716,92784.88466666666,35.30999999999767,4040.720000000001,0.0447005491767216,0.0321700878751774,0.2219711371387044,0.189801049263527,0.5882278227557739,48.0,,,,,0.0,0
,2025-01-31,104722.94,106012.0,101560.0,102429.56,21923.527184119983,-0.0218994997657628,-0.02193770426680466,0.01632938961703832,103095.84857142856,100217.557,-2467.609893420261,4452.0,0.04330558346880959,0.18882885816113926,0.303831308769683,0.1146267828409604,0.5815419094592688,83.72594540914999,-0.06837696907693751,0.2497749601801236,0.316971264158686,0.4332537800073623,2.7613200769578268,1
,2025-04-13,85276.91,86100.0,83034.23,83760.0,24679.63016246007,-0.0177879355370562,-0.017946819265634337,0.04439674007650476,81452.70285714287,83555.96233333334,5234.955758598886,3065.770000000004,0.03668128127464836,0.06544231075061407,0.2226142296567559,0.1545615554228425,0.6228242158144712,25.278297528163353,-0.03082559635579218,0.0388129916973412,0.0729438853450119,0.8882431164383888,7.909346541955449,1
,2025-06-30,108356.93,108789.99,106733.33,107146.5,9751.071797152283,-0.0111707668351253,-0.011108589809423633,0.008247033526095716,107174.06428571428,105780.42533333336,1832.3355732484079,2056.6600000000035,0.019151970758599746,0.12626549679727475,0.3057916994419014,0.17770374997666,0.5165045524440837,56.76582462684002,,,,,0.0,1
2025-11-09,2025-11-09,102312.95,105495.62,101400.0,104722.96,16338.97096,0.0235553782346593,0.0232822313820756,0.0299337997768446,103383.77714285711,108932.79366666666,-5817.719999999987,4095.6199999999953,0.0391090931730729,0.0255274018669065,0.2336551861916767,0.2081277843247702,0.5582170279973999,47.0,,,,,0.0,0
,2025-10-01,114048.94,118649.1,113966.67,118594.99,19972.754442470454,0.039860610704546,0.039001122690586434,0.02474930074391272,112484.80428571429,113449.74766666666,5268.106643735149,4682.430000000008,0.039431935612831884,0.07931272992966747,0.2400200152769684,0.1595310691191116,0.6004489101469517,63.21812880531466,,,,,0.06893063341317177,1
2025-01-20,2025-01-20,101331.57,109588.0,99550.0,102260.01,89529.231732,0.0091623962798561,0.0091206761708775,0.0256263836676929,101324.4,97165.88923076924,7723.909999999989,10038.0,0.0981615393935518,0.2618349984040833,0.361259301105747,0.0994243027016636,0.5393163949411246,128.0,-0.00097431614995,0.0408636648207902,0.0418379809707403,0.9172983467578888,2.0,0
2025-03-20,2025-03-20,86845.93,87453.67,83655.23,84223.39,22090.30463,-0.0301977271476363,-0.0306630706836421,0.0300496465106319,84098.65142857144,87354.37166666666,3107.6100000000006,3798.4400000000014,0.0450995857564033,0.1496226512253857,0.3028163017705083,0.1531936505451225,0.5439900402552806,65.0,-0.1193140879687335,0.0752242263406515,0.1945383143093851,0.7302374740441641,9.0,0
2025-01-05,2025-01-05,98220.51,98836.85,97276.79,98363.61,8095.63723,0.0014570278098766,0.0014559673747879,0.0111430734471738,96100.41714285714,95621.06818181818,4625.410000000004,1560.0600000000122,0.0158601336408862,0.229881507034103,0.3301327947992831,0.10025128776518,0.5696159101401767,24.0,,,,,0.0,0
,2025-08-16,117342.04,117898.99,117143.98,117380.66,6433.23409335454,0.0003290380558376,0.0006086079528355691,0.022837632020838872,119205.47428571428,117376.88266666669,989.7953049508603,755.0100000000093,0.006366167172123837,0.06492124375107955,0.2789028877343394,0.2146051561239322,0.5064919562520165,37.932970675560775,,,,,0.0,1
,2025-07-03,108849.59,110529.18,108530.4,109584.78,13087.70214329217,0.0067540900471843,0.00666677639925264,0.014542719489687092,107709.04714285712,106021.68233333336,2645.738961993629,1998.7799999999988,0.018186348385647224,0.18946508657863384,0.2804414243563204,0.0927821453786581,0.6267764385084849,73.92706922580157,0.4517891264064572,0.474769115447998,0.0167983751744031,0.5084325075149536,1.0152496994535336,1
,2025-12-06,89330.04,90289.97,88908.01,89236.79,8529.005046048796,-0.0010438817669845,-0.001183592110387389,0.034282169657016914,90285.53285714284,93216.34366666664,-1532.5673853129838,1381.9600000000064,0.015527652062755191,0.022565152574810995,0.1973036630508991,0.1749003453610035,0.6277959967175355,65.0291268691478,,,,,0.06779277623945835,1
,2025-08-07,114992.27,117621.0,114259.0,117472.01,13650.415372281244,0.0215644060248569,0.021256989926764825,0.014748640940040527,114528.87714285712,117013.89066666667,1647.479423118852,3362.0,0.028687772029609565,0.1629232797285334,0.2723296903760025,0.1102801452946375,0.6173901629487151,56.825626850350154,,,,,0.0,1
,2025-02-17,96118.12,97046.59,95205.0,95780.0,16534.42229045421,-0.0035177550289164,-0.003659747662002152,0.01405469007154315,96746.37,99951.94033333332,-1591.7881118077814,1841.5899999999965,0.01936851896816469,0.1461930137266578,0.2373123993271623,0.0910641677063805,0.6716234370092438,88.21738172973544,-0.3329848194321376,0.0453580448403954,0.3736203074455261,0.5810216411948204,9.856594844026292,1
2025-04-23,2025-04-23,93442.99,94696.05,91935.41,93691.08,27404.16808,0.0026549878166355,0.0026514695623879,0.0250757657206763,87761.30714285714,84235.219,9660.699999999995,2760.6399999999994,0.0294653450467216,0.2254689354200049,0.3778569226186456,0.1523879871986407,0.4697550928685814,56.0,0.0388493180175178,0.1461265814889754,0.1072772634714575,0.7465961516967842,28.0,0
2025-11-14,2025-11-14,99692.03,99866.02,94012.45,94594.0,47288.14481,-0.0511376938695795,-0.0524915845448105,0.0248238304183897,101720.9157142857,106947.79,-8745.080000000002,5853.570000000007,0.0618809861090556,-0.1933420551452142,0.1629567051156895,0.3562987602609037,0.4807445336777119,162.0,-0.961616937071085,0.010000642389059,0.971617579460144,0.0183818154036998,1.0,0
,2025-04-11,79607.3,84300.0,78969.58,83423.84,34508.48790705608,0.0479420857132448,0.047022571813590604,0.05090850469503302,80442.85857142857,83424.69833333333,-501.8208903154779,5330.419999999998,0.06385659344309043,0.05619030437263306,0.2425613044676455,0.1878712967207486,0.5695673985576087,54.868109584991394,0.006508608683223299,0.1639527268707752,0.157071944947044,0.6789753039677938,2.9695776038269828,1
2025-01-24,2025-01-24,103910.35,107120.0,102750.0,104870.5,23609.24017,0.0092402738745731,0.009197843721146,0.0227422565697064,103825.59,98164.81466666666,793.0200000000041,4370.0,0.0416704411631488,0.0352973896164999,0.232446918738316,0.1971495291218161,0.5704035529935801,54.0,-0.0998140732757747,0.0791827271692454,0.1789968004450202,0.7418204709887505,10.0,0
2025-02-19,2025-02-19,95671.74,96899.99,95029.99,96644.37,16438.50954,0.0101663249774697,0.010114995490717,0.0097361052551992,96556.07285714286,99576.09133333332,-1225.62000000001,1870.0,0.0193492906001663,0.0642418906610045,0.2952481367211375,0.2310062460601329,0.4737456147455506,45.0,,,,,0.0,0
,2025-01-30,103733.25,106457.44,103278.54,104722.94,19272.45213758974,0.0095408183529213,0.009708115994414096,0.014059336407962843,103444.55428571429,99956.298,791.5899897733424,3178.9000000000087,0.030193457388035624,0.256296615752057,0.3471762096032318,0.0930193578994764,0.5598044341838941,81.82843642593076,0.19841936303404625,0.2775147365406155,0.080946500878781,0.6415387459099293,10.112702786916362,1
,2025-09-19,117073.53,117459.99,115100.0,115632.38,9055.67988738877,-0.0123097851410134,-0.012336839789812188,0.007976609848340172,116068.35285714285,112865.77766666668,-451.78773274191815,2359.990000000005,0.020198240007099928,0.13036461848237596,0.2707795766445826,0.1417706149788397,0.58744980359696,52.563726935480034,,,,,0.038342969741885925,1
,2025-11-28,91333.94,93092.0,90180.63,90890.7,18748.320356233933,-0.0048530694227064,-0.004641839897383553,0.017242824072603153,88564.05428571429,97519.009,5809.596573923496,2911.369999999996,0.032288785215142356,0.08295751712195186,0.2737043039964103,0.1926142100710421,0.5336814875510044,82.27874686624492,,,,,0.0,1
,2025-04-10,82615.22,82753.21,78464.36,79607.3,33357.08708774441,-0.0364087876301727,-0.037018528928885866,0.04674235207029071,80509.43428571429,83433.241,-3605.2879145309603,4288.850000000006,0.05354090881984776,0.07283827139683736,0.2561791876762889,0.181990307998722,0.5618305050268553,69.04214594087809,0.07662513506728233,0.0937802717089653,0.0129779921844601,0.8932417035102844,1.0421504292804702,1
2025-07-10,2025-07-10,111234.0,116868.0,110500.0,116010.0,24883.450665,0.0429366059780826,0.042040393709379,0.0192489272647059,109973.73,106938.30133333334,6425.220000000001,6368.0,0.054891819670718,0.4584695551613414,0.5250873193834666,0.0666177642221252,0.4082949178546299,81.0,,,,,0.0,0
,2025-07-04,109584.77,109767.59,107245.0,107984.24,11891.90431936768,-0.0146054953981747,-0.014417738753092352,0.016244843291935273,107842.85428571427,106131.26166666669,955.7538183718058,2522.5899999999965,0.023307381373724515,0.3099188057696243,0.4434647387674739,0.1305884887960048,0.4259467794289512,61.90953979243289,,,,,0.0,1
2025-03-17,2025-03-17,82574.52,84756.83,82456.0,84010.03,17214.74358,0.0173842951331359,0.0172349170117196,0.0299459507539514,83233.58428571429,88480.555,5414.169999999998,2300.8300000000017,0.0273875631278789,-0.1209185188513641,0.1676142675508009,0.2885327864021651,0.5438529517452576,76.0,0.0593141584657132,0.1444071581587195,0.0850929996930062,0.7704998280853033,10.0,0
,2025-02-17,96118.12,97046.59,95205.0,95780.0,16777.036672106617,-0.0035177550289164,-0.003263369461316893,0.014230398603797474,96746.37,99951.94033333332,-1641.8577808778177,1841.5899999999965,0.0197494426758609,0.1458922643515264,0.2373123993271623,0.0910641677063805,0.6716234370092438,88.07897883754657,-0.328252308851907,0.0453580448403954,0.3736203074455261,0.5810216411948204,10.037603540766202,1
,2025-07-28,119415.56,119800.0,117427.5,118062.32,13842.486312731706,-0.0113321087580302,-0.011360455101158249,0.012351992690643902,118580.51,114645.017,672.8051656081205,2372.5,0.020485658203494128,0.10161219666835486,0.2245400257856596,0.1249746524646312,0.6504853148532065,79.18082844779047,,,,,0.027594420779703085,1
,2025-11-28,91333.94,93092.0,90180.63,90890.7,18728.77848140058,-0.0048530694227064,-0.004703131010360103,0.0171134562765658,88564.05428571429,97519.009,5773.05947276612,2911.369999999996,0.03180434347485769,0.08182758815850215,0.2737043039964103,0.1926142100710421,0.5336814875510044,81.75075355198324,,,,,0.058530952926075845,1
,2025-10-07,124658.54,125126.0,120574.94,121332.95,21649.62118837793,-0.0266775946517583,-0.026783371868482113,0.01995333909018323,121888.73428571426,115748.55633333334,7275.253965316969,4551.059999999998,0.037409599288073345,0.2660867703397833,0.3911348209917746,0.1259681591952874,0.4828970127462132,73.87879141450556,-0.3507699512460166,0.0394183211028575,0.3911311626434326,0.5694504976272583,0.8601211265557906,1
,2025-01-27,102620.01,103260.0,97777.77,102082.83,50458.08883090283,-0.005234554667706,-0.0050616851498883585,0.020376934134698703,104011.57142857143,98966.783,-74.43782058580396,5482.229999999996,0.053609133952404436,-0.08487274801580702,0.1255124301028748,0.2108177183351169,0.6636698494354883,59.88616199510849,0.26018688565866444,0.2847826154902577,0.0254121739417314,0.689805194735527,1.9484767778757408,1
2025-08-22,2025-08-22,112500.0,117429.05,111684.79,116935.99,23128.09037,0.0394310222222222,0.0386734694256492,0.0219148333672053,115370.41285714286,116746.59933333332,-406.0599999999977,5744.260000000009,0.049123114278162,0.019565780647099,0.1955262840376235,0.1759605033905245,0.6285132132004947,80.0,,,,,0.0,0
,2025-06-06,101508.69,105333.0,101095.8,104288.44,15616.493568388947,0.0273844561864069,0.02689636244865751,0.01779642663999682,104566.23857142856,105597.149,315.8209252297434,4237.199999999997,0.04074415764748492,0.012849161687176645,0.2345580448052042,0.2218874581604685,0.5435544912741609,73.32197280276492,0.1387600407912542,0.1517048627138137,0.0125234238803386,0.8357716798782349,0.925239153079329,1
2025-07-18,2025-07-18,119177.56,120820.71,116812.76,117924.84,19924.66266,-0.0105113747923686,-0.0105670095006571,0.0110244056246513,118548.39142857144,110263.029,397.179999999993,4007.950000000012,0.0339873261646995,0.2529457380050715,0.3422096595758389,0.0892639215707674,0.5685264180663606,71.0,,,,,0.0,0
2025-07-25,2025-07-25,118340.98,118451.57,114723.16,117614.31,38406.34873,-0.0061405604262733,-0.0061594912042918,0.0104494255474348,118164.45571428572,113508.13633333331,-310.52999999999884,3728.410000000004,0.0317003092565862,0.0916019522212445,0.2411255833009878,0.1495236310797433,0.6093507947027683,75.0,,,,,0.0,0
2025-08-27,2025-08-27,111763.22,112625.0,110345.42,111262.01,13392.60875,-0.0044845701474958,-0.0044946559972962,0.0234034028625229,113072.12,115770.45566666668,-3009.2300000000105,2279.5800000000017,0.0204883949157488,0.0809011467092906,0.2842126803091132,0.2033115335998226,0.5124757928010749,83.0,,,,,0.0,0
,2025-05-19,106454.27,107108.62,102000.0,105573.74,30114.288342398126,-0.0082713458343516,-0.00814689703827933,0.014271571477123273,104284.82857142856,98010.71733333332,2712.9182317917457,5108.619999999995,0.04797956963629373,0.13649107886127052,0.2686264272779226,0.1337095854036948,0.59766398877015,67.7846867640847,0.481180352703992,0.500260079279542,0.0171776553615927,0.4825622532516718,1.9856887127326524,1
,2025-11-09,102312.95,105495.62,101400.0,104722.96,16444.52272978039,0.0235553782346593,0.023250822575728112,0.029906758653423397,103383.77714285711,108932.79366666666,-5782.598310943676,4095.6199999999953,0.03920847225127542,0.02534691400276009,0.2336551861916767,0.2081277843247702,0.5582170279973999,46.75927167810748,,,,,0.0,1
2025-11-10,2025-11-10,104722.95,106670.11,104265.02,106011.13,22682.25673,0.0123007409263451,0.0122257015459849,0.0277429075708928,103302.0757142857,108778.35133333334,-571.9099999999889,2405.0899999999965,0.0226871461515408,0.0398589983981634,0.2612010047804298,0.2213420063822663,0.5174569884381656,56.0,,,,,0.0,0
,2025-10-23,107567.45,111293.61,107500.0,110078.18,17567.340207658028,0.0233410779321325,0.023268942246593958,0.017035216288681224,108390.69285714286,114151.981,1897.4449539100954,3793.6100000000006,0.03457115174889024,0.01997153049015905,0.2265810173670096,0.2059754875488579,0.5674434984368938,70.11987465427426,,,,,0.018635178950572942,1
,2025-05-05,94277.61,95199.0,93514.1,94733.68,17340.828093561737,0.0048374152847727,0.004879652866453559,0.013486331374589535,95239.08428571429,88462.508,-274.245557459914,1684.8999999999942,0.017877031505934077,-0.04500410012633303,0.2337654416219561,0.2789050188314702,0.4873295395647163,76.5694950135922,0.04521556192362138,0.0820159786380827,0.035816975403577,0.8821669965982437,3.866639298105306,1
,2025-04-02,85158.35,88500.0,82320.0,82516.29,39820.809207609855,-0.0310251468030025,-0.031478888892762645,0.022704444583905744,83845.65142857142,84644.18,-4406.128878173751,6180.0,0.07490086117479752,0.14761762318027172,0.290827254374181,0.1422450846256387,0.5669276614132668,62.0610853935959,0.05612799970344061,0.1764364689588546,0.1196103245019912,0.7039531469345093,0.9337166777287234,1
,2025-12-06,89330.04,90289.97,88908.01,89236.79,8455.20812524902,-0.0010438817669845,-0.0010734250524945313,0.034270600791268424,90285.53285714284,93216.34366666664,-1456.4801410716227,1381.9600000000064,0.015898574466609708,0.022488461872457437,0.1973036630508991,0.1749003453610035,0.6277959967175355,65.33139514566278,,,,,0.0,1
2025-08-10,2025-08-10,116462.25,119311.11,116460.63,119294.01,14322.77073,0.0243148316299917,0.0240239321270641,0.0129309876335133,116297.15142857142,117269.20233333332,5085.209999999992,2850.479999999996,0.0238945777746929,0.2254606036876794,0.2726441647391766,0.0471835610514972,0.6801722742966376,32.0,,,,,0.0,0
,2025-11-15,94594.0,96846.68,94558.49,95596.24,15040.785145848127,0.0105951751696724,0.010312947483288626,0.026306541544059772,100761.38714285714,106527.85533333334,-6660.904650551681,2288.189999999988,0.0240423755688832,-0.1781175462289414,0.1645360312291554,0.3433985504017648,0.4920654095975416,97.7702322131986,,,,,0.0,1
,2025-07-26,117614.31,118297.35,117138.38,117919.99,7122.324435204797,0.0025990034716014,0.0024993515117563933,0.010457398929700103,118175.88285714285,113873.90066666668,158.74727479430368,1158.9700000000012,0.009995494726115349,0.17145926401971787,0.3231193932958625,0.1510970425142934,0.5257835641051783,33.096710447600024,,,,,0.0,1
,2025-06-01,104591.88,105866.91,103752.49,105642.93,9622.797220687742,0.0100490592577549,0.010124320008467849,0.011303791401666681,106566.39714285712,104163.92833333332,-3257.5281383694864,2114.4199999999983,0.01972727544767237,0.0742897789049922,0.1927703500725329,0.1171954418066889,0.6900342111941427,39.788478629408225,,,,,0.006883285147997806,1
,2025-02-26,88680.39,89414.15,82256.01,84250.09,56992.93896319571,-0.0499581643745404,-0.051402610862197974,0.026210679779166673,93111.33714285716,97032.70333333334,-12415.66970058883,7158.139999999999,0.08467947094271233,-0.20939706061836946,0.1263938884270222,0.3350731944277261,0.5385329211130738,96.0858677030305,-0.1403354507182597,0.0901363087006104,0.2303595572996598,0.6795041490919315,38.91292360932116,1
,2025-02-10,96462.75,98345.0,95256.0,97430.82,20476.62840040913,0.0100356873508169,0.009977060176577105,0.014594047180025946,96825.00285714286,100536.46666666666,-3928.1564205179234,3089.0,0.03154284178683311,-0.05906732984839562,0.1762985387620957,0.234797131694984,0.5889043331865156,57.26535209612041,-0.03159523874973701,0.0795044019696829,0.106637477753279,0.8138581204997457,46.10294711468884,1
,2025-02-09,96444.75,97323.09,94713.0,96462.75,14175.316123313318,0.0001867390590715,3.6905463648892716e-05,0.02125789072940495,97381.81714285717,100442.10566666668,-1231.6913069972675,2610.0899999999965,0.02665769534092872,0.0881457076670783,0.2360821184993256,0.1451840239751618,0.6187338528688997,31.83458764813672,-0.165254110588088,0.1006509669657264,0.2627206628343889,0.6366283531699862,6.928181489667038,1
,2025-03-11,78595.86,83617.4,76606.0,82932.99,49052.73464469536,0.0551826775608792,0.05329610901945227,0.04124582485829709,85117.90285714285,91249.06133333336,-4231.683277450824,7011.399999999994,0.08475764508563481,-0.069681264885755,0.1858639361500438,0.2564366312093428,0.5576994268827744,73.86699135948223,-0.007000835798009424,0.1162369796657003,0.1230161375715397,0.7607469040667638,15.917364038336855,1
2025-10-03,2025-10-03,120529.35,123894.99,119248.3,122232.0,23936.328,0.0141264347646443,0.0140275865129558,0.0142907215359771,115931.00428571428,114110.26866666669,12588.539999999994,4646.690000000002,0.0380153315007526,0.2064449732502301,0.2920682050784429,0.0856232318282127,0.6223085723444819,75.0,,,,,0.0,0
,2025-04-20,85077.0,85320.76,83949.52,85179.24,8007.952067393718,0.0012016172171542,0.0014282263543423778,0.008226071628017546,84563.54285714286,83660.91733333333,1388.542360312967,1371.2399999999907,0.01609179433600167,0.0034188825551590414,0.1837173840031027,0.180444689739185,0.6358379426722726,23.758511647241388,-0.27504445871180927,0.0288011681820665,0.3046115040779114,0.6665873322635889,6.989196852293005,1
2025-01-02,2025-01-02,94591.78,97839.5,94392.0,96984.79,21970.48948,0.0252981786262846,0.0249834762622952,0.0159708289319243,94468.83714285714,94634.1825,1193.1899999999878,3447.5,0.0355468109999516,0.1939556789067056,0.2757473255611128,0.0817916466544071,0.6424610323376125,45.0,0.0289549883455038,0.0592104494571685,0.0302554611116647,0.9105340242385864,1.0,0
2025-05-30,2025-05-30,105589.75,106313.12,103621.0,103985.48,23706.49799,-0.0151934254982136,-0.0153100281575464,0.011585871096472,107499.43857142856,103602.003,-3332.820000000007,2692.119999999996,0.025889383787044,-0.0282612258368837,0.2004679741470941,0.2287291999839778,0.5708028275874399,84.0,,,,,0.0,0
,2025-07-05,107984.25,108420.56,107756.31,108198.12,3687.76323980807,0.0019806593999271,0.0018796216682533552,0.016134749490375824,107971.61571428573,106354.243,855.727848750308,664.25,0.006121494066436508,0.16422772101930033,0.2155665705601374,0.0514253621610502,0.7330080692966779,47.70903660867459,0.195463587138353,0.2147734463214874,0.0178141966462135,0.7674124240875244,0.8598018548657204,1
,2025-04-18,84947.92,85132.08,84303.96,84474.69,6636.939652878714,-0.0055707079785718,-0.005576407082900734,0.014102674779207656,84389.34999999999,83596.115,982.8610414894093,828.1199999999953,0.009831014418258038,0.17536154174682062,0.3145606069093836,0.138201387499326,0.5472380088176578,56.37427052844234,,,,,0.1396119666766435,1
,2025-04-17,84030.38,85470.01,83736.26,84947.91,13551.085256831115,0.0109190271423262,0.010627244203542848,0.02173691697459702,84239.22857142857,83675.15666666666,5384.873718432995,1733.75,0.020152543725741292,-0.010659253844079532,0.2075221412815153,0.217055132567522,0.5754227269320719,61.86101000335333,,,,,0.00622192696722405,1
,2025-02-17,96118.12,97046.59,95205.0,95780.0,16310.406224080509,-0.0035177550289164,-0.0033787165031759258,0.014140349647945727,96746.37,99951.94033333332,-1667.2333819629864,1841.5899999999965,0.01923581247065863,0.1443023870776036,0.2373123993271623,0.0910641677063805,0.6716234370092438,88.4828810747756,-0.3304791146709057,0.0453580448403954,0.3736203074455261,0.5810216411948204,10.033237972005452,1
,2025-02-15,97500.47,97972.26,97223.58,97569.66,7194.585405005811,0.0007095349684433,0.00040369698883955716,0.013466159582464558,97031.43428571428,100509.79333333332,1146.4814866177223,748.679999999993,0.007409432493901184,0.155136816647043,0.3052690519473037,0.1495606469342837,0.5451703091730943,36.4649240902407,-0.05015632286552543,0.0796092508826404,0.135484644328244,0.7849061079323292,8.0175927832724,1
,2025-01-01,93576.0,95151.15,92888.0,94591.79,10455.878133609755,0.0108552406599982,0.010960428851730921,0.013292322058871136,94298.38142857145,94298.38142857145,28.248282239183013,2263.149999999994,0.0238331192142852,0.0998792751208253,0.2692905665498297,0.1685350802112019,0.5621743522725016,53.36842500692159,0.03281882143531384,0.1346881740479445,0.0999841937909321,0.7653276355442952,49.076388942891555,1
,2025-12-06,89330.04,90289.97,88908.01,89236.79,8578.210039953045,-0.0010438817669845,-0.0013289970985422086,0.03439052798798777,90285.53285714284,93216.34366666664,-1620.5215914362939,1381.9600000000064,0.015291359708085164,0.022355335689029487,0.1973036630508991,0.1749003453610035,0.6277959967175355,64.72210080334813,,,,,0.0,1
,2025-02-25,91552.88,92540.69,86050.99,88680.4,78252.71864586946,-0.0313750916410277,-0.03239913786743493,0.02428897839265213,94881.94857142855,97627.128,-6960.821423360038,6489.699999999997,0.0731496569553454,-0.23468223823866857,0.1470208085697739,0.3800118477240267,0.4729673445162152,118.79298095048306,-0.1191305825411766,0.157308200167285,0.275304412158827,0.5673874153031243,9.126976025336933,1
,2025-05-05,94277.61,95199.0,93514.1,94733.68,16916.43840369973,0.0048374152847727,0.004740002162680422,0.013415199170132668,95239.08428571429,88462.508,-335.35274982772575,1684.8999999999942,0.01795230002251611,-0.04543218510874183,0.2337654416219561,0.2789050188314702,0.4873295395647163,77.49048841946724,0.045922568727335855,0.0820159786380827,0.035816975403577,0.8821669965982437,3.9693561097567134,1
,2025-04-03,82516.28,83998.02,81211.24,83213.09,27348.630222269454,0.0084443932222353,0.008335426735268053,0.023122023084353866,83271.52,84508.55033333335,-4023.861607852567,2786.779999999999,0.03357874629867769,-0.09227279962371882,0.1960806152479642,0.2875395713566357,0.5163798063345577,91.62729483756867,0.033994454528804896,0.0550229549407959,0.0194335309788584,0.9255435268084208,6.084566491981119,1
,2025-08-07,114992.27,117621.0,114259.0,117472.01,13480.633967889033,0.0215644060248569,0.021679880241281112,0.014770786538956466,114528.87714285712,117013.89066666667,1747.2079726450343,3362.0,0.028571746689957572,0.16211999843434147,0.2723296903760025,0.1102801452946375,0.6173901629487151,57.127668367712694,,,,,0.0499931729017084,1
,2025-02-16,97569.67,97704.47,96046.18,96118.12,8250.226535999149,-0.0148769607273409,-0.01475047294071552,0.014897446424990645,96982.2014285714,100244.48133333331,-342.01554052210827,1658.290000000008,0.017417539221427466,-0.01672858257538949,0.1820994686836806,0.1977324947499885,0.6201680381424152,25.907782505870735,0.060768631169848236,0.154862234989802,0.0934723445938693,0.7516654166910384,8.939812426771846,1
,2025-09-05,110730.87,113384.62,110206.96,110659.99,21481.179405272538,-0.0006401105671796,-0.0007740086627737447,0.008895819628047448,110090.95428571428,114296.97933333337,2216.3929678653317,3177.659999999989,0.028310660912460407,0.12496172287484032,0.2970966173493316,0.1705233816083678,0.532380007049987,70.63392082246348,,,,,0.0,1
,2025-11-04,106583.05,107299.0,98944.36,101497.22,50696.880061135926,-0.0477169726065234,-0.04870536078888862,0.022791266511617662,108095.88857142856,111870.40066666668,-11416.615061097416,8354.64,0.08236469193954589,-0.19696932631586192,0.1551762369257965,0.3530746951228243,0.4917490708631003,86.88925321772804,,,,,0.02853672959017217,1
2025-08-11,2025-08-11,119294.27,122335.16,118050.11,118686.0,26494.33429,-0.0050967353683558,-0.0051097680255928,0.0136009576687753,116815.8614285714,117311.40233333336,3630.970000000001,4285.050000000003,0.0361040897831252,0.1767511205185973,0.2832100447710781,0.1064589242524807,0.6103310314494939,63.0,0.0799023816362023,0.0953408852219581,0.0154385035857558,0.8892205357551575,1.0,0
,2025-02-17,96118.12,97046.59,95205.0,95780.0,16589.04760000779,-0.0035177550289164,-0.0038968806856890916,0.014130742115435961,96746.37,99951.94033333332,-1660.2404760915545,1841.5899999999965,0.019279609257946428,0.14593728793347693,0.2373123993271623,0.0910641677063805,0.6716234370092438,88.06262717030093,-0.32864564801889246,0.0453580448403954,0.3736203074455261,0.5810216411948204,9.912868049692454,1
,2025-10-01,114048.94,118649.1,113966.67,118594.99,20026.690706902904,0.039860610704546,0.03938043866597589,0.0246110435074949,112484.80428571429,113449.74766666666,5319.070888649292,4682.430000000008,0.03990781096898082,0.0792420957467152,0.2400200152769684,0.1595310691191116,0.6004489101469517,64.24054079147501,,,,,0.09094267063622562,1
2025-07-26,2025-07-26,117614.31,118297.35,117138.38,117919.99,6991.67206,0.0025990034716014,0.0025956319026282,0.0105039589028065,118175.88285714285,113873.90066666668,79.99000000000524,1158.9700000000012,0.0098284438456957,0.1720223507815689,0.3231193932958625,0.1510970425142934,0.5257835641051783,33.0,,,,,0.0,0
2025-03-15,2025-03-15,83983.19,84676.28,83618.0,84338.44,11324.7332,0.0042298935977671,0.004220972745167,0.040915576647249,82197.25142857143,89430.07433333334,-1884.0099999999948,1058.2799999999988,0.012548014879099,0.0150759533845952,0.1871480698032038,0.1720721164186086,0.6407798195523875,35.0,0.0638006180524826,0.109332837164402,0.0455322191119194,0.8451349139213562,1.0,0
2025-05-23,2025-05-23,111696.22,111800.0,106800.0,107318.3,31737.72309,-0.0391947945234668,-0.0399835903745315,0.0245796856298302,107237.59142857144,100533.349,3854.4000000000087,5000.0,0.0465903764781961,0.145594584957226,0.2926824185997247,0.1470878336424987,0.5602297409024742,97.0,,,,,0.0,0
2025-10-12,2025-10-12,110644.4,115770.0,109565.06,114958.8,32255.30272,0.0389933878262254,0.0382523481182313,0.0360881396368753,118476.7985714286,116223.96866666664,-8523.509999999995,6204.940000000002,0.0539753372512587,-0.0231376140727661,0.1803106332469421,0.2034482473197082,0.6162411228676016,48.0,,,,,0.0,0
,2025-10-10,121662.41,122550.0,102000.0,112774.5,64181.53448482868,-0.0730537947632136,-0.0757735747325736,0.031139665898401146,121372.52857142856,116420.93233333336,-9374.017330744642,20550.0,0.18219089876671604,0.09754081525149072,0.2647131639929052,0.1664087788717068,0.5688780542324356,93.9305852997255,,,,,0.0,1
,2025-04-24,93691.07,94005.0,91660.01,93980.47,19578.980882350523,0.0030887678955136,0.0028127356420442062,0.025502462182634026,89051.67285714285,84454.80566666668,8993.610721137653,2344.990000000005,0.024763557428185312,0.216454134140728,0.3602825186215341,0.1428697107546031,0.4968477684631944,49.92852401345544,,,,,0.0,1
,2025-10-01,114048.94,118649.1,113966.67,118594.99,20147.14264623489,0.039860610704546,0.03883911628296678,0.024718361039932885,112484.80428571429,113449.74766666666,5316.832706325817,4682.430000000008,0.03949483789906937,0.0802586372549743,0.2400200152769684,0.1595310691191116,0.6004489101469517,64.04868792231053,,,,,0.06719481176499223,1
2025-10-21,2025-10-21,110532.09,114000.0,107473.72,108297.67,37228.01659,-0.0202151248565009,-0.0204222465741934,0.017808981508289,108578.11285714284,114385.45333333334,-4730.470000000001,6526.279999999999,0.0602624230050378,0.0334285819091093,0.2367752739586509,0.2033466920495415,0.5598780443438162,78.0,,,,,0.0,0
2025-05-08,2025-05-08,97030.5,104145.76,96876.29,103261.6,34962.02847,0.0642179520872303,0.062240212129403,0.0268921843103264,96982.99714285714,90569.52333333332,6771.690000000002,7269.470000000001,0.0703985799174136,0.1864020370807246,0.3215437095564932,0.1351416724757686,0.5433146181374283,118.0,0.017142994667996,0.1059853967956521,0.088842402127656,0.8051722022620115,11.0,0
,2025-11-30,90802.44,92000.01,90336.9,90360.0,9765.745814403099,-0.0048725562881349,-0.005042761372102264,0.016172127672052623,89934.43999999999,96293.394,3536.121790870408,1663.1100000000006,0.018089431574173784,0.06435194890952899,0.2042540123313665,0.138756813686341,0.6569891717284918,50.32179560922123,,,,,0.04077902280752056,1
,2025-06-30,108356.93,108789.99,106733.33,107146.5,9586.05603321245,-0.0111707668351253,-0.011402445551477418,0.007934558495962588,107174.06428571428,105780.42533333336,1847.2840576485119,2056.6600000000035,0.018984794940185828,0.12869899800366638,0.3057916994419014,0.17770374997666,0.5165045524440837,56.65421982047391,,,,,0.0662531036234392,1
,2025-06-23,100963.87,106074.2,99613.33,105333.93,27535.406632237144,0.0432834042514416,0.04266254466413687,0.021435100690478305,103687.47714285714,105750.67833333332,-1422.076998602725,6460.869999999995,0.06156545821421755,0.12841380489744925,0.3057916994419014,0.17770374997666,0.5165045524440837,56.92694314682023,,,,,0.0,1
2024-12-26,2024-12-26,99429.61,99963.7,95199.14,95791.6,21192.36727,0.0,0.0,0.0,95791.6,95791.6,0.0,4764.559999999998,0.0497388079956906,0.0595847722401635,0.2313864281556258,0.1718016559154623,0.5968119186064642,72.0,0.0164140239357948,0.0399775418142477,0.0235635178784529,0.936458945274353,3.0,0
,2025-08-15,118295.09,119216.82,116803.99,117342.05,13780.138722173899,-0.0080564628675627,-0.008279879994784318,0.02308467173711463,119074.27285714286,117436.77933333332,593.3817792556431,2412.8300000000017,0.020443973901339018,0.02884433064947341,0.247621929116252,0.2200308373603637,0.5323472407342184,100.8740920670716,,,,,0.0035577265833903315,1
,2025-05-02,96489.9,97895.68,96350.0,96887.14,14860.163906579719,0.004116803508263,0.00418001756759374,0.011978360960512318,95027.76428571428,87321.61566666668,2261.5444172587836,1545.679999999993,0.01587915029169889,0.2237146493463778,0.3122800153245528,0.0896039460971951,0.5981160311649243,75.38770579782468,,,,,0.0,1
2025-10-27,2025-10-27,114559.41,116400.0,113830.01,114107.65,21450.23241,-0.0039433691168074,-0.0039511646974532,0.0165656468560718,111037.35714285714,114476.56133333332,3575.5599999999977,2569.990000000005,0.0225225039688399,0.2169488383319656,0.3431590949108855,0.1262102565789198,0.5306306474643653,61.0,,,,,0.0,0
,2025-01-30,103733.25,106457.44,103278.54,104722.94,19192.050523370515,0.0095408183529213,0.009576015697547968,0.014243196211824977,103444.55428571429,99956.298,698.5085221260631,3178.9000000000087,0.03060747860015201,0.25168515505729244,0.3471762096032318,0.0930193578994764,0.5598044341838941,82.01861940388754,0.19848495632425556,0.2775147365406155,0.080946500878781,0.6415387459099293,10.021637178723912,1
,2025-10-10,121662.41,122550.0,102000.0,112774.5,64160.0055650841,-0.0730537947632136,-0.07587593668391657,0.031166752156601932,121372.52857142856,116420.93233333336,-9508.157769659974,20550.0,0.18204970767029677,0.0998583877501288,0.2647131639929052,0.1664087788717068,0.5688780542324356,93.69481920968775,,,,,0.08362975662590055,1
,2025-02-26,88680.39,89414.15,82256.01,84250.09,56943.68374395429,-0.0499581643745404,-0.051156943494021015,0.02600159171919299,93111.33714285716,97032.70333333334,-12436.340576307217,7158.139999999999,0.08514354118572315,-0.20790266592824175,0.1263938884270222,0.3350731944277261,0.5385329211130738,95.5761836867162,-0.14024887109320835,0.0901363087006104,0.2303595572996598,0.6795041490919315,38.97268226266872,1
2025-06-16,2025-06-16,105594.02,108952.38,104980.37,106794.53,14922.6654,0.0113692055070169,0.0113050618075081,0.0129778164724089,106923.00142857144,106733.547,-3468.490000000005,3972.010000000009,0.0371930097917937,0.1280879494652413,0.3057916994419014,0.17770374997666,0.5165045524440837,57.0,,,,,0.0,0
2025-04-30,2025-04-30,94256.82,95228.45,92910.0,94172.0,17661.2751,-0.0008998818334843,-0.0009002869702098,0.0080189497025232,94348.06428571428,86464.86833333335,480.9199999999983,2318.449999999997,0.024619313596398,0.1263539500297138,0.2716066573070837,0.1452527072773698,0.5831406418891514,51.0,-0.0645509151741862,0.1296176120638847,0.1941685272380709,0.6762138605117798,5.0,0
,2025-03-07,89931.88,91283.02,84667.03,86801.75,58135.288431505876,-0.0348056734935738,-0.03534501371286246,0.05697818853004739,88739.53857142858,93165.16033333332,2564.378877363457,6615.990000000005,0.07631055394221639,0.055685763990882334,0.1837764211349039,0.1275919066654555,0.6886316719871239,148.74942364866874,,,,,0.05321722398231014,1
,2025-11-04,106583.05,107299.0,98944.36,101497.22,50419.15545221871,-0.0477169726065234,-0.04889412327627066,0.022625150317203826,108095.88857142856,111870.40066666668,-11327.25020380331,8354.64,0.08238528871822931,-0.19778729285163765,0.1551762369257965,0.3530746951228243,0.4917490708631003,86.36871238511078,,,,,0.0,1
,2025-03-25,87498.16,88539.63,86310.0,87392.87,22686.95791166383,-0.0012033395902268,-0.0008102283190174176,0.025774304958451132,85710.31999999999,85519.79,4702.143827812092,2229.6300000000047,0.025588708365851705,0.23058293443750522,0.3215652510327728,0.0919536401321621,0.5864811113398326,95.19834572287421,-0.21339404353672467,0.0472228284925222,0.2575895164627582,0.6951876664534211,7.936580101961316,1
2025-03-26,2025-03-26,87392.88,88275.0,85860.0,86909.17,18408.78485,-0.0055347764640295,-0.0055501500919203,0.0179829747763854,85719.35285714285,85364.99966666667,63.229999999995925,2415.0,0.0277876316158582,0.1304857165319845,0.2973768636700697,0.1668911471380852,0.5357319911941886,80.0,0.086809002328664,0.1716332427625145,0.0848242404338504,0.7435425051621029,14.0,0
,2025-01-13,94545.07,95940.0,89256.69,94536.1,42915.08927597226,-9.476962625010188e-05,-0.00044768349216237974,0.024114893125321696,94710.71,95633.80631578948,-7672.778872026708,6683.309999999998,0.07083659872715488,-0.034485291887939695,0.1784998361359943,0.2119170097972859,0.6095831552689726,54.72304496618239,-0.2513481171600503,0.0824765665456652,0.3340330387776096,0.5834903791546822,2.9712654833207894,1
2025-06-25,2025-06-25,106083.0,108135.3,105808.03,107340.58,16701.15551,0.0118546798261738,0.0117849635445264,0.0200492187133943,104256.85285714285,105583.49833333334,2453.800000000003,2327.270000000004,0.0216811759355129,0.1280879494652413,0.3057916994419014,0.17770374997666,0.5165045524440837,57.0,,,,,0.0,0
2025-09-26,2025-09-26,108994.49,110300.0,108620.07,109643.46,14243.01591,0.0059541541962351,0.0059364982695478,0.0172432288635504,112501.80857142856,112732.705,-5988.919999999998,1679.929999999993,0.0153217528888635,0.0438432166282768,0.2510769310437383,0.2072337144154614,0.5416893589120078,93.0,,,,,0.0,0
,2025-08-24,115438.06,115666.68,110680.0,113493.59,21107.339056597455,-0.0168441861240726,-0.01718744734674739,0.022955542421702606,114534.12285714284,116512.47733333334,-3894.4180909851702,4986.679999999993,0.04373312131142382,0.10984297263292532,0.2543245451224427,0.1427965715767875,0.6028788874466573,30.337244962998255,,,,,0.020771078681929137,1
2025-03-05,2025-03-05,87281.98,91000.0,86334.53,90606.01,38264.01163,0.0380838060731436,0.0373765195126344,0.0539838733945921,87643.09285714287,93753.22433333332,6355.919999999998,4665.470000000001,0.0514918381242039,0.0268293200186579,0.2187058657307077,0.1918765457120497,0.589417596775535,74.0,0.1256196442060172,0.1470925122499466,0.0214728680439293,0.8314346373081207,10.0,0
2025-10-13,2025-10-13,114958.81,115963.81,113616.5,115166.0,22557.24033,0.0018023848543999,0.0018007625079209,0.0355197154128602,117120.72142857144,116198.89233333334,-9492.539999999994,2347.3099999999977,0.0203819703732004,0.1289487115146828,0.2775310934849188,0.148582381970236,0.5738865212130715,71.0,,,,,0.0,0
2025-05-06,2025-05-06,94733.68,96920.65,93377.0,96834.02,16122.64513,0.0221709955741191,0.0219287924377574,0.0153467672856968,95607.25571428573,89075.97533333332,2577.199999999997,3543.649999999994,0.036595093335999,0.0854641731581365,0.260917699401628,0.1754535262434914,0.5636287728438572,49.0,0.0689229023642838,0.1037497082725167,0.0348268059082329,0.8614234685897827,10.0,0
2025-10-22,2025-10-22,108297.66,109163.88,106666.69,107567.44,28610.78451,-0.0067428043465754,-0.0067656397595052,0.0167328822275001,108121.56428571428,114216.00166666666,-3195.8399999999965,2497.1900000000023,0.0232151104460606,0.0566897937154863,0.2662532300804742,0.2095634363649878,0.5241833306849003,80.0,,,,,0.0,0
,2025-12-01,90360.01,90417.0,83822.76,86286.01,34506.30085630183,-0.0450862107127048,-0.04624055928055173,0.024064975401356468,89646.72571428571,95499.65766666668,-1955.778472547981,6594.240000000005,0.07631532052481718,-0.38515203505472406,0.1024544483862464,0.4886626289666605,0.4088829148913154,147.88588107774058,,,,,0.08865712621963803,1
2025-05-19,2025-05-19,106454.27,107108.62,102000.0,105573.74,30260.03524,-0.0082713458343516,-0.0083057432217508,0.0142798909242122,104284.82857142856,98010.71733333332,2782.4199999999983,5108.619999999995,0.0483891164602106,0.1349168418742278,0.2686264272779226,0.1337095854036948,0.59766398877015,68.0,0.4830824239179492,0.500260079279542,0.0171776553615927,0.4825622532516718,2.0,0
2025-05-10,2025-05-10,102971.99,104984.57,102818.76,104809.53,15324.78611,0.0178450469880206,0.0176876933678977,0.0259359701643094,99131.27714285711,92088.15666666666,8953.11,2165.810000000012,0.0206642468485452,0.2775477846929182,0.3714014055828253,0.093853620889907,0.5347449642916521,48.0,,,,,0.0,0
2025-06-08,2025-06-08,105552.15,106488.14,104964.14,105734.0,8048.06305,0.0017228450581063,0.0017213626629398,0.0177622307303287,104716.43,105765.56766666664,91.07000000000698,1524.0,0.0144135282879679,0.2433006409685024,0.3329622292528963,0.0896615882843939,0.5773761875720488,36.0,,,,,0.0,0
2025-01-23,2025-01-23,103706.66,106850.0,101262.28,103910.34,53953.12031,0.0019640011547956,0.0019620750260613,0.0272802570427357,103712.30142857145,97933.58413793104,3923.0399999999936,5587.720000000001,0.0537744366922483,0.106788487954495,0.2271334369308673,0.1203449489763723,0.6525216155613844,65.0,0.106452345692863,0.1397312820578614,0.0332789363649984,0.8269897898038229,12.0,0
,2025-08-15,118295.09,119216.82,116803.99,117342.05,13786.835708668834,-0.0080564628675627,-0.008003189357814425,0.022835074279281914,119074.27285714286,117436.77933333332,674.0705838913706,2412.8300000000017,0.020721175787411887,0.030520347084448063,0.247621929116252,0.2200308373603637,0.5323472407342184,100.96838835795297,,,,,0.15536213687873154,1
2025-07-07,2025-07-07,109203.85,109700.0,107513.2,108262.94,9405.37601,-0.0086159973861724,-0.0086533296829764,0.0157679593384249,108252.0942857143,106608.44933333334,1116.4400000000023,2186.800000000003,0.020198971134536,0.1062890109569989,0.2248668252353289,0.1185778142783299,0.6565553589774541,129.0,,,,,0.0,0
,2025-11-08,103339.09,103406.22,101454.0,102312.94,12191.299287226355,-0.0099298348698285,-0.010236740080841212,0.02739433321532481,104214.88,109201.17833333332,-7868.580761620028,1952.2200000000007,0.01923501781958379,-0.06924726752534427,0.1880202410920035,0.2572983464462653,0.5546814041980912,63.10515712483262,,,,,0.0,1
,2025-06-03,105858.0,106794.67,104872.5,105376.89,13447.367605786045,-0.0045447679480784,-0.004473451727767769,0.011232419032454189,105546.67142857144,104867.28966666666,-3560.5769430541986,1922.1699999999985,0.018649741153335526,0.16398504071151848,0.2781542074151857,0.115753511113093,0.6060922799502001,86.25446678321647,,,,,0.0241249297885911,1
2025-06-13,2025-06-13,105671.74,106179.53,102664.31,106066.59,26180.81734,0.003736666372359,0.0037297023772628,0.0220514977555375,107458.14285714284,106485.24966666666,1778.1499999999942,3515.220000000001,0.0331416330062086,0.1280879494652413,0.3057916994419014,0.17770374997666,0.5165045524440837,57.0,,,,,0.0,0
,2025-07-01,107146.51,107540.0,105250.85,105681.14,10552.391909579326,-0.0136762283415696,-0.013974234434822676,0.009812471303258189,107116.6557142857,105781.699,-378.5990003479038,2289.149999999994,0.02179602943566798,0.12962153244042227,0.3057916994419014,0.17770374997666,0.5165045524440837,57.2278646860845,,,,,0.055025189309478,1
2025-05-15,2025-05-15,103507.83,104192.7,101383.07,103763.71,17998.98604,0.0024721803627976,0.002469129551993,0.0110318300971083,103723.72714285715,95341.09866666669,502.1100000000006,2809.62999999999,0.0270771929800889,0.1533078565348491,0.3375104908589963,0.1842026343241471,0.4782868726868872,54.0,0.584685624577105,0.5973448753356934,0.0126592507585883,0.3899958431720733,1.0,0
2025-06-17,2025-06-17,106794.53,107771.34,103371.02,104551.17,17866.33025,-0.0210063193311492,-0.0212300913561666,0.0141355682369805,106105.39857142858,106670.11066666666,-5723.220000000001,4400.319999999992,0.0420877164741436,0.1280879494652413,0.3057916994419014,0.17770374997666,0.5165045524440837,57.0,,,,,0.0,0
2025-01-01,2025-01-01,93576.0,95151.15,92888.0,94591.79,10373.32613,0.0108552406599982,0.0107967454739184,0.0133457162103145,94298.38142857145,94298.38142857145,0.0,2263.149999999994,0.0239254379264838,0.1007554863386277,0.2692905665498297,0.1685350802112019,0.5621743522725016,53.0,0.0347039802570124,0.1346881740479445,0.0999841937909321,0.7653276355442952,49.0,0
,2025-09-07,110187.98,111600.0,110180.0,111137.34,5816.781522502947,0.0086159133342778,0.008142573460240051,0.009276434732344086,110699.90142857144,113869.598,2929.866355930107,1420.0,0.012719864638586553,0.2184787387849823,0.2931344906206835,0.077551652169363,0.6293138723651116,21.87031885674797,,,,,0.010251929638287203,1
,2025-07-03,108849.59,110529.18,108530.4,109584.78,13161.781969399477,0.0067540900471843,0.006374117525961222,0.014599624623133897,107709.04714285712,106021.68233333336,2502.9123915187174,1998.7799999999988,0.018129156330647354,0.18862243566006082,0.2804414243563204,0.0927821453786581,0.6267764385084849,73.78018414416584,0.4586267234107906,0.474769115447998,0.0167983751744031,0.5084325075149536,0.8862331342245929,1
2025-03-09,2025-03-09,86222.46,86500.0,80000.0,80734.37,26115.39345,-0.0636502442229373,-0.0657662016000647,0.0430982978951754,86828.43714285713,92295.016,-13535.630000000005,6500.0,0.0805109397645637,-0.1314089212100953,0.1425015835768797,0.273910504786975,0.5835879148746078,44.0,-0.8576026931405067,0.0290498360991477,0.8866525292396545,0.0842976346611976,1.0,0
,2025-08-29,112566.9,112638.64,107463.9,108377.4,22730.736429937802,-0.0372178677746299,-0.03764479374571389,0.019636944829924483,111859.02142857145,115275.56366666668,-8572.330772197318,5174.740000000005,0.0478426973683375,0.08157087657266852,0.2457011991867884,0.1633209903347527,0.5909778134165597,83.9420520899101,,,,,0.0,1
,2025-09-19,117073.53,117459.99,115100.0,115632.38,9016.678778877043,-0.0123097851410134,-0.012274449774774302,0.0077777461006808,116068.35285714285,112865.77766666668,-429.04230662774546,2359.990000000005,0.020786478437717543,0.12921538299224938,0.2707795766445826,0.1417706149788397,0.58744980359696,52.69608985720413,,,,,0.0,1
2025-08-21,2025-08-21,114271.23,114821.76,112015.67,112500.0,10839.69235,-0.015500313114656,-0.0156216989473507,0.0131775281141767,115428.42142857144,116807.266,-5795.0899999999965,2806.0899999999965,0.0249430222222221,-0.0949191032304314,0.2155059626031863,0.3104250658336177,0.4740689709586532,57.0,,,,,0.0,0
2025-05-20,2025-05-20,105573.73,107320.0,104184.72,106849.99,23705.48275,0.0120887069076078,0.012016222070838,0.0142118397580417,104677.15285714284,98733.07566666669,2746.270000000004,3135.279999999999,0.0293428197793935,0.3069293567511652,0.3561613919169065,0.0492320351657413,0.5946065765982937,84.0,-0.002812361344695,0.0286249946802854,0.0314373560249805,0.9399376511573792,1.0,0
,2025-05-18,103126.65,106660.0,103105.09,106454.26,21562.38677944695,0.0322672170578604,0.03169927787515027,0.015127279779573576,103887.34,97327.493,2265.50857830191,3554.9100000000035,0.03344391457767969,0.02252338389960228,0.1590374029197153,0.1346047006636148,0.706357885506891,20.972189031089417,,,,,0.0,1
2025-08-17,2025-08-17,117380.66,118575.0,117172.21,117405.01,5898.64192,0.0002074447357851,0.0002074232221011,0.020648934797305,118935.61714285715,117359.555,-1889.0,1402.7899999999936,0.0119482976067204,0.1197571932803839,0.2553593166172504,0.1356021233368665,0.6090385688003153,40.0,,,,,0.0,0
2025-08-03,2025-08-03,112546.35,114799.97,111920.0,114208.8,7397.76046,0.0147712475793306,0.0146632152506765,0.0121112129629304,115667.22,116111.85133333334,-5206.75,2879.970000000001,0.025216708344716,-0.0075585906075813,0.1745662718511572,0.1821248624587386,0.6433088707442327,41.0,,,,,0.0,0
,2025-09-28,109635.85,112350.0,109189.99,112163.95,7838.569029556277,0.0230590632534886,0.022872361527421968,0.02083616707049522,111199.22,112761.22166666666,-3063.9921814711784,3160.0099999999948,0.028383183072730626,-0.0836815509289268,0.1412768489340456,0.2266889436215889,0.6320342004935189,41.19219840150029,,,,,0.0,1
,2025-11-08,103339.09,103406.22,101454.0,102312.94,12174.978408283067,-0.0099298348698285,-0.009707827366924287,0.027316436111613867,104214.88,109201.17833333332,-7813.454874748799,1952.2200000000007,0.019216111196199436,-0.06897382534577622,0.1880202410920035,0.2572983464462653,0.5546814041980912,63.26883100128944,,,,,0.0,1
2025-05-07,2025-05-07,96834.02,97732.0,95784.61,97030.5,16644.83854,0.0020290389679165,0.0020269832486365,0.0152316326711391,96015.61285714286,89671.55066666665,2858.5,1947.39,0.0200698749362313,0.2624123905076306,0.348422094089487,0.0860097035818563,0.5655681959311054,88.0,-0.0478794761002063,0.0390921148161093,0.0869715909163157,0.8739362955093384,3.0,0
,2025-11-29,90890.71,91165.65,90155.47,90802.44,7164.814046224079,-0.0009710564447187,-0.001188775705581008,0.016650637595621024,89430.15428571428,96934.99433333332,6053.382122670351,1010.179999999993,0.011228947974995246,0.006814925817069709,0.2386891078990949,0.2318417473735524,0.5294691343122805,71.23372220733516,,,,,0.11489371224976605,1
,2025-05-24,107318.3,109506.03,106875.41,107761.91,16580.689371522843,0.0041335913818985,0.004448647484874215,0.02418228634279456,107899.77142857145,100992.73033333333,4586.557490084925,2630.619999999996,0.024276265775684747,-0.10182718944712986,0.1357616452363933,0.2371104620397091,0.6271278907703918,41.195575252490976,,,,,0.0,1
2025-06-29,2025-06-29,107296.79,108528.5,107172.52,108356.93,6831.7364,0.0098804446992308,0.0098319522617791,0.0155287956248115,106915.12571428568,105695.27133333334,7393.059999999998,1355.979999999996,0.0125140127170453,0.1280879494652413,0.3057916994419014,0.17770374997666,0.5165045524440837,57.0,,,,,0.0,0
2025-02-05,2025-02-05,97763.14,99149.0,96155.0,96612.43,26233.30444,-0.011770285996367,-0.0118401042068875,0.0251861064386711,100170.40285714286,100219.61166666666,-7120.810000000012,2994.0,0.0309898012088092,0.0652908244537133,0.2724975031292574,0.207206678675544,0.5202958096439639,66.0,0.0431087153265252,0.0697927544824779,0.0266840391559526,0.903523214161396,8.0,0
,2025-05-22,109643.99,111980.0,109177.37,111696.21,31334.89950352611,0.0187171225709681,0.018468453453450096,0.015724466612467642,106686.96285714286,100079.10833333334,7918.7518326767995,2802.6300000000047,0.0246737561808662,0.2799069687004378,0.3433042813790962,0.0634666451369412,0.5932290663709864,159.98938452273816,,,,,0.004643924909582811,1
2025-04-13,2025-04-13,85276.91,86100.0,83034.23,83760.0,24680.04181,-0.0177879355370562,-0.0179480423502672,0.0444768467242925,81452.70285714287,83555.96233333334,5330.0,3065.770000000004,0.0366018385864374,0.0680526742339134,0.2226142296567559,0.1545615554228425,0.6228242158144712,25.0,-0.0341308936476707,0.0388129916973412,0.0729438853450119,0.8882431164383888,8.0,0
,2025-02-05,97763.14,99149.0,96155.0,96612.43,26183.409121278524,-0.011770285996367,-0.011920430979645421,0.025161363230408858,100170.40285714286,100219.61166666666,-7172.591690730901,2994.0,0.030671390070092654,0.06423440384467055,0.2724975031292574,0.207206678675544,0.5202958096439639,66.55479116912534,0.04902724605221947,0.0697927544824779,0.0266840391559526,0.903523214161396,7.964427121779666,1
2025-02-20,2025-02-20,96644.37,98711.36,96415.09,98305.0,17057.39177,0.0171828943579435,0.0170369380244533,0.0106010181923986,96798.48142857144,99314.79733333334,1696.8600000000006,2296.270000000004,0.0233586287574386,0.0037921652054557,0.1719017003197223,0.1681095351142665,0.6599887618078635,52.0,0.0936871850863099,0.1149704083800315,0.0212832232937216,0.8637463450431824,2.0,0
,2025-04-04,83213.09,84720.0,81659.0,83889.87,32869.01352012548,0.0081330954060232,0.007899974070389457,0.020581709305961714,83195.16142857143,84284.67899999999,-553.23587966907,3061.0,0.03676276712570959,-0.0904117676559429,0.2309573935181425,0.3222742365967286,0.446768376093946,56.93674180531005,-0.33541113143927925,0.0791838163776057,0.4123463961961014,0.5084697705294404,6.917923335372271,1
,2025-04-17,84030.38,85470.01,83736.26,84947.91,13865.467728132178,0.0109190271423262,0.010523245475394466,0.021850800637043553,84239.22857142857,83675.15666666666,5345.996133237276,1733.75,0.020194454834304494,-0.009830732169393617,0.2075221412815153,0.217055132567522,0.5754227269320719,61.69728391543701,,,,,0.02388067619680433,1
,2025-06-23,100963.87,106074.2,99613.33,105333.93,27728.263397143262,0.0432834042514416,0.04221890803834233,0.02137189626113832,103687.47714285714,105750.67833333332,-1445.7798888642146,6460.869999999995,0.06133744831955953,0.12723053232324688,0.3057916994419014,0.17770374997666,0.5165045524440837,56.50792878707638,,,,,0.011673920815829355,1
2025-01-19,2025-01-19,104556.23,106422.43,99651.6,101331.57,43397.28298,-0.0308413951038593,-0.0313270015419219,0.0260069170489109,100220.9842857143,96962.1244,6786.510000000009,6770.829999999987,0.0668185640467229,0.2356529647617467,0.3630178954585322,0.1273649306967854,0.5096171631344727,28.0,-0.0781431834523876,0.109757725149393,0.1879009086017807,0.702341357866923,3.0,0
,2025-08-13,120134.09,123667.79,118920.92,123306.43,23072.66163815434,0.0264067448637388,0.026083234396455338,0.014534884005580727,118861.36,117461.82533333333,8315.557373697784,4746.869999999995,0.03832911749601163,0.15974941349364555,0.2862953136815396,0.127246060389515,0.5864586225927693,73.47785388316105,,,,,0.11032409927601287,1
,2025-09-30,114311.97,114792.0,112656.27,114048.93,15045.790904436906,-0.0023009840790063,-0.002296655386368463,0.02025737866108716,111729.37714285716,113137.82866666668,2005.4415602647891,2135.729999999996,0.01898569206979994,-0.019728781601959008,0.1789385811023322,0.199051677973734,0.6220097454195773,80.52065707069676,,,,,0.0,1
,2025-10-05,122390.99,125708.42,122136.0,123482.31,22028.11932856218,0.0089165870039462,0.00897166635494012,0.013907667229846965,119370.07714285716,114926.35033333332,11264.095342529072,3572.4199999999983,0.028819357080815528,0.27599789303654754,0.3345154742473515,0.0613522107507717,0.6041323166277449,117.7745151777204,,,,,0.07913132527186711,1
2025-11-29,2025-11-29,90890.71,91165.65,90155.47,90802.44,7429.88291,-0.0009710564447187,-0.00097152822547,0.0167510878779616,89430.15428571428,96934.99433333332,6062.699999999997,1010.179999999993,0.0111250314418862,0.0068473605255425,0.2386891078990949,0.2318417473735524,0.5294691343122805,71.0,,,,,0.0,0
2025-02-15,2025-02-15,97500.47,97972.26,97223.58,97569.66,7349.37683,0.0007095349684433,0.0007092833675137,0.0135178482443591,97031.43428571428,100509.79333333332,1124.9199999999985,748.679999999993,0.0076732869623609,0.1557084050130199,0.3052690519473037,0.1495606469342837,0.5451703091730943,37.0,-0.0558753934456035,0.0796092508826404,0.135484644328244,0.7849061079323292,8.0,0
,2025-07-01,107146.51,107540.0,105250.85,105681.14,10501.167848522462,-0.0136762283415696,-0.013776675716801181,0.009758964734013217,107116.6557142857,105781.699,-400.3710949663006,2289.149999999994,0.021505381070802687,0.12612449963222458,0.3057916994419014,0.17770374997666,0.5165045524440837,56.79011770527736,,,,,0.17550176776151916,1
,2025-03-31,82390.0,83943.08,81278.52,82550.01,20627.076435675626,0.0019422262340362,0.002178966060831805,0.013334003004774385,84792.42428571428,85071.37933333333,-4973.897519420328,2664.5599999999977,0.03244561350896234,-0.033975164533435506,0.1619271824747556,0.1936779476163792,0.6443948723463109,64.22334129784291,-0.9603468016132092,0.0098176458850502,0.9708107709884644,0.0193715207278728,1.0497068354920172,1
,2025-07-30,117950.75,118792.0,115796.23,117840.3,15449.122846987477,-0.000936492482117,-0.0011163980290979732,0.007365675931432049,118163.46,115321.27133333332,-1021.5870426481019,2995.770000000004,0.025267204464532282,0.11486425211659154,0.2714202975904619,0.1553067747956595,0.5732729238130756,74.1242725672432,,,,,0.016196172686637037,1
2025-09-16,2025-09-16,115349.71,116964.27,114737.11,116788.96,10926.9094,0.0124772745419126,0.0124000748497902,0.0095810441257292,115542.44,112673.03533333332,5242.570000000007,2227.1600000000035,0.019069953187356,0.1783512492771618,0.2968288784703383,0.1184776291931764,0.5846934813218048,52.0,,,,,0.0,0
,2025-06-13,105671.74,106179.53,102664.31,106066.59,26363.14824549284,0.003736666372359,0.003673544347305335,0.022014781943427215,107458.14285714284,106485.24966666666,1687.0493899346109,3515.220000000001,0.03333519686535384,0.12914579162248105,0.3057916994419014,0.17770374997666,0.5165045524440837,57.1160695087255,,,,,0.0,1
,2025-08-15,118295.09,119216.82,116803.99,117342.05,13610.94808350014,-0.0080564628675627,-0.007736896109302504,0.02298939434112339,119074.27285714286,117436.77933333332,696.7115040018322,2412.8300000000017,0.0208114906615438,0.02579049970854351,0.247621929116252,0.2200308373603637,0.5323472407342184,100.74331971616431,,,,,0.0,1
,2025-06-08,105552.15,106488.14,104964.14,105734.0,8145.919084743663,0.0017228450581063,0.0015423564169902357,0.017858273708174874,104716.43,105765.56766666664,170.55100456909966,1524.0,0.014665234381906589,0.24551441544914474,0.3329622292528963,0.0896615882843939,0.5773761875720488,35.90417573795512,,,,,0.11671816419846964,1
,2025-08-06,114129.75,115716.0,113355.13,114992.27,9746.77308162666,0.0075573634394188,0.0074430784851870395,0.013673290832063622,114284.88714285714,116728.923,-2800.733524284689,2360.869999999996,0.020365673925474073,0.0414279469449743,0.2235611838046206,0.183131262621753,0.5933075548238951,72.91665431924564,,,,,0.0,1
2025-01-13,2025-01-13,94545.07,95940.0,89256.69,94536.1,42619.56423,-9.476962625010188e-05,-9.47741171748694e-05,0.0240570423227332,94710.71,95633.80631578948,-7699.5,6683.309999999998,0.0706958505798313,-0.0334171736612916,0.1784998361359943,0.2119170097972859,0.6095831552689726,55.0,-0.2515564722319444,0.0824765665456652,0.3340330387776096,0.5834903791546822,3.0,0
,2025-07-04,109584.77,109767.59,107245.0,107984.24,12011.51687474163,-0.0146054953981747,-0.014204687665837223,0.016114845446465284,107842.85428571427,106131.26166666669,926.3677359350457,2522.5899999999965,0.023687142350929346,0.313194446470339,0.4434647387674739,0.1305884887960048,0.4259467794289512,61.8623377081072,,,,,0.018189034115112957,1
,2025-10-16,110763.28,111982.45,107427.0,108194.28,29940.37516236161,-0.0231936071232271,-0.023595277533370727,0.033143422395725604,112218.48571428572,115684.85966666669,-13474.068336612896,4555.449999999997,0.042239755982186815,0.026694406817015404,0.2456930371350608,0.2177558697527274,0.5365511027863249,79.82027353697742,,,,,0.0,1
,2025-02-14,96608.13,98826.0,96252.82,97500.48,18286.653062432804,0.0092366957898164,0.00912034106712934,0.013670950881867707,96870.73142857142,100590.38133333335,1084.7334359552972,2573.179999999993,0.0265145413279226,0.13911981303247659,0.2852578739732949,0.1475829749312529,0.5671591547720912,67.5369911467402,0.06204503215999861,0.0767021007835865,0.0157145775854587,0.9075833082199096,5.037926587153834,1
,2025-07-05,107984.25,108420.56,107756.31,108198.12,3776.2002373057803,0.0019806593999271,0.002077339131649138,0.016076394270324923,107971.61571428573,106354.243,834.1592861891615,664.25,0.005880300995201846,0.1643530074298522,0.2155665705601374,0.0514253621610502,0.7330080692966779,48.04926451007906,0.20076237838629968,0.2147734463214874,0.0178141966462135,0.7674124240875244,0.9897503031074026,1
2025-03-19,2025-03-19,82715.03,87000.0,82547.16,86845.94,28151.05374,0.0499414677114908,0.0487344175789443,0.0301391215417503,83654.70714285715,87735.98333333334,3165.820000000007,4452.8399999999965,0.0512728631873867,0.2189886946477653,0.3591431028702679,0.1401544082225026,0.5007024965084651,68.0,-0.0528795993221657,0.0699272477733237,0.1228068470954895,0.8072659288133893,7.0,0
2025-02-25,2025-02-25,91552.88,92540.69,86050.99,88680.4,78333.11111,-0.0313750916410277,-0.0318778335074248,0.0241061919792288,94881.94857142855,97627.128,-6991.340000000011,6489.699999999997,0.0731807704972011,-0.2329910391542528,0.1470208085697739,0.3800118477240267,0.4729673445162152,119.0,-0.1179962119915419,0.157308200167285,0.275304412158827,0.5673874153031243,9.0,0
,2025-01-14,94536.11,97371.0,94346.22,96560.86,27975.536219633756,0.0214178499007255,0.021062795249269402,0.01871882726044792,94654.46,95680.159,-396.9522261137815,3024.779999999999,0.03141853060910808,0.051823243489337416,0.2443668322368083,0.192001926577895,0.5636312429989246,76.16943376258457,0.06442296089583802,0.1892522193491458,0.1251942336559295,0.6855535507202148,5.178128072620814,1
2025-09-24,2025-09-24,111998.8,113940.0,111042.66,113307.0,12369.25967,0.0116804822908815,0.0116127920508121,0.0112867916324068,114511.51714285716,112878.94766666666,-3140.5899999999965,2897.3399999999965,0.0255707061346606,0.1722302479540993,0.3606698735584986,0.1884396256043993,0.4508905014633361,58.0,,,,,0.0,0
2025-10-07,2025-10-07,124658.54,125126.0,120574.94,121332.95,21633.99385,-0.0266775946517583,-0.0270398998328903,0.0198516821452209,121888.73428571426,115748.55633333334,7284.020000000004,4551.059999999998,0.0375088547669862,0.2651666617964873,0.3911348209917746,0.1259681591952874,0.4828970127462132,74.0,-0.351712841540575,0.0394183211028575,0.3911311626434326,0.5694504976272583,1.0,0
,2025-05-26,109004.2,110422.22,108670.58,109434.79,14681.046588074665,0.0039503068643507,0.004128339789313479,0.02097658009410487,108815.62571428572,101965.14033333331,3873.545813901862,1751.6399999999994,0.016098013157184184,0.12504485996717965,0.2483694429487683,0.1225954451230029,0.6290351149387831,43.02221006951803,,,,,0.0,1
,2025-04-07,78430.0,81243.58,74508.0,79163.24,78409.86584397838,0.0093489736070382,0.009201530294747327,0.03083195348738698,82272.68857142856,83557.18366666668,-3308.193176688107,6735.580000000002,0.08502657163124075,-0.189994383320545,0.1527913726192522,0.341723212318376,0.5054854145768951,93.48181187142374,-0.059626321322437,0.0866304498018794,0.148588800508725,0.7647807462827155,37.971067780844756,1
,2025-07-19,117924.84,118499.9,117277.34,117840.0,6649.454568069964,-0.0007194412983727,-0.0013752378788447768,0.01096752682493037,118608.39142857144,110702.40933333331,442.858305073996,1222.5599999999977,0.010886039776073317,0.15421317904541826,0.2836684954818338,0.1287686121213482,0.5875628979410976,31.519350753476886,0.1658199147022269,0.1806329935789108,0.0159331914037466,0.803433895111084,0.9743129016847727,1
2025-09-30,2025-09-30,114311.97,114792.0,112656.27,114048.93,15044.15633,-0.0023009840790063,-0.0023036354107678,0.0202912351809371,111729.37714285716,113137.82866666668,2050.12999999999,2135.729999999996,0.0187264361007156,-0.0201130968714017,0.1789385811023322,0.199051677973734,0.6220097454195773,81.0,,,,,0.0,0
2025-01-07,2025-01-07,102235.6,102724.38,96181.81,96954.61,32059.87537,-0.0516550986153552,-0.0530370228675763,0.0286399281137494,97932.15428571428,96232.45846153844,3378.6100000000006,6542.570000000007,0.0674807520756363,0.1123695245663088,0.3210010819787544,0.2086315574124455,0.4703673552426081,63.0,-0.1350315313320607,0.1042243152623996,0.2392558465944603,0.6565198303433135,16.0,0
2025-06-26,2025-06-26,107340.59,108272.45,106562.5,106947.06,10573.27279,-0.0036660878858676,-0.0036728244556723,0.0201270368200473,104583.77714285711,105517.128,2288.470000000001,1709.949999999997,0.0159887518179555,0.1280879494652413,0.3057916994419014,0.17770374997666,0.5165045524440837,57.0,,,,,0.0,0
,2025-09-28,109635.85,112350.0,109189.99,112163.95,7354.576163685872,0.0230590632534886,0.023086013018445498,0.020812762249169788,111199.22,112761.22166666666,-3010.191461425912,3160.0099999999948,0.028086328791109876,-0.08488592692737217,0.1412768489340456,0.2266889436215889,0.6320342004935189,41.05642142470928,,,,,0.0,1
,2025-10-22,108297.66,109163.88,106666.69,107567.44,28494.81711794099,-0.0067428043465754,-0.006652594763299622,0.016770905920829655,108121.56428571428,114216.00166666666,-3202.2885267823467,2497.1900000000023,0.022837682002453452,0.057911713483963574,0.2662532300804742,0.2095634363649878,0.5241833306849003,80.31587499092629,,,,,0.0033618864066699483,1
,2025-07-12,117527.66,118200.0,116900.05,117420.0,8455.891042625886,-0.0009160396795103,-0.0009737776915055077,0.016724787952467506,112654.48714285716,107625.99499999998,9233.185947655576,1299.949999999997,0.011093657699837816,0.28756472081051815,0.3725137041220742,0.085897040305539,0.5415892718479999,62.01361526980314,0.6335151714631168,0.6493574380874634,0.0171792954206466,0.3334632217884063,0.9300959785466906,1
2025-08-06,2025-08-06,114129.75,115716.0,113355.13,114992.27,9761.15318,0.0075573634394188,0.0075289496341813,0.0136736493371736,114284.88714285714,116728.923,-2848.029999999999,2360.869999999996,0.0205306843668708,0.0404299211828676,0.2235611838046206,0.183131262621753,0.5933075548238951,73.0,,,,,0.0,0
,2025-03-16,84338.44,85117.04,81981.12,82574.53,17746.96973674396,-0.0209146624006799,-0.021264061653565588,0.032632618361187436,82460.13142857143,88932.54266666666,1887.0901190588343,3135.9199999999983,0.037872965543054464,-0.02376980078971751,0.120468216172109,0.1432875420820588,0.7362442398443818,23.797890715778294,-0.13004423449215566,0.0443681463599205,0.1729216922074556,0.7827101409435272,4.9511319325596554,1
,2025-07-03,108849.59,110529.18,108530.4,109584.78,13304.68573513636,0.0067540900471843,0.00673315106219731,0.014541568206806983,107709.04714285712,106021.68233333336,2586.291374960096,1998.7799999999988,0.01846440459713526,0.19111315483762029,0.2804414243563204,0.0927821453786581,0.6267764385084849,74.11726468747821,0.45887452115607985,0.474769115447998,0.0167983751744031,0.5084325075149536,1.0453653953930322,1
,2025-07-02,105681.13,109730.0,105100.19,108849.6,17783.26963137804,0.0299813192779714,0.029486686401259826,0.014674981075919916,107332.23,105881.41933333334,1520.6558843565276,4629.809999999998,0.04239642885162126,0.1817097413725012,0.2809389343346692,0.0997141474696291,0.6193469145820161,120.90265904197419,,,,,0.0,1
,2025-07-07,109203.85,109700.0,107513.2,108262.94,9268.856468296413,-0.0086159973861724,-0.008799529351594948,0.015588574028582982,108252.0942857143,106608.44933333334,1091.6900159233335,2186.800000000003,0.020225019313269633,0.10574893592090763,0.2248668252353289,0.1185778142783299,0.6565553589774541,128.53015914380703,,,,,0.0330779539391638,1
,2025-04-30,94256.82,95228.45,92910.0,94172.0,17481.460252364697,-0.0008998818334843,-0.0008517307925321532,0.007993808270455394,94348.06428571428,86464.86833333335,433.5779872760706,2318.449999999997,0.02493158883695896,0.1256331929225922,0.2716066573070837,0.1452527072773698,0.5831406418891514,51.27064693323333,-0.06452445734805848,0.1296176120638847,0.1941685272380709,0.6762138605117798,4.870635218551873,1
,2025-09-26,108994.49,110300.0,108620.07,109643.46,14433.355912327315,0.0059541541962351,0.006034887016547137,0.01728747545663328,112501.80857142856,112732.705,-5986.491472128798,1679.929999999993,0.015381081245097144,0.044697849822976914,0.2510769310437383,0.2072337144154614,0.5416893589120078,93.28058471468213,,,,,0.0,1
2025-06-20,2025-06-20,104658.59,106524.65,102345.0,103297.99,16419.06283,-0.013000366238452,-0.0130856106109857,0.0107882512137593,105028.2442857143,106362.632,-2768.599999999992,4179.649999999994,0.0404620651379566,0.1280879494652413,0.3057916994419014,0.17770374997666,0.5165045524440837,57.0,,,,,0.0,0
,2025-06-12,108645.13,108813.55,105671.72,105671.73,17726.51873746041,-0.0273679112324602,-0.027302570594899975,0.02380895510385967,107204.12142857142,106399.95733333334,4074.7929143197744,3141.8300000000017,0.029837558699153083,0.12795512605294324,0.3057916994419014,0.17770374997666,0.5165045524440837,56.357979488782604,,,,,0.033610701638518356,1
,2025-02-07,96554.35,100137.99,95620.34,96506.8,31757.04059864662,-0.0004924687494659,-0.0004062331546437722,0.024078930425785166,98157.35285714285,100254.476,-5970.667127855645,4517.650000000009,0.04685002851323091,0.008875297154909527,0.1518202873233419,0.1439567229423958,0.7042229911312461,52.20158232183068,0.14554037031048153,0.2186643874103372,0.0753425429998473,0.7059930752624165,11.064406992884969,1
,2025-10-31,108322.87,111190.0,108275.28,109608.01,21666.73787859952,0.0118638832350099,0.011746462704756747,0.017736980053667736,111594.85,113867.588,-1491.516421492957,2914.720000000001,0.026547054150412516,-0.02586951821828704,0.212533978630717,0.2407266369877526,0.546739386050747,64.97844168758843,,,,,0.0,1
,2025-04-03,82516.28,83998.02,81211.24,83213.09,27265.394074574448,0.0084443932222353,0.00792683526383517,0.023204979008409683,83271.52,84508.55033333335,-3963.9649297202277,2786.779999999999,0.03348870425296862,-0.09000149711269165,0.1960806152479642,0.2875395713566357,0.5163798063345577,91.84592915347231,0.036077793208969554,0.0550229549407959,0.0194335309788584,0.9255435268084208,6.041915243671454,1
2025-06-07,2025-06-07,104288.43,105900.0,103871.09,105552.15,8344.93206,0.0121174504096521,0.0120446218481455,0.018151147135106,104703.42,105673.50066666667,960.2699999999896,2028.9100000000035,0.0192218727898958,0.0462324684803289,0.1774604750204492,0.1312280065401203,0.6913115208629858,44.0,,,,,0.0,0
2025-08-31,2025-08-31,108816.33,109480.02,108076.93,108246.35,9489.51596,-0.0052380005831844,-0.0052517670016201,0.0199897504694971,110163.45571428572,114875.586,-5247.239999999991,1403.090000000011,0.012962007494941,0.020741185229836,0.2281018452097972,0.2073606599799611,0.564537500962615,33.0,,,,,0.0,0
,2025-09-05,110730.87,113384.62,110206.96,110659.99,21637.225421619045,-0.0006401105671796,-0.00022322799080046424,0.009021751973566918,110090.95428571428,114296.97933333337,2347.5168403035773,3177.659999999989,0.02829639238263656,0.1265896256562115,0.2970966173493316,0.1705233816083678,0.532380007049987,71.08528092905672,,,,,0.03961697966939268,1
,2025-06-11,110274.39,110392.01,108064.0,108645.12,13166.287926740033,-0.0147746906602702,-0.014569079216325258,0.02469683853710979,106609.4,106347.69033333332,3908.7320080940576,2328.0099999999948,0.021585328831984243,0.12788565326336077,0.3057916994419014,0.17770374997666,0.5165045524440837,57.38058782177262,,,,,0.026904049690777636,1
,2025-02-12,95778.21,98119.99,94088.23,97869.99,29198.03865456206,0.021839938524633,0.02128046013342185,0.012045747883739959,96721.09285714288,100688.70100000002,1199.910963237433,4031.760000000009,0.040923100593813815,0.012684726477059937,0.1811574680511565,0.1707269926829373,0.6481155412107268,67.63925199137037,-0.16193081095222947,0.1339931037897865,0.3029205619047085,0.5630863526215156,5.968185321625352,1
2025-03-10,2025-03-10,80734.48,84123.46,77459.91,78595.86,47633.38405,-0.0264882230455256,-0.0268453567037924,0.033023143722431,85739.18714285713,91700.05333333332,-7624.75,6663.550000000003,0.0847824554626669,-0.1252042926227053,0.1673171318074067,0.292521424430112,0.5401614466309548,75.0,-0.298718004177014,0.099757257848978,0.3984752620259921,0.5017675037185351,3.0,0
2025-04-18,2025-04-18,84947.92,85132.08,84303.96,84474.69,6529.96315,-0.0055707079785718,-0.0055862822389649,0.0140289768808242,84389.34999999999,83596.115,1050.8500000000058,828.1199999999953,0.0098031729977345,0.1763592194100575,0.3145606069093836,0.138201387499326,0.5472380088176578,56.0,,,,,0.0,0
,2025-04-17,84030.38,85470.01,83736.26,84947.91,13656.214540375719,0.0109190271423262,0.01056389236503634,0.02185271843805108,84239.22857142857,83675.15666666666,5305.777213534378,1733.75,0.02011431565886257,-0.007173161319390223,0.2075221412815153,0.217055132567522,0.5754227269320719,62.03005415574386,,,,,0.0,1
,2025-06-03,105858.0,106794.67,104872.5,105376.89,13243.172543555926,-0.0045447679480784,-0.004553295448860996,0.011260547249312074,105546.67142857144,104867.28966666666,-3534.8388507486698,1922.1699999999985,0.017930144558489323,0.1594381152027956,0.2781542074151857,0.115753511113093,0.6060922799502001,85.54055177437819,,,,,0.0046184687428291555,1
,2025-11-19,92960.83,92980.22,88608.0,91554.96,32346.9698791879,-0.0151232513737237,-0.014884029826277099,0.020602548196401362,94410.66142857145,104467.88233333331,-10030.577643833929,4372.220000000001,0.047777929664970825,-0.06126165609938009,0.2435039124972776,0.3027992836891784,0.4536968015920405,108.5069355742427,,,,,0.0,1
2025-04-09,2025-04-09,76322.42,83588.0,74620.0,82615.22,75488.28772,0.0824502158081466,0.0792271898213657,0.0448325773919014,81024.54714285715,83544.09733333332,98.93000000000757,8968.0,0.1085514267225821,-0.0409371772759848,0.1937018713532862,0.234639048629271,0.5716590745035898,88.0,,,,,0.0,0
2025-04-19,2025-04-19,84474.7,85677.99,84364.45,85077.01,9666.58153,0.0071301830169485,0.007104883451191,0.0112719993677735,84360.79428571429,83624.56899999999,-199.88999999999945,1313.540000000008,0.0154394236468819,0.1916002845391631,0.2155031925615142,0.0239029080223511,0.7605938858845654,17.0,-0.1116700556594878,0.0659977234899997,0.1776677791494876,0.7563345059752464,4.0,0
,2025-09-21,115685.63,115819.06,115188.0,115232.29,4180.41114384866,-0.0039187235268547,-0.003919321965425277,0.0077798328901700995,116030.01285714286,112915.17533333332,-10.95622298474639,631.0599999999977,0.0053455166357871935,0.1436712493305842,0.210148190613836,0.0658222912267471,0.7240295074880123,24.419584005457494,,,,,0.0,1
,2025-04-10,82615.22,82753.21,78464.36,79607.3,33143.14754842205,-0.0364087876301727,-0.0369415944631266,0.04679617901992118,80509.43428571429,83433.241,-3590.2097329346793,4288.850000000006,0.053992647799224365,0.07668631147199988,0.2561791876762889,0.181990307998722,0.5618305050268553,68.90544314188188,0.08059251942283388,0.0937802717089653,0.0129779921844601,0.8932417035102844,0.9348993739871043,1
2025-03-28,2025-03-28,87232.01,87515.67,83585.0,84424.38,27182.73169,-0.0321857767578666,-0.0327151282624945,0.0185849252357295,86197.09714285715,85322.52966666665,335.59000000001106,3930.6699999999983,0.0465584704323561,-0.0727803809951021,0.191809409680738,0.2645897906758401,0.5436007920142314,73.0,0.1034725026693195,0.1269390783272683,0.0234665756579488,0.8495943546295166,4.0,0
,2025-04-17,84030.38,85470.01,83736.26,84947.91,13655.042709555568,0.0109190271423262,0.01080955638874681,0.0215939856533178,84239.22857142857,83675.15666666666,5359.770096311385,1733.75,0.020618386162802812,-0.01042395338835618,0.2075221412815153,0.217055132567522,0.5754227269320719,61.53791488649028,,,,,0.0,1
2025-03-25,2025-03-25,87498.16,88539.63,86310.0,87392.87,22643.25248,-0.0012033395902268,-0.0012040641846587,0.0256165222929797,85710.31999999999,85519.79,4677.8399999999965,2229.6300000000047,0.0255127220332734,0.2296116109006107,0.3215652510327728,0.0919536401321621,0.5864811113398326,95.0,-0.2103666879702359,0.0472228284925222,0.2575895164627582,0.6951876664534211,8.0,0
2025-11-27,2025-11-27,90484.01,91950.0,90089.91,91333.95,16833.50932,0.0093931503043298,0.0093493089928668,0.0194510352508399,87741.0157142857,98156.69533333337,4696.720000000001,1860.0899999999965,0.0203658113987186,0.1911477595878144,0.3436708703792343,0.1525231107914199,0.5038060237032672,60.0,,,,,0.0,0
,2025-01-23,103706.66,106850.0,101262.28,103910.34,53847.947139290176,0.0019640011547956,0.0020370235178809627,0.027516162459278338,103712.30142857145,97933.58413793104,3999.877003603709,5587.720000000001,0.05379607273608511,0.10587995945376888,0.2271334369308673,0.1203449489763723,0.6525216155613844,65.19077610169734,0.1063509844379879,0.1397312820578614,0.0332789363649984,0.8269897898038229,12.03432697392216,1
,2025-06-11,110274.39,110392.01,108064.0,108645.12,13560.721350459897,-0.0147746906602702,-0.015047731639130976,0.02469193501743628,106609.4,106347.69033333332,3911.531728940522,2328.0099999999948,0.021606970263703645,0.12905572909266466,0.3057916994419014,0.17770374997666,0.5165045524440837,57.32484137137232,,,,,0.012141966648785894,1
,2025-09-24,111998.8,113940.0,111042.66,113307.0,12393.250503112864,0.0116804822908815,0.012049954876472578,0.011228032408461257,114511.51714285716,112878.94766666666,-3144.0487417541826,2897.3399999999965,0.025450627045289047,0.17231269227637996,0.3606698735584986,0.1884396256043993,0.4508905014633361,57.99463176617337,,,,,0.0,1
,2025-03-24,86082.5,88765.43,85519.09,87498.16,29927.87066248538,0.0164453866929981,0.01625366748225735,0.02693783308717244,85042.05714285714,85815.29433333334,3413.832968969919,3246.3399999999965,0.03684504298698718,0.29941101135494275,0.3533429362811148,0.051060597722729,0.5955964700939754,60.193217498759395,-0.027161621779338438,0.0438116732984781,0.0684291599318385,0.8877591788768768,1.8618985451529126,1
,2025-05-17,103463.9,103709.86,102612.5,103126.65,11102.828599265315,-0.0032595910264353,-0.003260715599887654,0.008062056371270459,103553.58857142855,96594.84066666669,-1703.7724441002872,1097.3600000000006,0.010242583402441939,0.18138120591732637,0.3816367304325104,0.2003244998119771,0.418038775101304,24.923998182841306,,,,,0.04215976237154157,1
,2025-08-09,116674.74,117944.05,116299.13,116462.25,9389.577133046383,-0.0018212168289383,-0.0019202854854645053,0.01121711064743059,115570.69285714289,117210.324,3916.7477912843356,1644.9199999999985,0.014263893079458542,0.12323823437343687,0.2707952428609133,0.1469912393382046,0.5822135281817216,41.100919472662945,,,,,0.0504689852952307,1
2025-03-30,2025-03-30,82648.53,83534.64,81565.0,82389.99,9864.49508,-0.0031283069247198,-0.0031332103056849,0.0160273480421933,85499.30285714286,85188.53,-3692.5099999999934,1969.64,0.0239063022097708,-0.2301293555647134,0.1748704469895788,0.4049998025542923,0.4201297598137032,21.0,-0.0153240584768354,0.0896924267988652,0.1050164852757006,0.8052910836413503,40.0,0
2025-01-06,2025-01-06,98363.61,102480.0,97920.0,102235.6,25263.43375,0.0393640493674438,0.0386090351235702,0.0138746899651138,97449.49571428572,96172.27916666667,9443.550000000005,4560.0,0.0446028584954751,0.1904716322477907,0.276914014276117,0.0864423820283264,0.636643598806113,100.0,0.1818393324501812,0.2080340674147009,0.0261947349645197,0.7657712201277415,6.0,0
,2025-08-24,115438.06,115666.68,110680.0,113493.59,21150.014211130852,-0.0168441861240726,-0.017016649685970803,0.022849066214874293,114534.12285714284,116512.47733333334,-3943.2199333864673,4986.679999999993,0.044134083755681605,0.11087277383929561,0.2543245451224427,0.1427965715767875,0.6028788874466573,30.79853353335836,,,,,0.03696737356443092,1
,2025-04-05,83889.87,84266.0,82379.95,83537.99,9425.56474756917,-0.0041945469697353,-0.004009737592989096,0.018537605177121982,83322.22571428571,84071.54899999998,882.4936716723689,1886.050000000003,0.02225738253038992,0.12535542260861107,0.2423534433080537,0.1164182444304429,0.6412283086998237,37.5988298806308,0.01372546985935309,0.0499156683683395,0.0330005183815956,0.9170838117599488,5.027001724402221,1
2025-02-07,2025-02-07,96554.35,100137.99,95620.34,96506.8,31794.22065,-0.0004924687494659,-0.0004925900520273,0.0239427610175167,98157.35285714285,100254.476,-5922.759999999995,4517.650000000009,0.046811727256525,0.007863564380946,0.1518202873233419,0.1439567229423958,0.7042229911312461,52.0,0.1433218444104899,0.2186643874103372,0.0753425429998473,0.7059930752624165,11.0,0
2025-02-06,2025-02-06,96612.44,99120.0,95676.64,96554.35,23515.20405,-0.0006011648811647,-0.0006013456532248,0.0241562286071142,99003.46142857142,100206.26966666666,-8168.5899999999965,3443.3600000000006,0.0356624015386153,0.0600892861711454,0.2416844575225815,0.181595171351436,0.5767203722108196,91.0,0.0870333429999076,0.1414387183120617,0.0544053753121541,0.8041559148293275,13.0,0
2025-11-20,2025-11-20,91554.96,93160.0,86100.0,86637.23,39733.19073,-0.053713419786323,-0.055209816891895,0.025471863685449,92545.69142857144,103745.86766666666,-13054.790000000008,7060.0,0.0814892165873724,-0.0991270503415385,0.1788953095371645,0.2780223598787031,0.5430823300427537,123.0,,,,,0.0,0
2025-06-11,2025-06-11,110274.39,110392.01,108064.0,108645.12,13115.91638,-0.0147746906602702,-0.0148849235207292,0.0247099729697137,106609.4,106347.69033333332,3948.2599999999934,2328.0099999999948,0.0214276536304621,0.1280879494652413,0.3057916994419014,0.17770374997666,0.5165045524440837,57.0,,,,,0.0,0
,2025-01-03,96984.79,98976.91,96100.01,98174.18,15209.05572171317,0.0122636755722211,0.012457576185793092,0.01401499918803236,95022.43,95027.51555555555,3957.222020335182,2876.9000000000087,0.029387677040311443,0.06439764840345723,0.1995785615660927,0.1337969062398329,0.666624536907131,32.768170027063775,0.7595719459712978,0.7704574465751648,0.0099707636982202,0.2195717841386795,0.9227334353917187,1
,2025-05-26,109004.2,110422.22,108670.58,109434.79,14584.490369630974,0.0039503068643507,0.0035508635039812743,0.02132295597352263,108815.62571428572,101965.14033333331,3941.3939252923196,1751.6399999999994,0.01575446854011762,0.12702763135674738,0.2483694429487683,0.1225954451230029,0.6290351149387831,42.73673366112298,,,,,0.0130965263278993,1
,2025-11-15,94594.0,96846.68,94558.49,95596.24,15177.954945057125,0.0105951751696724,0.010471620559542942,0.026325862307880855,100761.38714285714,106527.85533333334,-6787.151550265673,2288.189999999988,0.02429437435670441,-0.17791775463793658,0.1645360312291554,0.3433985504017648,0.4920654095975416,98.06690260479529,,,,,0.13607846716222224,1
,2025-05-16,103763.71,104550.33,103100.49,103463.9,15648.02636439814,-0.0028893531274085,-0.0029627821877641907,0.011052504613671611,103794.0,95988.88266666669,539.746583166396,1449.8399999999965,0.014177525454502987,0.18944192755729447,0.2984650683408575,0.1093715488104455,0.5921633822648827,67.01974896106506,0.2926048695045808,0.3338950285688042,0.04269968601875,0.6234052963554859,3.941782931529068,1
2025-04-05,2025-04-05,83889.87,84266.0,82379.95,83537.99,9360.40468,-0.0041945469697353,-0.0042033687594591,0.0187516661901971,83322.22571428571,84071.54899999998,889.4500000000116,1886.050000000003,0.0225771532209477,0.1259351988776108,0.2423534433080537,0.1164182444304429,0.6412283086998237,37.0,0.0169151499867439,0.0499156683683395,0.0330005183815956,0.9170838117599488,5.0,0
,2025-08-19,116227.05,116725.69,112732.58,112872.94,18063.601461342936,-0.0288582563181289,-0.029510785175486318,0.021682163262845288,117547.03285714284,117159.384,-7312.4381632638215,3993.1100000000006,0.03559866544194681,-0.04021359723941157,0.2063614465578487,0.2454575908469092,0.5481809557161548,65.9317847481969,-0.03275548227326832,0.0337703414261341,0.0678710490465164,0.8983585238456726,1.0559391053462988,1
2025-06-22,2025-06-22,102120.02,103399.62,98200.0,100963.87,28746.41072,-0.0113213854953597,-0.0113859602263607,0.0110459442201671,103896.13428571427,105831.611,-4630.139999999999,5199.619999999995,0.0514998087929869,0.1280879494652413,0.3057916994419014,0.17770374997666,0.5165045524440837,57.0,,,,,0.0,0
,2025-07-15,119841.17,119940.83,115736.92,117758.09,31957.989148253957,-0.0173820885274994,-0.017849757026501246,0.018784086135306605,116982.50857142858,108946.35066666668,8767.692399369245,4203.910000000004,0.03552915510494644,0.13673769866504681,0.2916650899595791,0.1558033878013732,0.5525315197244767,154.8109446761305,,,,,0.1253738469441807,1
,2025-05-10,102971.99,104984.57,102818.76,104809.53,15213.039673695854,0.0178450469880206,0.017743726513932606,0.026003481048987052,99131.27714285711,92088.15666666666,8918.687498789941,2165.810000000012,0.020341767136417534,0.27651634549889387,0.3714014055828253,0.093853620889907,0.5347449642916521,48.50124769953119,,,,,0.1747405666933739,1
,2025-09-19,117073.53,117459.99,115100.0,115632.38,9167.877385159349,-0.0123097851410134,-0.012539201371596071,0.007986858606054522,116068.35285714285,112865.77766666668,-411.93303046863326,2359.990000000005,0.020329058109201114,0.12975878021963994,0.2707795766445826,0.1417706149788397,0.58744980359696,53.49175574482257,,,,,0.01575742197902486,1
,2025-10-25,111004.9,111943.19,110672.86,111646.27,6333.344153501896,0.005777943656356,0.005865206382495523,0.01503424871616916,109681.33142857144,114163.63666666666,4418.0172913933175,1270.3300000000015,0.011038450765879,0.15135992029733977,0.2717132771225727,0.121872481505346,0.6064142508472762,45.41071023080652,,,,,0.08970252200679096,1
2025-06-21,2025-06-21,103297.98,103982.64,100837.9,102120.01,11154.21332,-0.0114037068872299,-0.0114692277493546,0.0111617559800136,104557.58285714289,106043.42533333336,-3294.6300000000047,3144.740000000005,0.0307945524094641,0.1280879494652413,0.3057916994419014,0.17770374997666,0.5165045524440837,57.0,0.2637593857944011,0.2802382707595825,0.0164788849651813,0.7032828330993652,1.0,0
,2025-01-08,96954.6,97268.65,92500.9,95060.61,33769.822644775435,-0.0195349143274362,-0.02005562941904498,0.029868486311188144,97999.12857142856,96148.755,511.0578842629345,4767.75,0.050079214998614584,-0.07442482253410011,0.1714034148026257,0.2479399574804119,0.5806566314771772,80.12095916990387,0.1623174045354859,0.2587484559044242,0.0931021657306701,0.6481493711471558,7.910102743948731,1
,2025-08-29,112566.9,112638.64,107463.9,108377.4,22518.710006503472,-0.0372178677746299,-0.03829553514371926,0.01945046348451326,111859.02142857145,115275.56366666668,-8589.705478467167,5174.740000000005,0.04780129274439124,0.08125784541045164,0.2457011991867884,0.1633209903347527,0.5909778134165597,84.18955060794136,,,,,0.0,1
,2025-09-20,115632.39,116121.81,115408.47,115685.63,4773.6102088955695,0.0004605111474831,0.00013373236843196957,0.008058332036648285,116035.11571428573,112971.96533333333,-160.78689873905756,713.3399999999965,0.0060831642158087505,0.0755024976032916,0.261732108731355,0.1862929978540965,0.5519748966608728,35.079041197553416,,,,,0.07371459510623732,1
,2025-10-26,111646.27,115466.8,111260.45,114559.4,13588.244662900179,0.0260924973131657,0.02546841962194625,0.016737089092610204,110526.56285714284,114327.50133333332,5904.908062813654,4206.350000000006,0.0362661021198327,0.07450270081058363,0.2325006585232303,0.1593944525773652,0.6081048936934256,60.84636748508296,,,,,0.07683461013509889,1
,2025-02-18,95780.01,96753.91,93388.09,95671.74,23471.23808000527,-0.0011302986009604,-0.0011965177444396386,0.012681604450746299,96731.16142857142,99763.27933333334,-54.445675827807236,3365.820000000007,0.03503359625837117,0.023841335121002574,0.2085073816971006,0.1832200382539833,0.608272583858872,43.941294854559764,0.023411528088122073,0.1315493541769683,0.1100220611115219,0.758428581757471,32.10118928754319,1
2025-09-09,2025-09-09,112065.23,113293.29,110766.66,111546.39,15379.28248,-0.0046298035528057,-0.0046405542886385,0.0067881227158527,111147.64285714286,113464.77666666666,306.38000000000466,2526.62999999999,0.0226509347366597,0.1736606534583213,0.297847591901887,0.1241869384435656,0.5779654653870487,73.0,,,,,0.0,0
,2025-02-25,91552.88,92540.69,86050.99,88680.4,78346.03605411583,-0.0313750916410277,-0.031838636215791485,0.024134494290211927,94881.94857142855,97627.128,-6926.897436810772,6489.699999999997,0.07349205975451999,-0.2365094746761352,0.1470208085697739,0.3800118477240267,0.4729673445162152,118.94930076630395,-0.11876074011934247,0.157308200167285,0.275304412158827,0.5673874153031243,8.848628348989257,1
2025-11-26,2025-11-26,87369.97,90656.08,86306.77,90484.02,21675.82239,0.0356422276031715,0.0350217440422705,0.0302043227233375,87070.05571428571,98875.512,-1070.9400000000023,4349.309999999998,0.0480671614722687,-0.010231753992603,0.2580561131876158,0.2682878671802188,0.4736560138530637,95.0,,,,,0.0,0
,2025-05-22,109643.99,111980.0,109177.37,111696.21,31697.932342927244,0.0187171225709681,0.01885388566939039,0.015759415711867786,106686.96285714286,100079.10833333334,7943.610856042017,2802.6300000000047,0.024922936848683838,0.28031680058493114,0.3433042813790962,0.0634666451369412,0.5932290663709864,160.28058780600077,,,,,0.0171560973428642,1
2025-01-10,2025-01-10,92552.49,95836.0,92206.02,94726.11,31482.86424,0.0234852676573045,0.0232137319338375,0.03081064574717,96873.36142857144,95835.073125,-3448.0699999999924,3629.979999999996,0.0383207966631375,-0.1533284577437573,0.1519035376769341,0.3052319954206914,0.5428644758821638,81.0,,,,,0.0,0
2024-12-29,2024-12-29,95300.0,95340.0,93009.52,93738.2,13576.00578,-0.0163882476390346,-0.0165240203981765,0.0153626343130873,94782.2075,94782.2075,0.0,2330.479999999996,0.0248615825778604,-0.0178416341336237,0.2012910154234204,0.2191326495570441,0.5795763400900695,18.0,,,,,0.0,0
,2025-04-05,83889.87,84266.0,82379.95,83537.99,9557.374014636847,-0.0041945469697353,-0.004449840773710306,0.01872938318221248,83322.22571428571,84071.54899999998,841.4674793962548,1886.050000000003,0.0222406874846097,0.12621350958087962,0.2423534433080537,0.1164182444304429,0.6412283086998237,37.86501031957982,0.020091899235520943,0.0499156683683395,0.0330005183815956,0.9170838117599488,4.949322284620515,1
2025-09-08,2025-09-08,111137.35,112924.37,110621.78,112065.23,11582.40211,0.0083490391258238,0.0083143786859431,0.0090997923625298,111103.87428571428,113723.03066666666,2827.8099999999977,2302.5899999999965,0.0205468725669861,0.0530022955088711,0.2625263465212329,0.2095240510123617,0.5279495983439333,68.0,,,,,0.0,0
,2025-04-16,83643.99,85500.0,83111.64,84030.38,21027.212883785935,0.0046194592103987,0.004430595226509493,0.027631481630314914,83476.28428571428,83600.72733333334,1441.0360174567684,2388.3600000000006,0.028621693414725726,0.017662906509071367,0.2664322730595783,0.2480078691979712,0.4855598637486918,58.77071607674277,,,,,0.0,1
,2025-01-06,98363.61,102480.0,97920.0,102235.6,25178.76432264957,0.0393640493674438,0.03915504127717266,0.013814259000017037,97449.49571428572,96172.27916666667,9413.2870890047,4560.0,0.04454628891791102,0.1907319371225729,0.276914014276117,0.0864423820283264,0.636643598806113,99.98356485379085,0.18275860689015624,0.2080340674147009,0.0261947349645197,0.7657712201277415,6.0938525663638305,1
,2025-05-25,107761.9,109299.99,106600.64,109004.19,17684.076355094552,0.0115280065099068,0.011473526820773966,0.0217128340716464,108264.04714285716,101471.58066666666,2490.8016753561305,2699.350000000006,0.02465250641622325,-0.098567228899915,0.1692499825014518,0.2693705640685482,0.5613794552448851,39.165486271042944,,,,,0.17038685038011286,1
,2025-08-02,113297.92,114063.49,112003.0,112546.35,11446.538767189668,-0.0066336604737614,-0.006657508894390649,0.011543825843572547,116411.04142857142,115904.366,-5470.992982196133,2060.490000000005,0.01824438955908613,0.11657896249289836,0.2714286703719861,0.1544500127848651,0.5741213155496452,35.95440564475009,,,,,0.0,1
,2025-03-24,86082.5,88765.43,85519.09,87498.16,30218.46753964763,0.0164453866929981,0.016252841667814925,0.026996950164253505,85042.05714285714,85815.29433333334,3383.371136592235,3246.3399999999965,0.03727703839097851,0.300691314191651,0.3533429362811148,0.051060597722729,0.5955964700939754,59.28143449341388,-0.028187224491887725,0.0438116732984781,0.0684291599318385,0.8877591788768768,1.9414016941019645,1
2025-08-05,2025-08-05,115055.03,115127.81,112650.0,114129.75,12042.79078,-0.0080420647406723,-0.0080745765687901,0.0128929281155604,114691.74857142856,116504.612,-3821.0099999999934,2477.8099999999977,0.0217104655008882,0.0986948153697588,0.2264671232155028,0.127772307845744,0.6457605846622523,47.0,,,,,0.0,0
2025-06-23,2025-06-23,100963.87,106074.2,99613.33,105333.93,27666.50609,0.0432834042514416,0.0423728593887924,0.0213501307666167,103687.47714285714,105750.67833333332,-1460.6000000000058,6460.869999999995,0.0613370259706439,0.1280879494652413,0.3057916994419014,0.17770374997666,0.5165045524440837,57.0,,,,,0.0,0
2025-10-11,2025-10-11,112774.49,113322.39,109561.59,110644.4,35448.51652,-0.0188881351724016,-0.0190687944931956,0.0307319285407777,119694.44285714286,116259.656,-11746.600000000006,3760.800000000003,0.0339899714761886,-0.0684339886166803,0.1956110132480229,0.2640450018647032,0.5403439867701652,69.0,,,,,0.0,0
,2025-06-03,105858.0,106794.67,104872.5,105376.89,13334.023944408684,-0.0045447679480784,-0.004240660553590093,0.01123595759272105,105546.67142857144,104867.28966666666,-3666.8184959239343,1922.1699999999985,0.01826233652352135,0.1627280335954158,0.2781542074151857,0.115753511113093,0.6060922799502001,86.06147148048808,,,,,0.0,1
2025-11-15,2025-11-15,94594.0,96846.68,94558.49,95596.24,15110.89391,0.0105951751696724,0.0105394396407166,0.0263156883719271,100761.38714285714,106527.85533333334,-6716.699999999997,2288.189999999988,0.023935983256245,-0.1788625191726094,0.1645360312291554,0.3433985504017648,0.4920654095975416,98.0,,,,,0.0,0
,2025-02-05,97763.14,99149.0,96155.0,96612.43,25942.495238037347,-0.011770285996367,-0.01182399106493146,0.025189450211338466,100170.40285714286,100219.61166666666,-7078.666154572117,2994.0,0.03076832880169231,0.0640926094025812,0.2724975031292574,0.207206678675544,0.5202958096439639,65.90907743537576,0.042583115634110914,0.0697927544824779,0.0266840391559526,0.903523214161396,8.03093817660999,1
2025-01-04,2025-01-04,98174.17,98778.43,97514.79,98220.5,8990.05651,0.0004718144831972,0.0004717032137415,0.0142260060471196,95439.64428571428,95346.814,2920.5,1263.6399999999994,0.0128653387022057,0.1106005408801138,0.2593232481740415,0.1487227072939276,0.591954064289374,28.0,,,,,0.0,0
2025-09-01,2025-09-01,108246.36,109912.4,107255.0,109237.42,16053.60219,0.0091556897761448,0.0091140305348327,0.0177405082388544,110038.51857142858,114765.28833333332,-874.5599999999977,2657.399999999994,0.0243268286636575,0.1520945300942222,0.2552181950063797,0.1031236649121575,0.6416581402500642,58.0,0.0599995432421565,0.0728394761681556,0.0128399329259991,0.9143205881118774,1.0,0
2025-01-17,2025-01-17,99987.3,105865.22,99950.77,104077.48,39171.85292,0.0409069951883889,0.0400924438437183,0.0204331817471564,97829.16285714286,96441.97,9351.369999999995,5914.449999999997,0.0568273751439792,0.131534201366206,0.2712562207380931,0.139722019371887,0.5890217629323403,75.0,-0.0182085084788342,0.1315044483685113,0.1497129568473455,0.718782595576758,47.0,0
,2025-07-28,119415.56,119800.0,117427.5,118062.32,14024.431790540702,-0.0113321087580302,-0.011600122155830018,0.012438253405178597,118580.51,114645.017,718.2531609811723,2372.5,0.020125405509246044,0.09904105100704368,0.2245400257856596,0.1249746524646312,0.6504853148532065,79.19263137348648,,,,,0.0,1
2025-08-04,2025-08-04,114208.81,115720.0,114107.6,115055.03,9667.67916,0.0074094990928894,0.0073821836009087,0.0128581573121354,115237.60714285714,116340.415,-3007.290000000008,1612.3999999999942,0.0140141634833348,0.3240245526567811,0.4091804449313453,0.0851558922745642,0.5056636708655528,42.0,0.1914801690727472,0.2065477222204208,0.0150675531476736,0.7783847451210022,1.0,0
,2025-09-15,115268.01,116757.99,114384.0,115349.71,13123.439620883164,0.0007087829485388,0.0006344693311554177,0.010094542776600482,114793.50142857144,112693.57033333332,3293.786034419036,2373.990000000005,0.020408818719504427,0.1819716166217103,0.3102992606145562,0.128759620260098,0.5609411236073356,64.12456728385379,,,,,0.0,1
,2025-09-01,108246.36,109912.4,107255.0,109237.42,16276.326335071466,0.0091556897761448,0.009236507598100623,0.01772757566829899,110038.51857142858,114765.28833333332,-802.0335132674808,2657.399999999994,0.02430146156419768,0.1535788478601975,0.2552181950063797,0.1031236649121575,0.6416581402500642,58.5293469089758,0.06114935257167517,0.0728394761681556,0.0128399329259991,0.9143205881118774,0.966613218020449,1
,2025-06-13,105671.74,106179.53,102664.31,106066.59,26008.5003830075,0.003736666372359,0.003962888353158143,0.02208306985602362,107458.14285714284,106485.24966666666,1773.0483965274668,3515.220000000001,0.032956600600948696,0.12983833080855076,0.3057916994419014,0.17770374997666,0.5165045524440837,57.45520610263349,,,,,0.0678362836889987,1
,2025-07-11,116010.01,118869.98,115222.22,117527.66,25811.770742475546,0.0130821480906819,0.013223863363605074,0.016305798050580446,111337.07571428572,107234.386,9430.095523381642,3647.7599999999934,0.030797293313976126,0.260389245482479,0.342468288982391,0.0817521021413016,0.5757796062808956,196.52241114539814,,,,,0.03913832141023776,1
2025-12-01,2025-12-01,90360.01,90417.0,83822.76,86286.01,34509.01227,-0.0450862107127048,-0.0461342155738557,0.0241034246422679,89646.72571428571,95499.65766666668,-2014.0,6594.240000000005,0.0764230493448475,-0.386208180580414,0.1024544483862464,0.4886626289666605,0.4088829148913154,148.0,,,,,0.0,0
,2025-09-03,111240.01,112575.27,110528.71,111705.71,11929.623249874992,0.0041864433489353,0.004291871959816438,0.018223219818599253,110027.16,114554.68466666668,444.3019006335254,2046.5599999999977,0.018132330112386852,0.22153592559012583,0.342713519860551,0.1208103381202749,0.5364761501550674,53.630851462505944,,,,,0.15422870183227863,1
,2025-05-11,104809.53,104972.0,103345.06,104118.0,17900.00519101322,-0.0065979687152494,-0.006449224620055416,0.024352648612241422,100537.0457142857,92777.962,9819.77367817328,1626.9400000000023,0.015595123075820394,0.19145310778489522,0.2552133992201451,0.063932005852235,0.6808545889727997,32.64686823634668,0.29035255259445747,0.3242787979543209,0.0319595824306209,0.6437616025408109,2.91877007439776,1
,2025-05-18,103126.65,106660.0,103105.09,106454.26,21445.742192045884,0.0322672170578604,0.03192215712638333,0.015072746344785637,103887.34,97327.493,2322.8231140272233,3554.9100000000035,0.03346294181562447,0.023993943092303852,0.1590374029197153,0.1346047006636148,0.706357885506891,20.751842339477488,,,,,0.0,1
,2025-02-17,96118.12,97046.59,95205.0,95780.0,16497.492328224085,-0.0035177550289164,-0.0035327370127814723,0.014254034758499394,96746.37,99951.94033333332,-1672.351889728638,1841.5899999999965,0.019162983859798352,0.14636156803533326,0.2373123993271623,0.0910641677063805,0.6716234370092438,88.14688833563471,-0.33288865166249615,0.0453580448403954,0.3736203074455261,0.5810216411948204,9.999951351514973,1
2025-07-17,2025-07-17,118630.44,120998.71,117453.57,119177.56,15728.57651,0.0046120544281935,0.0046014514935447,0.010685995426646,118491.65142857144,109828.427,3167.5599999999977,3545.1399999999994,0.0297467073499407,0.2302534441649913,0.3157037912681699,0.0854503471031785,0.5988458563884099,75.0,,,,,0.0,0
,2025-02-23,96551.01,96650.0,95227.94,96258.0,11033.689258591714,-0.0030347688750226,-0.0032685994876829115,0.012253296375214542,96484.58571428571,98531.58033333332,14.716275085202895,1422.0599999999977,0.014916040631187948,0.11224075725834154,0.185235045654209,0.0742629456186765,0.740502003188196,19.10222782912371,0.19270591648915025,0.3478128649294376,0.1522591005389889,0.4999280373255412,3.0213120632676453,1
,2025-05-13,102791.32,104976.25,101429.7,104103.72,21383.4720888499,0.0127676150087381,0.012700727725135369,0.02571917611519929,102726.66571428571,94039.9,7269.052475647998,3546.550000000003,0.03365372893808685,0.13631799158339192,0.2644278847831575,0.127838723210837,0.6077333876780946,67.99138366079958,0.07486949341220596,0.0910137444734573,0.0158951710909605,0.893091082572937,1.0194871258043625,1
2025-08-20,2025-08-20,112872.95,114615.38,112380.0,114271.24,15636.34194,0.0123882659563931,0.0123121592980693,0.0182907614891108,116256.29142857144,117055.74666666666,-9035.189999999988,2235.3800000000047,0.0195620525339534,0.0024894036046446,0.2025917929992692,0.2001023893946246,0.5973058103086197,73.0,,,,,0.0,0
2025-03-29,2025-03-29,84424.38,84624.73,81644.81,82648.54,11696.39864,-0.0210346821617168,-0.0212590631891735,0.0203526780772747,86026.80428571429,85253.86166666666,-1192.050000000003,2979.9199999999983,0.0360553253572295,-0.1345560215836898,0.1575827386907556,0.2921387602744454,0.5502784957431934,22.0,-0.0908886388642713,0.0616932217963039,0.1525818606605753,0.7857249174267054,8.0,0
,2025-05-26,109004.2,110422.22,108670.58,109434.79,14700.58651764235,0.0039503068643507,0.004070204245837233,0.02114896823964521,108815.62571428572,101965.14033333331,3922.8367550184958,1751.6399999999994,0.016167180506168593,0.12601013606058448,0.2483694429487683,0.1225954451230029,0.6290351149387831,42.27814536876419,,,,,0.13740630460914996,1
,2025-07-19,117924.84,118499.9,117277.34,117840.0,6510.741819846365,-0.0007194412983727,-0.0010104944296604136,0.010882816488732079,118608.39142857144,110702.40933333331,482.86309486685633,1222.5599999999977,0.010611877696833763,0.15529615595550522,0.2836684954818338,0.1287686121213482,0.5875628979410976,32.32535059429132,0.1683021051779208,0.1806329935789108,0.0159331914037466,0.803433895111084,1.0590617509028972,1
,2025-05-25,107761.9,109299.99,106600.64,109004.19,17693.33135652222,0.0115280065099068,0.011595406494626946,0.02173714826267762,108264.04714285716,101471.58066666666,2562.252124139725,2699.350000000006,0.025211802467636418,-0.10240621355470567,0.1692499825014518,0.2693705640685482,0.5613794552448851,38.464065489868695,,,,,0.0014976163300038504,1
,2025-08-02,113297.92,114063.49,112003.0,112546.35,11321.16515797298,-0.0066336604737614,-0.0066179581309561315,0.011506227989035177,116411.04142857142,115904.366,-5322.783797477978,2060.490000000005,0.01862662940756481,0.1165847527299,0.2714286703719861,0.1544500127848651,0.5741213155496452,36.06016156026894,,,,,0.03125864242710584,1
2025-10-06,2025-10-06,123482.32,126199.63,123084.0,124658.54,19494.628793,0.0095254939756148,0.0094804125139022,0.0137352387776436,120848.16,115408.70266666666,10346.579999999987,3115.6300000000047,0.0249933137352643,0.2287652348087908,0.3523751622515506,0.1236099274427598,0.5240149080817555,116.0,,,,,0.0,0
2025-06-28,2025-06-28,107047.58,107577.75,106811.51,107296.79,3282.17352,0.0023279365747514,0.0023252311283283,0.0175486075618376,105858.9742857143,105549.55633333333,5176.779999999999,766.2400000000052,0.0071413133608191,0.1280879494652413,0.3057916994419014,0.17770374997666,0.5165045524440837,57.0,0.159325111657381,0.1764320582151413,0.0171069465577602,0.806460976600647,1.0,0
,2025-03-27,86909.17,87756.39,85800.0,87232.01,17107.781727844234,0.0037146828119518,0.003758319263956692,0.012043778210231728,86149.1557142857,85316.72,3021.6031199826843,1956.39,0.02248702124794181,0.053735328417333625,0.2376491575822478,0.1830109179966518,0.5793399197644875,61.87612113700875,-0.09106162250841028,0.2628669401630759,0.3556177161633968,0.3815153524279594,4.967619773142461,1
,2025-08-21,114271.23,114821.76,112015.67,112500.0,10880.317607334231,-0.015500313114656,-0.01530524414213658,0.013204914696534072,115428.42142857144,116807.266,-5802.346004340503,2806.0899999999965,0.025065153074108937,-0.0953101772558086,0.2155059626031863,0.3104250658336177,0.4740689709586532,56.57422819230389,,,,,0.0,1
,2025-05-31,103985.47,104900.0,103068.55,104591.88,11536.042413981211,0.0058315834095299,0.005817310829657375,0.011830563400915631,107046.57714285716,103872.06866666667,-3149.163417910431,1831.449999999997,0.017279453983301878,-0.026161579385867013,0.1972169934249505,0.2234526781206269,0.57933033398557,40.98423541975249,,,,,0.0,1
,2025-05-21,106850.0,110797.38,106100.01,109643.99,45609.72411280482,0.0261488091856629,0.026139951949533755,0.01566709422916127,105553.74857142856,99470.66766666666,6109.032463067904,4697.37000000001,0.04267602636976252,0.3549061587048653,0.4361244021815115,0.0825686128810048,0.481306981029255,112.17253618381656,,,,,0.0,1
2025-05-28,2025-05-28,108938.17,109284.7,106769.43,107781.78,15633.78829,-0.0106151039621833,-0.0106718460844975,0.0189242585153265,108847.90714285716,102897.12266666668,-1862.2100000000064,2515.270000000004,0.023336690115899,0.0987803573961128,0.2521625711791009,0.153382213782988,0.5944552168224033,143.0,,,,,0.0,0
2025-03-11,2025-03-11,78595.86,83617.4,76606.0,82932.99,48770.06853,0.0551826775608792,0.0537139060247328,0.0413526722326999,85117.90285714285,91249.06133333336,-4348.989999999991,7011.399999999994,0.0845429544985655,-0.070572695059299,0.1858639361500438,0.2564366312093428,0.5576994268827744,74.0,-0.0067791579058393,0.1162369796657003,0.1230161375715397,0.7607469040667638,16.0,0
,2025-08-13,120134.09,123667.79,118920.92,123306.43,23186.780006464716,0.0264067448637388,0.026365596711243864,0.014320325845329544,118861.36,117461.82533333333,8268.588633201418,4746.869999999995,0.03842937722834446,0.15919556667341406,0.2862953136815396,0.127246060389515,0.5864586225927693,72.94883678902525,,,,,0.1626095263943989,1
,2025-10-09,123306.01,123762.94,119651.47,121662.4,21653.72810285222,-0.0133294405787228,-0.013355547208295656,0.01594019164569446,122723.6,116460.449,1124.9959031604424,4111.470000000001,0.033653243144883764,0.08692148839771587,0.2358958438921131,0.1479629863886848,0.6161411711848096,95.10270618739695,,,,,0.01602732628135687,1
,2025-05-21,106850.0,110797.38,106100.01,109643.99,45460.76905255326,0.0261488091856629,0.025634871785329957,0.015501923801786967,105553.74857142856,99470.66766666666,6149.660447807596,4697.37000000001,0.04316807107417897,0.35145178077129413,0.4361244021815115,0.0825686128810048,0.481306981029255,112.23767501312666,,,,,0.0,1
2025-09-29,2025-09-29,112163.96,114400.0,111560.65,114311.96,15541.12005,0.0191506272737365,0.0189695620345703,0.0204786067945391,111436.50142857144,112944.40933333331,1660.9700000000012,2839.350000000006,0.0248386083136008,0.1664024395005846,0.3122451964903761,0.1458427569897914,0.5419120476408689,54.0,,,,,0.0,0
2025-03-04,2025-03-04,86221.16,88967.52,81500.0,87281.98,55609.10706,0.0123099337849732,0.0122347826584605,0.0569845252887014,86735.10428571429,94110.64133333332,-1398.4199999999985,7467.520000000004,0.085556262587077,-0.0484825176186859,0.1800197349977679,0.2285022526164539,0.5914780079270713,80.0,0.051608487298446,0.1189875778342996,0.0673790905358535,0.8136333652905056,7.0,0
,2025-03-16,84338.44,85117.04,81981.12,82574.53,17481.805884716385,-0.0209146624006799,-0.021382167522636646,0.032488226974982035,82460.13142857143,88932.54266666666,1855.3459833810018,3135.9199999999983,0.03774588707200098,-0.02129153270385,0.120468216172109,0.1432875420820588,0.7362442398443818,23.22967826603724,-0.12959239613253726,0.0443681463599205,0.1729216922074556,0.7827101409435272,4.852784416962111,1
,2025-05-18,103126.65,106660.0,103105.09,106454.26,21452.11119589265,0.0322672170578604,0.031581980256137246,0.014890541929536968,103887.34,97327.493,2344.192708833923,3554.9100000000035,0.03344327245488145,0.025143594198507296,0.1590374029197153,0.1346047006636148,0.706357885506891,21.08538280601117,,,,,0.04190838865956221,1
,2025-08-19,116227.05,116725.69,112732.58,112872.94,18198.218799384693,-0.0288582563181289,-0.02891055779661892,0.021636097089200387,117547.03285714284,117159.384,-7257.566499781201,3993.1100000000006,0.0355977569285881,-0.03960193194812559,0.2063614465578487,0.2454575908469092,0.5481809557161548,65.94717197136784,-0.0384544166288592,0.0337703414261341,0.0678710490465164,0.8983585238456726,0.8652778910039854,1
2025-07-02,2025-07-02,105681.13,109730.0,105100.19,108849.6,17691.89592,0.0299813192779714,0.0295406654537451,0.0147057259477732,107332.23,105881.41933333334,1509.020000000004,4629.809999999998,0.0425340102306301,0.18122478686504,0.2809389343346692,0.0997141474696291,0.6193469145820161,121.0,,,,,0.0,0
2025-09-23,2025-09-23,112650.99,113290.5,111458.73,111998.8,12301.3203,-0.0057894741981406,-0.0058062981699451,0.0090714363213628,114960.17285714288,112772.447,-4790.160000000004,1831.770000000004,0.0163552645206913,0.0481250100985985,0.2600762671727228,0.2119512570741241,0.527972478687457,73.0,,,,,0.0,0
,2025-04-18,84947.92,85132.08,84303.96,84474.69,6707.961105198377,-0.0055707079785718,-0.0051682505281885165,0.014101144357538781,84389.34999999999,83596.115,1048.0077107936281,828.1199999999953,0.009812497005701689,0.1770432536815379,0.3145606069093836,0.138201387499326,0.5472380088176578,56.058393974951684,,,,,0.0,1
,2025-12-02,86286.01,92307.65,86184.39,91277.88,28118.52185309011,0.0578525997435739,0.05643833195164602,0.03286743347046964,90205.0,94857.56433333334,3917.8055119271958,6123.259999999995,0.0673227276413276,-0.04147586190937789,0.2559251242120118,0.2976469991076058,0.446427872438446,136.3785436380936,-0.9354262307637182,0.0127893770113587,0.9485076069831848,0.0387030206620693,0.9930540222944176,1
2025-08-19,2025-08-19,116227.05,116725.69,112732.58,112872.94,18065.47424,-0.0288582563181289,-0.0292828443291047,0.0216876981915792,117547.03285714284,117159.384,-7261.139999999999,3993.1100000000006,0.0353770354524299,-0.0390961442890605,0.2063614465578487,0.2454575908469092,0.5481809557161548,66.0,-0.0341007076203823,0.0337703414261341,0.0678710490465164,0.8983585238456726,1.0,0
,2025-05-17,103463.9,103709.86,102612.5,103126.65,11184.718417377593,-0.0032595910264353,-0.0029295111075692964,0.007987981534291035,103553.58857142855,96594.84066666669,-1721.007892398465,1097.3600000000006,0.010704685446980644,0.18054095729821462,0.3816367304325104,0.2003244998119771,0.418038775101304,24.988133324324885,,,,,0.15029599383489667,1
2025-04-22,2025-04-22,87516.22,93888.0,87076.03,93442.99,43872.74705,0.0677218385664009,0.0655272558342847,0.0249129308029259,86381.20714285715,84028.78833333333,9799.0,6811.970000000001,0.0728997434692532,0.2425143560671824,0.3547839644431536,0.1122696083759711,0.5329464194364846,84.0,0.2745930221863091,0.2967463620007038,0.0221533398143947,0.6811002530157566,4.0,0
,2025-10-07,124658.54,125126.0,120574.94,121332.95,21451.695312273663,-0.0266775946517583,-0.026852787950738113,0.019808196949910407,121888.73428571426,115748.55633333334,7285.347860164586,4551.059999999998,0.03741884741402408,0.2658326314989878,0.3911348209917746,0.1259681591952874,0.4828970127462132,74.29991229744361,-0.35174736396851064,0.0394183211028575,0.3911311626434326,0.5694504976272583,0.96009134797109,1
,2025-08-13,120134.09,123667.79,118920.92,123306.43,23316.78405216758,0.0264067448637388,0.02652758779774537,0.014361497817014957,118861.36,117461.82533333333,8403.822706935669,4746.869999999995,0.03841400489377651,0.1596014644654387,0.2862953136815396,0.127246060389515,0.5864586225927693,73.03528276280603,,,,,0.028505301564822363,1
,2025-06-08,105552.15,106488.14,104964.14,105734.0,7951.579364391102,0.0017228450581063,0.0014422141809338498,0.017765090158049297,104716.43,105765.56766666664,-25.311699085012663,1524.0,0.014630850473542057,0.24372491490075748,0.3329622292528963,0.0896615882843939,0.5773761875720488,35.952880375087545,,,,,0.047534460395187245,1
,2025-04-03,82516.28,83998.02,81211.24,83213.09,27311.080478874872,0.0084443932222353,0.008765863115475038,0.023211280414295123,83271.52,84508.55033333335,-4051.581620198393,2786.779999999999,0.03335803048362629,-0.0922555567619774,0.1960806152479642,0.2875395713566357,0.5163798063345577,91.60489399136362,0.03388194670441064,0.0550229549407959,0.0194335309788584,0.9255435268084208,5.870371954506629,1
2025-05-01,2025-05-01,94172.0,97424.02,94130.43,96489.91,21380.45343,0.0246135794078918,0.0243155458100097,0.0121328615015443,94706.55571428571,86842.58733333331,2509.4400000000023,3293.590000000011,0.0341340353618322,0.187152636598166,0.2691621143292163,0.0820094777310503,0.6488284079856436,71.0,0.008108243967096,0.091700067743659,0.083591823776563,0.8247081083910806,42.0,0
2025-04-21,2025-04-21,85179.24,88465.99,85144.76,87516.23,31773.37262,0.0274361452391449,0.0270665197044683,0.0124615237765861,84981.34999999999,83783.43866666667,2924.649999999994,3321.2300000000105,0.0379498751260196,0.2219810794383563,0.2973325773383732,0.0753514979000168,0.6273159220883692,54.0,-0.0044381633800055,0.1234815792579736,0.1279197426379791,0.7485986908099481,14.0,0
,2025-10-04,122232.21,122800.0,121510.0,122391.0,8397.781491647756,0.0013008050265068,0.001240221092909844,0.014217603350425542,117753.16857142858,114498.93966666666,12742.330378646408,1290.0,0.010519194712441227,0.1464520596192116,0.3139613049433511,0.1649352639831383,0.5211034232531401,33.91899460802229,,,,,0.0,1
,2025-10-25,111004.9,111943.19,110672.86,111646.27,6346.28505996128,0.005777943656356,0.005615135070101931,0.015013654787176147,109681.33142857144,114163.63666666666,4481.484131667761,1270.3300000000015,0.01160334756014939,0.1499567287194267,0.2717132771225727,0.121872481505346,0.6064142508472762,45.98262069539544,,,,,0.0,1
2025-02-21,2025-02-21,98305.01,99475.0,94871.95,96181.98,32249.2814,-0.021596256548497,-0.0218328685213355,0.0133922133763187,96610.12428571428,99063.97466666666,-1318.5,4603.050000000003,0.0478577172148047,0.0788964679108021,0.2579353603118278,0.1790388924010256,0.563025739202474,47.0,0.0181064940989017,0.0441803280264139,0.0260738339275121,0.9297457933425904,2.0,0
,2024-12-31,92792.05,96250.0,92033.73,93576.0,19557.526058600637,0.0084484608325821,0.008480544390414893,0.013234935517302631,94249.48,94249.48,59.963186720397715,4216.270000000004,0.045216108150370464,0.04221699589847823,0.233120498585049,0.1909011484356597,0.575978351838421,80.15750495517197,0.12335201638267237,0.2062815304168246,0.0836603924293409,0.7100580646233126,11.012238357187538,1
,2025-08-31,108816.33,109480.02,108076.93,108246.35,9486.910936924161,-0.0052380005831844,-0.00551698724651369,0.01968424420829006,110163.45571428572,114875.586,-5272.041797828694,1403.090000000011,0.012741489030760599,0.019998180641792214,0.2281018452097972,0.2073606599799611,0.564537500962615,32.811078387667116,,,,,0.07610692749496564,1
,2025-06-04,105376.9,106000.0,104179.0,104696.86,13980.742308322162,-0.0064533124862576,-0.006109160223961558,0.011189759426141433,105105.96857142856,105199.39566666663,-3105.0610197189553,1821.0,0.017355149693727024,0.17714819171563903,0.3071755289313305,0.1318208143530211,0.5610036554869758,82.72449625790463,,,,,0.055579886067691625,1
2025-09-20,2025-09-20,115632.39,116121.81,115408.47,115685.63,4674.92752,0.0004605111474831,0.000460405144767,0.0079200334907151,116035.11571428573,112971.96533333333,-232.6599999999889,713.3399999999965,0.0061661936750484,0.0754391108772584,0.261732108731355,0.1862929978540965,0.5519748966608728,35.0,,,,,0.0,0
2025-02-10,2025-02-10,96462.75,98345.0,95256.0,97430.82,20572.87537,0.0100356873508169,0.0099856642396464,0.0145313541501908,96825.00285714286,100536.46666666666,-3897.699999999997,3089.0,0.0317045468774664,-0.0584985929328882,0.1762985387620957,0.234797131694984,0.5889043331865156,57.0,-0.027133075783596,0.0795044019696829,0.106637477753279,0.8138581204997457,46.0,0
,2025-09-22,115232.29,115379.25,111800.0,112650.99,20650.12403358236,-0.022400839209218,-0.022844180131447126,0.011522717960258486,115644.48142857142,112822.27333333336,-2695.2493069256734,3579.25,0.03193721473277925,0.006717791349427559,0.2035905242946587,0.1982560777252442,0.5981533998917592,94.73540724258561,,,,,0.031858033484496284,1
2025-07-09,2025-07-09,108922.99,111999.79,108324.53,111233.99,17282.2865,0.0212169185969757,0.0209949736167124,0.0118385791848773,109055.84142857142,106747.11433333336,2384.3899999999994,3675.2599999999934,0.0330407998490389,0.3188206210747481,0.4126059510594895,0.0937853299847413,0.4936087139311336,62.0,,,,,0.0,0
,2025-10-13,114958.81,115963.81,113616.5,115166.0,22720.318314908935,0.0018023848543999,0.001486186955064133,0.03536239162730785,117120.72142857144,116198.89233333334,-9477.438434283275,2347.3099999999977,0.020206944577100604,0.1297104987306692,0.2775310934849188,0.148582381970236,0.5738865212130715,71.36201625887531,,,,,0.0,1
,2025-11-20,91554.96,93160.0,86100.0,86637.23,39542.36771114337,-0.053713419786323,-0.054909485573107576,0.025584238687231916,92545.69142857144,103745.86766666666,-13129.518564731146,7060.0,0.08165088940757513,-0.09998078428295107,0.1788953095371645,0.2780223598787031,0.5430823300427537,123.22402168577439,,,,,0.014743386344233871,1
,2025-11-16,95596.23,96635.11,93005.55,94261.44,23747.147104853546,-0.0139628922643819,-0.013768930394150584,0.022017557486074767,99266.88428571427,106122.18066666668,-10453.029971690916,3629.5599999999977,0.038253765998098314,0.008994197184490514,0.1744336850972751,0.1674620429274894,0.6581042702230862,59.13786011103977,,,,,0.047160920171171426,1
2025-09-15,2025-09-15,115268.01,116757.99,114384.0,115349.71,13212.51149,0.0007087829485388,0.0007085318805328,0.0100106661423633,114793.50142857144,112693.57033333332,3284.4800000000105,2373.990000000005,0.0205808059682161,0.1815396403544582,0.3102992606145562,0.128759620260098,0.5609411236073356,64.0,,,,,0.0,0
,2025-05-10,102971.99,104984.57,102818.76,104809.53,15336.311004126426,0.0178450469880206,0.01769078587942148,0.025968679823260277,99131.27714285711,92088.15666666666,8851.299509321623,2165.810000000012,0.0207540176791008,0.2783657993431283,0.3714014055828253,0.093853620889907,0.5347449642916521,47.55588821992739,,,,,0.0,1
,2025-08-02,113297.92,114063.49,112003.0,112546.35,11594.184164344162,-0.0066336604737614,-0.006601938895844208,0.011437340734357065,116411.04142857142,115904.366,-5376.847182499197,2060.490000000005,0.01864071020000634,0.1171334868861416,0.2714286703719861,0.1544500127848651,0.5741213155496452,35.72601636098883,,,,,0.0,1
2025-10-26,2025-10-26,111646.27,115466.8,111260.45,114559.4,13454.47737,0.0260924973131657,0.0257578960116831,0.0166777362432131,110526.56285714284,114327.50133333332,5916.619999999995,4206.350000000006,0.0367176329484966,0.073106205945865,0.2325006585232303,0.1593944525773652,0.6081048936934256,61.0,,,,,0.0,0
2025-12-02,2025-12-02,86286.01,92307.65,86184.39,91277.88,28210.22732,0.0578525997435739,0.0562410040171468,0.0328368244715952,90205.0,94857.56433333334,3907.9199999999983,6123.259999999995,0.0670837228033779,-0.0417218748955939,0.2559251242120118,0.2976469991076058,0.446427872438446,137.0,-0.935718229971826,0.0127893770113587,0.9485076069831848,0.0387030206620693,1.0,0
,2025-06-06,101508.69,105333.0,101095.8,104288.44,15806.828960185647,0.0273844561864069,0.026986240792003423,0.017688390262039017,104566.23857142856,105597.149,349.741439639945,4237.199999999997,0.04045713433251485,0.012204373023330158,0.2345580448052042,0.2218874581604685,0.5435544912741609,73.18745813712145,0.13855506303014506,0.1517048627138137,0.0125234238803386,0.8357716798782349,0.9837582744474079,1
2025-05-24,2025-05-24,107318.3,109506.03,106875.41,107761.91,16782.53129,0.0041335913818985,0.0041250715632717,0.0242978121401584,107899.77142857145,100992.73033333333,4635.260000000009,2630.619999999996,0.0244114084466394,-0.1013488168033158,0.1357616452363933,0.2371104620397091,0.6271278907703918,41.0,,,,,0.0,0
2025-04-29,2025-04-29,95011.18,95461.53,93742.54,94256.82,16955.3402,-0.0079396972019502,-0.00797138443391,0.0080089277211185,94279.3614285714,86077.46866666667,813.8300000000017,1718.9900000000052,0.0182373010250081,0.2284810596870051,0.3235816877217047,0.0951006280346995,0.5813176861653725,63.0,0.1254990918561816,0.3416161224246025,0.2161170305684208,0.4422668404877186,5.0,0
,2025-04-07,78430.0,81243.58,74508.0,79163.24,78380.72550514532,0.0093489736070382,0.009322889884440824,0.030888047876780126,82272.68857142856,83557.18366666668,-3279.9466845288302,6735.580000000002,0.0851499677599169,-0.19018805512042505,0.1527913726192522,0.341723212318376,0.5054854145768951,93.75377002418632,-0.06146894129524086,0.0866304498018794,0.148588800508725,0.7647807462827155,37.95274180973956,1
2025-02-14,2025-02-14,96608.13,98826.0,96252.82,97500.48,18173.02646,0.0092366957898164,0.0091942983898785,0.0135446105755594,96870.73142857142,100590.38133333335,993.679999999993,2573.179999999993,0.0263914598164028,0.1376748990420419,0.2852578739732949,0.1475829749312529,0.5671591547720912,67.0,0.0609875231981277,0.0767021007835865,0.0157145775854587,0.9075833082199096,5.0,0
,2025-01-15,96560.85,100681.94,96500.0,100497.35,30466.122619849826,0.0407669318603831,0.040006233837939026,0.02207630539619333,95431.13714285716,95909.54904761905,5472.4249266848465,4181.940000000002,0.041659673395000894,0.14974243800662995,0.2929474954052191,0.1432879900951918,0.5637645184046083,57.194385846045236,0.4815429586804035,0.5011441602061192,0.0202975249849259,0.4785583081344763,5.8741097757484235,1
,2025-06-26,107340.59,108272.45,106562.5,106947.06,10792.964334299922,-0.0036660878858676,-0.003040959727326643,0.020156300579462987,104583.77714285711,105517.128,2351.842364513363,1709.949999999997,0.01632808345735142,0.1285395695442716,0.3057916994419014,0.17770374997666,0.5165045524440837,57.326318619303834,,,,,0.0,1
2025-05-17,2025-05-17,103463.9,103709.86,102612.5,103126.65,11250.89622,-0.0032595910264353,-0.003264915065874,0.0080654265534071,103553.58857142855,96594.84066666669,-1682.8800000000049,1097.3600000000006,0.010640896412324,0.1813122306205332,0.3816367304325104,0.2003244998119771,0.418038775101304,25.0,,,,,0.0,0
,2024-12-30,93738.19,95024.5,91530.45,92792.05,27433.361225953817,-0.010093537106537,-0.009929518856454319,0.012752140464866979,94384.176,94384.176,32.27816515158486,3494.050000000003,0.03789335159281797,0.09029571848968572,0.3075953067374834,0.2180338767559632,0.474370809379911,68.66210852106293,-0.052549571241888096,0.0716904492371461,0.1254915859211575,0.8028179606930776,11.060538615124951,1
,2025-02-16,97569.67,97704.47,96046.18,96118.12,8457.275308595592,-0.0148769607273409,-0.014994451620366623,0.0149613106170494,96982.2014285714,100244.48133333331,-428.18054685118193,1658.290000000008,0.017076583392771443,-0.018176980986963402,0.1820994686836806,0.1977324947499885,0.6201680381424152,25.85876501465786,0.05869875042279721,0.154862234989802,0.0934723445938693,0.7516654166910384,8.974669864341932,1
,2025-09-14,115918.29,116165.19,115135.0,115268.01,6951.644781634644,-0.0056098136023228,-0.005690695960177449,0.00994154132253305,114324.29,112761.26866666669,4162.777115314207,1030.1900000000023,0.009029796685427513,0.1967476081742618,0.3073317897082729,0.1100513329306109,0.5826168889179826,22.301633259611624,,,,,0.11159458488152865,1
2025-11-11,2025-11-11,106011.13,107500.0,102476.09,103058.99,24196.50718,-0.0278474533758861,-0.0282425458643332,0.0226474429035343,103525.18571428572,108381.691,1561.770000000004,5023.910000000004,0.0487479064174799,-0.002466558633993,0.2568221157830622,0.2592886744170553,0.4838892056296269,90.0,0.0179487876594066,0.0450647361576557,0.027115948498249,0.9278192520141602,1.0,0
2025-01-14,2025-01-14,94536.11,97371.0,94346.22,96560.86,27846.61753,0.0214178499007255,0.021191710994825,0.0186585385298966,94654.46,95680.159,-393.75,3024.779999999999,0.0313251145443402,0.0523649056589132,0.2443668322368083,0.192001926577895,0.5636312429989246,76.0,0.0640579856932163,0.1892522193491458,0.1251942336559295,0.6855535507202148,5.0,0
,2025-11-08,103339.09,103406.22,101454.0,102312.94,12131.992718961137,-0.0099298348698285,-0.010276636962213679,0.027419435450694463,104214.88,109201.17833333332,-7727.842816823429,1952.2200000000007,0.01919622812282166,-0.07042715414722851,0.1880202410920035,0.2572983464462653,0.5546814041980912,63.14161218078148,,,,,0.0,1
,2025-11-01,109608.01,110564.49,109394.81,110098.1,7384.859526301151,0.00447129730756,0.004538327878031201,0.01745228855850645,111373.68285714283,113519.87966666667,-1581.156596615272,1169.6800000000076,0.010693325277807784,-0.0035440754404901884,0.2373144517466426,0.2397743922472,0.5229111541062593,49.9803330123727,-0.09420950908033408,0.0339392311871051,0.1306825876235962,0.8353781700134277,1.1746990581345509,1
,2025-03-11,78595.86,83617.4,76606.0,82932.99,48685.25159138948,0.0551826775608792,0.0540034776282879,0.04148292018899137,85117.90285714285,91249.06133333336,-4372.911791493867,7011.399999999994,0.0846521648242769,-0.07086657275454744,0.1858639361500438,0.2564366312093428,0.5576994268827744,73.69369013003752,-0.00871589575706904,0.1162369796657003,0.1230161375715397,0.7607469040667638,15.9097681770655,1
,2024-12-27,95791.6,97544.58,93500.01,94299.03,26393.322173047625,-0.0155814288517991,-0.015912202791767006,-4.3592150355709944e-05,95045.315,95045.315,-82.29913310918846,4044.570000000007,0.0429864493057507,-0.012794070813689966,0.2329279891983197,0.246504361120363,0.5205676445181955,57.3534337027461,0.3941938885201161,0.4259374439716339,0.0304459631443023,0.5436165928840637,0.7931491178956936,1
,2025-09-19,117073.53,117459.99,115100.0,115632.38,8969.590957749442,-0.0123097851410134,-0.012495282520678797,0.007930410267503312,116068.35285714285,112865.77766666668,-384.5919903058029,2359.990000000005,0.01991820454235697,0.13134420020077225,0.2707795766445826,0.1417706149788397,0.58744980359696,53.07999986058231,,,,,0.08854758017618349,1
,2025-05-03,96887.13,96935.67,95753.01,95856.42,9622.019370054993,-0.0106383571648415,-0.010810675373739847,0.013083039381445788,95203.25285714286,87743.06,1261.7137836002044,1182.6600000000035,0.012612687620281131,0.08079527326566643,0.1871659569442272,0.1071131285279989,0.7057209021665833,22.866069065395852,-0.1705921004162279,0.0284420996904373,0.2020380198955536,0.7695199251174927,0.8523322937836454,1
2025-02-02,2025-02-02,100635.66,101456.6,96150.0,97700.59,34619.49939,-0.0291652113341543,-0.029598970722466,0.0184417630367172,101805.76142857142,100323.466,-4919.410000000004,5306.600000000006,0.0543149227655637,0.0110362857661169,0.1414937289310214,0.1304574431649044,0.7280488228425384,46.0,-0.0078419732094249,0.0954447182662346,0.1032866914756596,0.8012685845879948,34.0,0
2025-06-19,2025-06-19,104886.79,105226.17,103929.27,104658.59,7678.60737,-0.0021755839963816,-0.0021779540173212,0.0102291680779202,105423.75857142858,106574.16533333334,-1013.1399999999994,1296.8999999999942,0.0123917205458242,0.1280879494652413,0.3057916994419014,0.17770374997666,0.5165045524440837,57.0,,,,,0.0,0
2025-08-28,2025-08-28,111262.01,113485.9,110862.42,112566.9,11104.27744,0.011728082208833,0.0116598412911834,0.023353225754563,113081.67714285714,115590.99366666666,66.89999999999418,2623.479999999996,0.0233059629429254,0.2631106766251226,0.3648633947759344,0.1017527181508117,0.5333838882741698,57.0,,,,,0.0,0
,2025-09-29,112163.96,114400.0,111560.65,114311.96,15441.353045060432,0.0191506272737365,0.01878429660885037,0.020546927875370102,111436.50142857144,112944.40933333331,1658.3110345447221,2839.350000000006,0.025099925881081935,0.16800750702266345,0.3122451964903761,0.1458427569897914,0.5419120476408689,53.98292483411395,,,,,0.0,1
,2025-03-03,94269.99,94416.46,85117.11,86220.61,59196.20396273299,-0.0853865492733637,-0.08845083913770879,0.05770663215074252,86934.87857142858,94457.92833333332,-5427.386745895119,9299.350000000006,0.10794814726996729,0.1588796583778301,0.2736886973320334,0.1153850360118128,0.6109262707263783,135.19704871390385,0.11305034822992605,0.1465841825120151,0.0390081730438396,0.8144076289609075,8.127294761967379,1
,2025-11-11,106011.13,107500.0,102476.09,103058.99,24285.3806421841,-0.0278474533758861,-0.028026728039205247,0.022947589204920172,103525.18571428572,108381.691,1587.2437408561887,5023.910000000004,0.0488568987419725,-0.0016025948504715694,0.2568221157830622,0.2592886744170553,0.4838892056296269,89.86331410657705,0.015518765035801668,0.0450647361576557,0.027115948498249,0.9278192520141602,0.9562697677044136,1
,2025-10-11,112774.49,113322.39,109561.59,110644.4,35310.829111624735,-0.0188881351724016,-0.018983807840169627,0.030770754962780693,119694.44285714286,116259.656,-11784.842590671105,3760.800000000003,0.03391231971517728,-0.06583027967015447,0.1956110132480229,0.2640450018647032,0.5403439867701652,69.25309035032507,,,,,0.049788206992407595,1
2025-05-29,2025-05-29,107781.78,108891.91,105322.86,105589.75,19834.70116,-0.0203376674610494,-0.0205473253252083,0.0173944985694756,107975.55571428571,103274.887,-6106.460000000006,3569.050000000003,0.0338011028532599,0.1644790736580323,0.2915236221460422,0.1270445484880099,0.5814318305047432,101.0,,,,,0.0,0
2025-10-09,2025-10-09,123306.01,123762.94,119651.47,121662.4,21559.36007,-0.0133294405787228,-0.0134190749805211,0.0158674207760576,122723.6,116460.449,1133.0499999999884,4111.470000000001,0.0337940892173753,0.0879328575034282,0.2358958438921131,0.1479629863886848,0.6161411711848096,95.0,,,,,0.0,0
,2025-10-05,122390.99,125708.42,122136.0,123482.31,22122.24048469047,0.0089165870039462,0.00907367912226631,0.013812332653774165,119370.07714285716,114926.35033333332,11222.62652676534,3572.4199999999983,0.028784010321196783,0.275314103823214,0.3345154742473515,0.0613522107507717,0.6041323166277449,118.23706585290441,,,,,0.08360613483853685,1
,2025-02-02,100635.66,101456.6,96150.0,97700.59,34716.131157440694,-0.0291652113341543,-0.02950411485045041,0.018408444873139262,101805.76142857142,100323.466,-4902.566593077851,5306.600000000006,0.05441625376082989,0.01228910806600185,0.1414937289310214,0.1304574431649044,0.7280488228425384,46.012688144377954,-0.009162624343519516,0.0954447182662346,0.1032866914756596,0.8012685845879948,33.994685384641166,1
2025-01-12,2025-01-12,94599.99,95450.1,93711.19,94545.06,8606.86622,-0.0005806554525006,-0.0005808240981644,0.0307067889877035,95810.63857142856,95694.79,-3818.550000000003,1738.9100000000035,0.0183923940605675,0.0484244838356971,0.1958554373433192,0.1474309535076221,0.6567136193315188,15.0,,,,,0.0,0
2025-05-02,2025-05-02,96489.9,97895.68,96350.0,96887.14,14905.74811,0.004116803508263,0.0041083526584195,0.0120559901148522,95027.76428571428,87321.61566666668,2248.4600000000064,1545.679999999993,0.0159534072323735,0.2226760692273577,0.3122800153245528,0.0896039460971951,0.5981160311649243,75.0,,,,,0.0,0
2025-11-13,2025-11-13,101654.37,104085.01,98000.4,99692.02,36198.50771,-0.0193041381300183,-0.0194928961604392,0.0203815085470983,102970.21285714286,107486.766,-1654.0199999999895,6084.610000000001,0.061034072737216,-0.042650377102406,0.2003718762278137,0.2430222533302198,0.5566058809226248,71.0,,,,,0.0,0
2025-09-07,2025-09-07,110187.98,111600.0,110180.0,111137.34,5681.29944,0.0086159133342778,0.0085790081825398,0.0091733905257183,110699.90142857144,113869.598,2890.9899999999907,1420.0,0.0127769838651887,0.2155828384513204,0.2931344906206835,0.077551652169363,0.6293138723651116,22.0,,,,,0.0,0
,2025-11-07,101346.04,104096.36,99260.86,103339.08,32265.976120324056,0.0196656919204738,0.019420792823611335,0.027912857656691267,105327.04571428572,109846.16033333332,-6130.443253278589,4835.5,0.04670223928318371,-0.03650676411989138,0.2601869037825164,0.2973758803711242,0.4424372190036453,91.14333545371838,,,,,0.0,1
,2025-04-26,94638.68,95199.0,93870.69,94628.0,9414.90818988639,-0.0001128502637609,0.00017565490241595655,0.02476806480573412,91868.09857142858,84958.989,9475.498654514913,1328.3099999999977,0.013882136027670402,0.20362024169313014,0.2957260262272838,0.0945974481292069,0.6096765257211195,36.147740407788866,0.015654350311706474,0.0419477522373199,0.0270271766930818,0.9310250282287598,0.8842133889619892,1
2025-07-04,2025-07-04,109584.77,109767.59,107245.0,107984.24,11793.86615,-0.0146054953981747,-0.0147132057075679,0.0161235656188364,107842.85428571427,106131.26166666669,936.6500000000088,2522.5899999999965,0.0233607237500583,0.312876249971469,0.4434647387674739,0.1305884887960048,0.4259467794289512,62.0,,,,,0.0,0
2025-04-20,2025-04-20,85077.0,85320.76,83949.52,85179.24,8091.67725,0.0012016172171542,0.0012008958529972,0.0082312516817041,84563.54285714286,83660.91733333333,1419.2400000000052,1371.2399999999907,0.0160982887379599,0.0032726942639177,0.1837173840031027,0.180444689739185,0.6358379426722726,24.0,-0.2758103358958448,0.0288011681820665,0.3046115040779114,0.6665873322635889,7.0,0
,2025-10-29,112898.44,113643.73,109200.0,110021.29,21027.83461303957,-0.0254844951370014,-0.025821045069694022,0.018401680334013275,112045.16142857145,114358.02233333333,2426.3195539779845,4443.729999999996,0.040855839982877326,-0.03136039399954554,0.2059231525287032,0.2378017775037071,0.5562750704247843,55.030176683496606,,,,,0.20197692127887157,1
2025-06-24,2025-06-24,105333.94,106290.0,104622.02,106083.0,14651.69335,0.0071113837677945,0.0070862171209309,0.0197106583048507,103906.30999999998,105653.30533333334,1531.8300000000015,1667.979999999996,0.0157233486986604,0.1280879494652413,0.3057916994419014,0.17770374997666,0.5165045524440837,57.0,,,,,0.0,0
2025-10-23,2025-10-23,107567.45,111293.61,107500.0,110078.18,17573.09294,0.0233410779321325,0.0230728409142147,0.017101139359187,108390.69285714286,114151.981,1883.8999999999944,3793.6100000000006,0.0344628699348045,0.0206055298181516,0.2265810173670096,0.2059754875488579,0.5674434984368938,70.0,,,,,0.0,0
,2025-11-12,103059.0,105333.33,100813.59,101654.37,20372.354494476094,-0.0136292816376331,-0.013603758080483839,0.021089139613303515,103206.50142857144,107931.30333333332,-2208.697070678256,4519.740000000005,0.04447555544787576,-0.10590077329356418,0.1976621448138386,0.30457617737809,0.4977616863230205,97.89371952950934,,,,,0.0,1
,2025-02-21,98305.01,99475.0,94871.95,96181.98,32316.72449836362,-0.021596256548497,-0.021780610818700474,0.013300555663784509,96610.12428571428,99063.97466666666,-1277.9111659371883,4603.050000000003,0.04780960346656715,0.07902142165873421,0.2579353603118278,0.1790388924010256,0.563025739202474,46.59507712199998,0.014704248909070098,0.0441803280264139,0.0260738339275121,0.9297457933425904,1.8806750556843088,1
,2025-08-05,115055.03,115127.81,112650.0,114129.75,11999.454308053506,-0.0080420647406723,-0.008281162141737887,0.012805121267083032,114691.74857142856,116504.612,-3844.7245940526545,2477.8099999999977,0.021694459349770524,0.09729786649496892,0.2264671232155028,0.127772307845744,0.6457605846622523,46.85388829652506,,,,,0.0,1
,2025-10-04,122232.21,122800.0,121510.0,122391.0,8230.387323829313,0.0013008050265068,0.0012748940720565378,0.014040541603948013,117753.16857142858,114498.93966666666,12751.220010043291,1290.0,0.010689240333337869,0.14762678479965602,0.3139613049433511,0.1649352639831383,0.5211034232531401,34.020801639236346,,,,,0.009929655913173201,1
,2025-07-08,108262.94,109216.56,107429.57,108922.98,9110.183221712445,0.006096638424931,0.005709281466321893,0.014358613056465127,108715.21428571428,106714.74866666668,3221.2238902678273,1786.9899999999907,0.016278621630557898,0.16177697628131182,0.257548904169228,0.0934932594351306,0.648957831887426,90.99766988310931,,,,,0.08037951435176555,1
,2025-04-20,85077.0,85320.76,83949.52,85179.24,8176.388131992314,0.0012016172171542,0.0005928679747643015,0.008208499006745461,84563.54285714286,83660.91733333333,1396.9294710860142,1371.2399999999907,0.016058494016383314,0.004596689232946203,0.1837173840031027,0.180444689739185,0.6358379426722726,23.94753411124309,-0.27292378631710035,0.0288011681820665,0.3046115040779114,0.6665873322635889,6.815574243436985,1
,2025-10-04,122232.21,122800.0,121510.0,122391.0,8073.040783102118,0.0013008050265068,0.0014076843915842305,0.01392482035407929,117753.16857142858,114498.93966666666,12767.720613682488,1290.0,0.010225773650145287,0.14966810870916694,0.3139613049433511,0.1649352639831383,0.5211034232531401,34.15307785688358,,,,,0.045926096607004335,1
2025-02-09,2025-02-09,96444.75,97323.09,94713.0,96462.75,14120.91613,0.0001867390590715,0.0001867216255037,0.0213622263349909,97381.81714285717,100442.10566666668,-1237.8399999999965,2610.0899999999965,0.0270580094388766,0.0908980945241637,0.2360821184993256,0.1451840239751618,0.6187338528688997,32.0,-0.1620696958686624,0.1006509669657264,0.2627206628343889,0.6366283531699862,7.0,0
,2025-10-22,108297.66,109163.88,106666.69,107567.44,28519.23000678953,-0.0067428043465754,-0.006903632232040251,0.016740247765326358,108121.56428571428,114216.00166666666,-3196.529160563725,2497.1900000000023,0.023404671264871748,0.05630123579025439,0.2662532300804742,0.2095634363649878,0.5241833306849003,80.30560273154975,,,,,0.10584719096286212,1
2025-06-01,2025-06-01,104591.88,105866.91,103752.49,105642.93,9709.70006,0.0100490592577549,0.0099989031960423,0.0114916033350952,106566.39714285712,104163.92833333332,-3361.2600000000093,2114.4199999999983,0.0200147799762842,0.0755749082658439,0.1927703500725329,0.1171954418066889,0.6900342111941427,40.0,,,,,0.0,0
,2025-06-13,105671.74,106179.53,102664.31,106066.59,26192.53303873621,0.003736666372359,0.003503007477225031,0.0221503291281741,107458.14285714284,106485.24966666666,1708.9300326018104,3515.220000000001,0.03324014143110168,0.1295707235708899,0.3057916994419014,0.17770374997666,0.5165045524440837,57.30848404230737,,,,,0.12328361174683287,1
2025-06-15,2025-06-15,105414.63,106128.57,104494.53,105594.01,7164.20047,0.0017015663099546,0.0017001202861056,0.0218201053096546,107418.5,106611.28433333331,-139.99000000000524,1634.040000000008,0.015474741417624,0.1280879494652413,0.3057916994419014,0.17770374997666,0.5165045524440837,57.0,,,,,0.0,0
2025-01-11,2025-01-11,94726.1,95050.94,93831.73,94599.99,7047.9043,-0.0013314174940783,-0.001332304617859,0.0307678510409844,96356.14571428573,95762.42117647058,-3620.5099999999934,1219.2100000000064,0.0128880563306614,-0.0265604343668029,0.1907653162205541,0.217325750587357,0.591908929567482,37.0,,,,,0.0,0
,2025-12-08,90395.32,92287.15,89612.0,90634.34,15771.297612739068,0.0026442743544992,0.0023399944271022505,0.028138716876870286,90911.76714285716,92395.598,4354.0847488184745,2675.149999999994,0.02914245778909443,0.1914593303459908,0.3021056779276799,0.1120269958642037,0.5858673274736194,84.3039746077402,,,,,0.0,1
2025-02-12,2025-02-12,95778.21,98119.99,94088.23,97869.99,29151.16625,0.021839938524633,0.0216048635909414,0.0118388244186245,96721.09285714288,100688.70100000002,1257.5600000000122,4031.760000000009,0.0411950588735117,0.0104304753682192,0.1811574680511565,0.1707269926829373,0.6481155412107268,68.0,-0.168927458114922,0.1339931037897865,0.3029205619047085,0.5630863526215156,6.0,0
,2025-11-21,86637.22,87498.94,80600.0,85129.43,72151.74623477118,-0.0174036035085609,-0.017453146799764015,0.02134525137953976,91193.61,102997.934,-9490.04681680703,6898.940000000002,0.08043441348438705,-0.210322850511448,0.1538899678965671,0.3655369478789817,0.480573084880734,171.03469979866253,-0.7144934844253112,0.0553910583257675,0.7658340334892273,0.1787749826908111,1.1369578236120828,1
,2025-03-29,84424.38,84624.73,81644.81,82648.54,11704.77184014093,-0.0210346821617168,-0.02129249061448142,0.020349630979887557,86026.80428571429,85253.86166666666,-1242.6476015158805,2979.9199999999983,0.03575040814244685,-0.1347392850408788,0.1575827386907556,0.2921387602744454,0.5502784957431934,21.825659379169934,-0.09128667498742359,0.0616932217963039,0.1525818606605753,0.7857249174267054,7.98470700268078,1
,2025-10-04,122232.21,122800.0,121510.0,122391.0,8283.387619163028,0.0013008050265068,0.0013729957697492395,0.014024885108593281,117753.16857142858,114498.93966666666,12644.392153176192,1290.0,0.010645341394220943,0.1489731076344045,0.3139613049433511,0.1649352639831383,0.5211034232531401,34.040752047266594,,,,,0.005867323164663165,1
,2025-01-21,102260.0,107240.81,100119.04,106143.82,45816.85133580011,0.0379797537668928,0.03750611217243401,0.02728614595619734,102693.39428571428,97498.40518518518,9650.761041586971,7121.770000000004,0.06713259019215545,0.0643675146421464,0.224154328679045,0.1576581074701001,0.6181875604515275,119.81975064525942,,,,,0.0,1
,2025-08-13,120134.09,123667.79,118920.92,123306.43,23041.54994910076,0.0264067448637388,0.026199648932686156,0.014489403272551516,118861.36,117461.82533333333,8367.116591166274,4746.869999999995,0.03882010928272344,0.15873428864204916,0.2862953136815396,0.127246060389515,0.5864586225927693,73.59545238974759,,,,,0.1693750542469674,1
2025-10-05,2025-10-05,122390.99,125708.42,122136.0,123482.31,22043.097553,0.0089165870039462,0.0088770689789275,0.0138650054155171,119370.07714285716,114926.35033333332,11318.36,3572.4199999999983,0.0289306217222531,0.2731632634965797,0.3345154742473515,0.0613522107507717,0.6041323166277449,118.0,,,,,0.0,0
,2025-11-30,90802.44,92000.01,90336.9,90360.0,9824.416562707482,-0.0048725562881349,-0.004714426701566307,0.016241997417855453,89934.43999999999,96293.394,3508.8090393963894,1663.1100000000006,0.0182923453733564,0.06616127170740624,0.2042540123313665,0.138756813686341,0.6569891717284918,49.87358865043836,,,,,0.007740320850826202,1
2025-08-08,2025-08-08,117472.02,117630.0,115878.71,116674.74,10045.31278,-0.0067868933203747,-0.0068100290199484,0.0117101606494006,115011.27857142856,117195.249,3376.810000000012,1751.2899999999936,0.0150100184495803,0.0886008320511251,0.2264856421861095,0.1378848101349844,0.6356295361251071,69.0,,,,,0.0,0
2025-01-21,2025-01-21,102260.0,107240.81,100119.04,106143.82,45941.02002,0.0379797537668928,0.037276279511942,0.027391688441933,102693.39428571428,97498.40518518518,9582.960000000006,7121.770000000004,0.0670954748001344,0.0664962212089449,0.224154328679045,0.1576581074701001,0.6181875604515275,120.0,,,,,0.0,0
,2025-01-17,99987.3,105865.22,99950.77,104077.48,39213.75377908263,0.0409069951883889,0.03992294540183957,0.0204671731031209,97829.16285714286,96441.97,9296.033815151668,5914.449999999997,0.05681231016437383,0.1307867130298242,0.2712562207380931,0.139722019371887,0.5890217629323403,75.0620942549409,-0.014877959281866596,0.1315044483685113,0.1497129568473455,0.718782595576758,46.912814977611106,1
,2025-02-28,84708.57,85120.0,78258.52,84349.94,83677.8507951588,-0.0042338096093689,-0.004482432735720129,0.02450441156145848,89478.69999999998,95832.362,-11764.375544853621,6861.479999999996,0.08142552466981826,-0.2091824659539745,0.1394955085016021,0.3500278639894362,0.5104766241405333,106.6168849623394,0.1314311005583426,0.1462980806827545,0.014548516832292,0.8391534090042114,0.9724309504100677,1
,2025-03-04,86221.16,88967.52,81500.0,87281.98,55629.4419668461,0.0123099337849732,0.012161243927290332,0.057017527415103096,86735.10428571429,94110.64133333332,-1472.7165724070196,7467.520000000004,0.08551863957723624,-0.047268742454490496,0.1800197349977679,0.2285022526164539,0.5914780079270713,79.86255554158315,0.04501225521392252,0.1189875778342996,0.0673790905358535,0.8136333652905056,6.946418274929576,1
,2025-09-09,112065.23,113293.29,110766.66,111546.39,15149.462129309703,-0.0046298035528057,-0.004820317593762816,0.006747757667074791,111147.64285714286,113464.77666666666,298.97977597600686,2526.62999999999,0.022521633918962256,0.1749688190742887,0.297847591901887,0.1241869384435656,0.5779654653870487,72.95115326763927,,,,,0.0,1
2025-08-12,2025-08-12,118686.0,120324.43,118207.47,120134.08,16720.10893,0.0122009335557691,0.0121271021010796,0.0125981500951714,117673.62285714284,117346.317,6004.330000000002,2116.959999999992,0.0176216440830111,0.0572921319754194,0.2469323292785024,0.1896401973030829,0.5634274808847803,59.0,,,,,0.0,0
2025-02-01,2025-02-01,102429.56,102783.71,100279.51,100635.65,12290.95747,-0.0175135966609639,-0.0176687741751541,0.0168937298743288,102508.53428571428,100339.25233333334,-4111.200000000012,2504.200000000012,0.0248838259602835,0.133938955841586,0.2017113375900821,0.0677723817484961,0.7305162850428711,22.0,0.0973103738461549,0.1367082443947975,0.0393978705486426,0.8238938714449222,13.0,0
,2025-05-07,96834.02,97732.0,95784.61,97030.5,16787.88320720771,0.0020290389679165,0.0021395917775128104,0.015207069295256372,96015.61285714286,89671.55066666665,2980.014031702388,1947.39,0.020297109610723042,0.2612501597356305,0.348422094089487,0.0860097035818563,0.5655681959311054,87.7297219424733,-0.05034110036325454,0.0390921148161093,0.0869715909163157,0.8739362955093384,3.1387667466250786,1
,2025-12-05,92078.06,92692.36,88056.0,89330.04,19551.75532364085,-0.0298444602329805,-0.03046009025728741,0.034173479576080495,90509.19714285714,93619.98533333332,-1569.210015443063,4636.360000000001,0.05144786705998009,0.021099528029109853,0.1973036630508991,0.1749003453610035,0.6277959967175355,64.72999761875555,-0.14611539670891752,0.0230646040290594,0.1679048836231231,0.8090305328369141,0.9918562353238543,1
,2025-09-08,111137.35,112924.37,110621.78,112065.23,11650.271185947737,0.0083490391258238,0.008253192798049197,0.009041863538798196,111103.87428571428,113723.03066666666,2869.5930791836818,2302.5899999999965,0.02054866931627808,0.05322363723905788,0.2625263465212329,0.2095240510123617,0.5279495983439333,68.37759930238919,,,,,0.13643291568151453,1
,2025-07-28,119415.56,119800.0,117427.5,118062.32,13985.2472875114,-0.0113321087580302,-0.011394467875712449,0.012467232415643306,118580.51,114645.017,712.7342169388321,2372.5,0.02044312835497384,0.10055119652469734,0.2245400257856596,0.1249746524646312,0.6504853148532065,78.78205535787032,,,,,0.05650080266753984,1
,2025-08-04,114208.81,115720.0,114107.6,115055.03,9807.268600188376,0.0074094990928894,0.007161059868439656,0.012892823187647371,115237.60714285714,116340.415,-3011.92834071857,1612.3999999999942,0.014171929221463268,0.32526409778155263,0.4091804449313453,0.0851558922745642,0.5056636708655528,41.93414972713059,0.19074725972507936,0.2065477222204208,0.0150675531476736,0.7783847451210022,0.9155713167323565,1
,2025-02-21,98305.01,99475.0,94871.95,96181.98,32012.50731520175,-0.021596256548497,-0.02201979178250436,0.013475696775707972,96610.12428571428,99063.97466666666,-1401.0797432955624,4603.050000000003,0.0479016029567166,0.0798422656074999,0.2579353603118278,0.1790388924010256,0.563025739202474,46.73605881808271,0.021159475070897552,0.0441803280264139,0.0260738339275121,0.9297457933425904,1.9992281630989432,1
2025-07-08,2025-07-08,108262.94,109216.56,107429.57,108922.98,9216.0208,0.006096638424931,0.0060781291164992,0.0142785626069193,108715.21428571428,106714.74866666668,3241.8399999999965,1786.9899999999907,0.0164059962369739,0.1640556447340973,0.257548904169228,0.0934932594351306,0.648957831887426,91.0,,,,,0.0,0
,2025-01-04,98174.17,98778.43,97514.79,98220.5,9173.700050132102,0.0004718144831972,8.842338404802539e-05,0.01418753013860034,95439.64428571428,95346.814,2940.2668992093527,1263.6399999999994,0.013172594633523375,0.10957110085157064,0.2593232481740415,0.1487227072939276,0.591954064289374,27.827657468829408,,,,,0.03120550458855973,1
,2025-09-08,111137.35,112924.37,110621.78,112065.23,11651.129775941683,0.0083490391258238,0.008456073643022139,0.00910281809478081,111103.87428571428,113723.03066666666,2772.6941236891757,2302.5899999999965,0.020367628085854482,0.05207940037388162,0.2625263465212329,0.2095240510123617,0.5279495983439333,67.99169977696899,,,,,0.01860451576893886,1
,2025-10-05,122390.99,125708.42,122136.0,123482.31,21975.62659307441,0.0089165870039462,0.009288877856543172,0.013923572094671243,119370.07714285716,114926.35033333332,11348.611767132377,3572.4199999999983,0.028892070011280947,0.2714331401336824,0.3345154742473515,0.0613522107507717,0.6041323166277449,117.90023882576457,,,,,0.0,1
,2025-08-17,117380.66,118575.0,117172.21,117405.01,5818.866331545805,0.0002074447357851,3.160648456668018e-07,0.02065009412744207,118935.61714285715,117359.555,-1960.8579821867904,1402.7899999999936,0.01195105514975377,0.11909508786375526,0.2553593166172504,0.1356021233368665,0.6090385688003153,40.12731834319721,,,,,0.039858104579456266,1
,2025-08-29,112566.9,112638.64,107463.9,108377.4,22466.562124565862,-0.0372178677746299,-0.03740099510977053,0.0196232452076146,111859.02142857145,115275.56366666668,-8557.22538428919,5174.740000000005,0.04766127855194236,0.07992236583369862,0.2457011991867884,0.1633209903347527,0.5909778134165597,84.30275859029727,,,,,0.0,1
,2025-09-03,111240.01,112575.27,110528.71,111705.71,11709.499441685151,0.0041864433489353,0.00397534571595717,0.01829892233433656,110027.16,114554.68466666668,383.0607565835319,2046.5599999999977,0.01840276042691163,0.22209762839659697,0.342713519860551,0.1208103381202749,0.5364761501550674,53.239275783057224,,,,,0.0,1
,2025-08-03,112546.35,114799.97,111920.0,114208.8,7408.929488243994,0.0147712475793306,0.01434863350626835,0.012079330659136323,115667.22,116111.85133333334,-5233.5805901537615,2879.970000000001,0.025199196975701634,-0.005740212085399113,0.1745662718511572,0.1821248624587386,0.6433088707442327,41.42282709744401,,,,,0.02275848938805007,1
2025-06-06,2025-06-06,101508.69,105333.0,101095.8,104288.44,15839.07385,0.0273844561864069,0.0270162096650293,0.0176848373383795,104566.23857142856,105597.149,302.9600000000064,4237.199999999997,0.0406296229956071,0.0126705866447356,0.2345580448052042,0.2218874581604685,0.5435544912741609,73.0,0.1391814388334751,0.1517048627138137,0.0125234238803386,0.8357716798782349,1.0,0
,2025-06-01,104591.88,105866.91,103752.49,105642.93,9456.706073684967,0.0100490592577549,0.009825671994545997,0.011788933222244797,106566.39714285712,104163.92833333332,-3427.3503005553443,2114.4199999999983,0.019785355149153767,0.07620094795013166,0.1927703500725329,0.1171954418066889,0.6900342111941427,40.01988840373825,,,,,0.04943858825666049,1
2025-05-27,2025-05-27,109434.78,110718.0,107516.57,108938.17,21276.65635,-0.0045380449855114,-0.0045483731700125,0.021193646193269,109113.93714285716,102471.436,2088.179999999993,3201.429999999993,0.0293875874727838,0.1000348984386649,0.2457619147518506,0.1457270163131857,0.6085110655525229,91.0,,,,,0.0,0
,2025-05-21,106850.0,110797.38,106100.01,109643.99,45716.32709175633,0.0261488091856629,0.025936946390051164,0.01569093390006358,105553.74857142856,99470.66766666666,6080.971051067964,4697.37000000001,0.04274732206342441,0.353884400458468,0.4361244021815115,0.0825686128810048,0.481306981029255,112.13162967506733,,,,,0.22691380680536152,1
,2025-06-15,105414.63,106128.57,104494.53,105594.01,7351.998474976734,0.0017015663099546,0.0015531621640030742,0.02171852508655069,107418.5,106611.28433333331,-172.62149661078595,1634.040000000008,0.015354814410228642,0.12905276928163747,0.3057916994419014,0.17770374997666,0.5165045524440837,56.95223238555108,,,,,0.12362350938109459,1
,2025-09-15,115268.01,116757.99,114384.0,115349.71,12992.081404146053,0.0007087829485388,0.0006700171650705297,0.010024098904581315,114793.50142857144,112693.57033333332,3329.8487663702917,2373.990000000005,0.020810522529077127,0.18134117714712272,0.3102992606145562,0.128759620260098,0.5609411236073356,64.34957303205371,,,,,0.06685992876225859,1
2025-04-16,2025-04-16,83643.99,85500.0,83111.64,84030.38,20867.24519,0.0046194592103987,0.0046088222541115,0.0277669208370054,83476.28428571428,83600.72733333334,1415.1600000000035,2388.3600000000006,0.0284225776439425,0.018424403861607,0.2664322730595783,0.2480078691979712,0.4855598637486918,59.0,,,,,0.0,0
2025-08-09,2025-08-09,116674.74,117944.05,116299.13,116462.25,9514.13144,-0.0018212168289383,-0.0018228772606176,0.0110885876698189,115570.69285714289,117210.324,3915.899999999994,1644.9199999999985,0.0141240616594647,0.1238040035227086,0.2707952428609133,0.1469912393382046,0.5822135281817216,41.0,,,,,0.0,0
,2025-09-28,109635.85,112350.0,109189.99,112163.95,7682.241281036153,0.0230590632534886,0.022588383153283292,0.020768590028172895,111199.22,112761.22166666666,-2995.170230743515,3160.0099999999948,0.028692419422284624,-0.08645881571816653,0.1412768489340456,0.2266889436215889,0.6320342004935189,40.74395806692587,,,,,0.0,1
2025-04-08,2025-04-08,79163.24,80867.99,76239.9,76322.42,35317.32063,-0.0358855953849287,-0.0365453144265594,0.0277386603671285,81010.41428571429,83410.11866666666,-8835.919999999998,4628.090000000011,0.0606386694761514,-0.1377164172736229,0.1920444774004863,0.3297608946741093,0.4781946252333,64.0,,,,,0.0,0
,2025-09-03,111240.01,112575.27,110528.71,111705.71,11539.650509445837,0.0041864433489353,0.004216931664072117,0.01837717823154338,110027.16,114554.68466666668,354.7673782743214,2046.5599999999977,0.018252598651066876,0.2218816287273276,0.342713519860551,0.1208103381202749,0.5364761501550674,52.89458660834406,,,,,0.0,1
,2025-09-22,115232.29,115379.25,111800.0,112650.99,20544.20976469048,-0.022400839209218,-0.02253956620971417,0.011292028125086066,115644.48142857142,112822.27333333336,-2590.8271590374798,3579.25,0.03192061209063912,0.0055454754306517055,0.2035905242946587,0.1982560777252442,0.5981533998917592,94.95627446569738,,,,,0.05315479052449185,1
,2025-11-03,110540.69,110750.0,105306.56,106583.04,28525.842850554716,-0.0358025660779361,-0.03646780666970571,0.01737719222602633,109724.6357142857,112603.237,-7467.767004335919,5443.440000000002,0.05089938925010623,-0.09353462011462066,0.2175009975908324,0.3106352530885488,0.4718637370388023,63.883855023605555,,,,,0.0,1
,2025-02-02,100635.66,101456.6,96150.0,97700.59,34610.78395769836,-0.0291652113341543,-0.029001046343079175,0.018480075649678223,101805.76142857142,100323.466,-4955.901760959478,5306.600000000006,0.05416293773254908,0.009879433682526358,0.1414937289310214,0.1304574431649044,0.7280488228425384,45.88780118896619,-0.00558631268780139,0.0954447182662346,0.1032866914756596,0.8012685845879948,34.01100341528555,1
,2025-04-05,83889.87,84266.0,82379.95,83537.99,9489.062971611585,-0.0041945469697353,-0.004543982852242183,0.018740765932194807,83322.22571428571,84071.54899999998,879.6336541339248,1886.050000000003,0.02290694206419606,0.12753914220269907,0.2423534433080537,0.1164182444304429,0.6412283086998237,37.14510712412845,0.017762750157639905,0.0499156683683395,0.0330005183815956,0.9170838117599488,4.884601116666824,1
2025-04-24,2025-04-24,93691.07,94005.0,91660.01,93980.47,19497.06071,0.0030887678955136,0.0030840074520417,0.0255073673296127,89051.67285714285,84454.80566666668,9032.559999999998,2344.990000000005,0.0249518862802027,0.2174128078669309,0.3602825186215341,0.1428697107546031,0.4968477684631944,50.0,,,,,0.0,0
2025-02-17,2025-02-17,96118.12,97046.59,95205.0,95780.0,16492.0451,-0.0035177550289164,-0.0035239568777999,0.0142110363486392,96746.37,99951.94033333332,-1650.820000000007,1841.5899999999965,0.0192272917101691,0.1462482316207818,0.2373123993271623,0.0910641677063805,0.6716234370092438,88.0,-0.3282622626051307,0.0453580448403954,0.3736203074455261,0.5810216411948204,10.0,0
2025-05-26,2025-05-26,109004.2,110422.22,108670.58,109434.79,14649.11593,0.0039503068643507,0.0039425248895826,0.0211444437137442,108815.62571428572,101965.14033333331,3861.049999999989,1751.6399999999994,0.0160062444493199,0.1257739978257653,0.2483694429487683,0.1225954451230029,0.6290351149387831,43.0,,,,,0.0,0
,2025-01-29,101335.52,104782.68,101328.01,103733.24,22949.16623171397,0.0236611999425275,0.023592487260883862,0.013628158657833976,103328.46857142856,99584.73333333334,-78.06068469608527,3454.6699999999983,0.03323250948317107,0.11451813037309888,0.2141834542562719,0.0978305926983011,0.6879859570472036,64.2756447577593,0.01753413700825269,0.1491137988632545,0.1348644268000498,0.7160217948257923,7.937840876947689,1
,2025-10-05,122390.99,125708.42,122136.0,123482.31,22068.779451274782,0.0089165870039462,0.009141717584461459,0.013874948088995089,119370.07714285716,114926.35033333332,11315.661326360987,3572.4199999999983,0.02856536852459835,0.2735083586550092,0.3345154742473515,0.0613522107507717,0.6041323166277449,117.89608449285596,,,,,0.07152929888151202,1
2025-07-21,2025-07-21,117265.11,119676.73,116515.0,117380.36,17107.33128,0.0009827304146365,0.0009822478512299,0.0086994959296238,117996.62857142858,111676.65866666666,-2460.8199999999924,3161.729999999996,0.026935766767115,0.1603348015314515,0.2850017863161423,0.1246669847846907,0.5903312291730852,85.0,,,,,0.0,0
,2025-07-31,117840.29,118922.45,115500.0,115764.08,16651.530039369958,-0.0176189300264849,-0.017796776614825132,0.009605727509657127,117795.33,115657.36933333334,-2585.178910266009,3422.449999999997,0.029517618813845976,0.20677018015573742,0.3240620102168935,0.117095119362189,0.5588428695037058,65.62563220538117,,,,,0.0,1
,2025-12-02,86286.01,92307.65,86184.39,91277.88,28118.431449273714,0.0578525997435739,0.05610650391381292,0.032897583515661154,90205.0,94857.56433333334,3857.19718312493,6123.259999999995,0.06702473949677058,-0.04206315327760102,0.2559251242120118,0.2976469991076058,0.446427872438446,137.10003828417993,-0.9351742626585526,0.0127893770113587,0.9485076069831848,0.0387030206620693,1.1622815946886993,1
2025-01-03,2025-01-03,96984.79,98976.91,96100.01,98174.18,15253.82936,0.0122636755722211,0.0121890859126901,0.0142747492938107,95022.43,95027.51555555555,3875.149999999994,2876.9000000000087,0.0293040390049604,0.0657816553262598,0.1995785615660927,0.1337969062398329,0.666624536907131,33.0,0.7604866828769445,0.7704574465751648,0.0099707636982202,0.2195717841386795,1.0,0
,2025-08-11,119294.27,122335.16,118050.11,118686.0,26598.546359248317,-0.0050967353683558,-0.004942203049633148,0.013578856586806529,116815.8614285714,117311.40233333336,3620.519050776323,4285.050000000003,0.03599916044786255,0.17519030618752418,0.2832100447710781,0.1064589242524807,0.6103310314494939,62.44983234855246,0.08085860394427917,0.0953408852219581,0.0154385035857558,0.8892205357551575,0.9616303563948645,1
2025-01-31,2025-01-31,104722.94,106012.0,101560.0,102429.56,21983.18193,-0.0218994997657628,-0.0221428532511645,0.0160793884691581,103095.84857142856,100217.557,-2440.9400000000023,4452.0,0.043464015661104,0.1892045259287226,0.303831308769683,0.1146267828409604,0.5815419094592688,84.0,-0.0671963039785623,0.2497749601801236,0.316971264158686,0.4332537800073623,3.0,0
,2025-01-22,106143.82,106394.46,103339.12,103706.66,22288.40192089363,-0.022960922265658,-0.02348311738716328,0.027566134556933516,103151.86714285714,97720.12857142858,3254.8268802836456,3055.340000000011,0.02965999631870927,0.17235893992093904,0.2586859940959472,0.0865867405823648,0.654727265391856,73.15111655505991,-0.076310042714286,0.0862280298024416,0.1646728891736039,0.7490990918416244,13.10369983907267,1
,2025-08-08,117472.02,117630.0,115878.71,116674.74,9990.038008694888,-0.0067868933203747,-0.006847521277648659,0.011889096663801283,115011.27857142856,117195.249,3315.3331795937975,1751.2899999999936,0.014742917102419498,0.08700310444817622,0.2264856421861095,0.1378848101349844,0.6356295361251071,68.85763666873608,,,,,0.0,1
2025-09-05,2025-09-05,110730.87,113384.62,110206.96,110659.99,21587.40888,-0.0006401105671796,-0.0006403155254173,0.0090748653455711,110090.95428571428,114296.97933333337,2282.590000000011,3177.659999999989,0.0287155276265612,0.1265732357409638,0.2970966173493316,0.1705233816083678,0.532380007049987,71.0,,,,,0.0,0
2025-10-25,2025-10-25,111004.9,111943.19,110672.86,111646.27,6407.96864,0.005777943656356,0.0057613153607323,0.0149649585445224,109681.33142857144,114163.63666666666,4461.260000000009,1270.3300000000015,0.0113781678510173,0.1498407956172266,0.2717132771225727,0.121872481505346,0.6064142508472762,46.0,,,,,0.0,0
,2025-01-20,101331.57,109588.0,99550.0,102260.01,89371.19606886902,0.0091623962798561,0.009454549493156045,0.025521885511336665,101324.4,97165.88923076924,7698.431673113284,10038.0,0.0983452698637563,0.2625047937806052,0.361259301105747,0.0994243027016636,0.5393163949411246,128.22825498327947,0.0016685189180676752,0.0408636648207902,0.0418379809707403,0.9172983467578888,2.07854637413761,1
,2025-05-18,103126.65,106660.0,103105.09,106454.26,21621.848038280263,0.0322672170578604,0.03151190783108509,0.01511293624013931,103887.34,97327.493,2269.7933822638774,3554.9100000000035,0.03352594792960461,0.02661365216283064,0.1590374029197153,0.1346047006636148,0.706357885506891,20.99686041893223,,,,,0.137386132163017,1
,2025-04-16,83643.99,85500.0,83111.64,84030.38,20862.328882786034,0.0046194592103987,0.004616889137727642,0.027569484964687287,83476.28428571428,83600.72733333334,1455.2199447434011,2388.3600000000006,0.02846730057902912,0.018080705041295803,0.2664322730595783,0.2480078691979712,0.4855598637486918,58.728649649777786,,,,,0.018785652344712793,1
,2025-10-23,107567.45,111293.61,107500.0,110078.18,17718.063011268416,0.0233410779321325,0.023271535835565283,0.01717895445838526,108390.69285714286,114151.981,1812.9194040624182,3793.6100000000006,0.034521346008216804,0.02022308746106272,0.2265810173670096,0.2059754875488579,0.5674434984368938,70.26778997426341,,,,,0.10178867167799362,1
,2025-05-01,94172.0,97424.02,94130.43,96489.91,21413.272401875,0.0246135794078918,0.024985950634216453,0.012110749847722304,94706.55571428571,86842.58733333331,2488.532072293302,3293.590000000011,0.034187943026606285,0.18760955266616552,0.2691621143292163,0.0820094777310503,0.6488284079856436,70.96492294084429,0.01012076294641705,0.091700067743659,0.083591823776563,0.8247081083910806,42.15349879329173,1
2025-09-14,2025-09-14,115918.29,116165.19,115135.0,115268.01,6707.60197,-0.0056098136023228,-0.0056256077023168,0.0099858712738106,114324.29,112761.26866666669,4130.669999999998,1030.1900000000023,0.0089373452356816,0.197280456777662,0.3073317897082729,0.1100513329306109,0.5826168889179826,22.0,,,,,0.0,0
,2025-07-21,117265.11,119676.73,116515.0,117380.36,17260.94856567529,0.0009827304146365,0.00124964901577171,0.008852200728464203,117996.62857142858,111676.65866666666,-2513.2779279213155,3161.729999999996,0.02726741706851492,0.15990250363969008,0.2850017863161423,0.1246669847846907,0.5903312291730852,85.77962238601087,,,,,0.1278724060468571,1
2025-10-19,2025-10-19,107185.0,109450.07,106103.36,108642.78,15480.66423,0.0136005025329568,0.0135088458148793,0.0149781985281229,109915.88142857142,114788.392,-6316.020000000004,3346.7100000000064,0.0308047161532501,-0.0787029324398775,0.1658927695326773,0.2445957019725548,0.5895115246863237,56.0,,,,,0.0,0
,2025-02-07,96554.35,100137.99,95620.34,96506.8,31969.1157889634,-0.0004924687494659,-0.0007758691678747822,0.023901594284750215,98157.35285714285,100254.476,-5880.048204338865,4517.650000000009,0.04670175689306384,0.008160127982318192,0.1518202873233419,0.1439567229423958,0.7042229911312461,52.158704824718235,0.13904697483433165,0.2186643874103372,0.0753425429998473,0.7059930752624165,10.950103826198621,1
2025-05-25,2025-05-25,107761.9,109299.99,106600.64,109004.19,17710.04695,0.0115280065099068,0.0114620653391485,0.0217734367097424,108264.04714285716,101471.58066666666,2549.930000000008,2699.350000000006,0.0247637269723302,-0.1001205815670964,0.1692499825014518,0.2693705640685482,0.5613794552448851,39.0,,,,,0.0,0
,2025-09-28,109635.85,112350.0,109189.99,112163.95,7585.3177239095485,0.0230590632534886,0.02267785882262676,0.02086793238516101,111199.22,112761.22166666666,-3122.65409061592,3160.0099999999948,0.028025633460306103,-0.08757184606663615,0.1412768489340456,0.2266889436215889,0.6320342004935189,40.723967210262934,,,,,0.0,1
,2025-01-27,102620.01,103260.0,97777.77,102082.83,50712.955984571854,-0.005234554667706,-0.005428918052663028,0.02040804943501276,104011.57142857143,98966.783,-229.01856672149472,5482.229999999996,0.053722787291071133,-0.08537362465077598,0.1255124301028748,0.2108177183351169,0.6636698494354883,60.35109253611932,0.25938326127843514,0.2847826154902577,0.0254121739417314,0.689805194735527,2.1043148615335587,1
,2025-02-07,96554.35,100137.99,95620.34,96506.8,31646.320566260965,-0.0004924687494659,-0.00031169258646832,0.023806933920850405,98157.35285714285,100254.476,-5905.249425047106,4517.650000000009,0.04660841220103295,0.0052149711726141865,0.1518202873233419,0.1439567229423958,0.7042229911312461,51.685841213078376,0.14323234530932485,0.2186643874103372,0.0753425429998473,0.7059930752624165,11.008752370692088,1
,2025-08-06,114129.75,115716.0,113355.13,114992.27,9879.245526905719,0.0075573634394188,0.007635971234250815,0.01364830163182324,114284.88714285714,116728.923,-2807.5975514819193,2360.869999999996,0.020085450930444775,0.04192922050102351,0.2235611838046206,0.183131262621753,0.5933075548238951,72.72914109520418,,,,,0.05821211854109812,1
,2025-10-29,112898.44,113643.73,109200.0,110021.29,20902.581830219344,-0.0254844951370014,-0.026019630527672016,0.01850214263101211,112045.16142857145,114358.02233333333,2492.0557544009557,4443.729999999996,0.04052297996830357,-0.030417525767477638,0.2059231525287032,0.2378017775037071,0.5562750704247843,54.96081624665769,,,,,0.0,1
,2025-06-14,106066.59,106252.0,104300.0,105414.64,8888.174762806224,-0.006146610351101,-0.005944598184136778,0.02182984812962124,107438.49857142856,106540.28066666666,-161.01341646760022,1952.0,0.018685454132741926,0.1280271311072832,0.3057916994419014,0.17770374997666,0.5165045524440837,56.74256185533071,0.14223549362292856,0.1594341695308685,0.0169205050915479,0.8236453533172607,1.0572001921315324,1
2025-05-22,2025-05-22,109643.99,111980.0,109177.37,111696.21,31630.77313,0.0187171225709681,0.0185441127291967,0.0158611926658326,106686.96285714286,100079.10833333334,7932.5,2802.6300000000047,0.0250915407067079,0.2798376362421549,0.3433042813790962,0.0634666451369412,0.5932290663709864,160.0,,,,,0.0,0
2025-05-21,2025-05-21,106850.0,110797.38,106100.01,109643.99,45531.040345,0.0261488091856629,0.02581277442421,0.0156776419838114,105553.74857142856,99470.66766666666,6136.169999999998,4697.37000000001,0.0428420198863613,0.3535557893005067,0.4361244021815115,0.0825686128810048,0.481306981029255,112.0,,,,,0.0,0
,2025-05-02,96489.9,97895.68,96350.0,96887.14,14737.020159356554,0.004116803508263,0.004070670465470491,0.012057276474799454,95027.76428571428,87321.61566666668,2177.067215556389,1545.679999999993,0.016108825338198653,0.221644060643884,0.3122800153245528,0.0896039460971951,0.5981160311649243,74.96925900309894,,,,,0.04940547864647003,1
,2025-07-30,117950.75,118792.0,115796.23,117840.3,15634.796726049786,-0.000936492482117,-0.0004988342592088762,0.007578867988667154,118163.46,115321.27133333332,-1079.1828871587527,2995.770000000004,0.025057760320750952,0.11701312250343972,0.2714202975904619,0.1553067747956595,0.5732729238130756,74.3514178499864,,,,,0.0,1
,2025-09-04,111705.72,112180.0,109329.12,110730.87,12444.601824920846,-0.0087268591730897,-0.008669843380105903,0.017857008481419804,109764.87,114441.38866666668,-1869.7229577048524,2850.8800000000047,0.025758510301687652,0.08427961607137632,0.23873872772092,0.1565376931219361,0.6047235746285878,80.1316774569906,,,,,0.0,1
,2024-12-29,95300.0,95340.0,93009.52,93738.2,13313.128643010885,-0.0163882476390346,-0.01666632920202223,0.015337404627601199,94782.2075,94782.2075,45.95361850373946,2330.479999999996,0.02506644643831354,-0.019046628993147133,0.2012910154234204,0.2191326495570441,0.5795763400900695,18.033471493806978,,,,,0.14912831474438687,1
,2025-04-07,78430.0,81243.58,74508.0,79163.24,78385.22523093667,0.0093489736070382,0.00937292363820608,0.030792973372624627,82272.68857142856,83557.18366666668,-3337.332214731859,6735.580000000002,0.08524322048732073,-0.1913261403396277,0.1527913726192522,0.341723212318376,0.5054854145768951,94.0393645309881,-0.06509455721128471,0.0866304498018794,0.148588800508725,0.7647807462827155,37.97267838461368,1
,2025-06-15,105414.63,106128.57,104494.53,105594.01,7178.187979250319,0.0017015663099546,0.0016998123331336235,0.021915939533230153,107418.5,106611.28433333331,-97.64207128456874,1634.040000000008,0.01535691644086311,0.128919253042117,0.3057916994419014,0.17770374997666,0.5165045524440837,57.29988082515014,,,,,0.060352278510704425,1
2025-11-16,2025-11-16,95596.23,96635.11,93005.55,94261.44,23889.4051,-0.0139628922643819,-0.0140612904673639,0.0219557652656785,99266.88428571427,106122.18066666668,-10461.520000000004,3629.5599999999977,0.0385052466841159,0.0069716421697857,0.1744336850972751,0.1674620429274894,0.6581042702230862,59.0,,,,,0.0,0
2025-06-30,2025-06-30,108356.93,108789.99,106733.33,107146.5,9754.12491,-0.0111707668351253,-0.0112336284308603,0.0080685863128319,107174.06428571428,105780.42533333336,1812.570000000007,2056.6600000000035,0.0191948407087492,0.1280879494652413,0.3057916994419014,0.17770374997666,0.5165045524440837,57.0,,,,,0.0,0
2025-04-28,2025-04-28,93749.29,95630.0,92800.01,95011.18,22157.53351,0.0134601538358152,0.0133703707308457,0.0254902773877978,94163.1,85681.90766666667,7494.949999999997,2829.990000000005,0.0297858630952694,0.1029759433083966,0.2545168239111994,0.1515408806028027,0.593942291066781,51.0,0.3361204552929848,0.380543977022171,0.0444235217291861,0.5750324744731188,8.0,0
,2025-09-01,108246.36,109912.4,107255.0,109237.42,16037.655911711345,0.0091556897761448,0.009081720763071871,0.01807617770914952,110038.51857142858,114765.28833333332,-894.5663314400929,2657.399999999994,0.024387058917903593,0.15383718126364426,0.2552181950063797,0.1031236649121575,0.6416581402500642,58.02904299913547,0.05556553888842177,0.0728394761681556,0.0128399329259991,0.9143205881118774,1.1723076194239845,1
,2025-05-21,106850.0,110797.38,106100.01,109643.99,45737.167057221704,0.0261488091856629,0.0261399235944505,0.015659170530237628,105553.74857142856,99470.66766666666,6126.257571237127,4697.37000000001,0.04240796710637033,0.3545519473101967,0.4361244021815115,0.0825686128810048,0.481306981029255,111.9456935151073,,,,,0.0,1
2025-05-18,2025-05-18,103126.65,106660.0,103105.09,106454.26,21599.98726,0.0322672170578604,0.0317575648000751,0.0149974083961297,103887.34,97327.493,2336.2599999999948,3554.9100000000035,0.0333937786989454,0.0244327022561005,0.1590374029197153,0.1346047006636148,0.706357885506891,21.0,,,,,0.0,0
,2025-02-02,100635.66,101456.6,96150.0,97700.59,34465.23116333258,-0.0291652113341543,-0.029417513981870112,0.018563438529999535,101805.76142857142,100323.466,-4866.117745788376,5306.600000000006,0.05430378577377099,0.009230782433526671,0.1414937289310214,0.1304574431649044,0.7280488228425384,45.762544080795635,-0.006124648984781389,0.0954447182662346,0.1032866914756596,0.8012685845879948,33.85732799184525,1
2025-07-11,2025-07-11,116010.01,118869.98,115222.22,117527.66,25873.521148,0.0130821480906819,0.0129973158489833,0.0163819086578835,111337.07571428572,107234.386,9543.419999999998,3647.7599999999934,0.0310374596073808,0.2607161868410894,0.342468288982391,0.0817521021413016,0.5757796062808956,197.0,,,,,0.0,0
,2025-10-25,111004.9,111943.19,110672.86,111646.27,6452.4305213084335,0.005777943656356,0.005927040615508183,0.015028276250638106,109681.33142857144,114163.63666666666,4459.30211181116,1270.3300000000015,0.01150947642539933,0.15008323570059462,0.2717132771225727,0.121872481505346,0.6064142508472762,45.32675225598622,,,,,0.012966181720316376,1
2025-10-01,2025-10-01,114048.94,118649.1,113966.67,118594.99,20036.39516,0.039860610704546,0.0390866760019979,0.024674841823461,112484.80428571429,113449.74766666666,5287.990000000005,4682.430000000008,0.0394825278875609,0.0804889461578568,0.2400200152769684,0.1595310691191116,0.6004489101469517,64.0,,,,,0.0,0
2025-10-15,2025-10-15,113028.13,113612.35,110164.0,110763.28,22986.48811,-0.0200380188508808,-0.0202415028158518,0.0332247595134723,114142.50285714286,115971.349,-12542.72,3448.350000000006,0.0311326100129935,-0.0462799796058485,0.1986666674725711,0.2449466470784197,0.5563866822049022,90.0,,,,,0.0,0
,2025-11-30,90802.44,92000.01,90336.9,90360.0,9833.736389229207,-0.0048725562881349,-0.004639900788966093,0.016068898157375097,89934.43999999999,96293.394,3508.603230500467,1663.1100000000006,0.018478829265885423,0.06514822876302898,0.2042540123313665,0.138756813686341,0.6569891717284918,50.1906547540312,,,,,0.0,1
2025-04-27,2025-04-27,94628.0,95369.0,93602.58,93749.3,11162.841,-0.0092858350593904,-0.009329217194183,0.0261554473720767,93092.39285714286,85269.81966666668,8570.059999999998,1766.4199999999985,0.0188419540199233,0.2808860605092425,0.3473554671202835,0.066469406611041,0.5861751232296228,19.0,0.1599322860129177,0.1743895960971713,0.0144573100842535,0.8111531138420105,4.0,0
2025-06-27,2025-06-27,106947.06,107735.34,106356.76,107047.59,12232.44042,0.0009399977895605,0.0009395562683027,0.0189017440270594,105119.43428571428,105492.655,3749.5999999999913,1378.5800000000015,0.0128781974447066,0.1280879494652413,0.3057916994419014,0.17770374997666,0.5165045524440837,57.0,,,,,0.0,0
2025-07-16,2025-07-16,117758.08,120063.84,117017.29,118630.43,17039.90851,0.007407898684498,0.0073805949622627,0.0182496451030075,118039.14285714286,109340.88066666666,7396.439999999988,3046.550000000003,0.0256810162451573,0.138017223186224,0.2712806080387014,0.1332633848524773,0.5954560071391903,92.0,,,,,0.0,0
,2025-12-05,92078.06,92692.36,88056.0,89330.04,19830.464557014064,-0.0298444602329805,-0.030343556145737912,0.03418088989340318,90509.19714285714,93619.98533333332,-1587.1489317767157,4636.360000000001,0.051954885625039623,0.021632558128362487,0.1973036630508991,0.1749003453610035,0.6277959967175355,64.87621871501163,-0.14409016764742272,0.0230646040290594,0.1679048836231231,0.8090305328369141,1.0210892725750653,1
2025-08-29,2025-08-29,112566.9,112638.64,107463.9,108377.4,22580.31045,-0.0372178677746299,-0.0379281313827635,0.0196296779080953,111859.02142857145,115275.56366666668,-8558.590000000011,5174.740000000005,0.0477474085925664,0.0823802088520356,0.2457011991867884,0.1633209903347527,0.5909778134165597,84.0,,,,,0.0,0
,2025-06-05,104696.86,105909.71,100372.26,101508.68,22353.78898798844,-0.0304515340765711,-0.031063591521612033,0.013754310885676947,104522.95857142856,105355.21766666666,-4040.969202094406,5537.450000000012,0.054665802500911465,0.024827846441211922,0.2207975907076615,0.196519649568169,0.5826827649240537,96.16567120298815,,,,,0.0,1
,2025-01-29,101335.52,104782.68,101328.01,103733.24,23029.504804364526,0.0236611999425275,0.023056562770919952,0.01391163864895143,103328.46857142856,99584.73333333334,68.46880396191702,3454.6699999999983,0.03302716926197226,0.11549254775960627,0.2141834542562719,0.0978305926983011,0.6879859570472036,64.23080109797596,0.01810664254412485,0.1491137988632545,0.1348644268000498,0.7160217948257923,7.912910224979766,1
,2025-07-09,108922.99,111999.79,108324.53,111233.99,17219.37814427196,0.0212169185969757,0.021172135865030656,0.011853032814682817,109055.84142857142,106747.11433333336,2368.8728751069953,3675.2599999999934,0.03331289406091691,0.31939447565475326,0.4126059510594895,0.0937853299847413,0.4936087139311336,62.462372238998775,,,,,0.0,1
,2025-06-20,104658.59,106524.65,102345.0,103297.99,16498.437661592572,-0.013000366238452,-0.01306444976986073,0.010672845579236267,105028.2442857143,106362.632,-2839.652842568301,4179.649999999994,0.04050015961426069,0.12661652989912345,0.3057916994419014,0.17770374997666,0.5165045524440837,56.86318853221722,,,,,0.08094895231121037,1
2025-05-04,2025-05-04,95856.42,96304.48,94151.38,94277.62,11036.38342,-0.0164704669755035,-0.0166076131092112,0.0144146065353357,95278.72714285715,88089.31833333334,528.3199999999924,2153.099999999992,0.0228378696874188,0.2072060394659638,0.3189628580212593,0.1117568185552954,0.5692803271114826,25.0,0.0464238598942756,0.0653063748031854,0.0188825149089097,0.9158111214637756,3.0,0
,2025-05-09,103261.61,104361.3,102315.14,102971.99,27434.759915592556,-0.0028046243714991,-0.0024964842703577572,0.027262208327055764,97852.26142857142,91248.08233333334,6146.817988253831,2046.1600000000035,0.019914277570517287,0.36464684157720334,0.4469548894583687,0.0812066489892019,0.471838465062799,90.93949433850932,0.048674600028044517,0.1243530088276774,0.073287208047178,0.8023597896099091,27.071463166684147,1
,2025-09-15,115268.01,116757.99,114384.0,115349.71,13170.15162116713,0.0007087829485388,0.0005361672003242105,0.010052483481335557,114793.50142857144,112693.57033333332,3319.4643656869903,2373.990000000005,0.02040092517970254,0.18287149914664555,0.3102992606145562,0.128759620260098,0.5609411236073356,63.911858482426645,,,,,0.03922012169386893,1
,2025-04-12,83423.83,85905.0,82792.95,85276.9,18520.59574546752,0.0222125953444483,0.022274927296630737,0.05166262741669945,80691.27428571429,83563.40233333333,1676.343390028509,3112.050000000003,0.036645004529888454,0.130564337311363,0.3208402867483742,0.1908780197777292,0.4882816953365417,51.223459514284166,0.011946404349923325,0.0583646287294951,0.048467462205074,0.8931679021228444,11.067815720243253,1
,2025-11-04,106583.05,107299.0,98944.36,101497.22,50418.76133987238,-0.0477169726065234,-0.048676597292833954,0.02258872122321936,108095.88857142856,111870.40066666668,-11484.34655912255,8354.64,0.08230600318349937,-0.19703427932205392,0.1551762369257965,0.3530746951228243,0.4917490708631003,87.22207923186713,,,,,0.1262913838765206,1
,2025-06-07,104288.43,105900.0,103871.09,105552.15,8403.50829923235,0.0121174504096521,0.01203526712693242,0.018069963611088945,104703.42,105673.50066666667,920.0551616461131,2028.9100000000035,0.01920945539949694,0.04644112146972058,0.1774604750204492,0.1312280065401203,0.6913115208629858,43.70913080194469,,,,,0.08569419903984318,1
2025-08-02,2025-08-02,113297.92,114063.49,112003.0,112546.35,11507.33428,-0.0066336604737614,-0.0066557609918463,0.0115172134237959,116411.04142857142,115904.366,-5373.639999999999,2060.490000000005,0.0183079238020602,0.1169786575871209,0.2714286703719861,0.1544500127848651,0.5741213155496452,36.0,,,,,0.0,0
,2025-06-19,104886.79,105226.17,103929.27,104658.59,7657.141313212424,-0.0021755839963816,-0.0022252648550977997,0.01029372501178399,105423.75857142858,106574.16533333334,-982.2000073395806,1296.8999999999942,0.01226810391350463,0.12798007106292617,0.3057916994419014,0.17770374997666,0.5165045524440837,56.70537148271188,,,,,0.12501788845519185,1
,2025-08-09,116674.74,117944.05,116299.13,116462.25,9162.715928270576,-0.0018212168289383,-0.0016975046841009986,0.011021079619830709,115570.69285714289,117210.324,3962.4532423205733,1644.9199999999985,0.01465654229908529,0.12540467094799088,0.2707952428609133,0.1469912393382046,0.5822135281817216,41.57053293728488,,,,,0.0,1
,2025-06-16,105594.02,108952.38,104980.37,106794.53,14998.685633809951,0.0113692055070169,0.011528201118543026,0.012845758719786148,106923.00142857144,106733.547,-3489.837120091852,3972.010000000009,0.037419727388526246,0.12682577419686705,0.3057916994419014,0.17770374997666,0.5165045524440837,57.085399633343435,,,,,0.0,1
,2025-12-06,89330.04,90289.97,88908.01,89236.79,8385.078660994,-0.0010438817669845,-0.00042533806951464484,0.03420107181913785,90285.53285714284,93216.34366666664,-1518.3443873440483,1381.9600000000064,0.01513434782186957,0.021511239010389205,0.1973036630508991,0.1749003453610035,0.6277959967175355,64.91315780523047,,,,,0.0,1
,2025-01-30,103733.25,106457.44,103278.54,104722.94,19361.189742240098,0.0095408183529213,0.00936448020413056,0.014371980032600453,103444.55428571429,99956.298,826.5455778714152,3178.9000000000087,0.030417245933320066,0.25324489805057343,0.3471762096032318,0.0930193578994764,0.5598044341838941,82.11115921710633,0.19627674735105172,0.2775147365406155,0.080946500878781,0.6415387459099293,10.061875360927003,1
,2025-04-03,82516.28,83998.02,81211.24,83213.09,27442.95506798186,0.0084443932222353,0.00838676025596429,0.023190364648257647,83271.52,84508.55033333335,-3974.349752418911,2786.779999999999,0.03351230806053452,-0.08976820507960664,0.1960806152479642,0.2875395713566357,0.5163798063345577,92.25105157675458,0.0355840044084785,0.0550229549407959,0.0194335309788584,0.9255435268084208,5.939371207228462,1
,2025-03-04,86221.16,88967.52,81500.0,87281.98,55545.75490531053,0.0123099337849732,0.01189369751366788,0.05689828737990052,86735.10428571429,94110.64133333332,-1432.2605564216358,7467.520000000004,0.0853524688901697,-0.047703603888309076,0.1800197349977679,0.2285022526164539,0.5914780079270713,80.06047369472624,0.051201633469105945,0.1189875778342996,0.0673790905358535,0.8136333652905056,6.8942269393966,1
,2025-10-09,123306.01,123762.94,119651.47,121662.4,21383.44885993044,-0.0133294405787228,-0.0135350373238701,0.01576833600650867,122723.6,116460.449,1130.1094067500112,4111.470000000001,0.033829073531095946,0.085160361514849,0.2358958438921131,0.1479629863886848,0.6161411711848096,94.71415105781841,,,,,0.04196084670962993,1
,2025-05-05,94277.61,95199.0,93514.1,94733.68,17301.732262043646,0.0048374152847727,0.004841681162866273,0.013541252336333083,95239.08428571429,88462.508,-385.9475412569411,1684.8999999999942,0.018127061268062444,-0.0458649763810767,0.2337654416219561,0.2789050188314702,0.4873295395647163,76.51299651592599,0.04762215898476325,0.0820159786380827,0.035816975403577,0.8821669965982437,4.127513855492655,1
,2025-05-20,105573.73,107320.0,104184.72,106849.99,23616.655405111684,0.0120887069076078,0.01201669729075601,0.01408511347954251,104677.15285714284,98733.07566666669,2741.8898861731805,3135.279999999999,0.029686560046493456,0.30698657697979853,0.3561613919169065,0.0492320351657413,0.5946065765982937,84.20368198252551,0.0004493747727148602,0.0286249946802854,0.0314373560249805,0.9399376511573792,0.9243505080286767,1
,2025-11-21,86637.22,87498.94,80600.0,85129.43,72268.57958764149,-0.0174036035085609,-0.017688003632104526,0.021331309127989122,91193.61,102997.934,-9470.100771103223,6898.940000000002,0.08114831115030595,-0.21213202162340633,0.1538899678965671,0.3655369478789817,0.480573084880734,170.96483256691428,-0.7069093737226321,0.0553910583257675,0.7658340334892273,0.1787749826908111,1.1986718116650164,1
2025-09-19,2025-09-19,117073.53,117459.99,115100.0,115632.38,8992.09065,-0.0123097851410134,-0.0123861781142075,0.0079166669085042,116068.35285714285,112865.77766666668,-397.0399999999936,2359.990000000005,0.020409421651617,0.1290089616657428,0.2707795766445826,0.1417706149788397,0.58744980359696,53.0,,,,,0.0,0
,2025-04-30,94256.82,95228.45,92910.0,94172.0,17738.517305764486,-0.0008998818334843,-0.0007423770694615145,0.007903910197318795,94348.06428571428,86464.86833333335,390.73663658343014,2318.449999999997,0.024966328788809458,0.12501317288505898,0.2716066573070837,0.1452527072773698,0.5831406418891514,51.51244958383198,-0.06354570735119913,0.1296176120638847,0.1941685272380709,0.6762138605117798,5.027217980345775,1
,2025-12-04,93429.95,94080.0,90889.0,92078.06,19854.095439750352,-0.0144695571387976,-0.014259606411000039,0.0322600403846201,90732.14857142858,94105.156,844.2434157495696,3191.0,0.03458441365402343,0.029438884753285852,0.2514266958391732,0.2220314703607822,0.5265418234938646,67.97127154252928,,,,,0.011322673173351805,1
,2025-03-21,84223.38,84850.33,83175.25,84088.79,11847.47925831727,-0.0015981308755205,-0.001405581705550395,0.027112750530312948,84113.73571428572,86935.85233333334,203.3284154481125,1675.0800000000015,0.020007398143412347,0.07906895778958407,0.2724130096140544,0.1939190574544104,0.5336679224226926,74.83469094013556,-0.04736821129522298,0.0652546805462667,0.1142073682110224,0.8205379673412868,6.981528465660806,1
2025-04-17,2025-04-17,84030.38,85470.01,83736.26,84947.91,13728.84772,0.0109190271423262,0.0108598449834582,0.0217509387494285,84239.22857142857,83675.15666666666,5340.610000000001,1733.75,0.0204095662859745,-0.0095329912860066,0.2075221412815153,0.217055132567522,0.5754227269320719,62.0,,,,,0.0,0
,2025-06-17,106794.53,107771.34,103371.02,104551.17,17710.740408061018,-0.0210063193311492,-0.021430292138136096,0.014150541964407579,106105.39857142858,106670.11066666666,-5658.140051703154,4400.319999999992,0.04229249695791705,0.1272717890431757,0.3057916994419014,0.17770374997666,0.5165045524440837,56.758547432223004,,,,,0.15777441305844303,1
2025-08-15,2025-08-15,118295.09,119216.82,116803.99,117342.05,13623.33874,-0.0080564628675627,-0.0080890915304361,0.0230060958399753,119074.27285714286,117436.77933333332,667.3099999999977,2412.8300000000017,0.0205623644720711,0.0275910917558882,0.247621929116252,0.2200308373603637,0.5323472407342184,101.0,,,,,0.0,0
,2025-11-26,87369.97,90656.08,86306.77,90484.02,21557.02076241352,0.0356422276031715,0.03493100658719731,0.030368784478008018,87070.05571428571,98875.512,-1106.6856666387996,4349.309999999998,0.04791630668213343,-0.010391773151446812,0.2580561131876158,0.2682878671802188,0.4736560138530637,94.86394406460394,,,,,0.0,1
,2025-04-03,82516.28,83998.02,81211.24,83213.09,27453.656628940164,0.0084443932222353,0.008065637316134217,0.023226815156709747,83271.52,84508.55033333335,-4044.756276218518,2786.779999999999,0.03348258446084987,-0.09135506020773482,0.1960806152479642,0.2875395713566357,0.5163798063345577,92.25696654544163,0.0422545960057851,0.0550229549407959,0.0194335309788584,0.9255435268084208,6.090670889855099,1
,2025-01-31,104722.94,106012.0,101560.0,102429.56,22250.043277087832,-0.0218994997657628,-0.02213842246318657,0.01596285644738403,103095.84857142856,100217.557,-2466.4319384359833,4452.0,0.04357890556326745,0.1915213767987342,0.303831308769683,0.1146267828409604,0.5815419094592688,83.31178937224263,-0.06719900074916454,0.2497749601801236,0.316971264158686,0.4332537800073623,3.030874362145287,1
,2025-08-18,117405.01,117543.75,114640.14,116227.05,17911.421431906783,-0.0100333026674074,-0.010033508009005038,0.021096576345064896,118584.33857142855,117305.79,-2503.7980161027417,2903.6100000000006,0.025378691520778505,-0.08682012184684847,0.2279909458858045,0.314458392306485,0.4575506652507818,65.81810989343002,0.119879355799182,0.1365104615688324,0.0131065100431442,0.8503830432891846,1.0272665312353781,1
,2025-05-15,103507.83,104192.7,101383.07,103763.71,18045.074865687577,0.0024721803627976,0.0024001936416379157,0.011116171613366267,103723.72714285715,95341.09866666669,473.6437916730325,2809.62999999999,0.026742066017005236,0.1558172534140121,0.3375104908589963,0.1842026343241471,0.4782868726868872,53.92650466847644,0.5831777544164931,0.5973448753356934,0.0126592507585883,0.3899958431720733,0.9237498762276417,1
,2025-07-17,118630.44,120998.71,117453.57,119177.56,15718.31668225381,0.0046120544281935,0.004579688737590851,0.010709798992383592,118491.65142857144,109828.427,3133.2857794395754,3545.1399999999994,0.029971365564603048,0.2294822652770955,0.3157037912681699,0.0854503471031785,0.5988458563884099,75.12787264300776,,,,,0.0,1
2025-08-16,2025-08-16,117342.04,117898.99,117143.98,117380.66,6393.68117,0.0003290380558376,0.0003289839346881,0.0229758011695655,119205.47428571428,117376.88266666669,918.4100000000036,755.0100000000093,0.0064321498959028,0.0642977316104071,0.2789028877343394,0.2146051561239322,0.5064919562520165,38.0,,,,,0.0,0
,2024-12-30,93738.19,95024.5,91530.45,92792.05,27901.37215240906,-0.010093537106537,-0.010160834573328415,0.012572322831568958,94384.176,94384.176,17.852186498434303,3494.050000000003,0.03725370214395451,0.08978975310214592,0.3075953067374834,0.2180338767559632,0.474370809379911,68.5881444452764,-0.052458255018488165,0.0716904492371461,0.1254915859211575,0.8028179606930776,11.055725883640863,1
,2025-04-03,82516.28,83998.02,81211.24,83213.09,27163.681446319853,0.0084443932222353,0.008343801654252678,0.02295695670113911,83271.52,84508.55033333335,-4072.4341059182843,2786.779999999999,0.03304012321921328,-0.09080704161534685,0.1960806152479642,0.2875395713566357,0.5163798063345577,92.05677007251214,0.03586350210181119,0.0550229549407959,0.0194335309788584,0.9255435268084208,6.168550754278226,1
2025-11-08,2025-11-08,103339.09,103406.22,101454.0,102312.94,12390.77985,-0.0099298348698285,-0.0099794644960753,0.0273785840214774,104214.88,109201.17833333332,-7785.1600000000035,1952.2200000000007,0.0190808709045014,-0.0692781053542617,0.1880202410920035,0.2572983464462653,0.5546814041980912,63.0,,,,,0.0,0
,2025-09-15,115268.01,116757.99,114384.0,115349.71,13253.991036914247,0.0007087829485388,0.000898084318256836,0.009902595994387593,114793.50142857144,112693.57033333332,3346.825798534901,2373.990000000005,0.02075727303774351,0.18179841234113234,0.3102992606145562,0.128759620260098,0.5609411236073356,64.12326315781307,,,,,0.0,1
,2025-09-11,113960.0,115488.09,113430.0,115482.69,13654.82230861152,0.013361618111618,0.012997952535879001,0.009690560693459815,112148.5157142857,113152.197,4769.391157508724,2058.0899999999965,0.017806701273400106,0.23528473601902336,0.3489127541404395,0.1136907794002798,0.5373964643194562,42.277184225702065,,,,,0.06388117582349151,1
,2025-11-27,90484.01,91950.0,90089.91,91333.95,16801.09778798023,0.0093931503043298,0.009285424073883709,0.01928205452583686,87741.0157142857,98156.69533333337,4713.453537636749,1860.0899999999965,0.020142687635532418,0.1909785512540958,0.3436708703792343,0.1525231107914199,0.5038060237032672,60.32000627272265,,,,,0.0,1
,2025-01-07,102235.6,102724.38,96181.81,96954.61,32285.526438389712,-0.0516550986153552,-0.052995929806770425,0.02875162629913658,97932.15428571428,96232.45846153844,3304.7520158347916,6542.570000000007,0.06747130258173699,0.11355515408621208,0.3210010819787544,0.2086315574124455,0.4703673552426081,63.10530947465855,-0.1359235425401553,0.1042243152623996,0.2392558465944603,0.6565198303433135,15.944063077171007,1
,2025-03-23,83840.59,86129.64,83809.75,86082.5,8516.84000894434,0.026740150564303,0.02653601565905555,0.027060783832884485,84543.75285714286,86117.05600000001,3503.7798664301695,2319.8899999999994,0.026860193724776767,0.05055348424943458,0.2317590588594184,0.1791348862187827,0.5891060400754213,16.59271522469836,,,,,0.0,1
2025-09-10,2025-09-10,111546.38,114313.13,110917.45,113960.0,17517.41823,0.0216377239998533,0.021406951444263,0.0105611260818712,111469.68428571428,113307.24333333332,2254.2899999999936,3395.680000000008,0.0297971217971218,0.1578761633375988,0.2988440272964391,0.1409678639588402,0.5601881098403942,51.0,,,,,0.0,0
,2025-07-07,109203.85,109700.0,107513.2,108262.94,9170.506858791368,-0.0086159973861724,-0.008275917107956037,0.01578897043692358,108252.0942857143,106608.44933333334,1122.943999304821,2186.800000000003,0.020368996064374947,0.10556924187911147,0.2248668252353289,0.1185778142783299,0.6565553589774541,129.44217031244153,,,,,0.047969679365808884,1
,2025-06-04,105376.9,106000.0,104179.0,104696.86,14190.456896780099,-0.0064533124862576,-0.006938416532672756,0.011103841476990116,105105.96857142856,105199.39566666663,-3006.5963653011286,1821.0,0.017696205967187947,0.17579522412973256,0.3071755289313305,0.1318208143530211,0.5610036554869758,83.40896509370262,,,,,0.14534866069204253,1
2025-10-04,2025-10-04,122232.21,122800.0,121510.0,122391.0,8208.16678,0.0013008050265068,0.0012999597126279,0.0140454617207944,117753.16857142858,114498.93966666666,12755.149999999994,1290.0,0.0105399906855896,0.1490260409602128,0.3139613049433511,0.1649352639831383,0.5211034232531401,34.0,,,,,0.0,0
,2025-02-22,96181.99,96980.0,95770.49,96551.01,11235.491983672622,0.0038367893861199,0.004211709575935138,0.013447852348770706,96464.60285714285,98818.66366666667,-977.7917289034299,1209.5099999999948,0.01247534742419942,0.018409930251634062,0.1072316791784639,0.0893552916822955,0.8034130185454463,47.95879332274386,-0.08345054124709489,0.0628467723727226,0.1453913685400039,0.791761863976717,7.8812165869430535,1
,2025-08-26,110111.98,112371.0,108666.66,111763.22,18356.523040570723,0.0149960067923582,0.015287272492332462,0.02422179307331204,113502.01,115997.13266666669,-1113.239180049048,3704.339999999997,0.03281245377471503,-0.017632848940432214,0.2160784361445728,0.2322730037109816,0.5516485633218989,85.4653364430802,,,,,0.05507940422584521,1
2025-08-07,2025-08-07,114992.27,117621.0,114259.0,117472.01,13468.56263,0.0215644060248569,0.0213351837283328,0.01485592823074,114528.87714285712,117013.89066666667,1707.929999999993,3362.0,0.0286195835075947,0.162049545081365,0.2723296903760025,0.1102801452946375,0.6173901629487151,57.0,,,,,0.0,0
,2025-01-19,104556.23,106422.43,99651.6,101331.57,43456.12096314293,-0.0308413951038593,-0.03124077083118594,0.026033703849649346,100220.9842857143,96962.1244,6829.991897860788,6770.829999999987,0.06671408842231843,0.2337380895898328,0.3630178954585322,0.1273649306967854,0.5096171631344727,27.826372088724543,-0.0783017273966983,0.109757725149393,0.1879009086017807,0.702341357866923,2.9414851942049713,1
,2025-06-23,100963.87,106074.2,99613.33,105333.93,27740.69509750538,0.0432834042514416,0.04265535593250036,0.02126819385560142,103687.47714285714,105750.67833333332,-1546.7693030842888,6460.869999999995,0.061396868163414775,0.12558341767529693,0.3057916994419014,0.17770374997666,0.5165045524440837,56.75086269765391,,,,,0.0,1
,2025-09-06,110660.0,111307.7,109977.0,110187.97,4975.024135269867,-0.0042654983070213,-0.004023934023319826,0.009418373791687147,110286.90285714286,114054.178,1319.6759661889944,1330.699999999997,0.01215100057086971,0.06639370214778594,0.1934450757529201,0.1276040007199706,0.678950919416444,28.76911798102232,0.08436551020108132,0.0988305434584617,0.0144725199788808,0.8866969347000122,0.9796256440905275,1
2025-12-08,2025-12-08,90395.32,92287.15,89612.0,90634.34,15793.63887,0.0026442743544992,0.0026407844119582,0.0282774081578703,90911.76714285716,92395.598,4348.330000000002,2675.149999999994,0.029515854586683,0.1900786820634761,0.3021056779276799,0.1120269958642037,0.5858673274736194,85.0,,,,,0.0,0
,2025-04-12,83423.83,85905.0,82792.95,85276.9,18442.00674523343,0.0222125953444483,0.022248316487530007,0.05163262871188671,80691.27428571429,83563.40233333333,1856.0846591615968,3112.050000000003,0.036313457995297935,0.13118392767463047,0.3208402867483742,0.1908780197777292,0.4882816953365417,51.008628572987924,0.012236085585781008,0.0583646287294951,0.048467462205074,0.8931679021228444,10.98123285828542,1
,2025-05-02,96489.9,97895.68,96350.0,96887.14,15106.95828369587,0.004116803508263,0.0044748434299229116,0.011989463921725648,95027.76428571428,87321.61566666668,2329.266297755544,1545.679999999993,0.01580910925753839,0.2229355720703563,0.3122800153245528,0.0896039460971951,0.5981160311649243,74.95223151055268,,,,,0.1168980926985043,1
,2024-12-30,93738.19,95024.5,91530.45,92792.05,27496.26751987877,-0.010093537106537,-0.009943981033479469,0.012660446908264483,94384.176,94384.176,-49.66510991007262,3494.050000000003,0.03773476028617893,0.08862190431749918,0.3075953067374834,0.2180338767559632,0.474370809379911,69.54526284385516,-0.051567919944646504,0.0716904492371461,0.1254915859211575,0.8028179606930776,11.041495945729487,1
,2025-01-07,102235.6,102724.38,96181.81,96954.61,32050.070763321746,-0.0516550986153552,-0.05299279627421655,0.02838237536816172,97932.15428571428,96232.45846153844,3412.982682053601,6542.570000000007,0.06740882273931856,0.11207865005295602,0.3210010819787544,0.2086315574124455,0.4703673552426081,62.738261129802986,-0.13330949081204585,0.1042243152623996,0.2392558465944603,0.6565198303433135,15.887170327607707,1
,2025-06-29,107296.79,108528.5,107172.52,108356.93,6837.094641263252,0.0098804446992308,0.010028956563595428,0.015463004675613411,106915.12571428568,105695.27133333334,7367.926785401345,1355.979999999996,0.012771720732865408,0.12802800886074192,0.3057916994419014,0.17770374997666,0.5165045524440837,56.914602205220255,,,,,0.10702979576407239,1
,2025-04-08,79163.24,80867.99,76239.9,76322.42,35254.457076849765,-0.0358855953849287,-0.03657400261665581,0.027745474070278928,81010.41428571429,83410.11866666666,-8886.990042736663,4628.090000000011,0.060759325676171476,-0.1368086703211494,0.1920444774004863,0.3297608946741093,0.4781946252333,64.80170685932875,,,,,0.0,1
,2025-08-28,111262.01,113485.9,110862.42,112566.9,10948.162963654398,0.011728082208833,0.011892560537708204,0.02339754171034091,113081.67714285714,115590.99366666666,-2.8985384028322443,2623.479999999996,0.023024663062543037,0.2637650808426207,0.3648633947759344,0.1017527181508117,0.5333838882741698,56.93054355453552,,,,,0.02627692066616974,1
,2025-02-01,102429.56,102783.71,100279.51,100635.65,12260.54734988644,-0.0175135966609639,-0.017561483698348264,0.016870443515585583,102508.53428571428,100339.25233333334,-4028.8997915275277,2504.200000000012,0.02496103239665784,0.13456318029265138,0.2017113375900821,0.0677723817484961,0.7305162850428711,22.139794029585197,0.09303923136359236,0.1367082443947975,0.0393978705486426,0.8238938714449222,13.106512626173489,1
,2025-02-02,100635.66,101456.6,96150.0,97700.59,34695.245350293735,-0.0291652113341543,-0.029779912401424958,0.018274975386125235,101805.76142857142,100323.466,-4879.744564491337,5306.600000000006,0.05422169841769896,0.013830042677424092,0.1414937289310214,0.1304574431649044,0.7280488228425384,45.76433224438103,-0.007693589083087535,0.0954447182662346,0.1032866914756596,0.8012685845879948,33.89762554301434,1
,2025-07-31,117840.29,118922.45,115500.0,115764.08,17109.480669179116,-0.0176189300264849,-0.017912247850985854,0.009704941542938127,117795.33,115657.36933333334,-2673.0137695939966,3422.449999999997,0.029339144568782193,0.20786253309999062,0.3240620102168935,0.117095119362189,0.5588428695037058,66.43888632993466,,,,,0.0,1
,2025-02-20,96644.37,98711.36,96415.09,98305.0,17216.8371953883,0.0171828943579435,0.01694834811411207,0.010499623838449101,96798.48142857144,99314.79733333334,1558.9290406592772,2296.270000000004,0.023268575772354264,0.0036439586112512953,0.1719017003197223,0.1681095351142665,0.6599887618078635,52.253954231990384,0.09327746514298356,0.1149704083800315,0.0212832232937216,0.8637463450431824,1.8370336602613968,1
,2025-09-10,111546.38,114313.13,110917.45,113960.0,17490.520137671545,0.0216377239998533,0.021787811899679724,0.010587643275395176,111469.68428571428,113307.24333333332,2238.0472247104435,3395.680000000008,0.029877327925822948,0.15766401680850184,0.2988440272964391,0.1409678639588402,0.5601881098403942,50.99004277615366,,,,,0.04584902860526159,1
2025-03-21,2025-03-21,84223.38,84850.33,83175.25,84088.79,11956.97443,-0.0015981308755205,-0.0015994092488549,0.027086502246194,84113.73571428572,86935.85233333334,105.58999999999652,1675.0800000000015,0.0199203722636513,0.0784939521596439,0.2724130096140544,0.1939190574544104,0.5336679224226926,74.0,-0.0489526876647557,0.0652546805462667,0.1142073682110224,0.8205379673412868,7.0,0
2025-08-25,2025-08-25,113493.59,113667.28,109274.1,110111.98,25182.79379,-0.0297956034345199,-0.0302485115739085,0.0249359503629581,113660.54142857144,116252.21033333334,-6115.070000000007,4393.179999999993,0.0398973844626169,-0.003745122302978,0.1771517103172939,0.1808968326202719,0.6419514564897966,74.0,0.0448600407689809,0.0627822801470756,0.0179222393780946,0.9192954897880554,1.0,0
,2025-05-29,107781.78,108891.91,105322.86,105589.75,19634.755909817904,-0.0203376674610494,-0.020487513676768463,0.017306160794274127,107975.55571428571,103274.887,-6113.504713507738,3569.050000000003,0.033889507616408646,0.16373264489959607,0.2915236221460422,0.1270445484880099,0.5814318305047432,101.82268758349933,,,,,0.0,1
2025-06-03,2025-06-03,105858.0,106794.67,104872.5,105376.89,13259.52634,-0.0045447679480784,-0.0045551268035746,0.0112803510797803,105546.67142857144,104867.28966666666,-3561.279999999999,1922.1699999999985,0.0182409065213444,0.1624006963020927,0.2781542074151857,0.115753511113093,0.6060922799502001,86.0,,,,,0.0,0
,2025-08-07,114992.27,117621.0,114259.0,117472.01,13444.706507666353,0.0215644060248569,0.021308788627106005,0.014698405395571604,114528.87714285712,117013.89066666667,1757.4834782741298,3362.0,0.02812435872091439,0.16084076422489513,0.2723296903760025,0.1102801452946375,0.6173901629487151,56.57308763356578,,,,,0.0,1
2025-01-30,2025-01-30,103733.25,106457.44,103278.54,104722.94,19374.07472,0.0095408183529213,0.0094955921810713,0.0142643846133161,103444.55428571429,99956.298,812.6000000000058,3178.9000000000087,0.0303553357077256,0.2541568517037553,0.3471762096032318,0.0930193578994764,0.5598044341838941,82.0,0.1965682356618344,0.2775147365406155,0.080946500878781,0.6415387459099293,10.0,0
,2025-04-05,83889.87,84266.0,82379.95,83537.99,9172.625214567948,-0.0041945469697353,-0.004187165601801139,0.018755312754850956,83322.22571428571,84071.54899999998,887.8293872085612,1886.050000000003,0.022557957424590633,0.12567211881351967,0.2423534433080537,0.1164182444304429,0.6412283086998237,36.84095635955664,0.01344224700666698,0.0499156683683395,0.0330005183815956,0.9170838117599488,5.079018472625457,1
2025-06-14,2025-06-14,106066.59,106252.0,104300.0,105414.64,8798.93969,-0.006146610351101,-0.0061655785271072,0.0218203813463418,107438.49857142856,106540.28066666666,-137.50999999999476,1952.0,0.0185173520490133,0.1280879494652413,0.3057916994419014,0.17770374997666,0.5165045524440837,57.0,0.1425136644393205,0.1594341695308685,0.0169205050915479,0.8236453533172607,1.0,0
,2025-04-01,82550.0,85579.46,82432.74,85158.34,20117.180935358767,0.0315969677047889,0.03134665388094328,0.02008296288050453,84473.20571428571,84767.65733333332,-2217.103567936568,3146.720000000001,0.0370863344407771,0.051604225902942794,0.1747358053897137,0.1240521576893452,0.7012120379670842,72.7861607296392,,,,,0.0,1
,2025-10-06,123482.32,126199.63,123084.0,124658.54,19575.57521386826,0.0095254939756148,0.009574225273303504,0.01373711704600166,120848.16,115408.70266666666,10346.93397931156,3115.6300000000047,0.025289130440083723,0.2278219601969639,0.3523751622515506,0.1236099274427598,0.5240149080817555,115.58608363244568,,,,,0.03508801829913555,1
,2025-06-21,103297.98,103982.64,100837.9,102120.01,11031.561210985556,-0.0114037068872299,-0.011462806313184993,0.011137473014737222,104557.58285714289,106043.42533333336,-3235.6669929818886,3144.740000000005,0.03036391136400969,0.12798841516775403,0.3057916994419014,0.17770374997666,0.5165045524440837,56.827464415210464,0.2625917785956538,0.2802382707595825,0.0164788849651813,0.7032828330993652,1.030968929910603,1
,2025-04-04,83213.09,84720.0,81659.0,83889.87,33169.475832015676,0.0081330954060232,0.0077099955995868505,0.02067194308876945,83195.16142857143,84284.67899999999,-511.57836164493807,3061.0,0.036661050367764535,-0.09158641078545014,0.2309573935181425,0.3222742365967286,0.446768376093946,57.05263522830516,-0.33180196053141686,0.0791838163776057,0.4123463961961014,0.5084697705294404,6.932774392681607,1
,2025-09-16,115349.71,116964.27,114737.11,116788.96,10777.558575445584,0.0124772745419126,0.012674404363645501,0.00965733753696049,115542.44,112673.03533333332,5215.606066724077,2227.1600000000035,0.01886672167267181,0.17823485644917086,0.2968288784703383,0.1184776291931764,0.5846934813218048,52.154102700039495,,,,,0.030834955639533233,1
,2025-12-02,86286.01,92307.65,86184.39,91277.88,28285.764497299588,0.0578525997435739,0.056697387026073215,0.03296923023104465,90205.0,94857.56433333334,3982.614325495809,6123.259999999995,0.066683210275019,-0.0405727289799975,0.2559251242120118,0.2976469991076058,0.446427872438446,136.9066383620441,-0.9394399747197175,0.0127893770113587,0.9485076069831848,0.0387030206620693,1.0946470927656151,1
2025-03-31,2025-03-31,82390.0,83943.08,81278.52,82550.01,20569.13885,0.0019422262340362,0.0019403425512951,0.0133332265916123,84792.42428571428,85071.37933333333,-4948.150000000009,2664.5599999999977,0.0322781305538303,-0.0317507651416235,0.1619271824747556,0.1936779476163792,0.6443948723463109,64.0,-0.960993125103414,0.0098176458850502,0.9708107709884644,0.0193715207278728,1.0,0
,2025-04-27,94628.0,95369.0,93602.58,93749.3,10863.624644862435,-0.0092858350593904,-0.008974478667986688,0.02615221173877137,93092.39285714286,85269.81966666668,8534.46124204832,1766.4199999999985,0.01859650416773242,0.2799023178709478,0.3473554671202835,0.066469406611041,0.5861751232296228,19.029199022890086,0.15686245846455527,0.1743895960971713,0.0144573100842535,0.8111531138420105,3.8939148703713062,1
2025-08-23,2025-08-23,116936.0,117030.0,114560.0,115438.05,11329.36197,-0.0128099142103299,-0.01289266863907,0.022409967817274,115092.89714285715,116649.83466666666,-1942.6100000000008,2470.0,0.0213967578281164,0.1494072804227471,0.3462338404729962,0.1968265600502491,0.4569396066878523,35.0,,,,,0.0,0
,2025-02-16,97569.67,97704.47,96046.18,96118.12,8318.61933508463,-0.0148769607273409,-0.014633716762782165,0.015032743371917586,96982.2014285714,100244.48133333331,-314.75153759637266,1658.290000000008,0.01709189932707352,-0.016544437848033104,0.1820994686836806,0.1977324947499885,0.6201680381424152,26.31832990810016,0.05853666189280907,0.154862234989802,0.0934723445938693,0.7516654166910384,8.852775193224684,1
,2025-04-28,93749.29,95630.0,92800.01,95011.18,22420.531371799872,0.0134601538358152,0.013395523529911236,0.025561884279896103,94163.1,85681.90766666667,7547.330729926555,2829.990000000005,0.029688151699876934,0.10175648223590558,0.2545168239111994,0.1515408806028027,0.593942291066781,51.28409860309185,0.3368299611515273,0.380543977022171,0.0444235217291861,0.5750324744731188,8.057023598110574,1
,2025-11-13,101654.37,104085.01,98000.4,99692.02,36039.08053675316,-0.0193041381300183,-0.01977125237961682,0.020483357651656892,102970.21285714286,107486.766,-1712.3006928905043,6084.610000000001,0.06093554577921364,-0.042368784489013836,0.2003718762278137,0.2430222533302198,0.5566058809226248,70.85502491170091,,,,,0.06387369003299832,1
,2025-07-29,118062.32,119273.36,116950.75,117950.76,15145.094306991718,-0.000944924680457,-0.0007781444415443808,0.008274797596937784,118294.27285714285,114964.81133333332,-1927.8498475296417,2322.6100000000006,0.019430507638962327,0.05654528429234348,0.216672611933562,0.1595128161922818,0.623814575314041,61.67821084359311,,,,,0.0,1
,2025-05-04,95856.42,96304.48,94151.38,94277.62,11128.61911636741,-0.0164704669755035,-0.017058210100321117,0.014417783906935228,95278.72714285715,88089.31833333334,508.1073496287935,2153.099999999992,0.022601636044598382,0.2080176794778314,0.3189628580212593,0.1117568185552954,0.5692803271114826,25.07121620493762,0.04487874998954146,0.0653063748031854,0.0188825149089097,0.9158111214637756,2.9741388561055917,1
,2025-08-05,115055.03,115127.81,112650.0,114129.75,12093.650129710342,-0.0080420647406723,-0.007691710753950185,0.012945046702488154,114691.74857142856,116504.612,-3856.1354820084784,2477.8099999999977,0.021628959978994777,0.09900993914411464,0.2264671232155028,0.127772307845744,0.6457605846622523,47.2154429245121,,,,,0.0,1
2025-07-20,2025-07-20,117840.01,118856.8,116467.02,117265.12,12962.92889,-0.0048784792939579,-0.0048904179181156,0.0093140679758973,118348.17428571428,111167.98033333334,-1821.520000000004,2389.779999999999,0.0203792909605174,0.2866314730935675,0.3523157235673245,0.065684250473757,0.5820000309716252,34.0,,,,,0.0,0
,2025-09-25,113307.01,113510.23,108631.51,108994.49,21302.670476007555,-0.0380604022699391,-0.03863553248693882,0.016253221939517587,113357.36857142858,112786.65666666668,-8116.078903168315,4878.720000000001,0.04487313393843585,0.055158367298321895,0.2256807234432352,0.1703019379147965,0.604017350111941,76.25265657645738,,,,,0.0,1
,2025-09-16,115349.71,116964.27,114737.11,116788.96,10979.521067705127,0.0124772745419126,0.012472750924526613,0.009616216240648557,115542.44,112673.03533333332,5224.552538974738,2227.1600000000035,0.019348932970004343,0.17653885673941017,0.2968288784703383,0.1184776291931764,0.5846934813218048,51.89792838492826,,,,,0.09629463842161877,1
,2025-04-21,85179.24,88465.99,85144.76,87516.23,31713.06409469236,0.0274361452391449,0.027133531891779902,0.012518892025579485,84981.34999999999,83783.43866666667,2986.1339781951997,3321.2300000000105,0.03793613471979114,0.22311586567490135,0.2973325773383732,0.0753514979000168,0.6273159220883692,54.285609272102754,-0.003363664578538386,0.1234815792579736,0.1279197426379791,0.7485986908099481,14.064832455294239,1
,2025-10-10,121662.41,122550.0,102000.0,112774.5,64083.72869506107,-0.0730537947632136,-0.07593751196900994,0.03120508841002894,121372.52857142856,116420.93233333336,-9390.406378153255,20550.0,0.18171113090910174,0.10010684465397697,0.2647131639929052,0.1664087788717068,0.5688780542324356,94.17205640131938,,,,,0.04825263057141722,1
2025-07-31,2025-07-31,117840.29,118922.45,115500.0,115764.08,17010.0073,-0.0176189300264849,-0.017775990938679,0.0098210117926004,117795.33,115657.36933333334,-2576.9100000000035,3422.449999999997,0.0295640063826361,0.2069668908547045,0.3240620102168935,0.117095119362189,0.5588428695037058,66.0,,,,,0.0,0
2024-12-30,2024-12-30,93738.19,95024.5,91530.45,92792.05,27619.4225,-0.010093537106537,-0.0101448222429947,0.0126314449079146,94384.176,94384.176,0.0,3494.050000000003,0.0376546266625212,0.0895614299815202,0.3075953067374834,0.2180338767559632,0.474370809379911,69.0,-0.0538011366840113,0.0716904492371461,0.1254915859211575,0.8028179606930776,11.0,0
,2025-09-30,114311.97,114792.0,112656.27,114048.93,15288.59794114214,-0.0023009840790063,-0.002220688831139142,0.020111213911323325,111729.37714285716,113137.82866666668,2121.1768214444323,2135.729999999996,0.018526757805911852,-0.01787361445376647,0.1789385811023322,0.199051677973734,0.6220097454195773,80.89857397927062,,,,,0.0036823508614732626,1
,2025-01-16,100497.35,100866.66,97335.13,99987.3,27830.01159101607,-0.0050752582033257,-0.004725454329151196,0.017356054236543392,96493.25285714286,96094.90136363637,7560.573422747219,3531.529999999999,0.035381300508263,0.28041944594338764,0.3734517890558231,0.0917347233797259,0.534813491956276,51.39616596817012,-0.18839036620197133,0.0968353427946567,0.2806549580767751,0.6225096821784973,9.9285682544908,1
,2025-07-28,119415.56,119800.0,117427.5,118062.32,13939.843549552012,-0.0113321087580302,-0.01126290830891739,0.01236444026485862,118580.51,114645.017,748.8311791564846,2372.5,0.020059546826720988,0.09864658607440537,0.2245400257856596,0.1249746524646312,0.6504853148532065,79.29394834836484,,,,,0.0699032873977918,1
,2025-05-26,109004.2,110422.22,108670.58,109434.79,14742.987927428056,0.0039503068643507,0.004054071270543277,0.02107651170941338,108815.62571428572,101965.14033333331,3856.4926438635425,1751.6399999999994,0.016015249930687467,0.12543810964891125,0.2483694429487683,0.1225954451230029,0.6290351149387831,42.52800127729955,,,,,0.0,1
,2025-09-22,115232.29,115379.25,111800.0,112650.99,20783.43973499378,-0.022400839209218,-0.022542617636753515,0.011301801715743874,115644.48142857142,112822.27333333336,-2642.1780522231156,3579.25,0.0316407537121415,0.005772256107323706,0.2035905242946587,0.1982560777252442,0.5981533998917592,95.13747397747787,,,,,0.0,1
,2025-05-04,95856.42,96304.48,94151.38,94277.62,10808.806455387403,-0.0164704669755035,-0.017146361788883492,0.014319036678363959,95278.72714285715,88089.31833333334,592.0713639004916,2153.099999999992,0.02298315402289152,0.20856720711969315,0.3189628580212593,0.1117568185552954,0.5692803271114826,25.09285378356116,0.04258961007966125,0.0653063748031854,0.0188825149089097,0.9158111214637756,3.0877349124862894,1
,2025-05-27,109434.78,110718.0,107516.57,108938.17,21389.864354947047,-0.0045380449855114,-0.004779913523402351,0.02125037945553687,109113.93714285716,102471.436,2040.6704672183882,3201.429999999993,0.029514563575596803,0.09971554716275856,0.2457619147518506,0.1457270163131857,0.6085110655525229,90.84778317491573,,,,,0.03446983518668146,1
,2025-11-13,101654.37,104085.01,98000.4,99692.02,36093.90991928408,-0.0193041381300183,-0.01961821176703658,0.020320190741712624,102970.21285714286,107486.766,-1634.1180312574274,6084.610000000001,0.06125739597189578,-0.04515965741587231,0.2003718762278137,0.2430222533302198,0.5566058809226248,71.46225953781395,,,,,0.03472438636991802,1
2025-04-03,2025-04-03,82516.28,83998.02,81211.24,83213.09,27337.84135,0.0084443932222353,0.0084089387880866,0.0232014746500087,83271.52,84508.55033333335,-4018.9199999999983,2786.779999999999,0.0334896829332981,-0.0914589561086715,0.1960806152479642,0.2875395713566357,0.5163798063345577,92.0,0.0355894239619374,0.0550229549407959,0.0194335309788584,0.9255435268084208,6.0,0
,2025-02-26,88680.39,89414.15,82256.01,84250.09,57062.11929727091,-0.0499581643745404,-0.05169647570473558,0.02614249505744209,93111.33714285716,97032.70333333334,-12452.404700325715,7158.139999999999,0.08488735726189899,-0.2085988847447636,0.1263938884270222,0.3350731944277261,0.5385329211130738,96.29080389925046,-0.1399459629086048,0.0901363087006104,0.2303595572996598,0.6795041490919315,39.011801683668565,1
,2025-07-14,119086.65,123218.0,118905.18,119841.18,27214.879534922115,0.0063360591918621,0.005990613162511129,0.014375557463527788,115720.35,108540.88133333334,11589.036749385496,4312.820000000007,0.03543816729460013,0.24024172834955163,0.3330584634568183,0.0922300339662257,0.574711496785737,196.8480516008272,,,,,0.056975797983478134,1
,2025-02-13,97870.0,98083.91,95217.36,96608.14,19872.129617495626,-0.0128931248485874,-0.01268158446900247,0.01309733887768448,96728.77714285711,100690.277,30.529521356964235,2866.550000000003,0.02996847698411329,0.121319472216836,0.2446527587515967,0.1251189111998038,0.6302283334792876,49.07951364565397,-0.09454657591166853,0.1109001561999321,0.2057634063272012,0.6833364545471139,9.135183005107868,1
,2025-05-08,97030.5,104145.76,96876.29,103261.6,34705.237174064816,0.0642179520872303,0.06251634631152661,0.026786589997050383,96982.99714285714,90569.52333333332,6723.552659075913,7269.470000000001,0.07046964207051358,0.18557747000063587,0.3215437095564932,0.1351416724757686,0.5433146181374283,117.83293596082707,0.020701191906305823,0.1059853967956521,0.088842402127656,0.8051722022620115,11.039932609196997,1
2025-02-11,2025-02-11,97430.82,98478.42,94876.88,95778.2,18647.76379,-0.0169619838979083,-0.0171074860302891,0.0088454841002348,96541.44142857144,100577.57133333333,-1984.930000000008,3601.5399999999936,0.0376029200799346,0.0650182548465568,0.2319706977525753,0.1669524429060185,0.6010768573119569,67.0,0.0351219801232218,0.0500095412135124,0.0148875610902905,0.935102880001068,1.0,0
2025-01-27,2025-01-27,102620.01,103260.0,97777.77,102082.83,50758.1341,-0.005234554667706,-0.005248302947392,0.0204121732170623,104011.57142857143,98966.783,-177.17999999999302,5482.229999999996,0.0537037423433499,-0.085305288232242,0.1255124301028748,0.2108177183351169,0.6636698494354883,60.0,0.2593704415485263,0.2847826154902577,0.0254121739417314,0.689805194735527,2.0,0
,2025-02-11,97430.82,98478.42,94876.88,95778.2,18591.003850910965,-0.0169619838979083,-0.01704194771320036,0.00879799318669071,96541.44142857144,100577.57133333333,-1967.9147484516845,3601.5399999999936,0.03790005696901215,0.06653480144162938,0.2319706977525753,0.1669524429060185,0.6010768573119569,67.01728761957926,0.03330205887993549,0.0500095412135124,0.0148875610902905,0.935102880001068,0.9152394818298609,1
2025-07-14,2025-07-14,119086.65,123218.0,118905.18,119841.18,27269.348877,0.0063360591918621,0.0063160707563308,0.0143206350006514,115720.35,108540.88133333334,11578.23999999999,4312.820000000007,0.0359877965153547,0.2408284294905925,0.3330584634568183,0.0922300339662257,0.574711496785737,197.0,,,,,0.0,0
2025-05-09,2025-05-09,103261.61,104361.3,102315.14,102971.99,27617.39907,-0.0028046243714991,-0.002808564699583,0.0272707443315781,97852.26142857142,91248.08233333334,6084.850000000006,2046.1600000000035,0.0198710348318994,0.3657482404691669,0.4469548894583687,0.0812066489892019,0.471838465062799,91.0,0.0510658007804994,0.1243530088276774,0.073287208047178,0.8023597896099091,27.0,0
2025-01-22,2025-01-22,106143.82,106394.46,103339.12,103706.66,22248.69254,-0.022960922265658,-0.0232286300582351,0.0275746745520994,103151.86714285714,97720.12857142858,3209.3099999999977,3055.340000000011,0.0294613672834513,0.1720992535135823,0.2586859940959472,0.0865867405823648,0.654727265391856,73.0,-0.0784448593711623,0.0862280298024416,0.1646728891736039,0.7490990918416244,13.0,0
,2025-06-22,102120.02,103399.62,98200.0,100963.87,28989.518757757018,-0.0113213854953597,-0.011171745443972328,0.011089511637605855,103896.13428571427,105831.611,-4637.352884026166,5199.619999999995,0.051461961332484485,0.12899134202775633,0.3057916994419014,0.17770374997666,0.5165045524440837,56.81836413700245,,,,,0.0,1
2025-08-13,2025-08-13,120134.09,123667.79,118920.92,123306.43,23210.07102,0.0264067448637388,0.0260641056770228,0.0145031046903502,118861.36,117461.82533333333,8314.159999999989,4746.869999999995,0.0384965325814719,0.1590492532920245,0.2862953136815396,0.127246060389515,0.5864586225927693,73.0,,,,,0.0,0
,2025-01-23,103706.66,106850.0,101262.28,103910.34,54175.44605098037,0.0019640011547956,0.00209332605315761,0.02742962169706609,103712.30142857145,97933.58413793104,3903.332227912488,5587.720000000001,0.05408059981581511,0.10724629589674167,0.2271334369308673,0.1203449489763723,0.6525216155613844,65.00719155323473,0.10495044789189326,0.1397312820578614,0.0332789363649984,0.8269897898038229,11.948184956189646,1
,2025-04-26,94638.68,95199.0,93870.69,94628.0,9369.912005229186,-0.0001128502637609,-0.00012674490024493156,0.02488071573056134,91868.09857142858,84958.989,9535.205253957332,1328.3099999999977,0.014366789485239756,0.20230522083827807,0.2957260262272838,0.0945974481292069,0.6096765257211195,35.9803688295901,0.017887710104022944,0.0419477522373199,0.0270271766930818,0.9310250282287598,0.9817950426656056,1
,2025-07-01,107146.51,107540.0,105250.85,105681.14,10669.087485252234,-0.0136762283415696,-0.013930165492689951,0.009760136620552657,107116.6557142857,105781.699,-291.8392820381291,2289.149999999994,0.021640362138205905,0.13001876274459367,0.3057916994419014,0.17770374997666,0.5165045524440837,56.76503993704237,,,,,0.0,1
2025-10-10,2025-10-10,121662.41,122550.0,102000.0,112774.5,64171.93927,-0.0730537947632136,-0.075859746128425,0.0311296996243997,121372.52857142856,116420.93233333336,-9457.5,20550.0,0.1822220448771663,0.0983043851211984,0.2647131639929052,0.1664087788717068,0.5688780542324356,94.0,,,,,0.0,0
,2025-10-25,111004.9,111943.19,110672.86,111646.27,6487.503064967782,0.005777943656356,0.006117537183249253,0.01521270610312617,109681.33142857144,114163.63666666666,4359.456284123112,1270.3300000000015,0.011292557784944856,0.14945977123212306,0.2717132771225727,0.121872481505346,0.6064142508472762,45.94151877857023,,,,,0.0,1
,2025-06-24,105333.94,106290.0,104622.02,106083.0,14655.04850081425,0.0071113837677945,0.006919217642479578,0.01944442631925335,103906.30999999998,105653.30533333334,1606.5532891570401,1667.979999999996,0.015350091366455135,0.12759553140748103,0.3057916994419014,0.17770374997666,0.5165045524440837,57.505806853090576,,,,,0.10930283987570655,1
,2025-06-10,110263.02,110400.0,108331.03,110274.39,17090.799559734616,0.0001031170740652,0.00021902389427163747,0.023776890889309094,106045.36285714286,106152.56366666668,4776.076778761589,2068.970000000001,0.018463581078741933,0.14695561368836482,0.288508891115586,0.1416199798757831,0.5698711331933737,75.1414537579529,,,,,0.06064492088976189,1
,2025-04-03,82516.28,83998.02,81211.24,83213.09,27486.169577055207,0.0084443932222353,0.008369068019402943,0.023202842196374328,83271.52,84508.55033333335,-4061.6732734791885,2786.779999999999,0.03344423429984035,-0.092121070989613,0.1960806152479642,0.2875395713566357,0.5163798063345577,92.02795908221941,0.035163471203251015,0.0550229549407959,0.0194335309788584,0.9255435268084208,6.052250656323288,1
,2025-03-01,84349.95,86558.0,83824.78,86064.53,25728.742800869717,0.020327103967116,0.020067347109596175,0.027612495631337726,87980.63142857142,95210.415,-10467.945275399816,2733.220000000001,0.03148489812498925,-0.11106079928789618,0.1704126300918328,0.2838209979669299,0.545766371215672,42.88415702195417,,,,,0.0,1
2025-05-13,2025-05-13,102791.32,104976.25,101429.7,104103.72,21253.42409,0.0127676150087381,0.0126867961942682,0.0259030383228012,102726.66571428571,94039.9,7269.699999999997,3546.550000000003,0.0340674665612333,0.1365891615723204,0.2644278847831575,0.127838723210837,0.6077333876780946,68.0,0.0751185733824968,0.0910137444734573,0.0158951710909605,0.893091082572937,1.0,0
2025-02-26,2025-02-26,88680.39,89414.15,82256.01,84250.09,56893.54409,-0.0499581643745404,-0.051249257856689,0.0261299188422897,93111.33714285716,97032.70333333334,-12394.28,7158.139999999999,0.0849629952917557,-0.2086793060007039,0.1263938884270222,0.3350731944277261,0.5385329211130738,96.0,-0.1402232485990493,0.0901363087006104,0.2303595572996598,0.6795041490919315,39.0,0
,2025-07-31,117840.29,118922.45,115500.0,115764.08,17020.84709182283,-0.0176189300264849,-0.017951698410139445,0.009947694223827167,117795.33,115657.36933333334,-2498.729651564428,3422.449999999997,0.02974149653492756,0.20663349340772158,0.3240620102168935,0.117095119362189,0.5588428695037058,65.92596473993922,,,,,0.00881494121305945,1
,2025-02-14,96608.13,98826.0,96252.82,97500.48,18054.73476316664,0.0092366957898164,0.008966088094624212,0.013538457055515625,96870.73142857142,100590.38133333335,1067.2211426706576,2573.179999999993,0.026314204912436023,0.13884607054571158,0.2852578739732949,0.1475829749312529,0.5671591547720912,67.04484238847631,0.0621803527786483,0.0767021007835865,0.0157145775854587,0.9075833082199096,5.033972883429804,1
2025-05-03,2025-05-03,96887.13,96935.67,95753.01,95856.42,9723.34838,-0.0106383571648415,-0.0106953490468046,0.0131747742172664,95203.25285714286,87743.06,1228.4199999999985,1182.6600000000035,0.012337827763649,0.0800528284162283,0.1871659569442272,0.1071131285279989,0.7057209021665833,22.0,-0.1735959202051162,0.0284420996904373,0.2020380198955536,0.7695199251174927,1.0,0
,2025-03-09,86222.46,86500.0,80000.0,80734.37,26160.35078440268,-0.0636502442229373,-0.06600440587366425,0.043120549540946004,86828.43714285713,92295.016,-13535.712627402494,6500.0,0.08064117236068302,-0.13127370815525796,0.1425015835768797,0.273910504786975,0.5835879148746078,44.03278915744466,-0.8601190408736359,0.0290498360991477,0.8866525292396545,0.0842976346611976,1.044182052072372,1
,2025-07-11,116010.01,118869.98,115222.22,117527.66,25773.5323604098,0.0130821480906819,0.013119199276306873,0.016420344832957276,111337.07571428572,107234.386,9505.347245078385,3647.7599999999934,0.030706430408328947,0.26000230130632834,0.342468288982391,0.0817521021413016,0.5757796062808956,196.57632961291145,,,,,0.0,1
2025-02-28,2025-02-28,84708.57,85120.0,78258.52,84349.94,83648.03969,-0.0042338096093689,-0.0042427975590892,0.0244709223339358,89478.69999999998,95832.362,-11832.039999999994,6861.479999999996,0.0813454046321787,-0.210532355487834,0.1394955085016021,0.3500278639894362,0.5104766241405333,107.0,0.1317495638504624,0.1462980806827545,0.014548516832292,0.8391534090042114,1.0,0
,2025-04-04,83213.09,84720.0,81659.0,83889.87,32911.56802368347,0.0081330954060232,0.008190847892269846,0.020651173319339283,83195.16142857143,84284.67899999999,-575.8066078109231,3061.0,0.03604472657102406,-0.08983867742628303,0.2309573935181425,0.3222742365967286,0.446768376093946,56.56367556822196,-0.3329717960234324,0.0791838163776057,0.4123463961961014,0.5084697705294404,7.20352995390526,1
2025-01-09,2025-01-09,95060.61,95382.32,91203.67,92552.49,34544.83685,-0.0263844298916238,-0.0267387451314608,0.029358348317153,97365.94285714289,95909.004,-4432.299999999988,4178.650000000009,0.0451489743819967,-0.0283107572626092,0.2405721318827551,0.2688828891453643,0.4905449846460495,81.0,0.004806170017337,0.1290576012359689,0.1242514312186318,0.7466909642452779,46.0,0
2025-05-31,2025-05-31,103985.47,104900.0,103068.55,104591.88,11289.35922,0.0058315834095299,0.0058146455448111,0.0118108552538365,107046.57714285716,103872.06866666667,-3170.029999999999,1831.449999999997,0.0175104415371441,-0.0262356846956763,0.1972169934249505,0.2234526781206269,0.57933033398557,41.0,,,,,0.0,0
2025-02-04,2025-02-04,101328.51,101732.31,96150.0,97763.13,40267.98697,-0.035186441092794,-0.0358203995142624,0.0281220882398672,101187.66142857145,100407.05066666666,-3572.3899999999994,5582.309999999998,0.0571003608415565,0.0340683984546627,0.2126204723704464,0.1785520739157837,0.6088274550400202,79.0,0.0781308524310588,0.1084581241011619,0.030327271670103,0.8612145781517029,1.0,0
,2025-06-03,105858.0,106794.67,104872.5,105376.89,13225.066990530677,-0.0045447679480784,-0.0049035389326991825,0.011216073582598842,105546.67142857144,104867.28966666666,-3612.0206074729226,1922.1699999999985,0.01799640087512384,0.16246632868745384,0.2781542074151857,0.115753511113093,0.6060922799502001,86.18914574036607,,,,,0.06512891930565082,1
,2025-09-22,115232.29,115379.25,111800.0,112650.99,20788.913691843438,-0.022400839209218,-0.02259744802979148,0.011483917795202343,115644.48142857142,112822.27333333336,-2649.9721534120554,3579.25,0.03140438148089871,0.005892108939202615,0.2035905242946587,0.1982560777252442,0.5981533998917592,94.85480839832593,,,,,0.02278371162716801,1
2025-07-01,2025-07-01,107146.51,107540.0,105250.85,105681.14,10505.62437,-0.0136762283415696,-0.0137706094588064,0.0097293792279773,107116.6557142857,105781.699,-401.8600000000006,2289.149999999994,0.0216609131960536,0.1280879494652413,0.3057916994419014,0.17770374997666,0.5165045524440837,57.0,,,,,0.0,0
,2025-02-21,98305.01,99475.0,94871.95,96181.98,32335.985320882348,-0.021596256548497,-0.021931536596483447,0.013344786861798127,96610.12428571428,99063.97466666666,-1353.8725757369864,4603.050000000003,0.0481839704818041,0.07831467872133355,0.2579353603118278,0.1790388924010256,0.563025739202474,46.76671670716919,0.014283130811966572,0.0441803280264139,0.0260738339275121,0.9297457933425904,1.8524036738524166,1
2025-07-30,2025-07-30,117950.75,118792.0,115796.23,117840.3,15586.73631,-0.000936492482117,-0.0009369312651676,0.0075225736694039,118163.46,115321.27133333332,-915.6900000000024,2995.770000000004,0.0254222876214673,0.1161135227948024,0.2714202975904619,0.1553067747956595,0.5732729238130756,74.0,,,,,0.0,0
,2025-03-21,84223.38,84850.33,83175.25,84088.79,11863.822865609778,-0.0015981308755205,-0.0015021301388291166,0.027202792358180416,84113.73571428572,86935.85233333334,120.48819529930375,1675.0800000000015,0.019728550945191804,0.07722489613332145,0.2724130096140544,0.1939190574544104,0.5336679224226926,73.78743418013178,-0.04968707097428219,0.0652546805462667,0.1142073682110224,0.8205379673412868,7.0520004636063005,1
2025-02-16,2025-02-16,97569.67,97704.47,96046.18,96118.12,8191.4249,-0.0148769607273409,-0.0149887326438566,0.0149308045407579,96982.2014285714,100244.48133333331,-344.63000000000466,1658.290000000008,0.0172526262477877,-0.0156330260663078,0.1820994686836806,0.1977324947499885,0.6201680381424152,26.0,0.0613898903959327,0.154862234989802,0.0934723445938693,0.7516654166910384,9.0,0
2025-11-28,2025-11-28,91333.94,93092.0,90180.63,90890.7,18830.86012,-0.0048530694227064,-0.0048648838036232,0.0171957441523017,88564.05428571429,97519.009,5761.270000000004,2911.369999999996,0.0320315499825614,0.0810900939253681,0.2737043039964103,0.1926142100710421,0.5336814875510044,82.0,,,,,0.0,0
,2025-09-13,116029.41,116298.78,115127.27,115918.29,8377.339329314414,-0.0009577743299932,-0.0007441279510613278,0.009012204472410731,113734.19428571429,112830.40333333332,5806.964099027011,1171.5099999999948,0.0098128167160297,0.2614968307474944,0.3753699298369987,0.1139591690474029,0.5106708915454561,28.492617570615803,,,,,0.1268341706196554,1
,2025-03-27,86909.17,87756.39,85800.0,87232.01,17122.410181816496,0.0037146828119518,0.0033477961664947053,0.011948487263753745,86149.1557142857,85316.72,3097.3208446530066,1956.39,0.02258884570216868,0.05559806345484814,0.2376491575822478,0.1830109179966518,0.5793399197644875,60.92844963588628,-0.09628698458728335,0.2628669401630759,0.3556177161633968,0.3815153524279594,5.0221717947694975,1
,2025-02-14,96608.13,98826.0,96252.82,97500.48,18063.833737277273,0.0092366957898164,0.009178050266687533,0.013586021947281566,96870.73142857142,100590.38133333335,967.3666034081288,2573.179999999993,0.026386511893488954,0.1357736583718591,0.2852578739732949,0.1475829749312529,0.5671591547720912,66.66938627499391,0.05975721458218678,0.0767021007835865,0.0157145775854587,0.9075833082199096,4.850830707794536,1
2025-10-17,2025-10-17,108194.27,109240.0,103528.23,106431.68,37920.66838,-0.0162910645553536,-0.0164252229988888,0.0222826414528052,111312.36857142858,115350.996,-6342.820000000007,5711.770000000004,0.0536660701024357,-0.1093668052158558,0.1883725718182233,0.2977393770340791,0.5138880513877291,97.0,,,,,0.0,0
,2025-10-20,108642.77,111705.56,107402.52,110532.09,19005.715932340867,0.0173901109673371,0.017279799446975285,0.017659141774240425,109253.89428571428,114616.60733333332,-4685.791406911614,4303.039999999994,0.03901050988675423,0.09237867089314437,0.2300051472034968,0.1357880893788517,0.6342067632517995,73.17394894941997,,,,,0.05962009129478239,1
2025-09-03,2025-09-03,111240.01,112575.27,110528.71,111705.71,11773.72084,0.0041864433489353,0.0041777045760736,0.01825934381119,110027.16,114554.68466666668,443.7000000000117,2046.5599999999977,0.0183209971988002,0.2219031817402761,0.342713519860551,0.1208103381202749,0.5364761501550674,53.0,,,,,0.0,0
,2025-06-29,107296.79,108528.5,107172.52,108356.93,6530.4866022095075,0.0098804446992308,0.009674278229978373,0.015631016476167527,106915.12571428568,105695.27133333334,7327.482422876676,1355.979999999996,0.012193834266300038,0.12895884296286725,0.3057916994419014,0.17770374997666,0.5165045524440837,57.15193724603602,,,,,0.0,1
,2025-10-14,115166.0,115409.96,109866.0,113028.14,31820.317093005997,-0.0185632912491533,-0.018798307319334226,0.03500777552059915,115934.32,116124.23,-8286.945535352586,5543.960000000006,0.0491802856745195,-0.026777121106662145,0.2046315091984155,0.2317964826736634,0.56357201414235,107.18971977270498,,,,,0.0,1
,2025-11-18,92215.14,93836.01,89253.78,92960.83,39820.57611475955,0.0080864161785148,0.008029632597422795,0.020645590409726744,95853.43428571428,105100.45333333332,-10111.606997093597,4582.229999999996,0.04900375993810938,-0.19329328949095237,0.1629081338451641,0.3552906089046961,0.4818012533106015,213.01065766502737,,,,,0.0,1
,2025-07-30,117950.75,118792.0,115796.23,117840.3,15577.729670041723,-0.000936492482117,-0.0008724260563173962,0.0077164261530316336,118163.46,115321.27133333332,-820.3073764885288,2995.770000000004,0.025306100991935594,0.11612005516195334,0.2714202975904619,0.1553067747956595,0.5732729238130756,74.23100142598585,,,,,0.02653246832508624,1
,2025-08-05,115055.03,115127.81,112650.0,114129.75,12084.044797981007,-0.0080420647406723,-0.007605769260692193,0.01302796768990939,114691.74857142856,116504.612,-3820.545074657278,2477.8099999999977,0.021656109044484353,0.09978420405508724,0.2264671232155028,0.127772307845744,0.6457605846622523,46.894218712439965,,,,,0.002952766092921671,1
2025-09-21,2025-09-21,115685.63,115819.06,115188.0,115232.29,4511.52219,-0.0039187235268547,-0.003926421842189,0.0077536994732945,116030.01285714286,112915.17533333332,-35.720000000001164,631.0599999999977,0.0054764163760001,0.1443258993870889,0.210148190613836,0.0658222912267471,0.7240295074880123,24.0,,,,,0.0,0
2025-07-15,2025-07-15,119841.17,119940.83,115736.92,117758.09,32018.46083,-0.0173820885274994,-0.0175349307627005,0.0187407118717908,116982.50857142858,108946.35066666668,8835.11,4203.910000000004,0.035699543020781,0.1358617021582059,0.2916650899595791,0.1558033878013732,0.5525315197244767,155.0,,,,,0.0,0
2025-06-05,2025-06-05,104696.86,105909.71,100372.26,101508.68,22321.50154,-0.0304515340765711,-0.0309248149110365,0.0138161781248437,104522.95857142856,105355.21766666666,-4081.070000000007,5537.450000000012,0.0545514925423127,0.0242779411394925,0.2207975907076615,0.196519649568169,0.5826827649240537,96.0,,,,,0.0,0
,2025-06-15,105414.63,106128.57,104494.53,105594.01,7087.102546920627,0.0017015663099546,0.0019265762904653316,0.021848276820056012,107418.5,106611.28433333331,-150.97711402576468,1634.040000000008,0.015507955666181454,0.12892063067001,0.3057916994419014,0.17770374997666,0.5165045524440837,57.07253651617893,,,,,0.07533031913132167,1
,2025-04-29,95011.18,95461.53,93742.54,94256.82,16969.086695361988,-0.0079396972019502,-0.0077961395699467605,0.007852945945680798,94279.3614285714,86077.46866666667,795.9118582713756,1718.9900000000052,0.018533773525180177,0.22861255985728623,0.3235816877217047,0.0951006280346995,0.5813176861653725,63.162027771621844,0.12241809986757864,0.3416161224246025,0.2161170305684208,0.4422668404877186,4.943724854726629,1
,2025-03-27,86909.17,87756.39,85800.0,87232.01,17074.653570281636,0.0037146828119518,0.0034552869305693942,0.011982938972014209,86149.1557142857,85316.72,3020.3454753674887,1956.39,0.022976171236101208,0.05639707327096612,0.2376491575822478,0.1830109179966518,0.5793399197644875,61.17883249270081,-0.09253035617604809,0.2628669401630759,0.3556177161633968,0.3815153524279594,4.995094245256128,1
,2025-08-28,111262.01,113485.9,110862.42,112566.9,11088.385474683797,0.011728082208833,0.011442893635358302,0.023282940613216736,113081.67714285714,115590.99366666666,-4.691858940165815,2623.479999999996,0.023230484952302188,0.2613655417991083,0.3648633947759344,0.1017527181508117,0.5333838882741698,57.0265592232565,,,,,0.0,1
,2025-12-06,89330.04,90289.97,88908.01,89236.79,8246.595926368123,-0.0010438817669845,-0.0009841377351784664,0.03418214044817992,90285.53285714284,93216.34366666664,-1559.8359739084672,1381.9600000000064,0.015633846352158753,0.022404961943141826,0.1973036630508991,0.1749003453610035,0.6277959967175355,64.24532910205613,,,,,0.0,1
,2024-12-29,95300.0,95340.0,93009.52,93738.2,13510.463387697378,-0.0163882476390346,-0.016276894459383028,0.015509488857497526,94782.2075,94782.2075,15.33820765664373,2330.479999999996,0.02478353793303188,-0.01646829605155286,0.2012910154234204,0.2191326495570441,0.5795763400900695,18.267204854820108,,,,,0.0,1
,2025-02-21,98305.01,99475.0,94871.95,96181.98,32148.826373345288,-0.021596256548497,-0.021797688031022316,0.013382605708701605,96610.12428571428,99063.97466666666,-1304.4375979285649,4603.050000000003,0.04794292739410729,0.07852233559177517,0.2579353603118278,0.1790388924010256,0.563025739202474,46.92440534634681,0.01683760573794067,0.0441803280264139,0.0260738339275121,0.9297457933425904,2.099245001842557,1
2025-04-10,2025-04-10,82615.22,82753.21,78464.36,79607.3,33284.80718,-0.0364087876301727,-0.0370881278659981,0.0467587604489105,80509.43428571429,83433.241,-3605.7899999999936,4288.850000000006,0.0538750843201566,0.0741888796775669,0.2561791876762889,0.181990307998722,0.5618305050268553,69.0,0.0808022795245051,0.0937802717089653,0.0129779921844601,0.8932417035102844,1.0,0
,2025-10-15,113028.13,113612.35,110164.0,110763.28,22898.59227670634,-0.0200380188508808,-0.02038611178569008,0.033245682949734956,114142.50285714286,115971.349,-12494.990572045212,3448.350000000006,0.030916186031692168,-0.04775592285008168,0.1986666674725711,0.2449466470784197,0.5563866822049022,89.81954337305828,,,,,0.014196398474945074,1
,2025-01-15,96560.85,100681.94,96500.0,100497.35,30235.044106777586,0.0407669318603831,0.040144592309847404,0.021992729026724573,95431.13714285716,95909.54904761905,5481.774643752825,4181.940000000002,0.04189317339689707,0.15069258269226277,0.2929474954052191,0.1432879900951918,0.5637645184046083,57.71672937763031,0.4821811853093428,0.5011441602061192,0.0202975249849259,0.4785583081344763,5.982275161882319,1
2024-12-27,2024-12-27,95791.6,97544.58,93500.01,94299.03,26501.26429,-0.0155814288517991,-0.015704095193978,0.0,95045.315,95045.315,0.0,4044.570000000007,0.0428908971810209,-0.0135763719220433,0.2329279891983197,0.246504361120363,0.5205676445181955,57.0,0.3954914808273315,0.4259374439716339,0.0304459631443023,0.5436165928840637,1.0,0
,2025-12-02,86286.01,92307.65,86184.39,91277.88,28166.128791870604,0.0578525997435739,0.055901334008111,0.032726119555700144,90205.0,94857.56433333334,3953.552944190785,6123.259999999995,0.06707459505437023,-0.040614494107496596,0.2559251242120118,0.2976469991076058,0.446427872438446,136.7728919863223,-0.9341994450557851,0.0127893770113587,0.9485076069831848,0.0387030206620693,1.0021209700874563,1
,2025-07-16,117758.08,120063.84,117017.29,118630.43,16876.273528303733,0.007407898684498,0.007607327197358446,0.018218810697619096,118039.14285714286,109340.88066666666,7338.951198799355,3046.550000000003,0.025371295549474787,0.1392774367899823,0.2712806080387014,0.1332633848524773,0.5954560071391903,92.34763818071617,,,,,0.0,1
2025-03-16,2025-03-16,84338.44,85117.04,81981.12,82574.53,17596.12531,-0.0209146624006799,-0.0211364721204962,0.0326021209526467,82460.13142857143,88932.54266666666,1840.1600000000035,3135.9199999999983,0.0379768434649279,-0.0228193259099498,0.120468216172109,0.1432875420820588,0.7362442398443818,24.0,-0.1285535458475351,0.0443681463599205,0.1729216922074556,0.7827101409435272,5.0,0
2025-07-19,2025-07-19,117924.84,118499.9,117277.34,117840.0,6635.80306,-0.0007194412983727,-0.0007197002204572,0.0110203445430528,118608.39142857144,110702.40933333331,420.0,1222.5599999999977,0.0103747454175152,0.1548998833604855,0.2836684954818338,0.1287686121213482,0.5875628979410976,32.0,0.1646998021751642,0.1806329935789108,0.0159331914037466,0.803433895111084,1.0,0
2025-01-29,2025-01-29,101335.52,104782.68,101328.01,103733.24,23155.35802,0.0236611999425275,0.0233856124401332,0.0138061374799437,103328.46857142856,99584.73333333334,26.580000000001743,3454.6699999999983,0.033303404000492,0.1163528615579707,0.2141834542562719,0.0978305926983011,0.6879859570472036,64.0,0.0142493720632046,0.1491137988632545,0.1348644268000498,0.7160217948257923,8.0,0
,2025-10-11,112774.49,113322.39,109561.59,110644.4,35346.68841811103,-0.0188881351724016,-0.018659606928628204,0.030740286060403788,119694.44285714286,116259.656,-11751.540044595944,3760.800000000003,0.03349689423632722,-0.06507208282497068,0.1956110132480229,0.2640450018647032,0.5403439867701652,68.75031162163434,,,,,0.05106834193312381,1
,2025-10-07,124658.54,125126.0,120574.94,121332.95,21591.923188913628,-0.0266775946517583,-0.027186866651436107,0.019886724991591827,121888.73428571426,115748.55633333334,7359.640966278494,4551.059999999998,0.037215082991783444,0.26498991177130854,0.3911348209917746,0.1259681591952874,0.4828970127462132,74.71615254974749,-0.3510142999238408,0.0394183211028575,0.3911311626434326,0.5694504976272583,1.131012059057756,1
,2025-11-28,91333.94,93092.0,90180.63,90890.7,18690.57039317446,-0.0048530694227064,-0.004709726957458329,0.017095153690625114,88564.05428571429,97519.009,5750.195751193192,2911.369999999996,0.03202899719151444,0.07959795865518152,0.2737043039964103,0.1926142100710421,0.5336814875510044,82.21115538186936,,,,,0.0,1
,2025-07-14,119086.65,123218.0,118905.18,119841.18,27131.795051732297,0.0063360591918621,0.00615860569844113,0.014453826253486611,115720.35,108540.88133333334,11696.13195453083,4312.820000000007,0.035885548812215784,0.24082607345636178,0.3330584634568183,0.0922300339662257,0.574711496785737,197.49786687765888,,,,,0.011320020011491166,1
,2025-10-15,113028.13,113612.35,110164.0,110763.28,22896.63018300126,-0.0200380188508808,-0.01977084048106904,0.03314493590967138,114142.50285714286,115971.349,-12590.179488076796,3448.350000000006,0.03130973451330149,-0.04513675785650629,0.1986666674725711,0.2449466470784197,0.5563866822049022,89.95176816387068,,,,,0.0,1
2025-03-27,2025-03-27,86909.17,87756.39,85800.0,87232.01,17098.03897,0.0037146828119518,0.0037078004164337,0.0119823229323154,86149.1557142857,85316.72,3008.619999999996,1956.39,0.0224274323152705,0.054638239585596,0.2376491575822478,0.1830109179966518,0.5793399197644875,61.0,-0.0927507760003209,0.2628669401630759,0.3556177161633968,0.3815153524279594,5.0,0
2025-11-30,2025-11-30,90802.44,92000.01,90336.9,90360.0,9687.74175,-0.0048725562881349,-0.0048844658930887,0.01616239563187,89934.43999999999,96293.394,3530.0,1663.1100000000006,0.0184053784860557,0.0654971986450255,0.2042540123313665,0.138756813686341,0.6569891717284918,50.0,,,,,0.0,0
,2025-09-06,110660.0,111307.7,109977.0,110187.97,4756.52000233212,-0.0042654983070213,-0.0043585782535884125,0.009278278299061088,110286.90285714286,114054.178,1323.8559053915476,1330.699999999997,0.011917747659627144,0.06477192302000799,0.1934450757529201,0.1276040007199706,0.678950919416444,29.017370211833793,0.08917720045270867,0.0988305434584617,0.0144725199788808,0.8866969347000122,1.0211987015570632,1
2025-12-06,2025-12-06,89330.04,90289.97,88908.01,89236.79,8409.50016,-0.0010438817669845,-0.0010444269910222,0.0342367062206772,90285.53285714284,93216.34366666664,-1565.6500000000087,1381.9600000000064,0.0154864378245789,0.0224033176898956,0.1973036630508991,0.1749003453610035,0.6277959967175355,65.0,,,,,0.0,0
,2025-03-31,82390.0,83943.08,81278.52,82550.01,20402.4472969289,0.0019422262340362,0.0016409790234579507,0.013299371528302248,84792.42428571428,85071.37933333333,-5046.553884501405,2664.5599999999977,0.03229746482163353,-0.03316100768434063,0.1619271824747556,0.1936779476163792,0.6443948723463109,63.8743155900901,-0.9609682326363549,0.0098176458850502,0.9708107709884644,0.0193715207278728,1.0341095158008253,1
2025-08-24,2025-08-24,115438.06,115666.68,110680.0,113493.59,21175.98462,-0.0168441861240726,-0.0169876628753381,0.0230269964211168,114534.12285714284,116512.47733333334,-3911.4199999999983,4986.679999999993,0.0439379880396768,0.1115279735456551,0.2543245451224427,0.1427965715767875,0.6028788874466573,31.0,,,,,0.0,0
2025-01-08,2025-01-08,96954.6,97268.65,92500.9,95060.61,33704.67894,-0.0195349143274362,-0.019728242676769,0.0299547965066853,97999.12857142856,96148.755,468.820000000007,4767.75,0.050154843315228,-0.0765365426777862,0.1714034148026257,0.2479399574804119,0.5806566314771772,80.0,0.1656462901737541,0.2587484559044242,0.0931021657306701,0.6481493711471558,8.0,0
2025-11-06,2025-11-06,103885.16,104200.0,100300.95,101346.04,25814.62139,-0.024441604556416,-0.0247452586464772,0.0267705314483238,106222.60714285714,110511.72433333332,-6976.840000000011,3899.050000000003,0.0384726428383388,-0.1387761510715524,0.180137043273667,0.3189131943452195,0.5009497693603541,82.0,,,,,0.0,0
,2025-10-25,111004.9,111943.19,110672.86,111646.27,6232.573818753123,0.005777943656356,0.005353040215820761,0.014920694185643747,109681.33142857144,114163.63666666666,4403.944117128437,1270.3300000000015,0.01146612247208415,0.1506154928135939,0.2717132771225727,0.121872481505346,0.6064142508472762,46.03906479404033,,,,,0.0,1
,2025-10-28,114107.65,116086.0,112211.0,112898.45,15503.17689117648,-0.0105970108051475,-0.010466356313439512,0.014361020664476995,111694.61142857144,114501.04466666668,4656.940800452692,3875.0,0.03449478185186716,0.10345442270042203,0.2991530445968391,0.1959844086397911,0.5048625550796868,71.08324390847079,,,,,0.0,1
2025-09-25,2025-09-25,113307.01,113510.23,108631.51,108994.49,21231.14957,-0.0380604022699391,-0.0388036185100834,0.016230946830392,113357.36857142858,112786.65666666668,-8079.039999999994,4878.720000000001,0.0447611617798294,0.0553787855284386,0.2256807234432352,0.1703019379147965,0.604017350111941,76.0,,,,,0.0,0
2025-06-10,2025-06-10,110263.02,110400.0,108331.03,110274.39,17071.82839,0.0001031170740652,0.0001031117578652,0.0237500421453631,106045.36285714286,106152.56366666668,4897.5,2068.970000000001,0.0187620171827747,0.1468889112398028,0.288508891115586,0.1416199798757831,0.5698711331933737,75.0,,,,,0.0,0
,2025-02-06,96612.44,99120.0,95676.64,96554.35,23457.166614978403,-0.0006011648811647,-0.0006430821132828738,0.02401102850326896,99003.46142857142,100206.26966666666,-8255.599377414113,3443.3600000000006,0.03565117263269078,0.06073826063018657,0.2416844575225815,0.181595171351436,0.5767203722108196,91.58749421723704,0.08794363903816979,0.1414387183120617,0.0544053753121541,0.8041559148293275,13.073251574812579,1
,2025-11-11,106011.13,107500.0,102476.09,103058.99,24305.705699300568,-0.0278474533758861,-0.028126109787682697,0.022701747726685716,103525.18571428572,108381.691,1582.741092328744,5023.910000000004,0.04882978942894875,-0.0020938073518035226,0.2568221157830622,0.2592886744170553,0.4838892056296269,90.3394707478463,0.022013179981416896,0.0450647361576557,0.027115948498249,0.9278192520141602,0.9084085517202625,1
,2025-08-12,118686.0,120324.43,118207.47,120134.08,16544.520826428576,0.0122009335557691,0.012347263936269181,0.012531083619749878,117673.62285714284,117346.317,6011.750099348761,2116.959999999992,0.017307835175101687,0.05513659251515216,0.2469323292785024,0.1896401973030829,0.5634274808847803,59.396243604288436,,,,,0.0,1
,2025-03-31,82390.0,83943.08,81278.52,82550.01,20558.33376749674,0.0019422262340362,0.002197394621871762,0.013401705337130145,84792.42428571428,85071.37933333333,-4874.155647128145,2664.5599999999977,0.03207512734746502,-0.0302421437248735,0.1619271824747556,0.1936779476163792,0.6443948723463109,64.06292260244952,-0.959549068534394,0.0098176458850502,0.9708107709884644,0.0193715207278728,1.0195344847144645,1
,2025-08-04,114208.81,115720.0,114107.6,115055.03,9505.178676335481,0.0074094990928894,0.007182970862880374,0.01290907566086986,115237.60714285714,116340.415,-3037.5996262405915,1612.3999999999942,0.014168098851855448,0.3247112178053879,0.4091804449313453,0.0851558922745642,0.5056636708655528,41.83078212640058,0.19284379192337467,0.2065477222204208,0.0150675531476736,0.7783847451210022,0.9029990013455205,1
,2025-06-17,106794.53,107771.34,103371.02,104551.17,17916.714264309558,-0.0210063193311492,-0.021025406247402564,0.013943413290266802,106105.39857142858,106670.11066666666,-5702.612504956169,4400.319999999992,0.04237370399032911,0.12932837533208805,0.3057916994419014,0.17770374997666,0.5165045524440837,57.01506489912026,,,,,0.0,1
,2025-01-22,106143.82,106394.46,103339.12,103706.66,22033.522068895898,-0.022960922265658,-0.023357027817783437,0.027642183696181367,103151.86714285714,97720.12857142858,3243.567062913449,3055.340000000011,0.029515425669353133,0.1720884607145642,0.2586859940959472,0.0865867405823648,0.654727265391856,72.87102837638908,-0.07720885421434992,0.0862280298024416,0.1646728891736039,0.7490990918416244,13.192636530500721,1
,2025-06-06,101508.69,105333.0,101095.8,104288.44,15736.0539538606,0.0273844561864069,0.026517529238654598,0.01772440283040517,104566.23857142856,105597.149,292.4669896742897,4237.199999999997,0.040739279576409534,0.011261885968660056,0.2345580448052042,0.2218874581604685,0.5435544912741609,72.54904217784653,0.13939563374311922,0.1517048627138137,0.0125234238803386,0.8357716798782349,0.9112529432933951,1
2025-08-26,2025-08-26,110111.98,112371.0,108666.66,111763.22,18452.43877,0.0149960067923582,0.0148846782912907,0.0241507752800015,113502.01,115997.13266666669,-1109.7200000000012,3704.339999999997,0.0331445353847177,-0.0161945675664088,0.2160784361445728,0.2322730037109816,0.5516485633218989,85.0,,,,,0.0,0
,2025-10-01,114048.94,118649.1,113966.67,118594.99,20004.03111832301,0.039860610704546,0.0390267740804192,0.024651894342854964,112484.80428571429,113449.74766666666,5313.487412445649,4682.430000000008,0.03932739403016524,0.08078149518100168,0.2400200152769684,0.1595310691191116,0.6004489101469517,63.86745355938473,,,,,0.06881701000127058,1
,2025-01-31,104722.94,106012.0,101560.0,102429.56,22017.534335157583,-0.0218994997657628,-0.022160183651423217,0.016061118431216197,103095.84857142856,100217.557,-2401.3498094757424,4452.0,0.04351734366878856,0.18769475681922018,0.303831308769683,0.1146267828409604,0.5815419094592688,83.4615975040006,-0.06972675307362924,0.2497749601801236,0.316971264158686,0.4332537800073623,3.0748519558003102,1
,2025-06-27,106947.06,107735.34,106356.76,107047.59,12047.163407550786,0.0009399977895605,0.0008106137246551531,0.018802888622127076,105119.43428571428,105492.655,3788.0977324286455,1378.5800000000015,0.013061180964557025,0.12597820350683597,0.3057916994419014,0.17770374997666,0.5165045524440837,56.734208451225214,,,,,0.11175212546392559,1
,2025-10-02,118594.99,121022.07,118279.31,120529.35,19807.49886956257,0.0163106384173563,0.01598228912532303,0.014721873778063459,114132.64142857144,113759.39233333334,11515.227427710752,2742.7600000000093,0.022798379249522997,0.2588444115071635,0.3772509690591847,0.1190021193175056,0.5037469121494463,77.27373510319063,,,,,0.12298768515823666,1
2025-07-03,2025-07-03,108849.59,110529.18,108530.4,109584.78,13047.08225,0.0067540900471843,0.0067313833656431,0.0145527766366035,107709.04714285712,106021.68233333336,2637.720000000001,1998.7799999999988,0.018239576700341,0.1876592789776623,0.2804414243563204,0.0927821453786581,0.6267764385084849,74.0,0.4579707402735948,0.474769115447998,0.0167983751744031,0.5084325075149536,1.0,0
,2025-09-23,112650.99,113290.5,111458.73,111998.8,11994.342191570026,-0.0057894741981406,-0.006158968308500487,0.008969605618974601,114960.17285714288,112772.447,-4868.827185764123,1831.770000000004,0.016135445463257347,0.0497849065901151,0.2600762671727228,0.2119512570741241,0.527972478687457,72.85350765105746,,,,,0.0,1
,2025-09-24,111998.8,113940.0,111042.66,113307.0,12284.224727649045,0.0116804822908815,0.011458396365768845,0.011281780191521118,114511.51714285716,112878.94766666666,-3111.4288898386485,2897.3399999999965,0.025686185409236322,0.17306058595318513,0.3606698735584986,0.1884396256043993,0.4508905014633361,58.10482819246337,,,,,0.0,1
,2025-01-09,95060.61,95382.32,91203.67,92552.49,34676.94442391612,-0.0263844298916238,-0.0268588549209659,0.029359760158763272,97365.94285714289,95909.004,-4407.433679903567,4178.650000000009,0.04529475372042107,-0.0287823019280623,0.2405721318827551,0.2688828891453643,0.4905449846460495,81.31721707587333,0.007260464100610792,0.1290576012359689,0.1242514312186318,0.7466909642452779,46.01590158124361,1
,2025-06-04,105376.9,106000.0,104179.0,104696.86,13971.422013403604,-0.0064533124862576,-0.0059587724057408665,0.011101886134506234,105105.96857142856,105199.39566666663,-3019.2691045252323,1821.0,0.017322491292316323,0.17619864699371243,0.3071755289313305,0.1318208143530211,0.5610036554869758,82.52339235484854,,,,,0.0,1
,2025-05-02,96489.9,97895.68,96350.0,96887.14,14729.21357949113,0.004116803508263,0.00450313493366241,0.012090714958522368,95027.76428571428,87321.61566666668,2210.373130544288,1545.679999999993,0.01615682536774491,0.22162834017287167,0.3122800153245528,0.0896039460971951,0.5981160311649243,75.3043946497531,,,,,0.0034779396927668944,1
2025-02-22,2025-02-22,96181.99,96980.0,95770.49,96551.01,11268.17708,0.0038367893861199,0.0038294476827775,0.0135437566170393,96464.60285714285,98818.66366666667,-1018.6500000000088,1209.5099999999948,0.0125271605133907,0.0178763874961684,0.1072316791784639,0.0893552916822955,0.8034130185454463,48.0,-0.0825445961672812,0.0628467723727226,0.1453913685400039,0.791761863976717,8.0,0
,2025-07-20,117840.01,118856.8,116467.02,117265.12,12688.252452669483,-0.0048784792939579,-0.004926890129713857,0.009439280943039967,118348.17428571428,111167.98033333334,-1819.5632374817708,2389.779999999999,0.02039232559760534,0.28652250253636335,0.3523157235673245,0.065684250473757,0.5820000309716252,34.529250201684626,,,,,0.0,1
,2025-11-14,99692.03,99866.02,94012.45,94594.0,47203.603074178645,-0.0511376938695795,-0.052595478128396114,0.024866148920211634,101720.9157142857,106947.79,-8718.282900090719,5853.570000000007,0.061716125446495414,-0.1926648168166442,0.1629567051156895,0.3562987602609037,0.4807445336777119,162.3665181319071,-0.9686427086671807,0.010000642389059,0.971617579460144,0.0183818154036998,0.7367013590031377,1
,2025-04-09,76322.42,83588.0,74620.0,82615.22,75439.83154925406,0.0824502158081466,0.07929604285775506,0.04487511114730859,81024.54714285715,83544.09733333332,117.98854487877547,8968.0,0.10877206773260949,-0.04203922017848475,0.1937018713532862,0.234639048629271,0.5716590745035898,87.85308525264912,,,,,0.06574149558411418,1
,2025-07-09,108922.99,111999.79,108324.53,111233.99,17473.87515566415,0.0212169185969757,0.021292903294988542,0.012013602184147631,109055.84142857142,106747.11433333336,2364.5954991799176,3675.2599999999934,0.03313546648646279,0.3218796977637339,0.4126059510594895,0.0937853299847413,0.4936087139311336,61.82413621326111,,,,,0.0,1
2025-09-04,2025-09-04,111705.72,112180.0,109329.12,110730.87,12203.13536,-0.0087268591730897,-0.0087651612090672,0.0178347162404194,109764.87,114441.38866666668,-1836.0299999999988,2850.8800000000047,0.0257460272821843,0.0822010345989838,0.23873872772092,0.1565376931219361,0.6047235746285878,80.0,,,,,0.0,0
2025-01-16,2025-01-16,100497.35,100866.66,97335.13,99987.3,27832.85317,-0.0050752582033257,-0.0050881810693719,0.0174059701877149,96493.25285714286,96094.90136363637,7434.809999999998,3531.529999999999,0.0353197856127728,0.2817170656760971,0.3734517890558231,0.0917347233797259,0.534813491956276,51.0,-0.1838196152821183,0.0968353427946567,0.2806549580767751,0.6225096821784973,10.0,0
2025-11-04,2025-11-04,106583.05,107299.0,98944.36,101497.22,50534.87376,-0.0477169726065234,-0.0488929906927473,0.0226410339460791,108095.88857142856,111870.40066666668,-11401.229999999996,8354.64,0.0823139786488733,-0.1978984581970277,0.1551762369257965,0.3530746951228243,0.4917490708631003,87.0,,,,,0.0,0
,2025-02-25,91552.88,92540.69,86050.99,88680.4,78281.67080798415,-0.0313750916410277,-0.031695679368032886,0.024100430801736718,94881.94857142855,97627.128,-7013.125455132578,6489.699999999997,0.07302671414965277,-0.23221310750429763,0.1470208085697739,0.3800118477240267,0.4729673445162152,119.10475722733264,-0.11798900286309108,0.157308200167285,0.275304412158827,0.5673874153031243,9.057891149949574,1
2025-06-04,2025-06-04,105376.9,106000.0,104179.0,104696.86,14034.89482,-0.0064533124862576,-0.0064742251263659,0.0110222509760276,105105.96857142856,105199.39566666663,-3084.9199999999983,1821.0,0.0173930717692966,0.1753547145783093,0.3071755289313305,0.1318208143530211,0.5610036554869758,83.0,,,,,0.0,0
2025-09-28,2025-09-28,109635.85,112350.0,109189.99,112163.95,7542.3316,0.0230590632534886,0.0227972206435223,0.0207914423248118,111199.22,112761.22166666666,-3068.3399999999965,3160.0099999999948,0.0281731340595618,-0.0854120946875432,0.1412768489340456,0.2266889436215889,0.6320342004935189,41.0,,,,,0.0,0
2025-07-05,2025-07-05,107984.25,108420.56,107756.31,108198.12,3736.9757,0.0019806593999271,0.0019787004803064,0.0161206102553041,107971.61571428573,106354.243,901.3300000000016,664.25,0.0061392009399054,0.1641412083990872,0.2155665705601374,0.0514253621610502,0.7330080692966779,48.0,0.1969592496752739,0.2147734463214874,0.0178141966462135,0.7674124240875244,1.0,0
,2025-11-10,104722.95,106670.11,104265.02,106011.13,22724.02563236172,0.0123007409263451,0.012001541166709597,0.027746093384419735,103302.0757142857,108778.35133333334,-607.1863487089115,2405.0899999999965,0.022430157024437496,0.04024189486354899,0.2612010047804298,0.2213420063822663,0.5174569884381656,56.187449423218546,,,,,0.0,1
,2025-09-05,110730.87,113384.62,110206.96,110659.99,21687.950587089763,-0.0006401105671796,-0.0005193319578496313,0.008996281409550362,110090.95428571428,114296.97933333337,2341.82417299481,3177.659999999989,0.028586932332275678,0.12776933079177927,0.2970966173493316,0.1705233816083678,0.532380007049987,70.7741176655389,,,,,0.0,1
,2025-07-31,117840.29,118922.45,115500.0,115764.08,16783.33283132469,-0.0176189300264849,-0.017334334553300263,0.009706666588854537,117795.33,115657.36933333334,-2564.5344072615276,3422.449999999997,0.02938709857474325,0.20894404454660717,0.3240620102168935,0.117095119362189,0.5588428695037058,66.07668303533804,,,,,0.15735017328531947,1
,2025-01-07,102235.6,102724.38,96181.81,96954.61,32175.90283962251,-0.0516550986153552,-0.05304216047062879,0.02883463219823528,97932.15428571428,96232.45846153844,3387.5300834255804,6542.570000000007,0.06765485800945137,0.11183071980036025,0.3210010819787544,0.2086315574124455,0.4703673552426081,62.344378817551814,-0.1359818319150346,0.1042243152623996,0.2392558465944603,0.6565198303433135,16.022258711061696,1
2025-12-04,2025-12-04,93429.95,94080.0,90889.0,92078.06,19803.94059,-0.0144695571387976,-0.0145752620889966,0.032081480359576,90732.14857142858,94105.156,744.1100000000006,3191.0,0.0346553782736082,0.0293952254783909,0.2514266958391732,0.2220314703607822,0.5265418234938646,68.0,,,,,0.0,0
,2025-05-01,94172.0,97424.02,94130.43,96489.91,21235.6139769939,0.0246135794078918,0.02420655912995973,0.012086517188595932,94706.55571428571,86842.58733333331,2489.740403225842,3293.590000000011,0.03446119191845163,0.18803891892890376,0.2691621143292163,0.0820094777310503,0.6488284079856436,70.94727412856969,0.004550650447340175,0.091700067743659,0.083591823776563,0.8247081083910806,41.856619988543976,1
2025-10-30,2025-10-30,110021.3,111592.0,106304.34,108322.88,25988.82838,-0.0154371031279489,-0.0155574958212031,0.0171648825184107,111794.40428571428,114167.154,-1755.2999999999884,5287.660000000004,0.0488138793946394,-0.0057298629057355,0.249874745647228,0.2556046085529636,0.4945206480360655,86.0,,,,,0.0,0
,2025-07-05,107984.25,108420.56,107756.31,108198.12,3721.020177622879,0.0019806593999271,0.0021511507844204983,0.01619377551486246,107971.61571428573,106354.243,820.346203931447,664.25,0.006317315133469018,0.16450803926321134,0.2155665705601374,0.0514253621610502,0.7330080692966779,47.68247295242839,0.19858729655611704,0.2147734463214874,0.0178141966462135,0.7674124240875244,1.0007925180375548,1
2025-05-05,2025-05-05,94277.61,95199.0,93514.1,94733.68,17251.18189,0.0048374152847727,0.00482575258787,0.0135010298503928,95239.08428571429,88462.508,-277.5,1684.8999999999942,0.0177856492010021,-0.045139577209514,0.2337654416219561,0.2789050188314702,0.4873295395647163,77.0,0.0461990032345056,0.0820159786380827,0.035816975403577,0.8821669965982437,4.0,0
,2025-01-11,94726.1,95050.94,93831.73,94599.99,7148.332629705343,-0.0013314174940783,-0.0013560832426488829,0.030821721671935608,96356.14571428573,95762.42117647058,-3557.628229554206,1219.2100000000064,0.012936784109280371,-0.026467904423981684,0.1907653162205541,0.217325750587357,0.591908929567482,37.33749936168972,,,,,0.05014300953620528,1
,2025-05-26,109004.2,110422.22,108670.58,109434.79,14873.686089604269,0.0039503068643507,0.003865442865454633,0.021066042888929177,108815.62571428572,101965.14033333331,3883.464848678397,1751.6399999999994,0.016122792871797742,0.12508566526248022,0.2483694429487683,0.1225954451230029,0.6290351149387831,42.728148644366776,,,,,0.0,1
2025-04-04,2025-04-04,83213.09,84720.0,81659.0,83889.87,32915.53976,0.0081330954060232,0.00810020002606,0.0206184597167603,83195.16142857143,84284.67899999999,-534.5100000000093,3061.0,0.0364883149777202,-0.091316843078586,0.2309573935181425,0.3222742365967286,0.446768376093946,57.0,-0.3331625798184957,0.0791838163776057,0.4123463961961014,0.5084697705294404,7.0,0
,2025-09-04,111705.72,112180.0,109329.12,110730.87,12215.553467805641,-0.0087268591730897,-0.00864616930417732,0.017964686617773718,109764.87,114441.38866666668,-1872.6100043262584,2850.8800000000047,0.02571338912642757,0.08192631617680646,0.23873872772092,0.1565376931219361,0.6047235746285878,80.05437034981364,,,,,0.0,1
2025-03-23,2025-03-23,83840.59,86129.64,83809.75,86082.5,8461.97813,0.026740150564303,0.0263888809809596,0.027070354801704,84543.75285714286,86117.05600000001,3507.970000000001,2319.8899999999994,0.0269496122905352,0.0526241726406356,0.2317590588594184,0.1791348862187827,0.5891060400754213,17.0,,,,,0.0,0
,2025-02-11,97430.82,98478.42,94876.88,95778.2,18665.70884140128,-0.0169619838979083,-0.016914982594866065,0.008989242241728345,96541.44142857144,100577.57133333333,-1915.8213165808017,3601.5399999999936,0.03798196717782502,0.064883589606847,0.2319706977525753,0.1669524429060185,0.6010768573119569,67.23611958309634,0.03597148148897093,0.0500095412135124,0.0148875610902905,0.935102880001068,1.0104691063260252,1
2025-11-21,2025-11-21,86637.22,87498.94,80600.0,85129.43,72256.12679,-0.0174036035085609,-0.0175568265742415,0.0213629460861675,91193.61,102997.934,-9464.570000000009,6898.940000000002,0.0810405990031884,-0.2116469799824146,0.1538899678965671,0.3655369478789817,0.480573084880734,171.0,-0.7104429751634598,0.0553910583257675,0.7658340334892273,0.1787749826908111,1.0,0
2025-07-28,2025-07-28,119415.56,119800.0,117427.5,118062.32,13961.74754,-0.0113321087580302,-0.0113968063402202,0.012389938569715,118580.51,114645.017,681.9600000000064,2372.5,0.0200953191500895,0.0995653733210284,0.2245400257856596,0.1249746524646312,0.6504853148532065,79.0,,,,,0.0,0
,2025-08-09,116674.74,117944.05,116299.13,116462.25,9487.112391131603,-0.0018212168289383,-0.001923815399989667,0.011198619943515715,115570.69285714289,117210.324,3912.733053810662,1644.9199999999985,0.013987943980579811,0.12248849643166752,0.2707952428609133,0.1469912393382046,0.5822135281817216,41.44498221300732,,,,,0.0,1
2025-04-26,2025-04-26,94638.68,95199.0,93870.69,94628.0,9415.06875,-0.0001128502637609,-0.000112856631831,0.0248628982560145,91868.09857142858,84958.989,9550.990000000003,1328.3099999999977,0.0140371771568668,0.2011285780980769,0.2957260262272838,0.0945974481292069,0.6096765257211195,36.0,0.014920575544238,0.0419477522373199,0.0270271766930818,0.9310250282287598,1.0,0
,2025-04-24,93691.07,94005.0,91660.01,93980.47,19535.64670965876,0.0030887678955136,0.0028877651520346883,0.025394652387963998,89051.67285714285,84454.80566666668,9022.925548402034,2344.990000000005,0.02485853613257105,0.2166222387190815,0.3602825186215341,0.1428697107546031,0.4968477684631944,49.862646616905586,,,,,0.08468308396581536,1
2025-01-15,2025-01-15,96560.85,100681.94,96500.0,100497.35,30509.99179,0.0407669318603831,0.0399578758632127,0.0219916186253081,95431.13714285716,95909.54904761905,5436.740000000005,4181.940000000002,0.0416124405270387,0.1496595053100272,0.2929474954052191,0.1432879900951918,0.5637645184046083,57.0,0.4808466352211932,0.5011441602061192,0.0202975249849259,0.4785583081344763,6.0,0
,2025-04-08,79163.24,80867.99,76239.9,76322.42,35435.763990697524,-0.0358855953849287,-0.036748244748756285,0.02762317093506168,81010.41428571429,83410.11866666666,-8799.72532161919,4628.090000000011,0.06086347567889921,-0.13651785840882347,0.1920444774004863,0.3297608946741093,0.4781946252333,64.23919410433766,,,,,0.0,1
2025-03-07,2025-03-07,89931.88,91283.02,84667.03,86801.75,57980.35713,-0.0348056734935738,-0.0354258232982397,0.0569380785486013,88739.53857142858,93165.16033333332,2451.8099999999977,6615.990000000005,0.0762195462649083,0.0561845144694483,0.1837764211349039,0.1275919066654555,0.6886316719871239,149.0,,,,,0.0,0
2025-04-11,2025-04-11,79607.3,84300.0,78969.58,83423.84,34435.43797,0.0479420857132448,0.0468283226478621,0.0509133565708167,80442.85857142857,83424.69833333333,-466.0299999999989,5330.419999999998,0.0638956442187269,0.0546900077468969,0.2425613044676455,0.1878712967207486,0.5695673985576087,55.0,0.0068807819237311,0.1639527268707752,0.157071944947044,0.6789753039677938,3.0,0
2025-09-22,2025-09-22,115232.29,115379.25,111800.0,112650.99,20781.71356,-0.022400839209218,-0.0226555490034091,0.0114372567307252,115644.48142857142,112822.27333333336,-2698.720000000001,3579.25,0.0317729120711677,0.0053344465694145,0.2035905242946587,0.1982560777252442,0.5981533998917592,95.0,,,,,0.0,0
,2025-03-10,80734.48,84123.46,77459.91,78595.86,47247.43960937965,-0.0264882230455256,-0.02709748244351315,0.03298115044589444,85739.18714285713,91700.05333333332,-7520.100123043891,6663.550000000003,0.0848030713006345,-0.12572300707093642,0.1673171318074067,0.292521424430112,0.5401614466309548,74.8303928251636,-0.3003220557818768,0.099757257848978,0.3984752620259921,0.5017675037185351,3.1433195637660623,1
,2025-01-09,95060.61,95382.32,91203.67,92552.49,34373.25335323275,-0.0263844298916238,-0.02654101033327296,0.02935946060229041,97365.94285714289,95909.004,-4429.976117318853,4178.650000000009,0.0452015288188757,-0.028559772291445466,0.2405721318827551,0.2688828891453643,0.4905449846460495,80.953488207409,0.0021992212832021595,0.1290576012359689,0.1242514312186318,0.7466909642452779,45.9355412265704,1
2025-04-07,2025-04-07,78430.0,81243.58,74508.0,79163.24,78387.53089,0.0093489736070382,0.0093055424346964,0.0308940406060672,82272.68857142856,83557.18366666668,-3386.769999999989,6735.580000000002,0.0850846933500953,-0.1889318396991237,0.1527913726192522,0.341723212318376,0.5054854145768951,94.0,-0.0619583507068455,0.0866304498018794,0.148588800508725,0.7647807462827155,38.0,0
2025-12-09,2025-12-09,90634.35,94588.99,89500.0,92678.8,21240.43014,0.0225572338255015,0.0223065817697799,0.0195914925929058,91111.89857142858,91994.126,1400.9199999999985,5088.990000000005,0.0549099686228134,0.0943392556818092,0.299431941756869,0.2050926860750598,0.495475371094311,85.0,-0.825063094496727,0.0420627146959304,0.8671258091926575,0.090811513364315,1.0,0
2025-12-10,2025-12-10,92678.81,94476.0,91563.15,92015.37,18998.68083,-0.0071583792625714,-0.0071841233904618,0.0173561446748759,90909.81571428572,91527.60066666668,-1414.5800000000015,2912.850000000006,0.0316561244061726,0.0760540117596074,0.2577195539350439,0.1816655421754364,0.5606148964773441,97.0,,,,,0.0,0
2025-12-11,2025-12-11,92015.38,93555.0,89260.63,92513.38,19972.58758,0.0054122479755285,0.0053976543938289,0.016594597065549,90972.00428571428,91176.08033333332,435.320000000007,4294.369999999995,0.0464189071894248,-0.0940853575715956,0.182014541114094,0.2760998986856897,0.5418855566876354,81.0,,,,,0.0,0
2025-12-12,2025-12-12,92513.38,92754.0,89480.0,90268.42,16679.19169,-0.0242663277463217,-0.024565606595954,0.0149284797319753,91106.05857142856,90796.54866666668,938.3800000000048,3274.0,0.0362696056937741,0.0452102797347694,0.2077715014949297,0.1625612217601603,0.6296672811552596,104.0,0.0267905127257108,0.0530833825469017,0.0262928698211908,0.920623779296875,1.0,0
2025-12-13,2025-12-13,90268.43,90634.55,89766.39,90240.01,5895.70788,-0.0003147280078681,-0.0003147775451217,0.0149095731225219,91249.37571428572,90481.48166666667,1003.2200000000012,868.1600000000035,0.0096205663097777,-0.0226560160724653,0.170142147069176,0.1927981631416413,0.6370596910309461,45.0,,,,,0.0,0
2025-12-14,2025-12-14,90240.0,90472.4,87577.36,88172.17,9416.94004,-0.0229148910776937,-0.0231815182233915,0.0164713772565471,90931.78428571428,90267.42066666669,-2223.1399999999994,2895.0399999999936,0.0328339429550162,-0.0438058459124452,0.1385372213868273,0.1823430672992725,0.6791197059021609,37.0,-0.0487215463072061,0.0196938719600439,0.06841541826725,0.911890745162964,1.0,0
2025-12-15,2025-12-15,88172.16,90052.64,85146.64,86432.08,19778.6919,-0.0197351386497576,-0.0199324771490597,0.0172484519993762,90331.46142857142,89961.94866666666,-4202.259999999995,4906.0,0.0567613321350128,-0.2113970821374096,0.1478406553156674,0.3592377374530769,0.4929216072545387,80.0,,,,,0.0,0
2025-12-16,2025-12-16,86432.08,88175.98,85266.0,87863.42,18456.05017,0.0165602864121747,0.0164246601605556,0.015630070448575,89643.55,89748.68133333333,-4815.380000000005,2909.979999999996,0.0331193572933991,-0.0924155612356296,0.2356217780454766,0.3280373392811063,0.4363408825904278,101.0,,,,,0.0,0
2025-12-17,2025-12-17,87863.43,90365.85,85314.0,86243.22,19834.11729,-0.0184399833286708,-0.0186121192274582,0.0161629556868155,88818.95714285714,89549.61733333333,-5772.149999999994,5051.850000000006,0.0585767785572014,-0.0514495687883546,0.2288717037299648,0.2803212725183194,0.4908070282378633,112.0,,,,,0.0,0
2025-12-18,2025-12-18,86243.23,89477.61,84450.01,85516.41,25405.41763,-0.0084274450791609,-0.0084631567748879,0.0148881225579231,87819.39,89301.47,-6996.970000000001,5027.600000000006,0.0587910554243332,-0.0217129571352746,0.2429807794608429,0.2646937365961176,0.4923254818105223,88.0,,,,,0.0,0
2025-12-19,2025-12-19,85516.41,89399.97,85110.24,88136.94,21256.65004,0.030643592264923,0.0301834539651766,0.0202725019789184,87514.89285714286,89187.53600000001,-2131.479999999996,4289.729999999996,0.048671192805196,-0.0835029049111264,0.1854577077375281,0.2689606126486545,0.5455816804564425,84.0,0.0220872741192579,0.0468518324196338,0.0247645583003759,0.9283836483955384,1.0,0
2025-12-20,2025-12-20,88136.95,88573.07,87795.76,88360.9,5123.13194,0.0025410457862502,0.0025378227881089,0.0203695117429463,87246.44857142857,89244.99166666667,-1879.1100000000008,777.3100000000122,0.0087969905240894,-0.0373537976391099,0.1791603158003297,0.2165141134394397,0.604325574662151,58.0,,,,,0.0,0
2025-12-21,2025-12-21,88360.91,89081.77,87600.04,88658.86,7132.87258,0.0033720797320988,0.0033664070202197,0.0183737522284718,87315.97571428571,89362.63933333334,486.6900000000023,1481.7300000000105,0.0167127120741233,0.0772228687271183,0.1986599784417479,0.1214371097146296,0.6799029065113441,51.0,,,,,0.0,0
2025-12-22,2025-12-22,88658.87,90588.23,87900.0,88620.79,14673.2197,-0.0004293987087135,-0.0004294909267388,0.0160577065958373,87628.64857142858,89492.00766666667,2188.709999999992,2688.229999999996,0.0303340784933196,0.0945482598044551,0.2314129663058198,0.1368647065013647,0.6317223201004358,65.0,,,,,0.0,0
2025-12-23,2025-12-23,88620.79,88940.0,86601.9,87486.0,13910.32904,-0.0128050088472466,-0.0128876996356668,0.0159701264025035,87574.73142857142,89513.87433333333,-377.4199999999983,2338.100000000006,0.0267254189241707,0.0205258907976024,0.2382559787406764,0.217730087943074,0.5440139305881329,99.0,,,,,0.0,0
2025-12-24,2025-12-24,87486.0,88049.89,86420.0,87669.45,9140.8432,0.0020969069336806,0.0020947114928907,0.0138755378670715,87778.47857142857,89492.85566666667,1426.229999999996,1629.8899999999994,0.0185913108842361,-0.1305897810989443,0.1808022519902271,0.3113920330891714,0.5078057160491453,85.0,,,,,0.0,0
2025-12-25,2025-12-25,87669.44,88592.74,86934.72,87225.27,7096.58235,-0.0050665311576608,-0.0050794095442267,0.0134901260089936,88022.60142857142,89488.03266666667,1708.8600000000006,1658.020000000004,0.0190084822895934,-0.0348040163516998,0.2025476226955652,0.237351639047265,0.5601007374748588,50.0,,,,,0.0,0
2025-12-26,2025-12-26,87225.27,89440.0,86891.7,89281.19,2621.92217,0.0235702337178205,0.0232967448863517,0.0111236357892032,88186.06571428571,89447.93833333332,1144.25,2548.300000000003,0.0285424063008121,-0.0221695787056464,0.1974819104557168,0.2196514891613632,0.5828665930216443,73.0,0.005325192771852,0.08858482837677,0.083259635604918,0.8281555414199829,5.0,0
2025-12-27,2025-12-27,87369.56,87984.0,87253.05,87877.01,4469.55156,-0.0157276129496034,-0.0158526041282668,0.0129418432227373,88116.93857142856,89332.707,-483.8899999999994,730.9499999999971,0.0083178751757711,-0.0749353537457468,0.1839101284175463,0.2588454821632932,0.5572443865037159,46.0,-0.0202351965708658,0.1394352056086063,0.1596704021794721,0.7008943967521191,8.0,0
2025-12-28,2025-12-28,87877.0,88088.75,87435.0,87952.71,4446.29285,0.0008614312207482,0.0008610604018155,0.0128441913645932,88016.06000000001,89234.774,-706.1499999999942,653.75,0.0074329716503334,0.074153614157409,0.218259916713863,0.1441063025564539,0.6376337861350062,51.0,-0.1139456019736826,0.0931456686618427,0.2070912706355253,0.6997630670666695,12.0,0
2025-12-29,2025-12-29,87952.71,90406.08,86806.5,87237.13,19894.98575,-0.0081359630646969,-0.0081692406318066,0.0131075713036555,87818.39428571428,89115.93033333334,-1383.659999999989,3599.5800000000017,0.041262017675272,0.0572290559156009,0.2153344152089304,0.1581053592933294,0.6265602277663465,78.0,0.0593426010105758,0.163687371648848,0.1043447706382721,0.7319678395986557,10.0,0
2025-12-30,2025-12-30,87237.13,89400.0,86845.66,88485.49,13105.91001,0.0143099618247413,0.0142085407306048,0.0134439130532505,87961.17857142857,89053.44666666668,999.4900000000052,2554.3399999999965,0.0288673318077347,0.036257219609133,0.2177854030241453,0.1815281834150123,0.6006864076155389,86.0,-0.1328540024244123,0.0795235104031032,0.2123775128275156,0.7080989732510514,9.0,0
2025-12-31,2025-12-31,88485.5,89200.0,87250.0,87648.22,11558.62047,-0.0094622293440427,-0.0095072806518879,0.0140819671081083,87958.14571428571,89098.85366666666,-21.229999999995925,1950.0,0.0222480273986168,0.0069609184343463,0.2753675244629192,0.2684066060285728,0.4562258701174496,78.0,-0.0032585369689123,0.1488896177283355,0.1521481546972479,0.6989622179950986,7.0,0
2026-01-01,2026-01-01,87648.21,88919.45,87550.43,88839.04,6279.57133,0.0135863569163183,0.013494889906895,0.014703538784727,88188.68428571429,89017.559,1613.7699999999895,1369.020000000004,0.01541011699361,0.0882505232727796,0.2979511096844541,0.2097005864116745,0.4923483065222619,61.0,0.1800313775117198,0.3170483348270257,0.1370169573153058,0.5459346858163675,6.0,0
2026-01-02,2026-01-02,88839.05,90961.81,88379.88,89995.13,17396.97301,0.0130133103644525,0.0129293647305218,0.0125986043924088,88290.67571428572,88903.06499999999,713.9400000000023,2581.929999999993,0.0286896635406826,0.0704624308394147,0.2898320062932643,0.2193695754538495,0.4907984142977889,77.0,-0.005001782306603,0.1817777390990938,0.1867795214056968,0.6314427586538451,14.0,0
2026-01-03,2026-01-03,89995.14,90741.16,89314.01,90628.01,7057.46716,0.0070323805299241,0.0070077686612814,0.0102104914989576,88683.67571428572,88854.73,2751.0,1427.1500000000087,0.0157473390401048,0.0129622366461578,0.2589988246074189,0.246036587961261,0.4949645638141943,46.0,0.1580871677724644,0.2040789411403238,0.0459917733678594,0.7499292679131031,8.0,0
2026-01-04,2026-01-04,90628.01,91810.0,90628.0,91529.73,10426.5297,0.0099496833263799,0.0099005111234531,0.0102546784038498,89194.67857142857,88928.053,3577.019999999989,1182.0,0.0129138368484207,0.0229836022688282,0.2291695496481325,0.2061859473793043,0.5646445085604985,45.0,0.120903599425219,0.2508784914389252,0.1299748920137062,0.6191466294694692,8.0,0
2026-01-05,2026-01-05,91529.74,94789.08,91514.81,93859.71,20673.59584,0.0254559911845038,0.0251373831135929,0.0105264462029118,90140.76142857142,89082.15033333334,6622.580000000002,3274.270000000004,0.0348847231682263,0.2638238822685533,0.4134000065537651,0.1495761242852117,0.4370238654566615,89.0,0.1634321637684479,0.1927170022390782,0.0292848384706303,0.7779981698840857,8.0,0
2026-01-06,2026-01-06,93859.71,94444.44,91262.94,93747.97,18546.41829,0.0,0.0,0.0,93747.97,93747.97,0.0,3181.5,0.0339367348434318,0.1261782391719814,0.3061376780173496,0.1799594388453682,0.5139028808151028,76.0,,,,,0.0,0
2026-01-07,2026-01-07,93747.97,93747.97,90675.52,91364.16,14276.49025,0.0,0.0,0.0,91364.16,91364.16,0.0,3072.449999999997,0.0336286132330226,0.0510666810167843,0.2473476493055475,0.1962809682887631,0.556371384902912,102.0,,,,,0.0,0
2026-01-08,2026-01-08,91364.16,91687.99,89311.0,91099.99,16132.79117,-0.0028913963637382,-0.0028955845252425,0.0,91232.075,91232.075,0.0,2376.990000000005,0.0260920994612623,0.0508521372533362,0.2582386212585413,0.207386484005205,0.5343748978676571,69.0,,,,,0.0,0
2026-01-09,2026-01-09,91100.0,92082.55,89694.66,90641.28,15590.27939,-0.0050352365571061,-0.0050479560758538,0.0015159239385107,91035.14333333333,91035.14333333333,0.0,2387.8899999999994,0.0263443984904008,0.03131536527017,0.2090121639762507,0.1776967987060806,0.6132910390990938,86.0,,,,,0.0,0
2026-01-10,2026-01-10,90641.27,90832.0,90404.0,90504.7,3104.11722,-0.0015068189681346,-0.0015079553615388,0.0017777718273764,90902.5325,90902.5325,0.0,428.0,0.0047290361716021,0.03131536527017,0.2090121639762507,0.1776967987060806,0.6132910390990938,86.0,,,,,0.0,0
2026-01-11,2026-01-11,90504.7,91283.89,90236.0,91013.65,5477.13594,0.0056234648587309,0.0056077122089449,0.0046180313354539,90924.756,90924.756,0.0,1047.8899999999994,0.0115135476931207,0.03131536527017,0.2090121639762507,0.1776967987060806,0.6132910390990938,86.0,,,,,0.0,0
2026-01-12,2026-01-12,91013.66,92519.95,90128.44,91296.2,16188.08268,0.0031044793830377,0.003099670437196,0.0043916364993593,90986.66333333332,90986.66333333332,0.0,2391.5099999999948,0.026195066169238,-0.0157985397197894,0.2111095516868916,0.226908091406681,0.5619823654476357,76.0,,,,,0.0,0
2026-01-13,2026-01-13,91296.2,96495.0,91042.66,95414.0,23021.51482,0.0451037392574937,0.0441161525063742,0.0188841674395916,91619.14,91619.14,0.0,5452.3399999999965,0.0571440249858511,0.0831309252729018,0.2296289429990186,0.1464980177261168,0.6238730418263003,96.0,,,,,0.0,0
2026-01-14,2026-01-14,95413.99,97924.49,94559.28,96951.78,22851.89428,0.0161169220449828,0.0159884232879441,0.0175508455270545,92417.37142857142,92285.72,5587.619999999995,3365.2100000000064,0.0347101414744526,0.0610957694824467,0.2617171840009061,0.2006214145184593,0.5376614051415248,94.0,,,,,0.0,0
2026-01-15,2026-01-15,96951.78,97193.34,95134.48,95604.8,21725.81369,-0.0138932982973597,-0.0139907134975526,0.0191737160024627,93060.9157142857,92654.50666666668,4504.809999999998,2058.8600000000006,0.0215351112078054,0.0610957694824467,0.2617171840009061,0.2006214145184593,0.5376614051415248,94.0,,,,,0.0,0
2026-01-16,2026-01-16,95604.81,95871.47,94293.46,95550.94,11167.7146,-0.0005633608354392,-0.0005635195827788,0.0187733554051788,93762.2957142857,92944.15,4909.660000000004,1578.0099999999948,0.0165148558454788,-0.0052135853135647,0.2224576165899634,0.2276712019035282,0.5498711784991125,48.0,,,,,0.0,0
2026-01-17,2026-01-17,95550.94,95639.45,95021.67,95147.77,4280.80137,-0.0042194247382599,-0.0042283516305704,0.0190217209623265,94425.59142857142,93144.4790909091,4643.070000000007,617.7799999999988,0.0064928479143546,0.036720351928747,0.2666571939756211,0.2299368420468741,0.5034059579974335,38.0,,,,,0.0,0
2026-01-18,2026-01-18,95147.77,95531.12,93615.4,93673.14,6895.17819,-0.0154983138333142,-0.0156196681906746,0.0209173607950679,94805.51857142858,93188.53416666666,2659.490000000005,1915.7200000000007,0.0204511133074006,0.0711598776928756,0.2238962063160927,0.1527363286232171,0.6233674631170605,23.0,,,,,0.0,0
2026-01-19,2026-01-19,93673.14,93673.14,91910.2,92631.0,14295.52747,-0.0111252809503342,-0.0111876297516868,0.0217294179968502,94996.2042857143,93145.64692307691,1334.800000000003,1762.9400000000023,0.0190318575854735,0.0711598776928756,0.2238962063160927,0.1527363286232171,0.6233674631170605,23.0,,,,,0.0,0
2026-01-20,2026-01-20,92630.99,92870.0,87895.98,88427.66,22007.3261,-0.0453772495169003,-0.0464390422167479,0.0187073674041124,93998.15571428572,92808.64785714286,-6986.3399999999965,4974.020000000004,0.0562495943011497,0.1327095550950616,0.2673617282112979,0.1346521731162362,0.5979861066798153,46.0,,,,,0.0,0
2026-01-21,2026-01-21,88427.66,90574.0,87263.53,89454.73,20617.50372,0.0116148046889399,0.0115478706304071,0.017683035806754,92927.14857142858,92585.05333333332,-7497.050000000003,3310.470000000001,0.0370072102391902,-0.0794717748702334,0.2017162982533178,0.2811880731235512,0.5170956284908409,88.0,,,,,0.0,0
2026-01-22,2026-01-22,89454.73,90359.99,88515.37,89559.67,10825.50492,0.0011731073359675,0.0011724197832196,0.0182226992757959,92063.55857142856,92395.966875,-6045.130000000005,1844.62000000001,0.020596547530825,-0.0549443561087052,0.1647816936671733,0.2197260497758786,0.6154922624925773,75.0,,,,,0.0,0
2026-01-23,2026-01-23,89559.68,91224.99,88578.36,89600.26,13918.48919,0.0004532173912654,0.0004531147192842,0.0183063223420936,91213.46142857142,92231.51352941176,-5950.680000000008,2646.6300000000047,0.0295381955364862,-0.1185447027424483,0.152197951650513,0.2707426543929614,0.5770594060886651,56.0,,,,,0.0,0
2026-01-24,2026-01-24,89600.26,89957.39,89162.08,89225.34,4226.56737,-0.0041843628578756,-0.004193141802223,0.0183078521533581,90367.4,92064.5038888889,-5922.430000000008,795.3099999999977,0.0089134992368759,-0.079192032247002,0.1860621169339432,0.2652541491809452,0.5486837374046445,43.0,,,,,0.0,0
2026-01-25,2026-01-25,89225.34,89319.13,86074.72,86670.36,14426.22019,-0.0286351388518104,-0.029053123136142,0.0197058851466506,89367.00285714286,91780.60157894736,-7002.779999999999,3244.4100000000035,0.0374339047397519,-0.0664661138085648,0.1329105433775112,0.199376657186076,0.667712802812457,40.0,,,,,0.0,0
2026-01-26,2026-01-26,86670.36,88860.0,86509.63,88347.08,17766.51453,0.019345944795891,0.0191611910276511,0.0227674774569525,88755.01428571428,91608.9255,-4283.919999999998,2350.369999999996,0.0266038221070803,-0.0458814171089351,0.199239081210703,0.2451204983196382,0.5556404231993974,87.0,,,,,0.0,0
2026-01-27,2026-01-27,88347.08,89523.16,87304.33,89250.0,13125.40425,0.0102201453630386,0.0101682728080736,0.0154834947155622,88872.49142857142,91496.59571428572,822.3399999999965,2218.8300000000017,0.0248608403361344,0.0549654142565226,0.304914098199723,0.2499486839432003,0.4451372224305357,56.0,,,,,0.0,0
2026-01-28,2026-01-28,89249.99,90600.0,88833.65,89299.99,14332.18502,0.0005601120448179,0.0005599552406158,0.0148207607744869,88850.3857142857,91396.75,-154.7399999999907,1766.3500000000058,0.0197799574221677,0.0306499595603635,0.2322266589129163,0.2015766993525528,0.5661966426358107,62.0,,,,,0.0,0
2026-01-29,2026-01-29,89300.0,89348.0,83383.33,84650.16,30431.38201,-0.0520697706685073,-0.0534743771871527,0.0245173796858106,88149.02714285716,91103.42,-4909.509999999995,5964.669999999998,0.07046259569976,-0.1037895558043741,0.2135874991468921,0.3173770549512663,0.4690354419155763,91.0,,,,,0.0,0
2026-01-30,2026-01-30,84650.16,84735.75,81118.0,84260.49,35195.84793,-0.004603299036883,-0.0046139268457584,0.024308713452359,87386.20285714287,90818.29791666666,-5339.7699999999895,3617.75,0.0429353069273629,-0.1462869147982691,0.195987640141064,0.3422745549393332,0.4617378097736155,92.0,,,,,0.0,0
2026-01-31,2026-01-31,84260.5,84270.02,75719.9,78741.09,39491.89133,-0.065504010242523,-0.0677479434199895,0.0322529015071987,85888.45285714287,90335.2096,-10484.25,8550.12000000001,0.1085852380250262,-0.1820475493999894,0.1471857666273159,0.3292333160273053,0.5235809196877961,99.0,,,,,0.0,0
2026-02-01,2026-02-01,78741.1,79424.0,75700.0,76968.21,25395.48168,-0.0225153093511912,-0.0227726489856116,0.0319743069323027,84502.43142857144,89821.09423076923,-9702.149999999994,3724.0,0.0483836118833996,-0.0454621729440987,0.176883385480883,0.2223455584249817,0.6007710561538354,39.0,,,,,0.0,0
2026-02-02,2026-02-02,76968.22,79360.0,74604.0,78738.61,42273.59016,0.0230017042100887,0.0227411528626167,0.0326769697305727,83129.79285714286,89410.63185185185,-9608.47,4756.0,0.0604023870881134,-0.2379035900778852,0.1643101513061834,0.4022137413840687,0.433476100149362,69.0,,,,,0.0,0
2026-02-03,2026-02-03,78738.6,79186.81,72945.5,75770.21,39120.10889,-0.0376994209067189,-0.0384284248395607,0.031296836703323,81204.10857142857,88923.47392857143,-13479.789999999994,6241.309999999998,0.0823715547310743,-0.1309317914695528,0.2173463901210772,0.34827818159063,0.4343754321851424,76.0,,,,,0.0,0
2026-02-04,2026-02-04,75770.21,76971.52,71888.0,73165.83,38375.36,-0.0343720836988574,-0.0349766987828992,0.0297168098933369,78899.22857142857,88380.10689655173,-16134.160000000003,5083.520000000004,0.069479427760199,-0.1705071313058336,0.1777561438828706,0.3482632751887043,0.4739805796494086,75.0,,,,,0.0,0
2026-02-05,2026-02-05,73165.84,73341.18,62345.0,62909.86,106298.82899,-0.1401743136106021,-0.1510256005239137,0.0520411239925264,75793.47142857143,87531.09866666667,-21740.300000000003,10996.179999999991,0.1747926318704253,-0.3750337412136353,0.1276406438238072,0.5026743850374426,0.3696849637305025,88.0,,,,,0.0,0
2026-02-06,2026-02-06,62909.87,71751.33,60000.0,70580.26,92539.21531,0.1219268330910288,0.1150475938253494,0.0806198947439069,73839.15285714286,86838.302,-13680.23000000001,11751.330000000002,0.1664959862715156,0.0550605394173322,0.2913445551629837,0.2362840157456514,0.4723714261156757,41.0,-0.0942519956992732,0.116763985198405,0.2110159808976782,0.6722200276950995,9.0,0
2026-02-07,2026-02-07,70580.26,71690.07,67300.0,69289.38,44255.48036,-0.0182895330790788,-0.0184588543043171,0.0783349067018519,72488.90857142858,86111.28166666668,-9451.709999999992,4390.070000000007,0.0633584829305732,-0.0380092494888231,0.1864432467347277,0.2244524962235508,0.5891042533164311,56.0,-0.2471206260379403,0.0354331738781183,0.2825537999160588,0.6820130287669599,4.0,0
2026-02-08,2026-02-08,69289.37,72271.41,68888.0,70330.38,21420.53168,0.0150239473928039,0.0149122057058759,0.0790519616507763,71540.64714285715,85434.25166666666,-6637.830000000002,3383.4100000000035,0.0481073755040141,-0.0380092494888231,0.1864432467347277,0.2244524962235508,0.5891042533164311,56.0,0.0104987025260925,0.0522831231355667,0.0417844206094741,0.9059324860572816,2.0,0
2026-02-09,2026-02-09,70330.38,71453.53,68308.0,70138.0,29152.72842,-0.0027353755233514,-0.0027391234992863,0.0778460273766395,70311.98857142858,84755.36166666666,-8600.61,3145.529999999999,0.0448477287632952,-0.1846968369050459,0.1293209391561421,0.3140177760611881,0.5566612893546169,33.0,-0.146165825985372,0.0562694935128092,0.2024353194981813,0.741295212507248,5.0,0
2026-02-10,2026-02-10,70138.0,70527.59,67800.0,68841.29,20373.77072,-0.018487980837777,-0.0186610196327817,0.0771973184681565,69322.14285714286,84016.28300000001,-6928.920000000013,2727.5899999999965,0.0396214248745193,-0.1551612795641025,0.1724914195725605,0.327652699136663,0.4998558835969084,21.0,,,,,0.0,0
2026-02-11,2026-02-11,68841.28,69292.88,65756.0,67082.52,28718.24602,-0.0255481848175708,-0.0258802069394735,0.0768235009468819,68453.09857142858,83209.16033333333,-6083.309999999998,3536.8800000000047,0.0527243162600332,-0.1551612795641025,0.1724914195725605,0.327652699136663,0.4998558835969084,21.0,-0.1290950779285695,0.1674077559469474,0.296502833875517,0.5360894079009692,9.0,0
2026-02-12,2026-02-12,67082.52,68410.52,65118.0,66272.17,24271.74283,-0.0120798980121796,-0.0121534529376775,0.0517417780748198,68933.42857142857,82237.766,3362.3099999999977,3292.520000000004,0.0496817895053082,-0.0849206273830155,0.1911187147630787,0.2760393421460942,0.5328419441584407,41.0,-0.0076013204331199,0.0529004173974196,0.0605017378305395,0.8865978717803955,3.0,0
2026-02-13,2026-02-13,66272.17,69482.97,65872.46,68853.96,20244.54955,0.0389573783384489,0.0382176894647478,0.0229099707743411,68686.81428571428,81301.172,-1726.2999999999884,3610.5099999999934,0.052437216392492,-0.0506309391736673,0.1687053495164339,0.2193362886901013,0.6119583637919277,48.0,-0.1551914419978857,0.0817886099219322,0.2369800519198179,0.6812313437461853,5.0,0
2026-02-14,2026-02-14,68853.97,70560.01,68730.13,69822.95,18114.78393,0.0140731193964731,0.0139750124276553,0.0226468212589221,68763.03857142858,80441.777,533.5699999999924,1829.87999999999,0.0262074289327504,-0.0808493887421255,0.1624404687763136,0.2432898575184392,0.594269671678251,51.0,-0.1224663268076255,0.0701913179364055,0.1926576447440311,0.7371510472148657,8.0,0
2026-02-15,2026-02-15,69822.94,70983.0,68000.0,68832.58,22290.05208,-0.0141840182919799,-0.0142855729250263,0.0223892332292221,68549.06714285714,79551.16500000001,-1497.800000000003,2983.0,0.0433370360372951,-0.0532758897998266,0.2091119336999125,0.2623878234997391,0.5285002404203017,45.0,-0.0556413221638649,0.1399313107443352,0.1955726329082002,0.6644960803290209,12.0,0
2026-02-16,2026-02-16,68832.59,70126.67,67294.11,68892.43,15515.76534,0.0008695010415125,0.0008691232444626,0.0224339337296587,68371.12857142856,78675.987,-1245.570000000007,2832.5599999999977,0.0411156929723628,-0.0164342880977884,0.2282481789184005,0.2446824670161889,0.5270693566974091,69.0,0.0565994176166978,0.1245257622477683,0.0679263446310704,0.8075478835539385,11.0,0
2026-02-17,2026-02-17,68892.43,69241.5,66621.06,67503.52,16489.06921,-0.0201605604563518,-0.0203665579406587,0.0226424900792342,68180.01857142858,77803.66633333333,-1337.7699999999895,2620.4400000000023,0.0388193089782577,0.0027054989022081,0.2788324003796215,0.2761269014774133,0.4450406958956433,46.0,-0.0463844339363277,0.0706795092672109,0.1170639432035386,0.8122565448284149,10.0,0
2026-02-18,2026-02-18,67503.52,68476.22,65870.0,66461.0,15492.43839,-0.0154439353681112,-0.0155644352091181,0.0212111955322831,68091.23,76931.333,-621.5200000000041,2606.220000000001,0.0392142760415883,0.0027054989022081,0.2788324003796215,0.2761269014774133,0.4450406958956433,46.0,-0.0490912809554073,0.0413485672324895,0.0904398481878969,0.8682115740246243,9.0,0
2026-02-19,2026-02-19,66461.0,67320.0,65631.83,67003.73,14542.26988,0.0081661425497658,0.0081329800253017,0.0208478110000421,68195.73857142856,76217.202,731.5599999999977,1688.1699999999985,0.0251951645080057,-0.0166996634124141,0.1777017102086622,0.1944013736210763,0.6278969186823815,76.0,-0.2295246096909977,0.0345400324440561,0.2640646421350539,0.7013953474815935,8.0,0
2026-02-20,2026-02-20,67003.73,68318.39,66280.2,68020.01,35351.87091,0.0151675138085596,0.0150536371114734,0.0148479218887513,68076.60285714285,75502.71133333334,-833.9500000000116,2038.1900000000023,0.0299645648390819,-0.0166996634124141,0.1777017102086622,0.1944013736210763,0.6278969186823815,76.0,-0.0913813223596662,0.1759474140126258,0.267328736372292,0.5567238240037113,8.0,0
2026-02-21,2026-02-21,68020.0,68698.7,67534.69,67975.93,8032.84131,-0.0006480445974648,-0.000648254669127,0.0132019696535419,67812.74285714286,74783.25333333333,-1847.020000000004,1164.0099999999948,0.0171238554588366,-0.0166996634124141,0.1777017102086622,0.1944013736210763,0.6278969186823815,76.0,-0.1048712205141782,0.0625021263957023,0.1673733469098806,0.7701245307922363,5.0,0
2026-02-22,2026-02-22,67975.93,68245.0,67190.0,67643.4,8175.13484,-0.0048918786399833,-0.0049038830436894,0.0124218105273381,67642.86,74051.35800000001,-1189.1800000000076,1055.0,0.0155964957409,-0.0166996634124141,0.1777017102086622,0.1944013736210763,0.6278969186823815,76.0,-0.1187811868730932,0.0423716665245592,0.1611528533976525,0.7964754924178123,8.0,0
2026-02-23,2026-02-23,67643.39,67684.86,63888.79,64656.02,33075.90923,-0.0441636582430805,-0.0451685712163617,0.0198653467489297,67037.65857142858,73232.38066666668,-4236.409999999996,3796.07,0.0587117796610431,-0.0166996634124141,0.1777017102086622,0.1944013736210763,0.6278969186823815,76.0,-0.2321165863291493,0.0891912924791021,0.3213078788082514,0.5895008297104921,14.0,0
2026-02-24,2026-02-24,64656.01,65026.75,62510.28,64058.15,23102.83622,-0.0092469347788496,-0.0092899530772159,0.0192487299107936,66545.46285714286,72478.64033333333,-3445.3700000000026,2516.470000000001,0.0392841504164575,-0.2134198788171786,0.1240341007465221,0.3374539795637009,0.5385119192088481,61.0,0.0008294091870387,0.1398197435256507,0.138990334338612,0.7211899111668268,9.0,0
2026-02-25,2026-02-25,64058.15,69988.83,63913.27,67988.04,30749.99259,0.0613487901227243,0.0595405427658225,0.0316915026477974,66763.61142857143,71800.00566666666,1527.0399999999936,6075.560000000005,0.0893621878200931,-0.2134198788171786,0.1240341007465221,0.3374539795637009,0.5385119192088481,61.0,-0.0043120871996507,0.0759137868881225,0.0802258740877732,0.843860337510705,16.0,0
2026-02-26,2026-02-26,67988.04,68860.0,66500.0,67485.18,20737.77792,-0.0073963008788016,-0.0074237891369714,0.0318693783958869,66832.39,71074.51166666667,481.4499999999971,2360.0,0.0349706409614673,0.0103300518070858,0.2290397688085513,0.2187097170014655,0.5522505156094989,62.0,-0.0360710529610514,0.1536122191697359,0.1896832721307873,0.6567045152187347,10.0,0
2026-02-27,2026-02-27,67485.19,68216.8,64914.46,65872.1,21228.58424,-0.0239027294585268,-0.0241930350949816,0.0324825152498558,66525.5457142857,70293.582,-2147.909999999989,3302.340000000004,0.050132605458153,-0.1187264903097367,0.2046972252581207,0.3234237155678575,0.4718790552349853,61.0,-0.3087050779722631,0.097209539807712,0.4059146177799751,0.4968758475345869,12.0,0
2026-02-28,2026-02-28,65872.09,67760.0,63030.0,66973.26,22548.71649,0.0167166372409561,0.0165784521278679,0.0334415389579828,66382.30714285714,69704.352,-1002.6699999999984,4730.0,0.0706252017596276,0.0768920176972945,0.0962111850579579,0.0193191673606634,0.8844696680704752,3.0,-0.0256803092945899,0.1691649045263017,0.1948452138208917,0.6359898868416037,7.0,0
2026-03-01,2026-03-01,66973.26,68199.99,65056.0,65776.47,23201.85859,-0.0178696691784152,-0.0180312596565804,0.0340063186714512,66115.60285714286,69088.21800000001,-1866.929999999993,3143.990000000005,0.0477980955803801,-0.0123844124636677,0.1913648329155389,0.2037492453792067,0.6048859165504922,43.0,0.0083841874518177,0.1685260974548079,0.1601419100029902,0.6713319935581901,11.0,0
2026-03-02,2026-03-02,65776.48,70096.0,65259.21,68830.06,32010.38431,0.0464237439315304,0.0453783925294239,0.0331800327703697,66711.89428571428,68757.85033333334,4174.040000000001,4836.790000000001,0.0702714773167421,-0.0123844124636677,0.1913648329155389,0.2037492453792067,0.6048859165504922,43.0,-0.0418304607272148,0.1376424364745617,0.1794728972017765,0.6828846707940102,10.0,0
2026-03-03,2026-03-03,68830.06,69258.08,66158.0,68338.0,24972.2418,-0.007148911391331,-0.0071745873014225,0.032992051964921,67323.30142857143,68470.17666666667,4279.849999999999,3100.0800000000017,0.0453639263660042,-0.0722266408921325,0.2298153677153625,0.3020420086074951,0.4681426159141562,79.0,0.042981878939,0.098041833801703,0.0550599548627029,0.8468982143835588,11.0,0
2026-03-04,2026-03-04,68338.01,74050.0,67400.0,72666.77,44919.0761,0.0633435277590799,0.0614182153169307,0.0335165638451272,67991.69142857143,68267.78199999999,4678.7300000000105,6650.0,0.0915136313338269,-0.0722266408921325,0.2298153677153625,0.3020420086074951,0.4681426159141562,79.0,-0.1465469318209216,0.076745904283598,0.2232928361045196,0.6999612580984831,8.0,0
2026-03-05,2026-03-05,72666.77,73558.15,70645.47,70890.72,26590.51253,-0.0244410202902922,-0.0247446597423505,0.0355504794992972,68478.19714285714,68105.13233333333,3405.540000000008,2912.679999999993,0.0410869010781664,0.0739722332946257,0.2716550828772597,0.1976828495826339,0.5306620694464073,64.0,0.1296762242913246,0.185537926107645,0.0558617018163204,0.7586003720760346,5.0,0
