date,timestamp,subreddit,title,selftext,score,num_comments,author,url,id,text_for_sentiment
2026-02-06,2026-02-06 13:38:36,BTC,BTC price prediction - what do you think ?,"I know this is not the time for silly questions, especially when some people are losing their entire savings, but I would like to ask all of you - how far will the price of bitcoin drop?
2026-02-06,2026-02-06 13:38:23,BTC,All the negativity is coming out.,I notice this trend when a stock goes down. Everyone piles on and the media savages the stock too. Anywhere you look there is only negativity. And all seems to be lost. You may as well give up hope. The stock hits its ATL. And then a few weeks pass and the stock is forgotten. It rises 20-30% but it isn't reported in the media and the negative comments have no more to say. Everyone has moved on to another stock. ",,,,,,"BTC price prediction - what do you think ? I know this is not the time for silly questions, especially when some people are losing their entire savings, but I would like to ask all of you - how far will the price of bitcoin drop?
2026-02-06,2026-02-06 13:38:23,BTC,All the negativity is coming out.,I notice this trend when a stock goes down. Everyone piles on and the media savages the stock too. Anywhere you look there is only negativity. And all seems to be lost. You may as well give up hope. The stock hits its ATL. And then a few weeks pass and the stock is forgotten. It rises 20-30% but it isn't reported in the media and the negative comments have no more to say. Everyone has moved on to another stock."
2026-02-06,2026-02-06 12:55:57,BTC,Buy Bitcoin now?,,0,3,kos_building,/r/NoStupidQuestions/comments/1qxfuev/buy_bitcoin_now/,1qxgvcn,Buy Bitcoin now?
2026-02-06,2026-02-06 09:34:46,BTC,My amount of Btc,If I bought Bitcoin on binance  for 1500$ at 114 k for example and made a loss of 300$ from volatility and then tranfer my Btc to a cold wallet. Will binance send those info to my wallet? Like will my wallet know that I had 1500 $ on binance but it drop to 1200 because of volatility (so that I will be making profit from 1500$ and not the 1200$ sent to my wallet) when the price rise back ?,0,6,Embarrassed_Rough245,https://www.reddit.com/r/btc/comments/1qxd7om/my_amount_of_btc/,1qxd7om,My amount of Btc If I bought Bitcoin on binance  for 1500$ at 114 k for example and made a loss of 300$ from volatility and then tranfer my Btc to a cold wallet. Will binance send those info to my wallet? Like will my wallet know that I had 1500 $ on binance but it drop to 1200 because of volatility (so that I will be making profit from 1500$ and not the 1200$ sent to my wallet) when the price rise back ?
2026-02-06,2026-02-06 09:26:36,BTC,Unpopular opinion about btc current prices,"To be honest, I think everyone should sell everything they own right now and buy BTC at these prices. You only have one shot in life, and we all know in five years BTC might be worth more than $200k. If BTC went to zero, I think money would be the last thing you'd worry about.",0,22,I_HALIM7,https://www.reddit.com/r/btc/comments/1qxd36b/unpopular_opinion_about_btc_current_prices/,1qxd36b,"Unpopular opinion about btc current prices To be honest, I think everyone should sell everything they own right now and buy BTC at these prices. You only have one shot in life, and we all know in five years BTC might be worth more than $200k. If BTC went to zero, I think money would be the last thing you'd worry about."
2026-02-06,2026-02-06 07:59:37,BTC,Matthew Kratter,"Anyone else here that listens to him wonder why he has been silent regarding Epstien and the man that made Kratter wealthy (Peter Thiel) ? 
2026-02-06,2026-02-06 07:28:43,BTC,Donde unos ven el final"," otros ven sólo el principio.""","Y tu ¿Qué ves?
2026-02-06,2026-02-06 07:18:14,BTC,BTC on monthly chart! What’s your take????????,,0,11,Q8_dude,https://i.redd.it/4tq6dmx0sthg1.jpeg,1qxb12x,BTC on monthly chart! What’s your take????????
2026-02-06,2026-02-06 06:26:56,BTC,BITCOIN: THE IDEA vs REALITY,THE IDEA: Total decentralization", nobody controls it, power spread between millions of regular people, freedom from corporations and governments,"Matthew Kratter Anyone else here that listens to him wonder why he has been silent regarding Epstien and the man that made Kratter wealthy (Peter Thiel) ? 
2026-02-06,2026-02-06 07:28:43,BTC,Donde unos ven el final"
2026-02-06,2026-02-06 16:28:35,BTC,EPSTEIN AND BITCOIN - A TIMELINE,,3,11,DangerHighVoltage111,https://xcancel.com/B1LLYP1LGRIM/status/2018115799873986689,1qxmao5,EPSTEIN AND BITCOIN - A TIMELINE
2026-02-06,2026-02-06 19:14:27,BTC,Was Anyone Else Secretly Hoping Bitcoin Would Keep Dropping?,"I did not like seeing the recent plunge but as it got worse and worse, a larger and larger part of me was starting to feel like ""If we've already dropped 50%, lets lose another 25% fast so I can really load up."" Also, I liked the idea of more non-believer/meme-chasers getting dumped out and Bitcoin becoming dismissed and forgotten again. I've seen two such periods before, in 2019 when it went down 75% to $3,500 and when it dropped 75% to $16,500 in 2022. I was starting to actually salivate at the idea of a 70+% drop and getting in $38-40k. And now it has bounced up and I find myself a little deflated. Was I alone on this?",0,26,Full-Atmosphere-4818,https://www.reddit.com/r/btc/comments/1qxqy7o/was_anyone_else_secretly_hoping_bitcoin_would/,1qxqy7o,"Was Anyone Else Secretly Hoping Bitcoin Would Keep Dropping? I did not like seeing the recent plunge but as it got worse and worse, a larger and larger part of me was starting to feel like ""If we've already dropped 50%, lets lose another 25% fast so I can really load up."" Also, I liked the idea of more non-believer/meme-chasers getting dumped out and Bitcoin becoming dismissed and forgotten again. I've seen two such periods before, in 2019 when it went down 75% to $3,500 and when it dropped 75% to $16,500 in 2022. I was starting to actually salivate at the idea of a 70+% drop and getting in $38-40k. And now it has bounced up and I find myself a little deflated. Was I alone on this?"
2026-02-06,2026-02-06 16:42:36,BTC,Lets crash btc to the lowest so we can buy more,,0,2,baripmita,https://www.reddit.com/r/btc/comments/1qxmoor/lets_crash_btc_to_the_lowest_so_we_can_buy_more/,1qxmoor,Lets crash btc to the lowest so we can buy more
2026-02-06,2026-02-06 16:57:38,BTC,Is Bitcoin Already Recovering?,"Bitcoin's jumped up almost 7,000 dollars today alone. Lots of people believed BTC would go back up to reach ATH, but is that already trending up, or will it just drop more tomorrow?",0,23,Latter_Golf_9975,https://www.reddit.com/r/btc/comments/1qxn3mz/is_bitcoin_already_recovering/,1qxn3mz,"Is Bitcoin Already Recovering? Bitcoin's jumped up almost 7,000 dollars today alone. Lots of people believed BTC would go back up to reach ATH, but is that already trending up, or will it just drop more tomorrow?"
2026-02-07,2026-02-07 14:15:49,BTC,"Bitcoin mining difficulty drops 11.16%, ~1M miners shut down",,1,0,Aggressive-Hall1913,/r/u_Aggressive-Hall1913/comments/1qyev8i/bitcoin_mining_difficulty_drops_1116_1m_miners/,1qyevq6,"Bitcoin mining difficulty drops 11.16%, ~1M miners shut down"
2026-02-07,2026-02-07 20:56:25,BTC,SILVER BITCOIN,Went to my silver guy and he showed me this. I had to get it right then. ,0,4,Redonkulus2,https://i.redd.it/qncgus7vy4ig1.jpeg,1qyp6eu,SILVER BITCOIN Went to my silver guy and he showed me this. I had to get it right then.
2026-02-07,2026-02-07 05:37:34,BTC,BTC Open Interest and Funding Rate data (daily),,0,0,luisangelcerva3,/r/mltraders/comments/1qy5ipu/btc_open_interest_and_funding_rate_data_daily/,1qy5iya,BTC Open Interest and Funding Rate data (daily)
2026-02-07,2026-02-07 00:42:26,BTC,Made a vid explaining why BTC was crashing,Yall can check it out if u want,0,2,Good-Helicopter4146,https://www.instagram.com/reel/DUb2W1bDnCZ/?igsh=MmJpa3d2YXd0Zms2,1qxzaol,Made a vid explaining why BTC was crashing Yall can check it out if u want
2026-02-08,2026-02-08 00:52:36,BTC,How do you think Bitcoin price will move for the rest of 2026?,Curious what people are thinking.,0,15,martianfrog,https://www.reddit.com/r/btc/comments/1qyuscu/how_do_you_think_bitcoin_price_will_move_for_the/,1qyuscu,How do you think Bitcoin price will move for the rest of 2026? Curious what people are thinking.
2026-02-08,2026-02-08 18:49:16,BTC,"Epstein, creator of Bitcoin?","Hello, can you tell me if the emails I've seen claiming that Epstein is the creator of Bitcoin are true or not? Thank you very much.",0,40,Own_Reference2619,https://www.reddit.com/r/btc/comments/1qzh6h8/epstein_creator_of_bitcoin/,1qzh6h8,"Epstein, creator of Bitcoin? Hello, can you tell me if the emails I've seen claiming that Epstein is the creator of Bitcoin are true or not? Thank you very much."
2026-02-09,2026-02-09 11:55:13,BTC,Próximo Objetivo 74.400$ ¡Bitcoin no ha muerto!,"En mi último estudio he visto que tras hacer una vuelta en V, después del rebote de los 60.000$ Bitcoin comenzó a subir con fuerza.
2026-02-09,2026-02-09 11:44:43,BTC,Bitcoin goes to $0!!,Yesterday at 3:17 AM (the official time for making bad decisions)", I decided to read the entire Bitcoin White Paper. Yes, the whole thing. No TikTok, no music, no dignity. Everything was going normally until I got to a part that nobody ever reads, written in such tiny print that I literally needed a magnifying glass to read it. I felt like a down-on-his-luck financial detective.,"Próximo Objetivo 74.400$ ¡Bitcoin no ha muerto! En mi último estudio he visto que tras hacer una vuelta en V, después del rebote de los 60.000$ Bitcoin comenzó a subir con fuerza.
2026-02-09,2026-02-09 11:44:43,BTC,Bitcoin goes to $0!!,Yesterday at 3:17 AM (the official time for making bad decisions)"
2026-02-09,2026-02-09 06:47:54,BTC,"Genesis address receives 2.565 BTC: not huge, but enough to make people raise eyebrows",,0,3,Bcom_Mod,/r/bitcoin_com/comments/1qzvpbg/genesis_address_receives_2565_btc_not_huge_but/,1qzx7pp,"Genesis address receives 2.565 BTC: not huge, but enough to make people raise eyebrows"
2026-02-09,2026-02-09 06:46:07,BTC,"2,000 BTC drops in your Bithumb account. What do you do?",,0,8,Bcom_Mod,/r/bitcoin_com/comments/1qzx6f2/2000_btc_drops_in_your_bithumb_account_what_do/,1qzx6n3,"2,000 BTC drops in your Bithumb account. What do you do?"
2026-02-09,2026-02-09 23:18:44,BTC,Recommended Crypto Bridge?,"Hey, I use Tangem wallet, i'm trying to convert Bitcoin for USDC but app shows it as a CEX and i don't wanna use any centralized exchange, do you have alternative i can have? I would use it if you tell me changelly is good tho, just trying to get some advices to avoid doing a mistake. thx for advices",30,5,Eastern-Access-7555,https://i.redd.it/cuvvagp3yjig1.jpeg,1r0k2u9,"Recommended Crypto Bridge? Hey, I use Tangem wallet, i'm trying to convert Bitcoin for USDC but app shows it as a CEX and i don't wanna use any centralized exchange, do you have alternative i can have? I would use it if you tell me changelly is good tho, just trying to get some advices to avoid doing a mistake. thx for advices"
2026-02-09,2026-02-09 18:50:35,BTC,"Blockstream’s Ties to Epstein Reveal Hidden Investments, Bitcoin Mixing, and Deniable Funding",,11,5,btcxio,https://news.bitcoinprotocol.org/blockstreams-ties-to-epstein-reveal-hidden-investments-bitcoin-mixing-and-deniable-funding/,1r0csi9,"Blockstream’s Ties to Epstein Reveal Hidden Investments, Bitcoin Mixing, and Deniable Funding"
2026-02-11,2026-02-11 20:59:31,BTC,"Lightning Network fails. More of a BTC Fail. LN devs know the limitations, the cult ignores them",,29,6,DangerHighVoltage111,https://v.redd.it/5vnvgotbixig1,1r29fxx,"Lightning Network fails. More of a BTC Fail. LN devs know the limitations, the cult ignores them"
2026-02-11,2026-02-11 14:10:37,BTC,Introducing: Xtrata - A recursive on-chain memory layer secured by Bitcoin.,,0,0,iCryptoDude,/r/stacks/comments/1r1vsqf/introducing_xtrata_a_recursive_onchain_memory/,1r1ye29,Introducing: Xtrata - A recursive on-chain memory layer secured by Bitcoin.
2026-02-11,2026-02-11 15:15:24,BTC,"After 11 years, @BitcoinErrorLog has grasped the realisation that total capacity of Bitcoin for active users is capped!",,35,11,Realistic_Fee_00001,https://x.com/TheBCHPodcast/status/2021529060124536940,1r20108,"After 11 years, @BitcoinErrorLog has grasped the realisation that total capacity of Bitcoin for active users is capped!"
2026-02-11,2026-02-11 23:10:03,BTC,My honest reaction to $BTC hitting the 60s after not selling at $100K+ (I entered in the early 20s),,0,28,Stan_Laurel1,https://v.redd.it/7cgzejad6yig1,1r2cuio,My honest reaction to $BTC hitting the 60s after not selling at $100K+ (I entered in the early 20s)
2026-02-11,2026-02-11 23:18:40,BTC,"Over 19,000 BTC Withdrawn From Exchanges as Binance FUD Resurfaces",,0,0,Enough_Angle_7839,https://btcusa.com/over-19000-btc-withdrawn-from-exchanges-as-binance-fud-resurfaces/,1r2d2bk,"Over 19,000 BTC Withdrawn From Exchanges as Binance FUD Resurfaces"
2026-02-11,2026-02-11 12:51:58,BTC,this is not good,[https://brownstone.org/articles/the-hijacking-of-bitcoin/](https://brownstone.org/articles/the-hijacking-of-bitcoin/),12,84,blindwillie88,https://www.reddit.com/r/btc/comments/1r1wk0i/this_is_not_good/,1r1wk0i,this is not good [https://brownstone.org/articles/the-hijacking-of-bitcoin/](https://brownstone.org/articles/the-hijacking-of-bitcoin/)
2026-02-11,2026-02-11 07:27:16,BTC,"BTC below $60,000 in weeks/month ?",Waiting for accumulation ,136,172,crypto-indian,https://i.redd.it/wemxyr07itig1.jpeg,1r1qwsu,"BTC below $60,000 in weeks/month ? Waiting for accumulation"
2026-02-11,2026-02-11 07:05:11,BTC,Bitcoin looking tired here? A take that’s making the rounds today.,,0,1,Bcom_Mod,/r/bitcoin_com/comments/1r1qe0e/bitcoin_looking_tired_here_a_take_thats_making/,1r1qj7n,Bitcoin looking tired here? A take that’s making the rounds today.
2026-02-11,2026-02-11 02:54:21,BTC,"Just saw the top 10 btc holders, that’s wild",,0,1,National-Theory1218,/r/Social_Investing/comments/1r1liw9/who_really_holds_the_most_bitcoin_here_are_the/,1r1lm6f,"Just saw the top 10 btc holders, that’s wild"
2026-02-12,2026-02-12 00:13:55,BTC,Spending Small Crypto Gains on Fun (Without Cashing Out),You have $20 in Bitcoin from an old wallet or some random shitcoins. Cashing it to your bank feels pointless with fees. What are the best ways to directly spend small amounts of crypto on gaming? I'm looking for places that accept crypto for gift cards (without huge markups if possible).,0,2,Wonderful_Ad_8295,https://www.reddit.com/r/btc/comments/1r2ednl/spending_small_crypto_gains_on_fun_without/,1r2ednl,Spending Small Crypto Gains on Fun (Without Cashing Out) You have $20 in Bitcoin from an old wallet or some random shitcoins. Cashing it to your bank feels pointless with fees. What are the best ways to directly spend small amounts of crypto on gaming? I'm looking for places that accept crypto for gift cards (without huge markups if possible).
2026-02-12,2026-02-12 16:03:18,BTC,I finally realised BCH is the real Bitcoin,"This only came after I read the Epstein files on Bitcoin. It makes so much sense now. The ""Illuminati"" hunted the original Bitcoin down because it was truly a threat to them. But they didn't kill it off. Instead, they turned it to a vampire that now sucks blood from other people thinking it's the real deal when all it's done is bring the entire financial industrial complex with layer 2 IOUs, short/long leverage, custodial wallets, exchanges, and ETFs. Then I went through ""Hijacking Bitcoin"" and it all just fits perfectly! I feel so sorry for the ones who tried to protect the original design. Satoshi was a ridiculously brilliant person.",18,40,sapheonyx,https://www.reddit.com/r/btc/comments/1r2xbib/i_finally_realised_bch_is_the_real_bitcoin/,1r2xbib,"I finally realised BCH is the real Bitcoin This only came after I read the Epstein files on Bitcoin. It makes so much sense now. The ""Illuminati"" hunted the original Bitcoin down because it was truly a threat to them. But they didn't kill it off. Instead, they turned it to a vampire that now sucks blood from other people thinking it's the real deal when all it's done is bring the entire financial industrial complex with layer 2 IOUs, short/long leverage, custodial wallets, exchanges, and ETFs. Then I went through ""Hijacking Bitcoin"" and it all just fits perfectly! I feel so sorry for the ones who tried to protect the original design. Satoshi was a ridiculously brilliant person."
2026-02-12,2026-02-12 21:53:36,Bitcoin,DCA BTC into Cold Wallet,What is the best platform with lowest fees and low transfer fees to buy btc and eth monthly then transfer to cold wallet in Canada?,1,0,Busy-Ad-5320,https://www.reddit.com/r/Bitcoin/comments/1r36oqy/dca_btc_into_cold_wallet/,1r36oqy,DCA BTC into Cold Wallet What is the best platform with lowest fees and low transfer fees to buy btc and eth monthly then transfer to cold wallet in Canada?
2026-02-13,2026-02-13 11:04:32,Bitcoin,First Bitcoin Anime,I’m turning Bitcoin into an anime style story. What would you want it to include?,129,54,Scared-Special2435,https://v.redd.it/yv7pdznfq8jg1,1r3mcd1,First Bitcoin Anime I’m turning Bitcoin into an anime style story. What would you want it to include?
2026-02-13,2026-02-13 00:18:01,Bitcoin,I’ve never had a successful year trading. And I decided to buy Bitcoin at 92k. I said to my friend “there’s no way I can bring down the global economy”,Well…,528,72,ObsoleteMicrosoft,https://www.reddit.com/r/Bitcoin/comments/1r3a905/ive_never_had_a_successful_year_trading_and_i/,1r3a905,I’ve never had a successful year trading. And I decided to buy Bitcoin at 92k. I said to my friend “there’s no way I can bring down the global economy” Well…
2026-02-13,2026-02-13 18:49:51,Bitcoin,"""beware the ides of March in this year of 2026, when a market tremor in the digital coins—those fickle Bitcoin beasts—will shake your holdings. Sell before the 15th, or watch gains evaporate like mist at dawn. This I declare, verifiable by time's cruel march."" A prediction I received from Vassigo",Should they take heed. ,0,9,logicallyluciferin,https://www.reddit.com/r/Bitcoin/comments/1r3xkpk/beware_the_ides_of_march_in_this_year_of_2026/,1r3xkpk,"""beware the ides of March in this year of 2026, when a market tremor in the digital coins—those fickle Bitcoin beasts—will shake your holdings. Sell before the 15th, or watch gains evaporate like mist at dawn. This I declare, verifiable by time's cruel march."" A prediction I received from Vassigo Should they take heed."
2026-02-13,2026-02-13 21:42:49,Bitcoin,Security measures after laptop repair,"Hey everyone — quick security question. I'm looking forward to operating with Bitcoin. I just got my laptop back from a repair center (which actually did not fix the issue lol), and I’m wondering if I should fully wipe the disk and reinstall Windows. I'm concerned they could have installed some sort of malware that could have access to my future bitcoin purchases, or have tampered with sensitive hardware. Am I being overly paranoid? Or is it necessary? PS: there was no sensitive data related to crypto on it when I handed it in",4,18,UnitedMerica,https://www.reddit.com/r/Bitcoin/comments/1r4237m/security_measures_after_laptop_repair/,1r4237m,"Security measures after laptop repair Hey everyone — quick security question. I'm looking forward to operating with Bitcoin. I just got my laptop back from a repair center (which actually did not fix the issue lol), and I’m wondering if I should fully wipe the disk and reinstall Windows. I'm concerned they could have installed some sort of malware that could have access to my future bitcoin purchases, or have tampered with sensitive hardware. Am I being overly paranoid? Or is it necessary? PS: there was no sensitive data related to crypto on it when I handed it in"
2026-02-13,2026-02-13 02:48:27,BTC,Bitcoin price dips and liquidation spikes. The chart tells a story most of us have felt in our guts this week,,0,0,Bcom_Mod,/r/bitcoin_com/comments/1r3djxl/bitcoin_price_dips_and_liquidation_spikes_the/,1r3dk79,Bitcoin price dips and liquidation spikes. The chart tells a story most of us have felt in our guts this week
2026-02-14,2026-02-14 09:41:28,BTC,How to Buy Bitcoin Safely: A Step-by-Step Guide for 2026,,0,0,CarefulCan7134,/r/Backpack_official/comments/1r4fzz3/how_to_buy_bitcoin_safely_a_stepbystep_guide_for/,1r4glbx,How to Buy Bitcoin Safely: A Step-by-Step Guide for 2026
2026-02-14,2026-02-14 05:27:08,BTC,So are we going to talk about the fact that BCH outperformed BTC last year or are we not ready for that conversation,,72,130,CompleteMine6873,https://www.reddit.com/r/btc/comments/1r4c8y4/so_are_we_going_to_talk_about_the_fact_that_bch/,1r4c8y4,So are we going to talk about the fact that BCH outperformed BTC last year or are we not ready for that conversation
2026-02-14,2026-02-14 15:21:19,BTC,I made these 3D desk/wall frames for my office setup,"I’ve been working on these frames for a while now because I wanted a more 'museum-like' feel for my workspace. 
2026-02-14,2026-02-14 11:08:27,BTC,My journey to building Bitcoin time-lock vault and why I think you should lock your coins too,So let me tell you a story", a long time ago when I sold my first bitcoins I sold them for 3k each, I was holding 2 of them and it was a great win for me because I was selling them to buy an apartment. Second time I invested almost all my savings and made a solid profit but exited too early, story of my life honestly. The thing is I am always able to buy the dip, I can sit with my USDT for a year or even 2 years and wait for the golden moment to buy, patience is not a problem for me but holding is a different game completely.,"I made these 3D desk/wall frames for my office setup I’ve been working on these frames for a while now because I wanted a more 'museum-like' feel for my workspace. 
2026-02-14,2026-02-14 11:08:27,BTC,My journey to building Bitcoin time-lock vault and why I think you should lock your coins too,So let me tell you a story"
2026-02-14,2026-02-14 22:32:17,BTC,If you think its done dipping you’re wrong,"As we get more information about these elite people in power in connection to the Epstein files  the stock market is literally going to plummet back to covid levels mark my words, this is a sign for everyone when that happens to get as much btc as you can, if you think you’re missing out on all the money you see people making just wait and stay down till you’re up as time passes.",0,20,Medium-Bass-7343,https://www.reddit.com/r/btc/comments/1r4xyov/if_you_think_its_done_dipping_youre_wrong/,1r4xyov,"If you think its done dipping you’re wrong As we get more information about these elite people in power in connection to the Epstein files  the stock market is literally going to plummet back to covid levels mark my words, this is a sign for everyone when that happens to get as much btc as you can, if you think you’re missing out on all the money you see people making just wait and stay down till you’re up as time passes."
2026-02-14,2026-02-14 10:05:07,Bitcoin,Your Daily Bitcoin Breakdown newsletter is now live. Check out today’s Top Stories and a sneak peek at the latest Quick Bits snippets. Full issue link is in the comments.,,3,1,GeeWow,https://www.reddit.com/gallery/1r4gz46,1r4gz46,Your Daily Bitcoin Breakdown newsletter is now live. Check out today’s Top Stories and a sneak peek at the latest Quick Bits snippets. Full issue link is in the comments.
2026-02-14,2026-02-14 07:17:04,Bitcoin,Why do people trust BTC as a digital asset?,"I’m trying to understand what makes people believe in BTC as a store of value Is it the technology, scarcity, or something else?",2,12,,https://www.reddit.com/r/Bitcoin/comments/1r4e7tt/why_do_people_trust_btc_as_a_digital_asset/,1r4e7tt,"Why do people trust BTC as a digital asset? I’m trying to understand what makes people believe in BTC as a store of value Is it the technology, scarcity, or something else?"
2026-02-14,2026-02-14 13:00:02,Bitcoin,Bitcoin trade,"Guys I want to trade with my coins but I don’t trust my country’s crypto policies, my bank can block my account my country’s  crypto exchange can create some barriers do you have any suggestions about defi ?? ",5,16,Educational-Sail-888,https://www.reddit.com/r/Bitcoin/comments/1r4k1cl/bitcoin_trade/,1r4k1cl,"Bitcoin trade Guys I want to trade with my coins but I don’t trust my country’s crypto policies, my bank can block my account my country’s  crypto exchange can create some barriers do you have any suggestions about defi ??"
2026-02-14,2026-02-14 01:39:55,Bitcoin,Finally reached 0.10 of bitcoin. Just by dca'ing 100 a week,hoping to atleast get to 0.25 during this dip. I dont believe we are in a crypto winter yet.,301,40,Spiritual-Will-1586,https://www.reddit.com/r/Bitcoin/comments/1r47l03/finally_reached_010_of_bitcoin_just_by_dcaing_100/,1r47l03,Finally reached 0.10 of bitcoin. Just by dca'ing 100 a week hoping to atleast get to 0.25 during this dip. I dont believe we are in a crypto winter yet.
2026-02-15,2026-02-15 21:16:05,Bitcoin,I know i have 10+ btc somewhere. What were some popular destination wallets in 2012 that worked with coinbase,"I finally found out that coinbase was the wallet that i used to make the very few transactions i did make on silk road in 2012, but they emailed me and said they can see the transactions from 2012 but theres no funds in the account. Yet they still haven’t unlocked my account so i havent been able to check myself yet. I vaguely remember using another, more obscure wallet to transfer my bitcoin, or the amount i planned on spending, before making a purchase. What were some popular side wallets or destination wallets or whatever that used to work along side coinbase back in 2012? Does anyone understand what im talking about? If someone helps me , i assure you i will do the same for you.",0,9,IconCsr2,https://www.reddit.com/r/Bitcoin/comments/1r5qawc/i_know_i_have_10_btc_somewhere_what_were_some/,1r5qawc,"I know i have 10+ btc somewhere. What were some popular destination wallets in 2012 that worked with coinbase I finally found out that coinbase was the wallet that i used to make the very few transactions i did make on silk road in 2012, but they emailed me and said they can see the transactions from 2012 but theres no funds in the account. Yet they still haven’t unlocked my account so i havent been able to check myself yet. I vaguely remember using another, more obscure wallet to transfer my bitcoin, or the amount i planned on spending, before making a purchase. What were some popular side wallets or destination wallets or whatever that used to work along side coinbase back in 2012? Does anyone understand what im talking about? If someone helps me , i assure you i will do the same for you."
2026-02-15,2026-02-15 02:36:15,BTC,Is it possible for BTC price to recover and for Saylor to go bust?,"Speculation: if Saylor gets margin called, mNAV goes too far below 1, or whatever, can MSTR go bust before a big BTC price surge? Or could that even happen concurrently? It seems there is a lot of volume on the ETFs and they always lag behind the BTC market price. Thanks",1,37,No-Masterpiece2246,https://www.reddit.com/r/btc/comments/1r536ql/is_it_possible_for_btc_price_to_recover_and_for/,1r536ql,"Is it possible for BTC price to recover and for Saylor to go bust? Speculation: if Saylor gets margin called, mNAV goes too far below 1, or whatever, can MSTR go bust before a big BTC price surge? Or could that even happen concurrently? It seems there is a lot of volume on the ETFs and they always lag behind the BTC market price. Thanks"
2026-02-15,2026-02-15 22:15:13,BTC,BTC is crashing. just zoom out,,1,9,sbounmy,https://v.redd.it/lzc3b2t3gqjg1,1r5rs14,BTC is crashing. just zoom out
2026-02-15,2026-02-15 21:04:10,Bitcoin,BTC Storage,"I plan to gradually accumulate bitcoin for long-term holding, the recommendations are to use Electrum/Sparrow cold wallet on Mac. Please provide a reason why you think this is either great or bad. Thanks Guys. ",17,19,Icallbullshit84,https://www.reddit.com/r/Bitcoin/comments/1r5pzxk/btc_storage/,1r5pzxk,"BTC Storage I plan to gradually accumulate bitcoin for long-term holding, the recommendations are to use Electrum/Sparrow cold wallet on Mac. Please provide a reason why you think this is either great or bad. Thanks Guys."
2026-02-15,2026-02-15 20:54:21,Bitcoin,"A property seller featured on a 2015 episode of Million Dollar Listing New York, declined 50,000 Bitcoin for their $14M two-bed apartment",,2535,150,TheresNoSecondBest,https://v.redd.it/bmbi2x3u1qjg1,1r5pqss,"A property seller featured on a 2015 episode of Million Dollar Listing New York, declined 50,000 Bitcoin for their $14M two-bed apartment"
2026-02-15,2026-02-15 17:04:43,BTC,The Crash due to the BTC movement is dangerous.,"Guys in my community, many have complained about the BTC drop, and it's not because it actually crashed, but because the exchange I was using had a crash, which is common on exchanges that lack security. We even see it on top-tier exchanges. BTC is the most important thing we have in the crypto world; any mistake can cause us to lose money. I didn't normally experience a crash; quite the opposite, in fact. I trade on Bitunix, which has secured it. But I do want to advise you to be careful with crashes on the exchanges you use.",0,3,Whole-Decision-2434,https://www.reddit.com/r/btc/comments/1r5jtra/the_crash_due_to_the_btc_movement_is_dangerous/,1r5jtra,"The Crash due to the BTC movement is dangerous. Guys in my community, many have complained about the BTC drop, and it's not because it actually crashed, but because the exchange I was using had a crash, which is common on exchanges that lack security. We even see it on top-tier exchanges. BTC is the most important thing we have in the crypto world; any mistake can cause us to lose money. I didn't normally experience a crash; quite the opposite, in fact. I trade on Bitunix, which has secured it. But I do want to advise you to be careful with crashes on the exchanges you use."
2026-02-15,2026-02-15 05:30:33,Bitcoin,Hypothetical,"Just how catastrophic would it be if the Bitcoin blockchain was replaced with a standard JSON database with no PoW or hashing. Just a block with its header, body, and transaction (account-based).",0,12,istekdev,https://www.reddit.com/r/Bitcoin/comments/1r56hj0/hypothetical/,1r56hj0,"Hypothetical Just how catastrophic would it be if the Bitcoin blockchain was replaced with a standard JSON database with no PoW or hashing. Just a block with its header, body, and transaction (account-based)."
2026-02-15,2026-02-15 08:13:33,Bitcoin,Bitcoin with Dinny,"Hi, anyone ever come across this lad? Sold his gym business, looks like he got sick of it, started bitcoin with dinny in 2020, seems to get involved in latest fads, pretends to be retired. Loves drinking. Any feedback on him, my mate suggested him to me. Seems like a total spoofer to me in every sense fitness, bitcoin, fasting, latest fads. Maybe I'm wrong!! ",0,1,Big-Text3422,https://www.reddit.com/r/Bitcoin/comments/1r598ax/bitcoin_with_dinny/,1r598ax,"Bitcoin with Dinny Hi, anyone ever come across this lad? Sold his gym business, looks like he got sick of it, started bitcoin with dinny in 2020, seems to get involved in latest fads, pretends to be retired. Loves drinking. Any feedback on him, my mate suggested him to me. Seems like a total spoofer to me in every sense fitness, bitcoin, fasting, latest fads. Maybe I'm wrong!!"
2026-02-15,2026-02-15 10:18:39,Bitcoin,The 36% Trap: How the New Dutch Tax on Bitcoin Turns Paper Profits into Real Ruin.,,102,90,sylsau,https://inbitcoinwetrust.substack.com/p/the-36-trap-how-the-new-dutch-tax,1r5b8aa,The 36% Trap: How the New Dutch Tax on Bitcoin Turns Paper Profits into Real Ruin.
2026-02-15,2026-02-15 16:24:53,Bitcoin,Self storage,First of all the strike App has been great.  It’s let me consolidate my BTC into one place for **temporary** storage and maintain consistent DCA as well as regular buys at my mental marks.  I said temporary because I’m setting my sights on long term ownership.  As in I won’t consider selling even fractional amounts for 10+ years.  I’m new to self storage; Is the Trezor Safe 7 BC only a good first timer cold wallet?  It seems like one I could grow into and is still friendly to me being new to self storage.  I know right now I don’t have tons of cash invested but I will and am hopeful of an eventual rise to a new ATH again.  Planning for the future!  Please share your thoughts on them especially if you have used it or currently use it and if it would be a good starter wallet!  And are they overcharging for the metal seed phrase plates?  Or are the Amazon ones for a third the price junk?,14,8,lds5089,https://www.reddit.com/r/Bitcoin/comments/1r5ispp/self_storage/,1r5ispp,Self storage First of all the strike App has been great.  It’s let me consolidate my BTC into one place for **temporary** storage and maintain consistent DCA as well as regular buys at my mental marks.  I said temporary because I’m setting my sights on long term ownership.  As in I won’t consider selling even fractional amounts for 10+ years.  I’m new to self storage; Is the Trezor Safe 7 BC only a good first timer cold wallet?  It seems like one I could grow into and is still friendly to me being new to self storage.  I know right now I don’t have tons of cash invested but I will and am hopeful of an eventual rise to a new ATH again.  Planning for the future!  Please share your thoughts on them especially if you have used it or currently use it and if it would be a good starter wallet!  And are they overcharging for the metal seed phrase plates?  Or are the Amazon ones for a third the price junk?
2026-02-15,2026-02-15 18:36:48,Bitcoin,"Bitcoin achieves USD stable coin plateau at $66,666, sending out auspicious 'Mark of the Epstein' signal",We did it team!,0,0,Equivalent-Link8622,https://www.reddit.com/r/Bitcoin/comments/1r5m864/bitcoin_achieves_usd_stable_coin_plateau_at_66666/,1r5m864,"Bitcoin achieves USD stable coin plateau at $66,666, sending out auspicious 'Mark of the Epstein' signal We did it team!"
2026-02-15,2026-02-15 01:19:41,Bitcoin,What to invest in brokerage link account if you are strong believer in BTC but want some diversification?,"I am a strong believer in Bitcoin but am a realist but do want to diversify some. For those with brokerage link in their work retirement accounts with fiseluty(usa only)  do you invest all in ibit, diversify with other bitcoin related stocks or diversify with vti or other ETFs. Just curious how most people who take advantage of tax deferred retirement accounts from work.  ",5,8,Unlikely-Pin9555,https://www.reddit.com/r/Bitcoin/comments/1r51mqc/what_to_invest_in_brokerage_link_account_if_you/,1r51mqc,"What to invest in brokerage link account if you are strong believer in BTC but want some diversification? I am a strong believer in Bitcoin but am a realist but do want to diversify some. For those with brokerage link in their work retirement accounts with fiseluty(usa only)  do you invest all in ibit, diversify with other bitcoin related stocks or diversify with vti or other ETFs. Just curious how most people who take advantage of tax deferred retirement accounts from work."
2026-02-16,2026-02-16 10:28:43,BTC,Sovereign Bitcoin reserve or Sovereign gold reserve,China is buying up gold as a reserve. The US is buying Bitcoin as a reserve. Which is better?,0,7,Background-Day-4957,https://www.reddit.com/r/btc/comments/1r665de/sovereign_bitcoin_reserve_or_sovereign_gold/,1r665de,Sovereign Bitcoin reserve or Sovereign gold reserve China is buying up gold as a reserve. The US is buying Bitcoin as a reserve. Which is better?
2026-02-16,2026-02-16 23:30:29,Bitcoin,Im going all in,Im selling my car to be able to buy 0.15 btc and save for my future. Anyone here ever sold something major to buy Bitcoin? Regret it or not?,686,457,253811satsormore,https://www.reddit.com/r/Bitcoin/comments/1r6pov6/im_going_all_in/,1r6pov6,Im going all in Im selling my car to be able to buy 0.15 btc and save for my future. Anyone here ever sold something major to buy Bitcoin? Regret it or not?
2026-02-16,2026-02-16 22:57:31,Bitcoin,Spreading fear,Why is everyone spreading fear about bitcoin but the institutions are buying it up,96,85,Sensitive_Pickle4443,https://www.reddit.com/r/Bitcoin/comments/1r6ov9n/spreading_fear/,1r6ov9n,Spreading fear Why is everyone spreading fear about bitcoin but the institutions are buying it up
2026-02-16,2026-02-16 11:23:53,BTC,is this still a signal?,"Bitcoin dropping to $68K is a reminder of how quickly the market can turn. When the whole crypto market follows in the red, it’s hard to ignore. But for miners, it’s about riding through these dips and keeping operations steady.",0,1,Visual-Juggernaut455,https://i.redd.it/h53056wucujg1.png,1r673m5,"is this still a signal? Bitcoin dropping to $68K is a reminder of how quickly the market can turn. When the whole crypto market follows in the red, it’s hard to ignore. But for miners, it’s about riding through these dips and keeping operations steady."
2026-02-16,2026-02-16 19:40:49,BTC,I built a polymarket 5-min btc sniper bot to follow the whales,,0,0,Frosty_Expression_80,/r/polymarket_bets/comments/1r6jl6b/i_built_a_polymarket_5min_btc_sniper_bot/,1r6jmvu,I built a polymarket 5-min btc sniper bot to follow the whales
2026-02-16,2026-02-16 23:45:59,Bitcoin,Is it safe Bitcoin right now ? For example BTC worth 5000usd and which is the safest platform to buy,Which is the safest platform to buy bulk btc of like 5000 usd in the us and is it safe to buy now?,0,9,Late-Government9487,https://www.reddit.com/r/Bitcoin/comments/1r6q251/is_it_safe_bitcoin_right_now_for_example_btc/,1r6q251,Is it safe Bitcoin right now ? For example BTC worth 5000usd and which is the safest platform to buy Which is the safest platform to buy bulk btc of like 5000 usd in the us and is it safe to buy now?
2026-02-16,2026-02-16 01:29:29,Bitcoin,Anyone willing to spend btc on food?,I working on this app to show where you can spend your btc when it comes to food in the South East Asia. Primarily in Indonesia Malaysia Philippine Thailand and Singapore first. I am thinking of adding more value to it for other services. Any suggestions? ,19,23,Sufficient-Award6291,https://www.reddit.com/r/Bitcoin/comments/1r5w6ks/anyone_willing_to_spend_btc_on_food/,1r5w6ks,Anyone willing to spend btc on food? I working on this app to show where you can spend your btc when it comes to food in the South East Asia. Primarily in Indonesia Malaysia Philippine Thailand and Singapore first. I am thinking of adding more value to it for other services. Any suggestions?
2026-02-16,2026-02-16 15:56:46,Bitcoin,Are there any legitimate Bitcoin meetups in Atlanta?,All of the Meetup groups on the app are trash. ,5,63,ZookeepergameDear795,https://www.reddit.com/r/Bitcoin/comments/1r6dcrz/are_there_any_legitimate_bitcoin_meetups_in/,1r6dcrz,Are there any legitimate Bitcoin meetups in Atlanta? All of the Meetup groups on the app are trash.
2026-02-16,2026-02-16 15:52:56,Bitcoin,"""I look at Bitcoin as the best savings technology that's ever existed""",,46,2,21Bullish,https://v.redd.it/76c4ycayovjg1,1r6d92n,"""I look at Bitcoin as the best savings technology that's ever existed"""
2026-02-16,2026-02-16 15:35:00,Bitcoin,What if you reach your goal?,"Say you finally hit your BTC accumulation target: 0.1, 1, 69, whatever your number is. Do you stop DCA-ing and redirect into something uncorrelated (global equities ETF, etc.)? Essentially going beta-zero to BTC on new capital. Or do you keep stacking regardless?",52,71,Global_Blacksmith_81,https://www.reddit.com/r/Bitcoin/comments/1r6crf4/what_if_you_reach_your_goal/,1r6crf4,"What if you reach your goal? Say you finally hit your BTC accumulation target: 0.1, 1, 69, whatever your number is. Do you stop DCA-ing and redirect into something uncorrelated (global equities ETF, etc.)? Essentially going beta-zero to BTC on new capital. Or do you keep stacking regardless?"
2026-02-16,2026-02-16 06:13:32,Bitcoin,Non kyc wallet,Is there any way to send and buy bitcoin using a sponsored cashapp card or a way to get around it,0,7,Desperate-Weird-1801,https://www.reddit.com/r/Bitcoin/comments/1r61wg0/non_kyc_wallet/,1r61wg0,Non kyc wallet Is there any way to send and buy bitcoin using a sponsored cashapp card or a way to get around it
2026-02-17,2026-02-17 21:40:46,Bitcoin,"Bitcoin miner, converting flared and stranded natural gas into clean, off-grid electricity","... electricity that would, without Bitcoin never exist. ",243,7,TheresNoSecondBest,https://v.redd.it/09tsjuuxj4kg1,1r7jpl9,"Bitcoin miner, converting flared and stranded natural gas into clean, off-grid electricity ... electricity that would, without Bitcoin never exist."
2026-02-17,2026-02-17 21:32:20,Bitcoin,Your Daily Bitcoin Breakdown newsletter is now live. Check out today’s Top Stories and a sneak peek at the latest Insights & Analysis pieces. Full issue link is in the comments.,,1,1,GeeWow,https://www.reddit.com/gallery/1r7jha4,1r7jha4,Your Daily Bitcoin Breakdown newsletter is now live. Check out today’s Top Stories and a sneak peek at the latest Insights & Analysis pieces. Full issue link is in the comments.
2026-02-17,2026-02-17 21:52:56,BTC,How to get Bitcoin Privacy these days?,"Been reading about what happened with Samourai Wallet and the Tornado Cash devs. Feels like even attempting to improve privacy can get you flagged these days.
2026-02-17,2026-02-17 22:28:10,BTC,Teyolia Flipstarter 2.0 is live in production (non-custodial crowdfunding on eCash),,0,0,XolosRamirez,/r/xolosArmy/comments/1r7kw7b/teyolia_flipstarter_20_is_live_in_production/,1r7ky3k,Teyolia Flipstarter 2.0 is live in production (non-custodial crowdfunding on eCash)
2026-02-17,2026-02-17 23:03:32,BTC,Bitcoin is no longer just about price"," it's about infrastructure.""","I feel like a lot of people still see Bitcoin just as a chart going up and down, but what's really new now is how it's becoming the foundation on which everything else is built. Every cycle brings noise, memes, and new narratives, but BTC continues to solidify its position as the primary liquidity layer of the ecosystem. Lightning continues to grow, self-custody is becoming more common, and even traditional financial products are revolving around Bitcoin before any other crypto.
2026-02-17,2026-02-17 15:39:41,BTC,Why wishing for Kiyosaki's """"sale"""" is dangerous thinking.""","&#x200B;
2026-02-17,2026-02-17 15:35:18,BTC,Why wishing for Kiyosaki's """"sale"""" is dangerous thinking.""","Robert Kiyosaki is making noise again about buying $BTC while everyone else panics. He holds gold, silver, and Ethereum, and he claims market crashes are the best time to get rich. But look at the specific number he threw out.
2026-02-17,2026-02-17 17:21:28,BTC,Why the most boring news this week is actually the most profitable,Stop staring at the 1-minute candles and look at the actual market structure. While everyone is arguing about leverage", the US Crypto Market Structure Bill is quietly setting up the real move.,"How to get Bitcoin Privacy these days? Been reading about what happened with Samourai Wallet and the Tornado Cash devs. Feels like even attempting to improve privacy can get you flagged these days.
2026-02-17,2026-02-17 22:28:10,BTC,Teyolia Flipstarter 2.0 is live in production (non-custodial crowdfunding on eCash),,0,0,XolosRamirez,/r/xolosArmy/comments/1r7kw7b/teyolia_flipstarter_20_is_live_in_production/,1r7ky3k,Teyolia Flipstarter 2.0 is live in production (non-custodial crowdfunding on eCash)
2026-02-17,2026-02-17 23:03:32,BTC,Bitcoin is no longer just about price"
2026-02-17,2026-02-17 18:56:51,Bitcoin,"Jane St, the trading firm that is suspected of the ""10am daily dump"" is also one of the largest recent buyers of IBIT",Institutions are here and they're driving down the bitcoin price so they can buy it more cheaply.,1,0,21Bullish,https://i.redd.it/0r4itg7lq3kg1.png,1r7f5cq,"Jane St, the trading firm that is suspected of the ""10am daily dump"" is also one of the largest recent buyers of IBIT Institutions are here and they're driving down the bitcoin price so they can buy it more cheaply."
2026-02-17,2026-02-17 16:57:03,BTC,Where can I purchase bitcoin without any verification?,,0,0,Terrible-Jello-2782,https://www.reddit.com/r/btc/comments/1r7bndv/where_can_i_purchase_bitcoin_without_any/,1r7bndv,Where can I purchase bitcoin without any verification?
2026-02-17,2026-02-17 18:48:11,Bitcoin,Got to Laugh at the Ups and the Downs,"I saw this meme on r/thetagang in poor quality, so I recreated it. As a BTC believer and someone who has a large portion of my portfolio devoted to BTC - I still laughed pretty damn hard at it.",35,2,Premium_Hunter,https://i.redd.it/tblvkb8io3kg1.jpeg,1r7ewbv,"Got to Laugh at the Ups and the Downs I saw this meme on r/thetagang in poor quality, so I recreated it. As a BTC believer and someone who has a large portion of my portfolio devoted to BTC - I still laughed pretty damn hard at it."
2026-02-17,2026-02-17 12:22:41,Bitcoin,"Scammers never sleep! 💡 Today, I received an email from “Celsius” (for those who remember them) claiming I had some leftover BTC to withdraw. The red flag? They asked for my secret wallet keys. 🚩
2026-02-17,2026-02-17 17:21:06,Bitcoin,Article - Bitcoin """"... a generational asset..""""""",https://seekingalpha.com/news/4552578-galaxy-digital-ceo-bitcoin-faces-competition-from-sports-betting-remains-generational-asset?mailingid=44173174&messageid=2900&position=rta_news_bankr_fullrollout_hysa_main_0_title&serial=44173174.14324&source=email_2900&utm_campaign=rta-stock-news&utm_content=link-1&utm_source=seeking_alpha&utm_term=44173174.14324,1,0,Carbuncle2024,https://www.reddit.com/r/Bitcoin/comments/1r7cd08/article_bitcoin_a_generational_asset/,1r7cd08,"Scammers never sleep! 💡 Today, I received an email from “Celsius” (for those who remember them) claiming I had some leftover BTC to withdraw. The red flag? They asked for my secret wallet keys. 🚩
2026-02-17,2026-02-17 17:21:06,Bitcoin,Article - Bitcoin """"... a generational asset.."""""" https://seekingalpha.com/news/4552578-galaxy-digital-ceo-bitcoin-faces-competition-from-sports-betting-remains-generational-asset?mailingid=44173174&messageid=2900&position=rta_news_bankr_fullrollout_hysa_main_0_title&serial=44173174.14324&source=email_2900&utm_campaign=rta-stock-news&utm_content=link-1&utm_source=seeking_alpha&utm_term=44173174.14324"
2026-02-17,2026-02-17 16:54:41,Bitcoin,Where can I purchase bitcoin without any Id verification in the u.s.a,🙏,2,4,Terrible-Jello-2782,https://www.reddit.com/r/Bitcoin/comments/1r7bkua/where_can_i_purchase_bitcoin_without_any_id/,1r7bkua,Where can I purchase bitcoin without any Id verification in the u.s.a 🙏
2026-02-17,2026-02-17 14:58:13,Bitcoin,Why should i self custody,I always see people in comment sections talking about self custodying btc but why actually do it i mean it cost money to buy a cold storage wallet and if you lose the keys your broken macaroni on a frogs ass,38,92,Projoris10,https://www.reddit.com/r/Bitcoin/comments/1r787o9/why_should_i_self_custody/,1r787o9,Why should i self custody I always see people in comment sections talking about self custodying btc but why actually do it i mean it cost money to buy a cold storage wallet and if you lose the keys your broken macaroni on a frogs ass
2026-02-17,2026-02-17 09:53:49,Bitcoin,Brazil Revives Bill 4501 to Accumulate 1 Million BTC for Strategic National Reserve | Bitget News,Are you bullish enough ?,100,5,Crypto-hercules,https://www.bitget.com/news/detail/12560605200239?utm_source=chatgpt.com,1r71xlv,Brazil Revives Bill 4501 to Accumulate 1 Million BTC for Strategic National Reserve | Bitget News Are you bullish enough ?
2026-02-18,2026-02-18 11:07:28,BTC,2009-2026 Bitcoin adoption,,11,7,sbounmy,https://v.redd.it/3wtn89hsj8kg1,1r80513,2009-2026 Bitcoin adoption
2026-02-18,2026-02-18 19:05:07,BTC,BTC vs Gold?,"This may be a conspiracy theory and a stupid question, but if we find that Fort Knox is actually out of gold-will gold collapse and BTC rise?",0,3,ShallotRemarkable,https://www.reddit.com/r/btc/comments/1r8c2bx/btc_vs_gold/,1r8c2bx,"BTC vs Gold? This may be a conspiracy theory and a stupid question, but if we find that Fort Knox is actually out of gold-will gold collapse and BTC rise?"
2026-02-18,2026-02-18 17:43:57,BTC,The price of bitcoin is rigged,"In prediction markets such as Kalshi and Polymarket, the price usually skyrockets in 5- and 15-minute markets. It is rare that in the last minutes (15 min) or seconds (5 min) the market tends to change the value quickly and return to the previous value to go against the higher probability. Call me crazy if you want, but I believe that the manipulation of cryptocurrencies is real, especially with Bitcoin.",2,37,frijolinpaul,https://www.reddit.com/r/btc/comments/1r89saz/the_price_of_bitcoin_is_rigged/,1r89saz,"The price of bitcoin is rigged In prediction markets such as Kalshi and Polymarket, the price usually skyrockets in 5- and 15-minute markets. It is rare that in the last minutes (15 min) or seconds (5 min) the market tends to change the value quickly and return to the previous value to go against the higher probability. Call me crazy if you want, but I believe that the manipulation of cryptocurrencies is real, especially with Bitcoin."
2026-02-18,2026-02-18 04:58:28,Bitcoin,How Will the 19th Feb FOMC Data Impact Bitcoin?,"With the upcoming FOMC data release on February 19th, what are your thoughts on how it might affect Bitcoin's price and market behavior? Will the data influence Bitcoin's volatility or long-term trends?",1,6,OkSuccotash4810,https://www.reddit.com/r/Bitcoin/comments/1r7tw2j/how_will_the_19th_feb_fomc_data_impact_bitcoin/,1r7tw2j,"How Will the 19th Feb FOMC Data Impact Bitcoin? With the upcoming FOMC data release on February 19th, what are your thoughts on how it might affect Bitcoin's price and market behavior? Will the data influence Bitcoin's volatility or long-term trends?"
2026-02-18,2026-02-18 19:50:33,Bitcoin,"This article by @JoeyTweeets is a masterpiece indictment of the TradFi - Govt chimera coming for us all. It's not far away, It's Here, Now. Got Bitcoin ? - Capital Controls Are Already Here and No One Seems to Care",,12,5,Fiach_Dubh,https://x.com/JoeyTweeets/status/2024077084260184315,1r8dal2,"This article by @JoeyTweeets is a masterpiece indictment of the TradFi - Govt chimera coming for us all. It's not far away, It's Here, Now. Got Bitcoin ? - Capital Controls Are Already Here and No One Seems to Care"
2026-02-18,2026-02-18 21:54:27,Bitcoin,Your Daily Bitcoin Breakdown newsletter is now live. Check out today’s Top Stories and a sneak peek at the latest Quick Bits snippets. Full issue link is in the comments.,,3,1,GeeWow,https://www.reddit.com/gallery/1r8glmz,1r8glmz,Your Daily Bitcoin Breakdown newsletter is now live. Check out today’s Top Stories and a sneak peek at the latest Quick Bits snippets. Full issue link is in the comments.
2026-02-18,2026-02-18 18:23:08,Bitcoin,“Crypto” the novel by Dan Brown,"Even though it has little to do with cryptocurrencies, I found a strange analogy between the myth of Satoshi Nakamoto and Ensei Tankado, another Japanese character in the novel. One sentence struck me: ""Tankado thought he wouldn't need money after he died, so why not give the world a little farewell gift?"" Does anything come to mind? It's believed that Nakamoto is also dead, and with the invention of BTC and his wallet, he too is giving the world a gift. If anyone has read the novel and finds any similarities, I'd love to hear your interpretation.",13,4,CryptoBrown87,https://www.reddit.com/r/Bitcoin/comments/1r8avzr/crypto_the_novel_by_dan_brown/,1r8avzr,"“Crypto” the novel by Dan Brown Even though it has little to do with cryptocurrencies, I found a strange analogy between the myth of Satoshi Nakamoto and Ensei Tankado, another Japanese character in the novel. One sentence struck me: ""Tankado thought he wouldn't need money after he died, so why not give the world a little farewell gift?"" Does anything come to mind? It's believed that Nakamoto is also dead, and with the invention of BTC and his wallet, he too is giving the world a gift. If anyone has read the novel and finds any similarities, I'd love to hear your interpretation."
2026-02-18,2026-02-18 13:57:01,Bitcoin,"Peter Schiff explaining Bitcoin in 2013 - surprisingly, NOT AI",,202,32,TheresNoSecondBest,https://v.redd.it/6g1k3474e9kg1,1r83o5q,"Peter Schiff explaining Bitcoin in 2013 - surprisingly, NOT AI"
2026-02-18,2026-02-18 00:33:29,Bitcoin,I finally set up my hardware wallet,Yes this thread will kill me but I got a ledger wallet. I opted out of the key card and cloud storage phrase key. Moved all my bitcoin there. Not much but it’s something. Next move is to stamp my key phrase on metal. That comes later.,33,17,SamFisherXboxOG,https://www.reddit.com/r/Bitcoin/comments/1r7nzw2/i_finally_set_up_my_hardware_wallet/,1r7nzw2,I finally set up my hardware wallet Yes this thread will kill me but I got a ledger wallet. I opted out of the key card and cloud storage phrase key. Moved all my bitcoin there. Not much but it’s something. Next move is to stamp my key phrase on metal. That comes later.
2026-02-19,2026-02-19 20:52:25,Bitcoin,Bitcoin doesn't give a duck about you,,284,50,TheresNoSecondBest,https://v.redd.it/7n7lh515likg1,1r9b1pc,Bitcoin doesn't give a duck about you
2026-02-19,2026-02-19 23:14:15,Bitcoin,Venmo btc problem,Just bought btc to send The transfer says it did not go through try again in 48 hours. Please help ,1,1,Own_Foundation8577,https://www.reddit.com/r/Bitcoin/comments/1r9epsq/venmo_btc_problem/,1r9epsq,Venmo btc problem Just bought btc to send The transfer says it did not go through try again in 48 hours. Please help
2026-02-19,2026-02-19 00:23:03,BTC,Bitcoin is following big tech.,Bitcoin’s price movement is acting like a high beta big tech company.  Losing its appeal as “digital gold.”,27,24,Background-Day-4957,https://i.redd.it/7n56sl5thckg1.jpeg,1r8kaiq,Bitcoin is following big tech. Bitcoin’s price movement is acting like a high beta big tech company.  Losing its appeal as “digital gold.”
2026-02-19,2026-02-19 11:09:58,Bitcoin,Lyn Alden speaks on the Bitcoin psychology happening currently in the market.,,602,362,Full-Argument-8235,https://v.redd.it/js246yy6pfkg1,1r8whbn,Lyn Alden speaks on the Bitcoin psychology happening currently in the market.
2026-02-19,2026-02-19 12:41:32,Bitcoin,Italian banking giant Intesa Sanapolo discloses near $100 million bitcoin ETF holdings,,78,9,TheresNoSecondBest,https://www.coindesk.com/business/2026/02/17/banking-giant-intesa-sanapolo-discloses-usd100-million-bitcoin-etf-holdings-along-with-strategy-hedge,1r8y6nf,Italian banking giant Intesa Sanapolo discloses near $100 million bitcoin ETF holdings
2026-02-19,2026-02-19 07:08:58,Bitcoin,Bitcoin anticipation,How will coins survive from now on? tell me your thinks,1,0,Flashy_Appearance166,https://www.analyticsinsight.net/price-analysis/crypto-prices-today-bitcoin-price-falls-to-66746-xrp-drops-399-to-141-amid-us-iran-war-tensions,1r8sj9n,Bitcoin anticipation How will coins survive from now on? tell me your thinks
2026-02-19,2026-02-19 10:00:21,BTC,BTC price negative for the first time over a 5 year period?,"Other than for a brief week in December of ‘22, BTC price has never been negative over a rolling 5 year period. We are dangerously close to that point again and we are seemingly just at the start of a bear market. Is this the sign of a near bottom or something far more ominous? ",2,16,Hellcat081901,https://www.reddit.com/r/btc/comments/1r8vaif/btc_price_negative_for_the_first_time_over_a_5/,1r8vaif,"BTC price negative for the first time over a 5 year period? Other than for a brief week in December of ‘22, BTC price has never been negative over a rolling 5 year period. We are dangerously close to that point again and we are seemingly just at the start of a bear market. Is this the sign of a near bottom or something far more ominous?"
2026-02-19,2026-02-19 10:09:54,BTC,Confused: Where Can I swap my BTC to BNB chain asset ?,,0,0,Emotional_Spread_164,/r/binance/comments/1r8t6cg/confused_where_can_i_swap_my_btc_to_bnb_chain/,1r8vgeg,Confused: Where Can I swap my BTC to BNB chain asset ?
2026-02-20,2026-02-20 07:55:07,BTC,Bitcoin network activity has dropped by nearly half since 2021 👀,Source: https://x.com/BitcoinNewsCom/status/2024566656974905367?s=20,54,95,birth_of_bitcoin,https://i.redd.it/5nal2tbdvlkg1.jpeg,1r9pcjn,Bitcoin network activity has dropped by nearly half since 2021 👀 Source: https://x.com/BitcoinNewsCom/status/2024566656974905367?s=20
2026-02-20,2026-02-20 08:06:25,BTC,Aaron Day’s latest point about Bitcoin / stablecoins got people talking: worth unpacking in a real way,,1,0,Bcom_Mod,/r/bitcoin_com/comments/1r9piy7/aaron_days_latest_point_about_bitcoin_stablecoins/,1r9pjcs,Aaron Day’s latest point about Bitcoin / stablecoins got people talking: worth unpacking in a real way
2026-02-20,2026-02-20 17:17:59,BTC,Institutional Bitcoin Adoption and Wences Casares - 'Patient Zero',,0,0,bitcoin21s,https://v.redd.it/tdteaty2lokg1,1ra1d9m,Institutional Bitcoin Adoption and Wences Casares - 'Patient Zero'
2026-02-20,2026-02-20 16:11:00,BTC,Supreme Court this morning ruled that Trumps tariffs were illegal …what does that do for bitcoin and crypto now ? Up or down ?,,0,4,ComplexWrangler1346,https://www.reddit.com/r/btc/comments/1r9zifd/supreme_court_this_morning_ruled_that_trumps/,1r9zifd,Supreme Court this morning ruled that Trumps tariffs were illegal …what does that do for bitcoin and crypto now ? Up or down ?
2026-02-20,2026-02-20 01:30:56,Bitcoin,Today My Family Got off Zero & Joined the .1 club🚀,I don’t care if it dips more…. We just had to get in with that tax return.  I’d rather it dip to 50k & miss out on those small amounts of BTC than have it rip to 100k or beyond tomorrow and live with the regret that I’ll never see BTC that low ever again!  Tonight is the first night I can rest peacefully knowing my family is hedged against the decaying dollar and positioned to benefit from deflation from government inflation.  The last one using the dollar gets stuck holding the bag of poverty.  Not this family🙏🏼🚀,156,36,Fun-Blackberry-6483,https://www.reddit.com/r/Bitcoin/comments/1r9hwmw/today_my_family_got_off_zero_joined_the_1_club/,1r9hwmw,Today My Family Got off Zero & Joined the .1 club🚀 I don’t care if it dips more…. We just had to get in with that tax return.  I’d rather it dip to 50k & miss out on those small amounts of BTC than have it rip to 100k or beyond tomorrow and live with the regret that I’ll never see BTC that low ever again!  Tonight is the first night I can rest peacefully knowing my family is hedged against the decaying dollar and positioned to benefit from deflation from government inflation.  The last one using the dollar gets stuck holding the bag of poverty.  Not this family🙏🏼🚀
2026-02-20,2026-02-20 00:55:50,Bitcoin,Bitcoin Asymmetry Rise and the 2040 Inflection,,11,3,Cantonius,https://cantonius.substack.com/p/bitcoin-asymmetry-rise-and-the-2040,1r9h4ae,Bitcoin Asymmetry Rise and the 2040 Inflection
2026-02-20,2026-02-20 21:15:23,Bitcoin,"The current Detroit Pistons head coach, J.B. Bickerstaff regrets not investing in Bitcoin back in 2016: “We saw it explode and were like, ‘Damn, Nick was right!”",,20,3,TheresNoSecondBest,https://www.basketballnetwork.net/off-the-court/j-b-bickerstaff-regrets-not-investing-in-bitcoin-back-in-2016,1ra7rrf,"The current Detroit Pistons head coach, J.B. Bickerstaff regrets not investing in Bitcoin back in 2016: “We saw it explode and were like, ‘Damn, Nick was right!”"
2026-02-20,2026-02-20 15:07:49,BTC,Bitcoin Asymmetric Rise and the 2040 Inflection,,0,0,Cantonius,https://substack.com/@cantonius/p-188560899,1r9xt0c,Bitcoin Asymmetric Rise and the 2040 Inflection
2026-02-21,2026-02-21 11:21:41,Bitcoin,Where are the Hodler's of last resort ? ? ?,Trace Mayer spoke of the group of high conviction Bitcoiner's that won't sell all their Bitcoin at any price ! Does this mythical createture still exist ? ? ?,23,52,anonymousecateer,https://www.reddit.com/r/Bitcoin/comments/1raorvw/where_are_the_hodlers_of_last_resort/,1raorvw,Where are the Hodler's of last resort ? ? ? Trace Mayer spoke of the group of high conviction Bitcoiner's that won't sell all their Bitcoin at any price ! Does this mythical createture still exist ? ? ?
2026-02-21,2026-02-21 19:24:27,Bitcoin,The reality of banking in Argentina: I almost signed a 66-month loan at 57% interest for a used car. Here is how Bitcoin changed my perspective.,>,5,2,ds4survivor,https://www.reddit.com/r/Bitcoin/comments/1rb00v2/the_reality_of_banking_in_argentina_i_almost/,1rb00v2,The reality of banking in Argentina: I almost signed a 66-month loan at 57% interest for a used car. Here is how Bitcoin changed my perspective. >
2026-02-21,2026-02-21 22:03:38,BTC,BTC Long Term,Where do you see Bitcoin going? A/B/C?,27,127,Background_Foot_8825,https://i.redd.it/o1egsh1o7xkg1.jpeg,1rb3ww7,BTC Long Term Where do you see Bitcoin going? A/B/C?
2026-02-21,2026-02-21 03:59:58,BTC,Bitcoin is undervalued | Gold is undervalued,The money rotation could be insane 🤯,0,13,errorrebirth,https://i.redd.it/yms2u3zburkg1.jpeg,1rah2qd,Bitcoin is undervalued | Gold is undervalued The money rotation could be insane 🤯
2026-02-21,2026-02-21 06:35:12,BTC,Institutional Bitcoin Adoption and Wences Casares - 'Patient Zero',,0,3,Bitcoin-Adam,https://v.redd.it/tdteaty2lokg1,1rak0t5,Institutional Bitcoin Adoption and Wences Casares - 'Patient Zero'
2026-02-22,2026-02-22 07:38:17,Bitcoin,I have .19 btc and im worried,"Is this the end of BTC? What are the real risks, quantum etc, Ai, is btc just another mode of control for the institutions?",0,24,Ok-Cod8924,https://www.reddit.com/r/Bitcoin/comments/1rbfpsj/i_have_19_btc_and_im_worried/,1rbfpsj,"I have .19 btc and im worried Is this the end of BTC? What are the real risks, quantum etc, Ai, is btc just another mode of control for the institutions?"
2026-02-22,2026-02-22 19:25:27,BTC,What is your single go to strong point about why you believe in Bitcoin and continue to buy regardless of the price or direction?,,0,10,Btcmot,/r/u_Btcmot/comments/1rbuwmw/what_is_your_single_go_to_strong_point_about_why/,1rbuxqr,What is your single go to strong point about why you believe in Bitcoin and continue to buy regardless of the price or direction?
2026-02-22,2026-02-22 02:46:24,Bitcoin,Bitcoin,Is bitcoin dead?,0,34,Unfair_Building_6002,https://www.reddit.com/r/Bitcoin/comments/1rba9oy/bitcoin/,1rba9oy,Bitcoin Is bitcoin dead?
2026-02-22,2026-02-22 22:25:12,BTC,Ember referral,"Hey all, if you're a new BTC user and like to play games, EMBER is an app where you can use BTC to play games and earn more BTC. My referral code is in the comments 💯",0,15,Extreme-Ad3531,https://www.reddit.com/r/btc/comments/1rbzoec/ember_referral/,1rbzoec,"Ember referral Hey all, if you're a new BTC user and like to play games, EMBER is an app where you can use BTC to play games and earn more BTC. My referral code is in the comments 💯"
2026-02-22,2026-02-22 16:33:11,Bitcoin,Real question: how do you determine cost basis?,"I bought some bitcoin years ago. I also bought some last month. Definitely not going to right now, but if I were to sell, which Satoshis am I selling? ones I've had for over a year? ones that cost less than they do now? or ones I bought maybe a few months ago, that cost more than they do now. Who decides? this determines a wide swing in taxable gains...",1,10,momaLance,https://www.reddit.com/r/Bitcoin/comments/1rbqbfz/real_question_how_do_you_determine_cost_basis/,1rbqbfz,"Real question: how do you determine cost basis? I bought some bitcoin years ago. I also bought some last month. Definitely not going to right now, but if I were to sell, which Satoshis am I selling? ones I've had for over a year? ones that cost less than they do now? or ones I bought maybe a few months ago, that cost more than they do now. Who decides? this determines a wide swing in taxable gains..."
2026-02-22,2026-02-22 13:12:26,Bitcoin,How to buy bitcoin no KYC,I’m just going to be honest to you. I’m underaged but I want to try trading and everywhere I tried it tells me that I need KYC I can’t use credit care anyone know a good site or how to find a trust full p2p site where I can buy without getting scammed,0,36,RunAlternative6504,https://www.reddit.com/r/Bitcoin/comments/1rbliqp/how_to_buy_bitcoin_no_kyc/,1rbliqp,How to buy bitcoin no KYC I’m just going to be honest to you. I’m underaged but I want to try trading and everywhere I tried it tells me that I need KYC I can’t use credit care anyone know a good site or how to find a trust full p2p site where I can buy without getting scammed
2026-02-22,2026-02-22 12:01:20,Bitcoin,All the uncles and aunties I know are selling bitcoin,"Sounds like it's very close to the bottom when many of them are selling out of few. Especially more when they are complaining to their friends about their ""idiotic children"" convincing them to buy. ",17,29,Sufficient-Award6291,https://www.reddit.com/r/Bitcoin/comments/1rbk47g/all_the_uncles_and_aunties_i_know_are_selling/,1rbk47g,"All the uncles and aunties I know are selling bitcoin Sounds like it's very close to the bottom when many of them are selling out of few. Especially more when they are complaining to their friends about their ""idiotic children"" convincing them to buy."
2026-02-22,2026-02-22 14:57:59,Bitcoin,Thoughts on buying BTC on Cashapp?,What are your thoughts on that?? ,10,12,wcshorty1985,https://www.reddit.com/r/Bitcoin/comments/1rbnwrr/thoughts_on_buying_btc_on_cashapp/,1rbnwrr,Thoughts on buying BTC on Cashapp? What are your thoughts on that??
2026-02-23,2026-02-23 08:31:14,BTC,Times have changed.,"I don’t think we should be expecting the same old halving cycle and rebounding. Now large holders are institutions, market is reacting differently. I think bitcoin will stabilize at this price and most likely won’t ever reach 100k again. We should still buy more bitcoin because of its system, but do not expect to earn from it anymore. At most it will stabilize to match fiat inflation rates of \~4% increase a year.",0,13,Comfortable-Bit-126,https://www.reddit.com/r/btc/comments/1rcc17q/times_have_changed/,1rcc17q,"Times have changed. I don’t think we should be expecting the same old halving cycle and rebounding. Now large holders are institutions, market is reacting differently. I think bitcoin will stabilize at this price and most likely won’t ever reach 100k again. We should still buy more bitcoin because of its system, but do not expect to earn from it anymore. At most it will stabilize to match fiat inflation rates of \~4% increase a year."
2026-02-23,2026-02-23 09:26:39,BTC,"🚨 If Bitcoin ends February in red, it would mark a 5-month losing streak, the longest in 7 years.",,1,7,birth_of_bitcoin,https://www.reddit.com/r/btc/comments/1rccxf6/if_bitcoin_ends_february_in_red_it_would_mark_a/,1rccxf6,"🚨 If Bitcoin ends February in red, it would mark a 5-month losing streak, the longest in 7 years."
2026-02-23,2026-02-23 10:50:09,BTC,Bitcoin is down 25% since January and now tariffs are making it worse,"Trump announced over the weekend that he's raising the global tariff rate to 15%, using a 1974 trade law after the Supreme Court struck down his previous ""Liberation Day"" tariffs. The move spooked markets and crypto got hit hard. Bitcoin dropped 3% to around $65,800 Monday morning, briefly dipping below $65,000. Ethereum fell 4.5% and XRP dropped 3.3%. Meanwhile gold was up 1.6%, which is starting to make the whole ""Bitcoin is digital gold"" narrative look a bit shaky when the two keep moving in opposite directions during risk-off periods.",0,11,Appropriate-Fix-4319,https://i.redd.it/mh612ztb58lg1.jpeg,1rceax7,"Bitcoin is down 25% since January and now tariffs are making it worse Trump announced over the weekend that he's raising the global tariff rate to 15%, using a 1974 trade law after the Supreme Court struck down his previous ""Liberation Day"" tariffs. The move spooked markets and crypto got hit hard. Bitcoin dropped 3% to around $65,800 Monday morning, briefly dipping below $65,000. Ethereum fell 4.5% and XRP dropped 3.3%. Meanwhile gold was up 1.6%, which is starting to make the whole ""Bitcoin is digital gold"" narrative look a bit shaky when the two keep moving in opposite directions during risk-off periods."
2026-02-23,2026-02-23 10:34:27,BTC,Bitcoin Down to $65K as Heavy Selling Drives a Sharp BTC Price Drop,,0,1,andix3,https://blocknow.com/bitcoin-down-65k-heavy-selling-drives-sharp-btc-price-drop/,1rce15d,Bitcoin Down to $65K as Heavy Selling Drives a Sharp BTC Price Drop
2026-02-23,2026-02-23 19:38:01,BTC,Bitcoins Purpose?,All of bitcoin's uses have been debunked at this point. It does not hedge against the dollar. It is not digital gold. It is pretty much useless as a currency since the network is slow. The only uses I see are being a ponzi scheme for scammers to try and get rich quick or helping criminals launder their money. Please enlighten me with any other uses.,241,598,AdSouthern9708,https://www.reddit.com/r/btc/comments/1rcrhss/bitcoins_purpose/,1rcrhss,Bitcoins Purpose? All of bitcoin's uses have been debunked at this point. It does not hedge against the dollar. It is not digital gold. It is pretty much useless as a currency since the network is slow. The only uses I see are being a ponzi scheme for scammers to try and get rich quick or helping criminals launder their money. Please enlighten me with any other uses.
2026-02-23,2026-02-23 23:02:53,Bitcoin,More questions about buying bitcoin via cash by mail,"If I'm only sending like a 100 dollars bill or even 2 20s, couldn't I just put it in a security envelope tucked in a birthday card or wrapped in paper? Do I really have to run to the store, put them in tamper-evidence bags, and then put them in boxes? What parcels are they talking about?  I mean, as long as a postal worker can't feel the bills, it should be fine, right? Also, how do I get a UPS signature and postal tracking? Do those require ID?",0,19,ProtoSonicGuru123,https://www.reddit.com/r/Bitcoin/comments/1rcx1y7/more_questions_about_buying_bitcoin_via_cash_by/,1rcx1y7,"More questions about buying bitcoin via cash by mail If I'm only sending like a 100 dollars bill or even 2 20s, couldn't I just put it in a security envelope tucked in a birthday card or wrapped in paper? Do I really have to run to the store, put them in tamper-evidence bags, and then put them in boxes? What parcels are they talking about?  I mean, as long as a postal worker can't feel the bills, it should be fine, right? Also, how do I get a UPS signature and postal tracking? Do those require ID?"
2026-02-23,2026-02-23 11:34:03,BTC,Honest question: how can I make money by betting on Bitcoin going down to zero?,,0,11,M_Pascal,https://www.reddit.com/r/btc/comments/1rcf35i/honest_question_how_can_i_make_money_by_betting/,1rcf35i,Honest question: how can I make money by betting on Bitcoin going down to zero?
2026-02-23,2026-02-23 11:19:08,Bitcoin,Why are people buying now?,"It’s been known that when bitcoin crashes, it will last for about a year or more. Why are people so quick to buy now since the crash is so recent? Your asset will just be sitting here for months with no growth. Shouldn’t the popular strategy be put all your money in safer growth funds such as S&P500 to let it grow for awhile before buying bitcoin at the end of the year? It is 60k now and will still be around this price at the end of the year.",0,38,Comfortable-Bit-126,https://www.reddit.com/r/Bitcoin/comments/1rcetew/why_are_people_buying_now/,1rcetew,"Why are people buying now? It’s been known that when bitcoin crashes, it will last for about a year or more. Why are people so quick to buy now since the crash is so recent? Your asset will just be sitting here for months with no growth. Shouldn’t the popular strategy be put all your money in safer growth funds such as S&P500 to let it grow for awhile before buying bitcoin at the end of the year? It is 60k now and will still be around this price at the end of the year."
2026-02-23,2026-02-23 11:39:22,Bitcoin,Honest question: how can I make money by betting on Bitcoin going down to zero?,as the title says,0,17,M_Pascal,https://www.reddit.com/r/Bitcoin/comments/1rcf6l6/honest_question_how_can_i_make_money_by_betting/,1rcf6l6,Honest question: how can I make money by betting on Bitcoin going down to zero? as the title says
2026-02-23,2026-02-23 19:52:21,Bitcoin,How would you split social classes based on BTC/sats holdings in the future?,"Just a thought experiment: if people were grouped by how much BTC they hold, what classes would you create and where would you draw the lines?",0,14,Huge_End8255,https://www.reddit.com/r/Bitcoin/comments/1rcrw9e/how_would_you_split_social_classes_based_on/,1rcrw9e,"How would you split social classes based on BTC/sats holdings in the future? Just a thought experiment: if people were grouped by how much BTC they hold, what classes would you create and where would you draw the lines?"
2026-02-23,2026-02-23 18:31:59,Bitcoin,"ok this is funny and true ""the monkey brain, it doesn’t compute well with bitcoin’s volatility""",,98,27,21Bullish,https://v.redd.it/t8sqv4lafalg1,1rcpm4r,"ok this is funny and true ""the monkey brain, it doesn’t compute well with bitcoin’s volatility"""
2026-02-23,2026-02-23 14:25:22,Bitcoin,I still love this short Bitcoin explanation,,1480,104,TheresNoSecondBest,https://v.redd.it/e11ujlzp79lg1,1rcitoa,I still love this short Bitcoin explanation
2026-02-23,2026-02-23 14:10:32,Bitcoin,"Bitcoin Whales, Miners Sell Assets Amid Macro Market Pressure",,25,7,JAYCAZ1,https://www.sandmark.com/news/top-news/bitcoin-whales-miners-sell-assets-amid-macro-market-pressure,1rcig8g,"Bitcoin Whales, Miners Sell Assets Amid Macro Market Pressure"
2026-02-23,2026-02-23 03:20:54,Bitcoin,"59 years old and I have $65,000 which I am saving as a down payment on a house trying to get to $100 which will take 4 months, I already own two homes. I am tempted to buy if it hits $40,000.   thoughts?",As above.....It will take me a little over 6 months of saving to recover if bitcoin goes to zero. Would you buy? when?,0,38,No_Alarm6362,https://www.reddit.com/r/Bitcoin/comments/1rc6e86/59_years_old_and_i_have_65000_which_i_am_saving/,1rc6e86,"59 years old and I have $65,000 which I am saving as a down payment on a house trying to get to $100 which will take 4 months, I already own two homes. I am tempted to buy if it hits $40,000.   thoughts? As above.....It will take me a little over 6 months of saving to recover if bitcoin goes to zero. Would you buy? when?"
2026-02-24,2026-02-24 02:25:31,BTC,The main problem with BTC,It’s an utter Shit Sandwich.,0,16,Organumism7,https://www.reddit.com/r/btc/comments/1rd29xe/the_main_problem_with_btc/,1rd29xe,The main problem with BTC It’s an utter Shit Sandwich.
2026-02-24,2026-02-24 03:54:34,BTC,Bitdeer sells remaining BTC and pivots to AI.,"Apologies if i missed, but i looked and did not see this posted.  Explains a bit of the recent moves….",8,2,Imagination_Drag,https://finance.yahoo.com/news/bitdeer-sells-entire-bitcoin-stash-135554538.html,1rd4e9z,"Bitdeer sells remaining BTC and pivots to AI. Apologies if i missed, but i looked and did not see this posted.  Explains a bit of the recent moves…."
2026-02-24,2026-02-24 22:25:40,Bitcoin,Your Daily Bitcoin Breakdown newsletter is now live. Check out today’s Top Stories and a sneak peek at the latest Insights & Analysis pieces. Full issue link is in the comments.,,1,1,GeeWow,https://www.reddit.com/gallery/1rduwea,1rduwea,Your Daily Bitcoin Breakdown newsletter is now live. Check out today’s Top Stories and a sneak peek at the latest Insights & Analysis pieces. Full issue link is in the comments.
2026-02-24,2026-02-24 14:51:25,BTC,Big seller,https://finance.yahoo.com/news/bitcoin-oldest-2009-whale-sells-144215483.html,1,4,AustinStain1,https://www.reddit.com/r/btc/comments/1rdi9df/big_seller/,1rdi9df,Big seller https://finance.yahoo.com/news/bitcoin-oldest-2009-whale-sells-144215483.html
2026-02-24,2026-02-24 17:54:29,Bitcoin,What would owning even 1 BTC do for your financial life?,"What would owning even 1 BTC do for you financially, and would you be richer than a lot of people?",303,512,justcurious3287,https://www.reddit.com/r/Bitcoin/comments/1rdnbvg/what_would_owning_even_1_btc_do_for_your/,1rdnbvg,"What would owning even 1 BTC do for your financial life? What would owning even 1 BTC do for you financially, and would you be richer than a lot of people?"
2026-02-24,2026-02-24 04:42:13,Bitcoin,🚀 Bitcoin Outlook for 2026: Is this an opportunity or the beginning of another,🚀 Bitcoin Outlook for 2026: Is this an opportunity or the beginning of another decline?,8,2,redduck1984,https://redduck.tistory.com/m/entry/%F0%9F%9A%80-Bitcoin-Outlook-for-2026-Is-this-an-opportunity-or-the-beginning-of-another,1rd63wm,🚀 Bitcoin Outlook for 2026: Is this an opportunity or the beginning of another 🚀 Bitcoin Outlook for 2026: Is this an opportunity or the beginning of another decline?
2026-02-24,2026-02-24 04:15:02,Bitcoin,"""Bitcoin is dead"" at an ATH in google trends. But ""How to buy bitcoin"" is also going up alot","""Bitcoin is dead"" is at an all time high in google searches. I saw that in some social media post and decided to look for myself. But then also tried to see how ""How to buy bitcoin"" search was going, and its actualy going up alot lately, higher then any point in the 2021 bullmarket. What are your opinions on this?",65,5,Arkar133,https://www.reddit.com/gallery/1rd53i3,1rd53i3,"""Bitcoin is dead"" at an ATH in google trends. But ""How to buy bitcoin"" is also going up alot ""Bitcoin is dead"" is at an all time high in google searches. I saw that in some social media post and decided to look for myself. But then also tried to see how ""How to buy bitcoin"" search was going, and its actualy going up alot lately, higher then any point in the 2021 bullmarket. What are your opinions on this?"
2026-02-24,2026-02-24 03:44:48,Bitcoin,Almost sold but didn’t,"I almost sold, tired of this red candle. Holding 1 BTC since 2017. Never sold. I almost just did it. One click away. Give me some strength guys! Some strength to hit buy instead ",350,349,Jeanguy777,https://www.reddit.com/r/Bitcoin/comments/1rd422h/almost_sold_but_didnt/,1rd422h,"Almost sold but didn’t I almost sold, tired of this red candle. Holding 1 BTC since 2017. Never sold. I almost just did it. One click away. Give me some strength guys! Some strength to hit buy instead"
2026-02-24,2026-02-24 19:23:25,BTC,Vendam seus BTC agora!,"Não vou entrar em detalhes mas quem me ouvir, me agradecerá até o fim de março  ",0,9,Siriano1809,https://www.reddit.com/r/btc/comments/1rdpv0t/vendam_seus_btc_agora/,1rdpv0t,"Vendam seus BTC agora! Não vou entrar em detalhes mas quem me ouvir, me agradecerá até o fim de março"
2026-02-25,2026-02-25 11:18:23,BTC,The role of BTC is the global landscape,,0,3,hanoteaujv,/r/CryptoTechnology/comments/1reaj4v/the_role_of_btc_is_the_global_landscape/,1reajp0,The role of BTC is the global landscape
2026-02-25,2026-02-25 05:09:19,BTC,Bitcoin Twitter Drama,Can some one explain the Twitter drama to me like 10,0,36,Apprehensive_Fly_493,https://www.reddit.com/r/btc/comments/1re46c1/bitcoin_twitter_drama/,1re46c1,Bitcoin Twitter Drama Can some one explain the Twitter drama to me like 10
2026-02-25,2026-02-25 04:18:26,BTC,Btc in age of ai,Are rising hardware and energy costs due to data centers expected to affect btc value? Like can it become too expensive to mine?,0,5,SadPhDStudent17,https://www.reddit.com/r/btc/comments/1re35kd/btc_in_age_of_ai/,1re35kd,Btc in age of ai Are rising hardware and energy costs due to data centers expected to affect btc value? Like can it become too expensive to mine?
2026-02-25,2026-02-25 19:44:23,Bitcoin,"Google searches for ""buy bitcoin"" at highest level in 5 years",,794,60,pbandwhey,https://x.com/kalshi/status/2026725340517712220?s=61&t=911XcFq5FV9qoH1Ja3r1TQ,1renmsw,"Google searches for ""buy bitcoin"" at highest level in 5 years"
2026-02-25,2026-02-25 23:41:06,Bitcoin,"$1,000,000 ≥ BTC on sale for 70k",And people are freaking out…sit back and enjoy the ride. ,316,45,jacestrachan,https://www.reddit.com/r/Bitcoin/comments/1retzmv/1000000_btc_on_sale_for_70k/,1retzmv,"$1,000,000 ≥ BTC on sale for 70k And people are freaking out…sit back and enjoy the ride."
2026-02-25,2026-02-25 23:21:42,Bitcoin,Worth using Bitcoin to pay for online services?,"I've begun to see appeal of using Bitcoin as a way to pay for a number of privacy-related services I use but have never engaged with it. Not interested in trading just using it as currency to pay for things. Would you recommend this over more traditional payment methods and, if so, what's the best way to get started?",4,5,eenthebean,https://www.reddit.com/r/Bitcoin/comments/1rethx4/worth_using_bitcoin_to_pay_for_online_services/,1rethx4,"Worth using Bitcoin to pay for online services? I've begun to see appeal of using Bitcoin as a way to pay for a number of privacy-related services I use but have never engaged with it. Not interested in trading just using it as currency to pay for things. Would you recommend this over more traditional payment methods and, if so, what's the best way to get started?"
2026-02-25,2026-02-25 22:53:40,Bitcoin,Bitcoin Fundamentals Podcast,Anybody have any more information on why the We Study Billionaires (WSB) podcast has paused Preston Pysh?,9,2,Affectionate_Case930,https://www.reddit.com/r/Bitcoin/comments/1resreh/bitcoin_fundamentals_podcast/,1resreh,Bitcoin Fundamentals Podcast Anybody have any more information on why the We Study Billionaires (WSB) podcast has paused Preston Pysh?
2026-02-25,2026-02-25 07:32:09,BTC,What do you guys think about buying bitcoin right now?,"I have a bit over 20k and have never bought any kind of crypto, but this big dip in bitcoin is making me curious if now might be the time to put some in. I do some trading but more long term stuff so this has peaked my interest. ",0,15,Affectionate-Ear-635,https://www.reddit.com/r/btc/comments/1re6sif/what_do_you_guys_think_about_buying_bitcoin_right/,1re6sif,"What do you guys think about buying bitcoin right now? I have a bit over 20k and have never bought any kind of crypto, but this big dip in bitcoin is making me curious if now might be the time to put some in. I do some trading but more long term stuff so this has peaked my interest."
2026-02-25,2026-02-25 17:20:49,Bitcoin,I need help changing my wallet email address,"Long story short, i have btc on either bitcoin.com or theyre gone. I just logged into btc.com using my legacy info and they indeed sent a verification email to that legacy email. I unfortunately do not have the login to it right now, i am on the phone with atnt. Can someone from bitcoin.com please help? This is hugely important ",0,26,IconCsr2,https://www.reddit.com/r/Bitcoin/comments/1rejgmp/i_need_help_changing_my_wallet_email_address/,1rejgmp,"I need help changing my wallet email address Long story short, i have btc on either bitcoin.com or theyre gone. I just logged into btc.com using my legacy info and they indeed sent a verification email to that legacy email. I unfortunately do not have the login to it right now, i am on the phone with atnt. Can someone from bitcoin.com please help? This is hugely important"
2026-02-25,2026-02-25 08:39:32,Bitcoin,My biggest Bitcoin regret is not buying earlier. My second biggest regret is selling too early.,"Anyone else feel like Bitcoin teaches the same lesson over and over again, just with bigger stakes every time?",6,12,MobApps1,https://www.reddit.com/r/Bitcoin/comments/1re7vsb/my_biggest_bitcoin_regret_is_not_buying_earlier/,1re7vsb,"My biggest Bitcoin regret is not buying earlier. My second biggest regret is selling too early. Anyone else feel like Bitcoin teaches the same lesson over and over again, just with bigger stakes every time?"
2026-02-25,2026-02-25 19:15:51,BTC,The only posts allowed / upvoted in /r/bitcoin,apparently Michael Saylor last hope is people liquidating their 401k ,146,92,Galactic-Dino,https://i.redd.it/jygmme10xolg1.jpeg,1remtxa,The only posts allowed / upvoted in /r/bitcoin apparently Michael Saylor last hope is people liquidating their 401k
2026-02-25,2026-02-25 14:15:05,Bitcoin,Caution with Cashapp,I have about $4000 USD with cashapp that I purchased through their service.  All of the sudden without explanation they closed my account. Now I cannot move my BTC off of their platform to a cold wallet. I have to sell for USD which generates a taxable event. If it can happen to a random person like me it can happen to you. ,69,43,cleantromba,https://www.reddit.com/r/Bitcoin/comments/1reechv/caution_with_cashapp/,1reechv,Caution with Cashapp I have about $4000 USD with cashapp that I purchased through their service.  All of the sudden without explanation they closed my account. Now I cannot move my BTC off of their platform to a cold wallet. I have to sell for USD which generates a taxable event. If it can happen to a random person like me it can happen to you.
2026-02-25,2026-02-25 13:33:00,Bitcoin,"Hey, I'm at an investor event right now and urgently need lots of feedback on why Bitcoin is poorly adopted or what is preventing it from being adopted. Please select the option that applies, based on your experience. Please vote up what you think is true",Please select the answers down below,0,25,DasDouble,https://www.reddit.com/r/Bitcoin/comments/1redbgu/hey_im_at_an_investor_event_right_now_and/,1redbgu,"Hey, I'm at an investor event right now and urgently need lots of feedback on why Bitcoin is poorly adopted or what is preventing it from being adopted. Please select the option that applies, based on your experience. Please vote up what you think is true Please select the answers down below"
2026-02-25,2026-02-25 16:30:50,Bitcoin,"60% of the time, bitcoin works every time",,26,2,21Bullish,https://v.redd.it/cqpq6h3w3olg1,1rei11t,"60% of the time, bitcoin works every time"
2026-02-25,2026-02-25 06:20:20,Bitcoin,What will 1 BTC be worth in 20 years?,Thoughts? ,1,9,,https://www.reddit.com/r/Bitcoin/comments/1re5jd5/what_will_1_btc_be_worth_in_20_years/,1re5jd5,What will 1 BTC be worth in 20 years? Thoughts?
2026-02-25,2026-02-25 08:06:48,Bitcoin,Owning 1 Bitcoin is what you need to do.,"If you owned a full Bitcoin, do you think things would change in ten years?",324,258,LAOGE1,https://www.reddit.com/r/Bitcoin/comments/1re7d4r/owning_1_bitcoin_is_what_you_need_to_do/,1re7d4r,"Owning 1 Bitcoin is what you need to do. If you owned a full Bitcoin, do you think things would change in ten years?"
2026-02-26,2026-02-26 20:24:01,Bitcoin,Commercializing Bitcoin and delivering it to the institutional world and mainstream,,79,5,aaakasei,https://v.redd.it/xizp4hbdewlg1,1rflab7,Commercializing Bitcoin and delivering it to the institutional world and mainstream
2026-02-26,2026-02-26 01:19:41,BTC,Is Bitcoin’s Bear Market Ending or Just Getting Worse?,,0,0,elfr1tz,https://beincrypto.com/is-bitcoin-turning-bullish-or-bear-market-not-over/,1rewe63,Is Bitcoin’s Bear Market Ending or Just Getting Worse?
2026-02-26,2026-02-26 22:10:45,Bitcoin,Bitcoin.com app MoonPay Purchases Declined,"I downloaded the app from Bitcoin.com, and every time I try to buy Bitcoin through MoonPay, my purchases keep being declined. My debit card declines them, and my Gemini credit card declines them through Apple Pay. Is anyone else having trouble making purchases through this app?",0,7,Technical-Wallaby,https://www.reddit.com/r/Bitcoin/comments/1rfo5hp/bitcoincom_app_moonpay_purchases_declined/,1rfo5hp,"Bitcoin.com app MoonPay Purchases Declined I downloaded the app from Bitcoin.com, and every time I try to buy Bitcoin through MoonPay, my purchases keep being declined. My debit card declines them, and my Gemini credit card declines them through Apple Pay. Is anyone else having trouble making purchases through this app?"
2026-02-26,2026-02-26 20:53:54,Bitcoin,How can I btc anonymously without KYC or anything?,Thanks in advance,22,36,Zestyclose-Singer-83,https://www.reddit.com/r/Bitcoin/comments/1rfm33g/how_can_i_btc_anonymously_without_kyc_or_anything/,1rfm33g,How can I btc anonymously without KYC or anything? Thanks in advance
2026-02-26,2026-02-26 19:36:55,Bitcoin,Citi Wants To Bring Bitcoin Into Traditional Finance,"Be careful plebs, they want your bitcoin! ",262,36,TheresNoSecondBest,https://v.redd.it/9fs4vch16wlg1,1rfk0rl,"Citi Wants To Bring Bitcoin Into Traditional Finance Be careful plebs, they want your bitcoin!"
2026-02-26,2026-02-26 10:40:31,BTC,What Is Quantum Computing's Threat to Bitcoin?,,0,0,CarefulCan7134,/r/Backpack_official/comments/1rf4r2e/what_is_quantum_computings_threat_to_bitcoin/,1rf6w5z,What Is Quantum Computing's Threat to Bitcoin?
2026-02-26,2026-02-26 15:53:57,Bitcoin,My latest mural just received 20k sats via QR code 🟠 Permissionless patronage in real life. Thank you 🙏🏼,No gallery. No middleman. Just Bitcoin. 🟠🎨 Grateful 🙏🏼,4496,107,Pascalboyart,https://v.redd.it/t8bq57yy1vlg1,1rfdtil,My latest mural just received 20k sats via QR code 🟠 Permissionless patronage in real life. Thank you 🙏🏼 No gallery. No middleman. Just Bitcoin. 🟠🎨 Grateful 🙏🏼
2026-02-26,2026-02-26 12:13:31,Bitcoin,"“If you are interested in empowerment, you should be interested in Bitcoin.” – Michael Saylor",,5,0,aaakasei,https://v.redd.it/ib9bjcpqytlg1,1rf8k9l,"“If you are interested in empowerment, you should be interested in Bitcoin.” – Michael Saylor"
2026-02-26,2026-02-26 11:38:03,Bitcoin,What would you do?,"If bitcoin goes to zero and crypto cease to exist, what would you do next?",0,47,Bulky_Description579,https://www.reddit.com/r/Bitcoin/comments/1rf7wc3/what_would_you_do/,1rf7wc3,"What would you do? If bitcoin goes to zero and crypto cease to exist, what would you do next?"
2026-02-26,2026-02-26 15:28:22,Bitcoin,"Bitcoin ETFs post highest net inflows in three weeks, attracting more than $506 million",[https://www.theblock.co/post/391401/bitcoin-etf-net-inflows-highest-three-weeks](https://www.theblock.co/post/391401/bitcoin-etf-net-inflows-highest-three-weeks),24,5,21Bullish,https://www.reddit.com/r/Bitcoin/comments/1rfd52w/bitcoin_etfs_post_highest_net_inflows_in_three/,1rfd52w,"Bitcoin ETFs post highest net inflows in three weeks, attracting more than $506 million [https://www.theblock.co/post/391401/bitcoin-etf-net-inflows-highest-three-weeks](https://www.theblock.co/post/391401/bitcoin-etf-net-inflows-highest-three-weeks)"
2026-02-27,2026-02-27 15:37:12,BTC,"Bitcoin Activity Holding Steady While Price Drops | Data on Active Wallets, Transaction, Fees | Feb 2026",,0,7,Acidyo,https://peakd.com/hive-138698/@dalz/bitcoin-activity-holding-steady-while-price-drops-or-data-on-active-wallets-transaction-fees-or-feb-2026,1rg9xqc,"Bitcoin Activity Holding Steady While Price Drops | Data on Active Wallets, Transaction, Fees | Feb 2026"
2026-02-27,2026-02-27 05:27:30,BTC,"A big Bitcoin price report is out from Cointelegraph today, and paints a picture of mixed sentiment",,0,0,Bcom_Mod,/r/bitcoin_com/comments/1rfvlc9/a_big_bitcoin_price_report_is_out_from/,1rfy0va,"A big Bitcoin price report is out from Cointelegraph today, and paints a picture of mixed sentiment"
2026-02-27,2026-02-27 04:43:49,BTC,Bitcoin every Monday:,“BiTcOiN iS dEaD”,0,0,Stan_Laurel1,https://v.redd.it/iuybj459vylg1,1rfx609,Bitcoin every Monday: “BiTcOiN iS dEaD”
2026-02-27,2026-02-27 14:52:55,BTC,Bitcoin's Renewed Selling Pressure: When the Bounce Fails and Hedging Dominates,"Bitcoin dropped 2% Thursday, trading around $67,000 after briefly touching $70,000 on Wednesday. Ether, XRP, Solana, and the CoinDesk 20 Index posted similar losses. Derivatives positioning shows traders aggressively hedging downside—put options at the $60,000 strike are being bought by ETF holders and corporate treasuries, perpetual funding rates have turned negative across major tokens, and bitcoin put spreads accounted for 75% of total block flow over 24 hours... [Read More](https://jalookout.com/2026/02/27/bitcoin-price-drop-derivatives-hedging-ai-tokens-rally/)",0,0,Sensitive_Judge_5502,https://www.reddit.com/r/btc/comments/1rg8s1p/bitcoins_renewed_selling_pressure_when_the_bounce/,1rg8s1p,"Bitcoin's Renewed Selling Pressure: When the Bounce Fails and Hedging Dominates Bitcoin dropped 2% Thursday, trading around $67,000 after briefly touching $70,000 on Wednesday. Ether, XRP, Solana, and the CoinDesk 20 Index posted similar losses. Derivatives positioning shows traders aggressively hedging downside—put options at the $60,000 strike are being bought by ETF holders and corporate treasuries, perpetual funding rates have turned negative across major tokens, and bitcoin put spreads accounted for 75% of total block flow over 24 hours... [Read More](https://jalookout.com/2026/02/27/bitcoin-price-drop-derivatives-hedging-ai-tokens-rally/)"
2026-02-27,2026-02-27 15:36:53,BTC,Citi Launches Bitcoin Integration Infrastructure for Traditional Finance,,0,5,ShortPervertRick,https://blocknow.com/citi-launches-bitcoin-integration-infrastructure-for-traditional-finance/,1rg9xfl,Citi Launches Bitcoin Integration Infrastructure for Traditional Finance
2026-02-27,2026-02-27 05:50:57,BTC,"BTC Fear & Greed is at 5. Is this the bottom, or a total structural reset?",,0,0,DigiFinex,/r/u_DigiFinex/comments/1rfyfhi/btc_fear_greed_is_at_5_is_this_the_bottom_or_a/,1rfygkl,"BTC Fear & Greed is at 5. Is this the bottom, or a total structural reset?"
2026-02-27,2026-02-27 19:26:13,BTC,The Hijacking of Bitcoin,,0,5,pyalot,https://brownstone.org/articles/the-hijacking-of-bitcoin/,1rggabw,The Hijacking of Bitcoin
2026-02-27,2026-02-27 21:28:18,BTC,"The market after I didn’t sell the last bounce to $97K, thinking BTC could go back above $100K:",j,0,0,Stan_Laurel1,https://v.redd.it/r699qt7ou3mg1,1rgjhdj,"The market after I didn’t sell the last bounce to $97K, thinking BTC could go back above $100K: j"
2026-02-27,2026-02-27 08:48:54,Bitcoin,total supply cap,"Hey bros, just wanted to check in with y'all. It seems like there's a lot of negative stuff going on about BTC lately so i just wanted to post an update that the total supply is currently at 19,995,459 BTC (out of a possible 21,000,000 BTC). Guys, we are almost to 20M BTC in the market.",38,24,Additional-Skill-594,https://www.reddit.com/r/Bitcoin/comments/1rg1h46/total_supply_cap/,1rg1h46,"total supply cap Hey bros, just wanted to check in with y'all. It seems like there's a lot of negative stuff going on about BTC lately so i just wanted to post an update that the total supply is currently at 19,995,459 BTC (out of a possible 21,000,000 BTC). Guys, we are almost to 20M BTC in the market."
2026-02-27,2026-02-27 21:01:22,BTC,Bitcoin is stuck,Almost three weeks price changed very little,77,92,WorkerPlayful4192,https://i.redd.it/f0pbk8y0q3mg1.png,1rgis18,Bitcoin is stuck Almost three weeks price changed very little
2026-02-27,2026-02-27 05:05:59,Bitcoin,Layerz Wallet - All Bitcoin layers one simple wallet,,5,1,CortaCircuit,https://layerzwallet.com/,1rfxlvz,Layerz Wallet - All Bitcoin layers one simple wallet
2026-02-27,2026-02-27 07:49:54,Bitcoin,Can I buy Bitcoin for 1000 rupees? (Hindi Language Article),,0,1,nishantpatil108,https://nishatimes.com/buy-bitcoin-1000-rupees/,1rg0iui,Can I buy Bitcoin for 1000 rupees? (Hindi Language Article)
2026-02-28,2026-02-28 10:10:05,Bitcoin,Bitcoin Drops to $63K as US and Israel Strike Iran — $515M in Liquidations in One Hour,,6,5,ReplacementFormer861,https://dailycoinpost.com/bitcoin-drops-63k-us-israel-strikes-iran/,1rgyzez,Bitcoin Drops to $63K as US and Israel Strike Iran — $515M in Liquidations in One Hour
2026-02-28,2026-02-28 12:56:34,Bitcoin,Can you guys convince me to buy bitcoin?,I’m new to this sub. I don’t understand bitcoin at all. But everyone is talking about it. What is so special about it? Are people betting USD will be dumped and bitcoin will be the main currency in the future? Or is it just a hype? I only want to invest long term. Can you guys convince me why this is a good investment long term?,0,42,SolidLeek1421,https://www.reddit.com/r/Bitcoin/comments/1rh1yxj/can_you_guys_convince_me_to_buy_bitcoin/,1rh1yxj,Can you guys convince me to buy bitcoin? I’m new to this sub. I don’t understand bitcoin at all. But everyone is talking about it. What is so special about it? Are people betting USD will be dumped and bitcoin will be the main currency in the future? Or is it just a hype? I only want to invest long term. Can you guys convince me why this is a good investment long term?
2026-02-28,2026-02-28 20:00:14,BTC,INVEST INVEST IF THERES A GENIUNE WAR BTC GOLD ETR IS GONNA SKY ROCKET,,0,4,stuckinmoneyroute,https://www.reddit.com/r/btc/comments/1rhcdip/invest_invest_if_theres_a_geniune_war_btc_gold/,1rhcdip,INVEST INVEST IF THERES A GENIUNE WAR BTC GOLD ETR IS GONNA SKY ROCKET
2026-02-28,2026-02-28 19:03:11,BTC,Get BITCOIN now,"The dollar is Morse than likely going to crash before the end of this year, get cryptos like bitcoin,etheruem, XRP, and maybe fetch.ai before it’s too late. That is all. ",0,16,Anthottie,https://www.reddit.com/r/btc/comments/1rhaxid/get_bitcoin_now/,1rhaxid,"Get BITCOIN now The dollar is Morse than likely going to crash before the end of this year, get cryptos like bitcoin,etheruem, XRP, and maybe fetch.ai before it’s too late. That is all."
2026-02-28,2026-02-28 14:08:27,BTC,The flight to safety has begun!,"Up $2k from the Post-Attack initial well-off, we are now seeing a flight to safety, which will hopefully propel BTC through $68-70k resistance and back on an upwards trajectory.  God bless and protect the brave men and women of the US Armed Forces. Peace and freedom for the people of Iran and the Middle East! 🚀🚀🚀",0,7,Superchief440,https://www.reddit.com/r/btc/comments/1rh3k1d/the_flight_to_safety_has_begun/,1rh3k1d,"The flight to safety has begun! Up $2k from the Post-Attack initial well-off, we are now seeing a flight to safety, which will hopefully propel BTC through $68-70k resistance and back on an upwards trajectory.  God bless and protect the brave men and women of the US Armed Forces. Peace and freedom for the people of Iran and the Middle East! 🚀🚀🚀"
2026-02-28,2026-02-28 08:03:55,BTC,"BTC just dumped $2,500 in 45 mins 😳",Source: Blossom,402,348,National-Theory1218,https://i.redd.it/t387quj807mg1.jpeg,1rgwxvy,"BTC just dumped $2,500 in 45 mins 😳 Source: Blossom"
2026-02-28,2026-02-28 09:57:36,BTC,"Closed Bitcoin Core PR proposed one-time fork to recover 79,956 BTC from Mt. Gox hack address","A now-closed Bitcoin Core PR (#34695) suggested a narrowly scoped consensus change to make the Mt. Gox theft address (1Feex…) spendable via a designated recovery key, so \~79,956 BTC could be returned to creditors.
2026-03-01,2026-03-01 15:11:42,Bitcoin,People who were left out of Bitcoin and now have emotional damage,I often see people criticizing Bitcoin", and many times, these are people who were told about Bitcoin when it was worth $100, $1,000, or $10,"Closed Bitcoin Core PR proposed one-time fork to recover 79,956 BTC from Mt. Gox hack address A now-closed Bitcoin Core PR (#34695) suggested a narrowly scoped consensus change to make the Mt. Gox theft address (1Feex…) spendable via a designated recovery key, so \~79,956 BTC could be returned to creditors.
2026-03-01,2026-03-01 15:11:42,Bitcoin,People who were left out of Bitcoin and now have emotional damage,I often see people criticizing Bitcoin"
2026-03-01,2026-03-01 10:56:25,BTC,Top Iranian Govt officials and Bitcoin wallets.,"There are a lot of deceased top Iranian officials, and you would presume that some had bitcoin. 
2026-03-01,2026-03-01 12:06:57,BTC,Who's working on making Bitcoin more anonymous"," easier to purchase and more widely accepted by merchants?""","Seems like virtually everyone here is playing some kind of crypto version of Wolf of Wall Street.  
2026-03-01,2026-03-01 09:26:15,BTC,Khamenei is dead. Volatility is off the charts and BTC is ripping,,83,51,Conscious-Low-7171,https://v.redd.it/85ufbscljemg1,1rhsztk,Khamenei is dead. Volatility is off the charts and BTC is ripping
2026-03-01,2026-03-01 21:55:35,Bitcoin,They will stay forever angry,,1906,78,Kommandant_Milkshake,https://i.redd.it/3v21bw249img1.png,1riadhx,They will stay forever angry
2026-03-01,2026-03-01 09:45:49,BTC,Bitgree.com has upgraded its node to BCHN v29.0.0. Ready for the May 2026 Bitcoin Cash upgrade.,,18,1,LovelyDayHere,https://www.bitgree.com,1rhtb7p,Bitgree.com has upgraded its node to BCHN v29.0.0. Ready for the May 2026 Bitcoin Cash upgrade.
2026-03-01,2026-03-01 22:47:09,Bitcoin,Operation Chronos,Project Chronos appears as """"Operation Chronos: The Howells Bitcoin Recovery"""" (Feb 27", 2026). It's a 14-page unknotting on recovering lost BTC via 2009 OpenSSL PRNG entropy collapse, down to 2\^60 states with CUDA code. Public domain, signed. ,"Top Iranian Govt officials and Bitcoin wallets. There are a lot of deceased top Iranian officials, and you would presume that some had bitcoin. 
2026-03-01,2026-03-01 12:06:57,BTC,Who's working on making Bitcoin more anonymous"
2026-03-01,2026-03-01 11:03:08,BTC,"Bitcoin Crashes as US and Israel Strike Iran, War Begins",,0,3,elfr1tz,https://beincrypto.com/us-iran-war-starts-bitcoin-crash/,1rhullg,"Bitcoin Crashes as US and Israel Strike Iran, War Begins"
2026-03-01,2026-03-01 12:26:41,BTC,The BCH Bullet — Sunday 1st March 2026,"Layla NFTs for BLISS are selling fast with just 44 remaining, Paytaca Talks Episode 28 reflects on major milestones and the latest app upgrades, Cauldron now supports HD Wallets for improved DeFi privacy on the Bitcoin UTXO model, and more.",11,0,1shant,https://thebchbullet.substack.com/p/the-bch-bullet-sunday-1st-march-2026,1rhw1yn,"The BCH Bullet — Sunday 1st March 2026 Layla NFTs for BLISS are selling fast with just 44 remaining, Paytaca Talks Episode 28 reflects on major milestones and the latest app upgrades, Cauldron now supports HD Wallets for improved DeFi privacy on the Bitcoin UTXO model, and more."
2026-03-01,2026-03-01 20:31:45,Bitcoin,The road to 1 is stilllll so long.,Hit .70 btc….Endless schloggggg to 1. ,181,33,Fall-For-October,https://www.reddit.com/r/Bitcoin/comments/1ri877c/the_road_to_1_is_stilllll_so_long/,1ri877c,The road to 1 is stilllll so long. Hit .70 btc….Endless schloggggg to 1.
2026-03-01,2026-03-01 05:35:02,Bitcoin,Still regularly think about my lost bitcoin….,,3,3,Fiach_Dubh,/r/darknet/comments/1rfnudd/still_regularly_think_about_my_lost_bitcoin/,1rhp2sz,Still regularly think about my lost bitcoin….
2026-03-01,2026-03-01 19:43:50,Bitcoin,Hot wallet?,New to bitcoin i bought on coinbase what do i do now where do i transfer it to or do i keep holding on coinbase using iphone for context,1,11,Havelittlesecrets369,https://www.reddit.com/r/Bitcoin/comments/1ri6x0g/hot_wallet/,1ri6x0g,Hot wallet? New to bitcoin i bought on coinbase what do i do now where do i transfer it to or do i keep holding on coinbase using iphone for context
2026-03-01,2026-03-01 12:11:41,Bitcoin,The UAE's Second Largest Bank Just Called Bitcoin Digital Gold — And It's Preparing to Buy,,4,0,ReplacementFormer861,https://dailycoinpost.com/emirates-nbd-calls-bitcoin-digital-gold-prepares-allocation/,1rhvs5u,The UAE's Second Largest Bank Just Called Bitcoin Digital Gold — And It's Preparing to Buy
2026-03-01,2026-03-01 13:14:11,Bitcoin,Empower the Legacy 🧡,"Bitcoin echoes the US Constitution's genius! It's decentralized consensus turning ""we the people"" into the blueprint of unbreakable Order. Thank you Satoshi Nakamoto, ""we the people""... we continue to carry the Legacy!",3,0,latleyD,https://i.redd.it/39qihw3iofmg1.png,1rhwzu0,"Empower the Legacy 🧡 Bitcoin echoes the US Constitution's genius! It's decentralized consensus turning ""we the people"" into the blueprint of unbreakable Order. Thank you Satoshi Nakamoto, ""we the people""... we continue to carry the Legacy!"
2026-03-01,2026-03-01 16:53:46,Bitcoin,Bitcoin crash,How low will Bitcoin fall this week? What do you think?,1,0,Virtual_Okra_5588,https://www.reddit.com/r/Bitcoin/comments/1ri2a9j/bitcoin_crash/,1ri2a9j,Bitcoin crash How low will Bitcoin fall this week? What do you think?
2026-03-01,2026-03-01 11:28:12,Bitcoin,Dca and hodl,Thoughts on buying 250 usd worth of bitcoin every week for the next couple of years and if you could buy more per week how much would be a good amount between 250-500usd per week for long term growth if there was 0% chance of panic selling and had no problem losing it all ,45,36,Electronic-Line-1897,https://www.reddit.com/r/Bitcoin/comments/1rhv15d/dca_and_hodl/,1rhv15d,Dca and hodl Thoughts on buying 250 usd worth of bitcoin every week for the next couple of years and if you could buy more per week how much would be a good amount between 250-500usd per week for long term growth if there was 0% chance of panic selling and had no problem losing it all
2026-03-01,2026-03-01 18:29:12,Bitcoin,how it my timeframe,so i am dollar cost averaging btc weekly but in like 2.5 to 3 years i want to sell a chunck of it so i can go on a trip to japan. but is 2.5 to 3 years a long enough time to hold my btc?,0,10,Bright_Constant_1421,https://www.reddit.com/r/Bitcoin/comments/1ri4vj2/how_it_my_timeframe/,1ri4vj2,how it my timeframe so i am dollar cost averaging btc weekly but in like 2.5 to 3 years i want to sell a chunck of it so i can go on a trip to japan. but is 2.5 to 3 years a long enough time to hold my btc?
2026-03-02,2026-03-02 09:56:16,Bitcoin,Bitcoin Indifferent as Middle East Conflict Escalates,,34,1,JAYCAZ1,https://www.sandmark.com/news/top-news/bitcoin-indifferent-middle-east-conflict-escalates,1rios6p,Bitcoin Indifferent as Middle East Conflict Escalates
2026-03-02,2026-03-02 01:11:13,BTC,"Funni how when btc up abit gold down abit , when gold up abit , btc down abit .",,0,2,L6V9,https://www.reddit.com/r/btc/comments/1rif1ej/funni_how_when_btc_up_abit_gold_down_abit_when/,1rif1ej,"Funni how when btc up abit gold down abit , when gold up abit , btc down abit ."
2026-03-02,2026-03-02 23:13:04,Bitcoin,Canadian Beginner,What videos have the newbies watched for getting your Bitcoin wallet started? I'm in Ontario Canada and I want to learn as much as possible.  ,3,12,Beginning_Foot_3997,https://www.reddit.com/r/Bitcoin/comments/1rj8kbl/canadian_beginner/,1rj8kbl,Canadian Beginner What videos have the newbies watched for getting your Bitcoin wallet started? I'm in Ontario Canada and I want to learn as much as possible.
2026-03-02,2026-03-02 15:35:50,BTC,btc 2023 price target 300k to 1.5m - ARK,,0,0,martasdart,/r/btcPredictions/comments/1riw01o/btc_2023_price_target_300k_to_15m_ark/,1riw0p6,btc 2023 price target 300k to 1.5m - ARK
2026-03-02,2026-03-02 11:56:50,Bitcoin,How feasible is it that Superannuation firms will integrate Bitcoin in their holdings?,"I’ll speak from an Aus POV, but I assume the impact in the US is significantly larger. Australian superannuation companies are responsible for half a trillion dollars, if they included bitcoin in their holdings to even less than %1, surely there would be a drastic effect on Bitcoin. ",5,4,LividManufacturer582,https://www.reddit.com/r/Bitcoin/comments/1riqvu1/how_feasible_is_it_that_superannuation_firms_will/,1riqvu1,"How feasible is it that Superannuation firms will integrate Bitcoin in their holdings? I’ll speak from an Aus POV, but I assume the impact in the US is significantly larger. Australian superannuation companies are responsible for half a trillion dollars, if they included bitcoin in their holdings to even less than %1, surely there would be a drastic effect on Bitcoin."
2026-03-02,2026-03-02 14:04:37,Bitcoin,My reaction to anyone who tells me to sell BTC,,34,8,Rough_Explanation560,https://v.redd.it/9fo6bebc2nmg1,1ritoxl,My reaction to anyone who tells me to sell BTC
2026-03-02,2026-03-02 20:14:50,Bitcoin,Bitcoin demonetizes violence and it monetizes peace and love,,258,19,TheresNoSecondBest,https://v.redd.it/jrinqwmgwomg1,1rj3tub,Bitcoin demonetizes violence and it monetizes peace and love
2026-03-02,2026-03-02 14:11:17,Bitcoin,Bullish,"new pendant, feeling bullish on BTC",8,12,CeltsFan420,https://i.redd.it/iihluhol3nmg1.jpeg,1rituqq,"Bullish new pendant, feeling bullish on BTC"
2026-03-02,2026-03-02 14:47:11,Bitcoin,Bitcoin advice,I’m planning on getting a loan to go full time bitcoin trading I’m getting a 50k loan should I do bitcoin or stocks and I also have a question about trading where does the money go when you sell it are you able to buy bitcoin again and sell it on an exchange account and will there be fees ? ,0,22,Kaibabyfinn,https://www.reddit.com/r/Bitcoin/comments/1riuqpg/bitcoin_advice/,1riuqpg,Bitcoin advice I’m planning on getting a loan to go full time bitcoin trading I’m getting a 50k loan should I do bitcoin or stocks and I also have a question about trading where does the money go when you sell it are you able to buy bitcoin again and sell it on an exchange account and will there be fees ?
2026-03-02,2026-03-02 11:10:36,Bitcoin,Dubai Turned Off Its Stock Market. Nobody Can Turn Off Bitcoin.,,884,37,ReplacementFormer861,https://dailycoinpost.com/dubai-closed-stock-market-bitcoin-never-closes/,1riq1fv,Dubai Turned Off Its Stock Market. Nobody Can Turn Off Bitcoin.
2026-03-03,2026-03-03 09:31:06,BTC,How Bitcoin’s Shift to Digital Gold Was Fueled by Institutions,,10,6,DustInside6861,https://beincrypto.com/aaron-day-bitcoin-decentralized-to-co-opted-institutional-influence/,1rjkya9,How Bitcoin’s Shift to Digital Gold Was Fueled by Institutions
2026-03-03,2026-03-03 22:56:23,BTC,Bitcoin To $11 Million By 2036? What you guys think?,,0,6,manikandanappuv9,/r/Bitcoin/comments/1rk4dwu/bitcoin_to_11_million_by_2036_what_you_guys_think/,1rk4e9q,Bitcoin To $11 Million By 2036? What you guys think?
2026-03-03,2026-03-03 19:43:14,Bitcoin,Networth into System vs Bitcoin,"Crypto OG holder here, FIRED. When I see equity, RE and other niche fatfiries I think would you be happy having your net worth in banks, stocks, commodities, RE or are you happy that it is into BTC instead? Do you care about privacy, tax optimization, self custody your assets over convenience of being into system, easy to spend, explain source, and put in bank or purchase anything.",0,3,Ok-Atmosphere-6315,https://www.reddit.com/r/Bitcoin/comments/1rjz9hf/networth_into_system_vs_bitcoin/,1rjz9hf,"Networth into System vs Bitcoin Crypto OG holder here, FIRED. When I see equity, RE and other niche fatfiries I think would you be happy having your net worth in banks, stocks, commodities, RE or are you happy that it is into BTC instead? Do you care about privacy, tax optimization, self custody your assets over convenience of being into system, easy to spend, explain source, and put in bank or purchase anything."
2026-03-03,2026-03-03 19:57:20,Bitcoin,Been dca ever since!,My first bitcoin purchase. ,287,36,kangol-kai,https://i.redd.it/gkykwb59yvmg1.jpeg,1rjznka,Been dca ever since! My first bitcoin purchase.
2026-03-03,2026-03-03 15:49:12,Bitcoin,here's a cool visual of the growth of bitcoin ATMs globally,,16,9,21Bullish,https://v.redd.it/4v8uupjxpumg1,1rjsstr,here's a cool visual of the growth of bitcoin ATMs globally
2026-03-03,2026-03-03 14:41:37,BTC,"River: Fidelity, Bank of America, Morgan Stanley Back 1–5% Bitcoin Allocation",,0,14,kitz99,https://blocknow.com/river-fidelity-bank-of-america-morgan-stanley-back-15-bitcoin-allocation/,1rjr2r5,"River: Fidelity, Bank of America, Morgan Stanley Back 1–5% Bitcoin Allocation"
2026-03-03,2026-03-03 04:33:29,Bitcoin,I like buying bitcoin once a month on Cash app,"For a while now, I have been buying bitcoin for once a month and I’ve been doing one dollar a month towards my bitcoin and honestly, I like Cash App because it’s not very complicated to look at your bitcoin to see how much you have and I’ve been doing it for like the whole year now so it’s pretty awesome and I have to say this was a cool investment that I started since last year and damn honestly, this was fantastic. I have no need to sell it all just quite yet, but honestly, when my time comes, I can’t wait to sell it all and see how much I get back not gonna lie. This was a great investment. I did not gonna lie.",26,21,Middle_Agent1629,https://www.reddit.com/r/Bitcoin/comments/1rjfv4f/i_like_buying_bitcoin_once_a_month_on_cash_app/,1rjfv4f,"I like buying bitcoin once a month on Cash app For a while now, I have been buying bitcoin for once a month and I’ve been doing one dollar a month towards my bitcoin and honestly, I like Cash App because it’s not very complicated to look at your bitcoin to see how much you have and I’ve been doing it for like the whole year now so it’s pretty awesome and I have to say this was a cool investment that I started since last year and damn honestly, this was fantastic. I have no need to sell it all just quite yet, but honestly, when my time comes, I can’t wait to sell it all and see how much I get back not gonna lie. This was a great investment. I did not gonna lie."
2026-03-03,2026-03-03 11:33:02,Bitcoin,"BTC, Antichrist, Blood Moon...",mods no action please! ,7,3,stoplossftw,https://i.redd.it/wckmzd0agtmg1.jpeg,1rjmzd5,"BTC, Antichrist, Blood Moon... mods no action please!"
2026-03-03,2026-03-03 15:40:56,Bitcoin,What do governments do in times of war? Print money. How do you protect yourself? By owning scarce assets. Buy bitcoin!,,230,6,21Bullish,https://v.redd.it/koy1fowboumg1,1rjsl3f,What do governments do in times of war? Print money. How do you protect yourself? By owning scarce assets. Buy bitcoin!
2026-03-03,2026-03-03 14:40:31,Bitcoin,"River: Fidelity, Bank of America, Morgan Stanley Back 1–5% Bitcoin Allocation",,63,0,kitz99,https://blocknow.com/river-fidelity-bank-of-america-morgan-stanley-back-15-bitcoin-allocation/,1rjr1r5,"River: Fidelity, Bank of America, Morgan Stanley Back 1–5% Bitcoin Allocation"
2026-03-03,2026-03-03 02:28:48,Bitcoin,Out of curiosity...,"These large holders, that move btc off exchanges to external; do they affect the price at all?  ",6,28,r0addawg,https://www.reddit.com/r/Bitcoin/comments/1rjd65q/out_of_curiosity/,1rjd65q,"Out of curiosity... These large holders, that move btc off exchanges to external; do they affect the price at all?"
2026-03-04,2026-03-04 10:04:54,BTC,"Bitcoin Demand Surge Explodes as BTC Hits $71K While Humans, AI, and Global Markets Pile In",,0,0,ShortPervertRick,https://blocknow.com/bitcoin-demand-surge-btc-hits-71k-markets-flee-risk/,1rkhltu,"Bitcoin Demand Surge Explodes as BTC Hits $71K While Humans, AI, and Global Markets Pile In"
2026-03-04,2026-03-04 03:06:07,BTC,Why a 98% Drop in Hacks Is the Bottom Signal Nobody Is Talking About,"Crypto hacks are at a historic low.
2026-03-04,2026-03-04 05:07:48,BTC,Wird der März ein schlechter Monat für Bitcoin?/ Will March be a bad month for Bitcoin?,,0,4,No_Analysis4572,https://i.redd.it/o8icv9oz6wmg1.jpeg,1rkcmrd,Wird der März ein schlechter Monat für Bitcoin?/ Will March be a bad month for Bitcoin?
2026-03-04,2026-03-04 07:34:22,BTC,The Most Expensive Global Fiction Ever,One of the most striking phenomena of the last decade is how firmly large numbers of people believe that there is money in the Bitcoin system. They believe they are mining and buying coins", holding assets, exchanging currency, or owning something, even though it is easy to see that nothing is there. Not only that, but they give up large sums of money and expend vast quantities of energy to sustain that fiction.,"Why a 98% Drop in Hacks Is the Bottom Signal Nobody Is Talking About Crypto hacks are at a historic low.
2026-03-04,2026-03-04 05:07:48,BTC,Wird der März ein schlechter Monat für Bitcoin?/ Will March be a bad month for Bitcoin?,,0,4,No_Analysis4572,https://i.redd.it/o8icv9oz6wmg1.jpeg,1rkcmrd,Wird der März ein schlechter Monat für Bitcoin?/ Will March be a bad month for Bitcoin?
2026-03-04,2026-03-04 07:34:22,BTC,The Most Expensive Global Fiction Ever,One of the most striking phenomena of the last decade is how firmly large numbers of people believe that there is money in the Bitcoin system. They believe they are mining and buying coins"
2026-03-04,2026-03-04 17:40:53,BTC,Bitcoin’s War Playbook Is Getting Predictable. That Might Be the Point.,,0,0,ReplacementFormer861,https://dailycoinpost.com/itcoin-iran-war-day-five-recovery/,1rkrzbn,Bitcoin’s War Playbook Is Getting Predictable. That Might Be the Point.
2026-03-04,2026-03-04 18:35:20,Bitcoin,Is 60 usd per month enough?,"Is 15 USD enough to buy btc every week, so that will be 60 USD/month.I plan to buy every week for 10-15 years.Keep in mind that the amount of money invested per week could get higher than 60 USD/month.Thank you for your time.",0,49,PatienceOk312,https://www.reddit.com/r/Bitcoin/comments/1rktipu/is_60_usd_per_month_enough/,1rktipu,"Is 60 usd per month enough? Is 15 USD enough to buy btc every week, so that will be 60 USD/month.I plan to buy every week for 10-15 years.Keep in mind that the amount of money invested per week could get higher than 60 USD/month.Thank you for your time."
2026-03-04,2026-03-04 01:24:50,Bitcoin,The Downfall of Bitcoin,Jokes on you there's no downfall bih!,0,9,unthocks,https://www.reddit.com/r/Bitcoin/comments/1rk7xa3/the_downfall_of_bitcoin/,1rk7xa3,The Downfall of Bitcoin Jokes on you there's no downfall bih!
2026-03-04,2026-03-04 17:27:09,Bitcoin,"Wasn't Bitcoin dead, again?","Oh, look who is back from the dead, again.",148,86,IM-PT24,https://www.reddit.com/r/Bitcoin/comments/1rkrl91/wasnt_bitcoin_dead_again/,1rkrl91,"Wasn't Bitcoin dead, again? Oh, look who is back from the dead, again."
2026-03-04,2026-03-04 14:35:06,Bitcoin,"JUST IN: Bitcoin exchange Kraken becomes first bitcoin/crypto bank to receive a Federal Reserve master account 
2026-03-04,2026-03-04 14:51:03,Bitcoin,Does crypto nest work or is the website fucked? Trying to get a cold card,Trying to order a cold card to the UK and not even for their cold cards"," it just redirects to the manufacturer website? wtf is wrong with this entire website. """,0,1,Effective-Ad5644,https://www.reddit.com/r/Bitcoin/comments/1rknf59/does_crypto_nest_work_or_is_the_website_fucked/,1rknf59,"JUST IN: Bitcoin exchange Kraken becomes first bitcoin/crypto bank to receive a Federal Reserve master account 
2026-03-04,2026-03-04 14:51:03,Bitcoin,Does crypto nest work or is the website fucked? Trying to get a cold card,Trying to order a cold card to the UK and not even for their cold cards  it just redirects to the manufacturer website? wtf is wrong with this entire website. """
2026-03-04,2026-03-04 16:02:54,Bitcoin,"2023 How it started
2026-03-04,2026-03-04 13:27:04,Bitcoin,Most Interesting Physical Bitcoin Gadgets Ever Made,Bitcoin exists purely as information", no atoms, nothing you can touch, just cryptographic signatures in a distributed network. And yet humans, being the predictably irrational creatures we are, keep trying to give it physical form because we can't help ourselves (or feel less anxious, I haven't figured out which yet).,"2023 How it started
2026-03-04,2026-03-04 13:27:04,Bitcoin,Most Interesting Physical Bitcoin Gadgets Ever Made,Bitcoin exists purely as information  no atoms"
2026-03-05,2026-03-05 15:11:48,BTC,"BTC's worst bull cycle still ends up 2,006% above the last bear market low",,0,1,simonada,https://v.redd.it/wrgm4mypw7ng1,1rlk3jf,"BTC's worst bull cycle still ends up 2,006% above the last bear market low"
2026-03-05,2026-03-05 14:15:03,Bitcoin,"Morgan Stanley Files Bitcoin ETF, Selecting Coinbase and BNY Mellon for Custody",,1,0,Revolutionary-Fan236,https://blocknow.com/morgan-stanley-files-bitcoin-etf-coinbase-and-bny-mellon-custody/,1rlipha,"Morgan Stanley Files Bitcoin ETF, Selecting Coinbase and BNY Mellon for Custody"
2026-03-05,2026-03-05 18:40:03,Bitcoin,is there any comparison to anything else?,is there really any comparison for btc to anything else? Imagine if you had just discovered electrcity how would you describe it to someone from the previous paradigm. It would be very hard as it changes the game completely. The same with bitcoin it changes everything so is there anything to compare it to??,4,10,gobbler_of_scran,https://www.reddit.com/r/Bitcoin/comments/1rlpq4p/is_there_any_comparison_to_anything_else/,1rlpq4p,is there any comparison to anything else? is there really any comparison for btc to anything else? Imagine if you had just discovered electrcity how would you describe it to someone from the previous paradigm. It would be very hard as it changes the game completely. The same with bitcoin it changes everything so is there anything to compare it to??
2026-03-05,2026-03-05 09:38:05,Bitcoin,hodl or sell,for people that is all in on btc lets say you reach you f%$K it number nd you retire im talking about a number thats your number even  in a bear market especially in a bear market what should you  do sell or take a loan with your btc and how are you gonna pay back that loan and the sell every year you gonna take a big tax hit ,0,16,MajorNose6966,https://www.reddit.com/r/Bitcoin/comments/1rldcey/hodl_or_sell/,1rldcey,hodl or sell for people that is all in on btc lets say you reach you f%$K it number nd you retire im talking about a number thats your number even  in a bear market especially in a bear market what should you  do sell or take a loan with your btc and how are you gonna pay back that loan and the sell every year you gonna take a big tax hit
2026-03-05,2026-03-05 05:37:33,BTC,Bitcoin Expactation,Might try 80k for correction daily.  what's your thoughts.,0,6,East-Ad-5517,https://www.tradingview.com/x/nZxeft37,1rl9azq,Bitcoin Expactation Might try 80k for correction daily.  what's your thoughts.
