date,text_for_sentiment,title,url,domain,text_length,word_count
2026-01-06,mstr : Strategy stock slumps as bitcoin buying power shrinks ahead of MSCI decision,mstr : Strategy stock slumps as bitcoin buying power shrinks ahead of MSCI decision,https://economictimes.indiatimes.com/news/international/us/strategy-stock-slumps-as-bitcoin-buying-power-shrinks-ahead-of-msci-decision/articleshow/126383126.cms,economictimes.indiatimes.com,83,14
2026-01-06,"Morgan Stanley files for bitcoin and solana ETFs , deepening crypto push","Morgan Stanley files for bitcoin and solana ETFs , deepening crypto push",https://www.coindesk.com/markets/2026/01/06/morgan-stanley-eyes-the-spot-bitcoin-etf-market,coindesk.com,72,12
2026-01-06,Bitcoin son 7 haftanın zirvesinde !,Bitcoin son 7 haftanın zirvesinde !,https://www.sabah.com.tr/yasam/bitcoin-son-7-haftanin-zirvesinde-7498249,sabah.com.tr,35,6
2026-01-06,Bitcoin - Kurs aktuell : Dynamische Phase mit klarer Tendenz,Bitcoin - Kurs aktuell : Dynamische Phase mit klarer Tendenz,https://www.morgenpost.de/ratgeber-wissen/finanzen/article409588594/bitcoin-kurs-aktuell-dynamische-phase-0601.html,morgenpost.de,60,10
2026-01-06,Bitcoin 7 haftanın zirvesinde,Bitcoin 7 haftanın zirvesinde,https://www.ntv.com.tr/ntvpara/bitcoin-7-haftanin-zirvesinde-1706248,ntv.com.tr,29,4
2026-01-06,Krypto - Update : Bitcoin & Co . Bewegungen am Dienstagvormittag,Krypto - Update : Bitcoin & Co . Bewegungen am Dienstagvormittag,https://www.finanzen.net/nachricht/devisen/bitcoin-ether-co-so-schlagen-sich-die-kryptowaehrungen-am-vormittag-15394492,finanzen.net,64,11
2026-01-06,Crypto SIPs grow over 60 % in India as retail investors bet on long - term gains,Crypto SIPs grow over 60 % in India as retail investors bet on long - term gains,https://www.moneycontrol.com/news/business/startup/crypto-sips-grow-over-60-in-india-as-retail-investors-bet-on-long-term-gains-13758927.html,moneycontrol.com,80,17
2026-01-06,Bitcoin ETFs Post Largest Inflow since October Crash,Bitcoin ETFs Post Largest Inflow since October Crash,https://www.coinspeaker.com/bitcoin-etfs-post-largest-inflow-october-crash/,coinspeaker.com,52,8
2026-01-06,NFT Paris Called Off – Organizers Cite Harsh Market Condition,NFT Paris Called Off – Organizers Cite Harsh Market Condition,https://insidebitcoins.com/news/nft-paris-2026-called-off-organizers-cite-harsh-market-condition,insidebitcoins.com,61,10
2026-01-06,Bitcoin Price Targets $100K After Bill Miller Breakout Call,Bitcoin Price Targets $100K After Bill Miller Breakout Call,https://insidebitcoins.com/news/will-bitcoin-price-regain-100k-this-week-as-bill-miller-signals-imminent-breakout-above-ath,insidebitcoins.com,59,9
2026-01-06,Institutional Bitcoin Buys Exceed Mined Supply by 76 %,Institutional Bitcoin Buys Exceed Mined Supply by 76 %,https://cointelegraph.com/news/bitcoin-buying-metric-with-average-109-gains-flips-green-at-88k,cointelegraph.com,54,9
2026-01-06,"XRP Price Jumps 13 % Leading Crypto Market Rally , Charts Turn Bullish","XRP Price Jumps 13 % Leading Crypto Market Rally , Charts Turn Bullish",https://www.coinspeaker.com/xrp-price-jumps-13-crypto-market-rally-bullish/,coinspeaker.com,70,13
2026-01-06,Alt / BTC MACD Flips Bullish for the First Time in 22 Months,Alt / BTC MACD Flips Bullish for the First Time in 22 Months,https://www.coinspeaker.com/alt-btc-macd-flips-bullish-altcoin-season/,coinspeaker.com,60,13
2026-01-06,Arthur Hayes : Why Venezuelan Oil Matters for Bitcoin,Arthur Hayes : Why Venezuelan Oil Matters for Bitcoin,https://www.coinspeaker.com/arthur-hayes-venezuelan-oil-matters-bitcoin/,coinspeaker.com,53,9
2026-01-06,Crypto Pulls Down IPO Performance Below S & P 500 in 2025,Crypto Pulls Down IPO Performance Below S & P 500 in 2025,https://cointelegraph.com/news/mixed-year-ipos-crypto-pulls-down-2025-ipo-performance,cointelegraph.com,57,12
2026-01-06,"Bitcoin Accumulation Continues : Strategy Purchases 1 , 287 BTC Amid Rising Prices","Bitcoin Accumulation Continues : Strategy Purchases 1 , 287 BTC Amid Rising Prices",https://www.newsbtc.com/bitcoin-news/bitcoin-accumulation-continues-strategy-purchases-1287-btc-amid-rising-prices/,newsbtc.com,82,13
2026-01-06,"Bitcoin Price Extends Surge , $95K Resistance Emerges as Next Barrier","Bitcoin Price Extends Surge , $95K Resistance Emerges as Next Barrier",https://www.newsbtc.com/analysis/btc/bitcoin-price-extends-surge-95k/,newsbtc.com,69,11
2026-01-06,American Bitcoin ( ABTC ) Soars 13 . 5 % as Firm Boosts Crypto Bet,American Bitcoin ( ABTC ) Soars 13 . 5 % as Firm Boosts Crypto Bet,https://www.insidermonkey.com/blog/american-bitcoin-abtc-soars-13-5-as-firm-boosts-crypto-bet-1670183/,insidermonkey.com,66,15
2026-01-06,Sui outperforms bitcoin and ether as Mysten Labs promotes privacy tech,Sui outperforms bitcoin and ether as Mysten Labs promotes privacy tech,https://finance.yahoo.com/news/sui-outperforms-bitcoin-ether-mysten-050642440.html,finance.yahoo.com,70,11
2026-01-06,Kripto para piyasasında son durum ne ? Bitcoin 94 bin dolara dayandı !,Kripto para piyasasında son durum ne ? Bitcoin 94 bin dolara dayandı !,https://www.sabah.com.tr/ekonomi/kripto-para-piyasasinda-son-durum-ne-bitcoin-94-bin-dolara-dayandi-7498133,sabah.com.tr,70,13
2026-01-06,Hut 8 ( HUT ) Touches 4 - Year High on Bitcoin Frenzy,Hut 8 ( HUT ) Touches 4 - Year High on Bitcoin Frenzy,https://finance.yahoo.com/news/hut-8-hut-touches-4-051630357.html,finance.yahoo.com,53,13
2026-01-06,"Bitcoin News : Starker Start in 2026 , neue Layer - 2 über 30 , 1 Mio . Dollar","Bitcoin News : Starker Start in 2026 , neue Layer - 2 über 30 , 1 Mio . Dollar",https://www.finanzen.net/nachricht/devisen/bitcoin-news-starker-start-in-2026-neue-layer-2-ueber-30-1-mio-dollar-15394388,finanzen.net,78,19
2026-01-06,"Bitcoin briefly rises above $94 , 000 for the first time in four months","Bitcoin briefly rises above $94 , 000 for the first time in four months",https://www.moneycontrol.com/news/business/personal-finance/bitcoin-briefly-rises-above-94-000-for-the-first-time-in-four-months-13758544.html,moneycontrol.com,71,14
2026-01-06,"Ce preț are un bitcoin de Bobotează . Cât valorează criptomoneda azi , 6 ianuarie 2026","Ce preț are un bitcoin de Bobotează . Cât valorează criptomoneda azi , 6 ianuarie 2026",https://www.cancan.ro/ce-pret-are-un-bitcoin-de-boboteaza-cat-valoreaza-criptomoneda-azi-6-ianuarie-2026-21339781,cancan.ro,86,16
2026-01-06,DMG Blockchain Solutions Announces December Preliminary Operational Results,DMG Blockchain Solutions Announces December Preliminary Operational Results,https://www.manilatimes.net/2026/01/06/tmt-newswire/globenewswire/dmg-blockchain-solutions-announces-december-preliminary-operational-results/2253337,manilatimes.net,75,8
2026-01-06,Jersey bullocks will outshine Bitcoin profits at seasonal steer sale,Jersey bullocks will outshine Bitcoin profits at seasonal steer sale,https://www.theland.com.au/story/9145412/jersey-bullocks-will-outshine-bitcoin-profits-at-seasonal-steer-sale/,theland.com.au,68,10
2026-01-06,"MicroStrategyden dev zarar : Bitcoin düşüşü 17 , 4 milyar dolara mal oldu","MicroStrategyden dev zarar : Bitcoin düşüşü 17 , 4 milyar dolara mal oldu",https://www.sabah.com.tr/finans/ekonomi/microstrategyden-dev-zarar-bitcoin-dususu-174-milyar-dolara-mal-oldu-7498152,sabah.com.tr,73,13
2026-01-06,"SavingsCoin  Buck ( BUCK ) aims for 7 % yield , backed by Strategy shares","SavingsCoin  Buck ( BUCK ) aims for 7 % yield , backed by Strategy shares",https://www.coindesk.com/business/2026/01/05/buck-launches-bitcoin-linked-savings-coin-tied-to-michael-saylor-s-strategy,coindesk.com,73,15
2026-01-06,Bitcoin Wealth Isnt About Hype It About Time And Stacking,Bitcoin Wealth Isnt About Hype It About Time And Stacking,https://www.newsbtc.com/news/bitcoin/bitcoin-wealth-isnt-about-hype-its-about-time-and-stacking-expert-says/,newsbtc.com,57,10
2026-01-06,Bitcoin Price Prediction as Options Data Points to a Surge to $100k,Bitcoin Price Prediction as Options Data Points to a Surge to $100k,https://www.banklesstimes.com/articles/2026/01/06/bitcoin-price-prediction-as-options-data-points-to-a-surge-to-100k/,banklesstimes.com,67,12
2026-01-06,Bitcoin Kurs Prognose : Nächster Kauf - Strategy häuft über 1200 BTC an,Bitcoin Kurs Prognose : Nächster Kauf - Strategy häuft über 1200 BTC an,https://www.finanzen.net/nachricht/devisen/bitcoin-kurs-prognose-naechster-kauf-strategy-haeuft-ueber-1200-btc-an-15394276,finanzen.net,71,13
2026-01-06,Top Bitcoin Stocks To Follow Now – January 3rd,Top Bitcoin Stocks To Follow Now – January 3rd,https://www.tickerreport.com/banking-finance/13308919/top-bitcoin-stocks-to-follow-now-january-3rd.html,tickerreport.com,46,9
2026-01-06,MicroStrategynin bitcoin faturası : Milyarlarca dolarlık zarar açıkladı,MicroStrategynin bitcoin faturası : Milyarlarca dolarlık zarar açıkladı,https://ekonomi.haber7.com/ekonomi/haber/3593753-microstrategynin-bitcoin-faturasi-milyarlarca-dolarlik-zarar-acikladi,ekonomi.haber7.com,71,8
2026-01-06,Best Blockchain Stocks To Watch Today – January 3rd,Best Blockchain Stocks To Watch Today – January 3rd,https://www.dailypolitical.com/2026/01/05/best-blockchain-stocks-to-watch-today-january-3rd.html,dailypolitical.com,51,9
2026-01-06,Metaplanet shares soar as crypto rally lifts bitcoin treasury stocks,Metaplanet shares soar as crypto rally lifts bitcoin treasury stocks,https://biztoc.com/x/0a79ed7bdb1a98ca,biztoc.com,68,10
2026-01-06,How to Reduce Electricity Costs in Crypto Mining,How to Reduce Electricity Costs in Crypto Mining,https://www.financial-news.co.uk/how-to-reduce-electricity-costs-in-crypto-mining/,financial-news.co.uk,48,8
2026-01-06,Bitcoin ( BTC / USD ) Technical Outlook : Acceptance Above $95000 Needed for Bulls to Seize the Initiative,Bitcoin ( BTC / USD ) Technical Outlook : Acceptance Above $95000 Needed for Bulls to Seize the Initiative,https://www.actionforex.com/contributors/technical-analysis/624633-bitcoin-btc-usd-technical-outlook-acceptance-above-95000-needed-for-bulls-to-seize-the-initiative/,actionforex.com,106,19
2026-01-06,Strategy Bitcoin Blitz : Ushering in 2026 with a $116M Dip Buy,Strategy Bitcoin Blitz : Ushering in 2026 with a $116M Dip Buy,http://www.econotimes.com/Strategys-Bitcoin-Blitz-Ushering-in-2026-with-a-116M-Dip-Buy-1730218,econotimes.com,62,12
2026-01-06,Bitcoin 94 bin dolara dayandı,Bitcoin 94 bin dolara dayandı,https://ekonomi.haber7.com/ekonomi/haber/3593769-bitcoin-94-bin-dolara-dayandi,ekonomi.haber7.com,29,5
2026-01-06,Bitcoin & crypto ? Pt . 3 : Economics & Finance - Page 24 - Peak Oil News and Message Boards,Bitcoin & crypto ? Pt . 3 : Economics & Finance - Page 24 - Peak Oil News and Message Boards,https://peakoil.com/forums/viewtopic.php?p=1501062,peakoil.com,92,21
2026-01-06,"Bernstein says bitcoin has likely bottomed , reveals price targets","Bernstein says bitcoin has likely bottomed , reveals price targets",https://finance.yahoo.com/news/bernstein-says-bitcoin-likely-bottomed-142240063.html,finance.yahoo.com,66,10
2026-01-06,"Morgan Stanley files for spot Bitcoin , Solana ETFs","Morgan Stanley files for spot Bitcoin , Solana ETFs",https://biztoc.com/x/75b9b009121149a2,biztoc.com,51,9
2026-01-06,Metaplanet Stock Jumps 8 % as Crypto Rebound Lifts Sentiment,Metaplanet Stock Jumps 8 % as Crypto Rebound Lifts Sentiment,https://www.coinspeaker.com/metaplanet-stock-jumps-8-as-crypto-rebound-lifts-sentiment/,coinspeaker.com,60,10
2026-01-06,"Regime Change In Venezuela An Unexpected Tailwind For Bitcoin , Ethereum , XRP ?","Regime Change In Venezuela An Unexpected Tailwind For Bitcoin , Ethereum , XRP ?",https://biztoc.com/x/b85e81b175cc4cd7,biztoc.com,80,14
2026-01-06,Bitcoin mit starkem Jahresstart 2026 : Layer - 2 - Projekt sammelt über 30 Millionen US - Dollar,Bitcoin mit starkem Jahresstart 2026 : Layer - 2 - Projekt sammelt über 30 Millionen US - Dollar,https://www.boersennews.de/nachrichten/partner/cryptopr/bitcoin-mit-starkem-jahresstart-2026-layer-2-projekt-sammelt-ueber-30-millionen-us-dollar/4999499/,boersennews.de,96,18
2026-01-06,"Bitcoin Depot , a top crypto ATM vendor , to pay nearly $2M to compensate fraud victims – KTBB News , Weather , Talk","Bitcoin Depot , a top crypto ATM vendor , to pay nearly $2M to compensate fraud victims – KTBB News , Weather , Talk",https://ktbb.com/post/?p=1469284,ktbb.com,116,24
2026-01-06,CME Group average crypto derivatives volume hit record $12 billion in 2025,CME Group average crypto derivatives volume hit record $12 billion in 2025,https://finance.yahoo.com/news/cme-group-average-crypto-derivatives-144553228.html,finance.yahoo.com,74,12
2026-01-06,"Billionaire Michael Saylor Strategy Adds 1 , 287 BTC , Lifts USD Reserves to $2 . 25B","Billionaire Michael Saylor Strategy Adds 1 , 287 BTC , Lifts USD Reserves to $2 . 25B",https://finance.yahoo.com/news/billionaire-michael-saylor-strategy-adds-132552242.html,finance.yahoo.com,85,17
2026-01-06,Coinbase Warns 33 % of Bitcoin Supply Faces Quantum Risk,Coinbase Warns 33 % of Bitcoin Supply Faces Quantum Risk,https://www.coinspeaker.com/coinbase-warns-33-of-bitcoin-supply-faces-quantum-risk/,coinspeaker.com,56,10
2026-01-06,Venezuela  Shadow  600K Bitcoin Stash : Verifiable Or Not ?,Venezuela  Shadow  600K Bitcoin Stash : Verifiable Or Not ?,https://cointelegraph.com/news/venezuela-shadow-60-billion-bitcoin-stash-verifiable-or-not,cointelegraph.com,59,10
2026-01-06,Why Crypto - Treasury Stocks Fall Faster Than the Assets They Hold,Why Crypto - Treasury Stocks Fall Faster Than the Assets They Hold,https://cointelegraph.com/explained/why-crypto-treasury-stocks-fall-faster-than-the-assets-they-hold,cointelegraph.com,66,12
2026-01-06,Coinhub Exchange brings a bank - like crypto experience to Las Vegas and Phoenix,Coinhub Exchange brings a bank - like crypto experience to Las Vegas and Phoenix,https://cointelegraph.com/press-releases/coinhub-exchange-brings-a-bank-like-crypto-experience-to-las-vegas-and-phoenix,cointelegraph.com,80,14
2026-01-06,"US – Venezuela crisis sparks Bitcoin rally , reviving  digital hedge  debate","US – Venezuela crisis sparks Bitcoin rally , reviving  digital hedge  debate",https://www.thehindubusinessline.com/money-and-banking/cryptocurrency/usvenezuela-crisis-sparks-bitcoin-rally-reviving-digital-hedge-debate/article70478935.ece,thehindubusinessline.com,76,12
2026-01-06,Morgan Stanley files to launch Bitcoin and Solana ETFs as Wall Street embraces crypto,Morgan Stanley files to launch Bitcoin and Solana ETFs as Wall Street embraces crypto,https://finance.yahoo.com/news/morgan-stanley-files-launch-bitcoin-175854587.html,finance.yahoo.com,85,14
2026-01-06,Bitcoin price analysis : BTC could have major upside according to one metric,Bitcoin price analysis : BTC could have major upside according to one metric,https://www.coindesk.com/markets/2026/01/06/this-metric-suggests-bitcoin-s-late-november-plunge-was-the-bottom-and-major-upside-lies-ahead,coindesk.com,76,13
2026-01-06,Best Cryptocurrency Stocks To Follow Today – January 6th,Best Cryptocurrency Stocks To Follow Today – January 6th,https://www.themarketsdaily.com/2026/01/06/best-cryptocurrency-stocks-to-follow-today-january-6th.html,themarketsdaily.com,56,9
2026-01-06,Strategy akkumuliert weiter : Über 1 . 200 BTC neu gekauft,Strategy akkumuliert weiter : Über 1 . 200 BTC neu gekauft,https://www.boersennews.de/nachrichten/partner/clickout-media/strategy-akkumuliert-weiter-ueber-1-200-btc-neu-gekauft/4999436/,boersennews.de,58,11
2026-01-06,Why most new crypto tokens struggled to hold value in 2025,Why most new crypto tokens struggled to hold value in 2025,https://www.coindesk.com/business/2026/01/06/why-crypto-s-new-token-issues-are-falling-flat-and-what-comes-next,coindesk.com,58,11
2026-01-06,Morgan Stanley Registers Bitcoin and Solana Funds With SEC,Morgan Stanley Registers Bitcoin and Solana Funds With SEC,https://finance.yahoo.com/news/morgan-stanley-registers-bitcoin-solana-153635141.html,finance.yahoo.com,58,9
2026-01-06,"Bitcoin Strong Above $93 , 000 As XRP Leads Ethereum , Dogecoin In Altcoin Rally","Bitcoin Strong Above $93 , 000 As XRP Leads Ethereum , Dogecoin In Altcoin Rally",https://biztoc.com/x/71d4a5b9288efccc,biztoc.com,80,15
2026-01-06,"Morgan Stanley Files For Bitcoin , Solana ETF With SEC","Morgan Stanley Files For Bitcoin , Solana ETF With SEC",https://cointelegraph.com/news/morgan-stanley-files-bitcoin-solana-etf,cointelegraph.com,54,10
2026-01-06,Largest bitcoin ETF inflow in three months signals institutional bid is back,Largest bitcoin ETF inflow in three months signals institutional bid is back,https://biztoc.com/x/cb8e927f9c3b755e,biztoc.com,76,12
2026-01-06,Digitalwährungen im Fokus : So bewegen sich Bitcoin & Co . am Dienstagmittag,Digitalwährungen im Fokus : So bewegen sich Bitcoin & Co . am Dienstagmittag,https://www.finanzen.ch/nachrichten/devisen/digitalwahrungen-im-fokus-so-bewegen-sich-bitcoin-&-co-am-dienstagmittag-1035686058,finanzen.ch,76,13
2026-01-06,Morgan Stanley eyes the spot bitcoin ETF market,Morgan Stanley eyes the spot bitcoin ETF market,https://biztoc.com/x/6ce6f53d8b10a52b,biztoc.com,47,8
2026-01-06,Bitcoin : Japan prescht vor,Bitcoin : Japan prescht vor,https://www.stock-world.de/bitcoin-japan-prescht-vor/,stock-world.de,27,5
2026-01-06,"Crypto Lawsuit Against Mark Cuban , Dallas Mavericks for Promoting Bankrupt Lender Dismissed","Crypto Lawsuit Against Mark Cuban , Dallas Mavericks for Promoting Bankrupt Lender Dismissed",https://www.ibtimes.co.uk/crypto-lawsuit-against-mark-cuban-dallas-mavericks-promoting-bankrupt-lender-dismissed-1768720,ibtimes.co.uk,92,13
2026-01-06,Bitcoin ETFs Attract $697M in Second Trading Day of 2026,Bitcoin ETFs Attract $697M in Second Trading Day of 2026,https://cointelegraph.com/news/bitcoin-etfs-697m-second-trading-day-2026-clean-slate,cointelegraph.com,56,10
2026-01-06,Belgravia Hartford Repays USD $1 . 5 Million Line of Credit via Bitcoin Standard Agreement ; Updates Bitcoin Treasury holdings,Belgravia Hartford Repays USD $1 . 5 Million Line of Credit via Bitcoin Standard Agreement ; Updates Bitcoin Treasury holdings,https://www.cantechletter.com/newswires/belgravia-hartford-repays-usd-1-5-million-line-of-credit-via-bitcoin-standard-agreement-updates-bitcoin-treasury-holdings/,cantechletter.com,126,20
2026-01-06,Bybit 2026 Crypto Outlook Challenges the Four - Year Crypto Cycle,Bybit 2026 Crypto Outlook Challenges the Four - Year Crypto Cycle,https://www.thailand-business-news.com/pr-news/bybits-2026-crypto-outlook-challenges-the-four-year-crypto-cycle,thailand-business-news.com,65,11
2026-01-06,Bitcoin Decline Leads Strategy to Multibillion - Dollar Q4 Loss,Bitcoin Decline Leads Strategy to Multibillion - Dollar Q4 Loss,https://www.economywatch.com/news/bitcoin-decline-leads-strategy-to-multibillion-dollar-q4-loss,economywatch.com,63,10
2026-01-06,"Morgan Stanley files for bitcoin , solana ETFs","Morgan Stanley files for bitcoin , solana ETFs",https://www.bnnbloomberg.ca/business/2026/01/06/morgan-stanley-files-for-bitcoin-solana-etfs-in-digital-assets-push/,bnnbloomberg.ca,46,8
2026-01-06,Crypto Rallies Into 2026 On ETF Inflows Leverage And A Softer,Crypto Rallies Into 2026 On ETF Inflows Leverage And A Softer,https://www.riotimesonline.com/crypto-rallies-into-2026-on-etf-inflows-leverage-and-a-softer-dollar/,riotimesonline.com,61,11
2026-01-06,Morgan Stanleyden kripto hamlesi : Bitcoin ve Solana ETFleri için başvuruda bulundu,Morgan Stanleyden kripto hamlesi : Bitcoin ve Solana ETFleri için başvuruda bulundu,https://www.f5haber.com/ekonomi/morgan-stanleyden-kripto-hamlesi-bitcoin-ve-solana-etfleri-icin-basvuruda-bulundu-6867505,f5haber.com,83,12
2026-01-06,OneAscent Financial Services LLC Lowers Position in iShares Bitcoin Trust ETF $IBIT,OneAscent Financial Services LLC Lowers Position in iShares Bitcoin Trust ETF $IBIT,https://www.tickerreport.com/banking-finance/13309147/oneascent-financial-services-llc-lowers-position-in-ishares-bitcoin-trust-etf-ibit.html,tickerreport.com,83,12
2026-01-06,"AI , crypto and space stocks dominate Robinhood united kingdom buying in December","AI , crypto and space stocks dominate Robinhood united kingdom buying in December",https://www.proactiveinvestors.co.uk/companies/news/1085191/ai-crypto-and-space-stocks-dominate-robinhood-uk-buying-in-december-1085191.html,proactiveinvestors.co.uk,81,13
2026-01-06,"Curaçao Chronicle | Over 1 , 400 new Bitcoin ATMs installed globally in 2025","Curaçao Chronicle | Over 1 , 400 new Bitcoin ATMs installed globally in 2025",https://www.curacaochronicle.com/post/technology/over-1400-new-bitcoin-atms-installed-globally-in-2025-finbold-report,curacaochronicle.com,76,14
2026-01-07,Why Morgan Stanley Bitcoin ETF Launch Is  Extremely Bullish,Why Morgan Stanley Bitcoin ETF Launch Is  Extremely Bullish,https://biztoc.com/x/ded4f600e14c2970,biztoc.com,59,9
2026-01-07,Crypto Adoption Could Rise as Wealth Transfers to Younger Generations,Crypto Adoption Could Rise as Wealth Transfers to Younger Generations,https://cointelegraph.com/news/crypto-adoption-wealth-transfer-younger-generations,cointelegraph.com,69,10
2026-01-07,XRP Outperforms Bitcoin as CNBC Names It Crypto New Darling,XRP Outperforms Bitcoin as CNBC Names It Crypto New Darling,https://cointelegraph.com/news/4-reasons-xrp-called-hottest-trade-this-year,cointelegraph.com,59,10
2026-01-07,"Bitcoin experiences $83 million in crypto liquidations as price drops to $92 , 500","Bitcoin experiences $83 million in crypto liquidations as price drops to $92 , 500",https://en.apa.az/cryptocurrency/bitcoin-experiences-83-million-in-crypto-liquidations-as-price-drops-to-92500-488298,en.apa.az,82,14
2026-01-07,"Better Buy in 2026 : XRP , Dogecoin , or Bitcoin ?","Better Buy in 2026 : XRP , Dogecoin , or Bitcoin ?",https://www.fool.com/investing/2026/01/07/better-buy-in-2026-xrp-dogecoin-or-bitcoin/?source=iedfolrf0000001,fool.com,50,12
2026-01-07,Analistlerden yeni Bitcoin raporu !  Dip görüldü !,Analistlerden yeni Bitcoin raporu !  Dip görüldü !,https://ekonomi.haber7.com/ekonomi/haber/3594106-analistlerden-yeni-bitcoin-raporu-dip-goruldu,ekonomi.haber7.com,50,8
2026-01-07,Tom Lee : Bitcoin bi već u januaru mogao skočiti do novog rekorda,Tom Lee : Bitcoin bi već u januaru mogao skočiti do novog rekorda,https://24sata.info/tom-lee-bitcoin-bi-vec-u-januaru-mogao-skociti-do-novog-rekorda/,24sata.info,65,13
2026-01-07,AMINA Bank : Crypto in 2026 : From Speculation to Financial Infrastructure,AMINA Bank : Crypto in 2026 : From Speculation to Financial Infrastructure,https://www.finanzen.ch/nachrichten/devisen/amina-bank-crypto-in-2026-from-speculation-to-financial-infrastructure-1035690078,finanzen.ch,74,12
2026-01-07,Crypto Hardware Wallet Maker Ledger Impacted by Third - Party Data Breach,Crypto Hardware Wallet Maker Ledger Impacted by Third - Party Data Breach,https://gizmodo.com/crypto-hardware-wallet-maker-ledger-impacted-by-third-party-data-breach-2000706407,gizmodo.com,73,12
2026-01-07,Bitcoin and BiPS : Showing the real value of scarcity in digital assets,Bitcoin and BiPS : Showing the real value of scarcity in digital assets,https://jerseyeveningpost.com/business/2026/01/07/bitcoin-and-bips-showing-the-real-value-of-scarcity-in-digital-assets/,jerseyeveningpost.com,71,13
2026-01-07,Crypto Markets Wake Up To Thin - Liquidity Whipsaws As ETF,Crypto Markets Wake Up To Thin - Liquidity Whipsaws As ETF,https://www.riotimesonline.com/crypto-markets-wake-up-to-thin-liquidity-whipsaws-as-etf-flows-flip/,riotimesonline.com,58,11
2026-01-07,"Bitcoin , Ether & Co : So schlagen sich die Kryptowährungen am Mittag","Bitcoin , Ether & Co : So schlagen sich die Kryptowährungen am Mittag",https://www.finanzen.ch/nachrichten/devisen/bitcoin-ether-&-co-so-schlagen-sich-die-kryptowahrungen-am-mittag-1035690010,finanzen.ch,69,13
2026-01-07,"MSCI Halts Crypto Exclusion Plan , Sparking Relief Rally","MSCI Halts Crypto Exclusion Plan , Sparking Relief Rally",http://www.econotimes.com/MSCI-Halts-Crypto-Exclusion-Plan-Sparking-Relief-Rally-1730339,econotimes.com,56,9
2026-01-07,Very Surprised  Bitcoin And Crypto Braced For Huge $8 Trillion Wall Street Price  Shocker,Very Surprised  Bitcoin And Crypto Braced For Huge $8 Trillion Wall Street Price  Shocker,https://www.forbes.com/sites/digital-assets/2026/01/07/very-surprised-bitcoin-and-crypto-braced-for-8-trillion-wall-street-price-shocker/,forbes.com,89,14
2026-01-07,"Bitcoin slides toward $91 , 000 with two CME pricing gaps coming into focus","Bitcoin slides toward $91 , 000 with two CME pricing gaps coming into focus",https://biztoc.com/x/0508f525c7543487,biztoc.com,75,14
2026-01-07,CNBC Names XRP as  Hottest Crypto Trade  of 2026 Amid Price Rally Why Are Traders Split Over  Mainstream  Push ?,CNBC Names XRP as  Hottest Crypto Trade  of 2026 Amid Price Rally Why Are Traders Split Over  Mainstream  Push ?,https://biztoc.com/x/db01a79d1747de08,biztoc.com,112,20
2026-01-07,Bitcoin - Kurs & Digitalwährungen : Das ist der Stand am Mittag,Bitcoin - Kurs & Digitalwährungen : Das ist der Stand am Mittag,https://www.finanzen.net/nachricht/devisen/bitcoin-ether-co-so-schlagen-sich-die-kryptowaehrungen-am-mittag-15398464,finanzen.net,63,12
2026-01-07,Bitcoin fails to hold recent gains amid mixed liquidity signals - London Business News,Bitcoin fails to hold recent gains amid mixed liquidity signals - London Business News,https://londonlovesbusiness.com/bitcoin-fails-to-hold-recent-gains-amid-mixed-liquidity-signals/,londonlovesbusiness.com,86,14
2026-01-07,Bitcoin ETFs See $1 . 2B In Early 2026 Inflows,Bitcoin ETFs See $1 . 2B In Early 2026 Inflows,https://cointelegraph.com/news/bitcoin-etfs-come-into-year-like-lion,cointelegraph.com,46,10
2026-01-07,Bitcoin Close to Breaking Out of Death Cross : Here What That Means,Bitcoin Close to Breaking Out of Death Cross : Here What That Means,https://finance.yahoo.com/news/bitcoin-close-breaking-death-cross-184215728.html,finance.yahoo.com,67,13
2026-01-07,Strategy rises as MSCI shelves plans to exclude crypto treasury firms from indexes,Strategy rises as MSCI shelves plans to exclude crypto treasury firms from indexes,https://finance.yahoo.com/news/strategy-rises-msci-shelves-plans-100459996.html,finance.yahoo.com,82,13
2026-01-07,Morgan Stanley Wades Into Crowded Bitcoin Market,Morgan Stanley Wades Into Crowded Bitcoin Market,https://biztoc.com/x/e1d54848c484b62e,biztoc.com,48,7
2026-01-07,Bitcoin miners chase AI demand as Nvidia says Rubin is already in production,Bitcoin miners chase AI demand as Nvidia says Rubin is already in production,https://biztoc.com/x/457ed08ec4cc8f87,biztoc.com,76,13
2026-01-07,Morgan Stanley Pushes Past Crypto Blues to Build its First Bitcoin ETF,Morgan Stanley Pushes Past Crypto Blues to Build its First Bitcoin ETF,https://biztoc.com/x/bd332d857b3f472d,biztoc.com,70,12
2026-01-07,Morgan Stanley files for two crypto ETFs | The Arkansas Democrat - Gazette,Morgan Stanley files for two crypto ETFs | The Arkansas Democrat - Gazette,https://www.arkansasonline.com/news/2026/jan/07/morgan-stanley-files-for-two-crypto-etfs/,arkansasonline.com,74,13
2026-01-07,"Strategy Pads Cash Reserve , Drops Another $116 Million on Bitcoin","Strategy Pads Cash Reserve , Drops Another $116 Million on Bitcoin",https://finance.yahoo.com/news/strategy-pads-cash-drops-another-175331460.html,finance.yahoo.com,66,11
2026-01-07,"FinancialContent - MicroStrategy ( MSTR ) Stock Surges as Bitcoin Tests $91 , 000 : The 2026 Corporate Treasury Revolution","FinancialContent - MicroStrategy ( MSTR ) Stock Surges as Bitcoin Tests $91 , 000 : The 2026 Corporate Treasury Revolution",https://markets.financialcontent.com/stocks/article/marketminute-2026-1-7-microstrategy-mstr-stock-surges-as-bitcoin-tests-91000-the-2026-corporate-treasury-revolution,markets.financialcontent.com,122,20
2026-01-07,"Bitcoin , solana ETFs planned as Wall Street leans into crypto , Morgan Stanley joins race","Bitcoin , solana ETFs planned as Wall Street leans into crypto , Morgan Stanley joins race",https://investinglive.com:443/Cryptocurrency/bitcoin-solana-etfs-planned-as-wall-street-leans-into-crypto-morgan-stanley-joins-race-20260107/,investinglive.com,90,16
2026-01-07,Strategy Aktie : Entlastung durch MSCI,Strategy Aktie : Entlastung durch MSCI,https://www.stock-world.de/strategy-aktie-entlastung-durch-msci/,stock-world.de,38,6
2026-01-07,Bitcoin hoarder Strategy reveals $17 . 44 billion unrealized loss in fourth quarter,Bitcoin hoarder Strategy reveals $17 . 44 billion unrealized loss in fourth quarter,https://finance.yahoo.com/news/bitcoin-hoarder-strategy-reveals-17-224952376.html,finance.yahoo.com,83,13
2026-01-07,"Bitcoin trades near $92 , 600 amid volatility in crypto market","Bitcoin trades near $92 , 600 amid volatility in crypto market",https://www.moneycontrol.com/news/business/personal-finance/bitcoin-trades-near-92-600-amid-volatility-in-crypto-market-13760683.html,moneycontrol.com,62,11
2026-01-07,"Ethereum Price Upside Story Isnt Finished Yet , Charts Suggest","Ethereum Price Upside Story Isnt Finished Yet , Charts Suggest",https://www.newsbtc.com/analysis/eth/ethereum-price-upside-story-isnt-finished-3200/,newsbtc.com,62,10
2026-01-07,MSTR Stock Spikes Over 6 % After Hours As MSCI Drops Plan To Exclude Crypto Treasury Companies Like Strategy From Global Index - Michael Saylor Reacts - Strategy ( NASDAQ : MSTR ),MSTR Stock Spikes Over 6 % After Hours As MSCI Drops Plan To Exclude Crypto Treasury Companies Like Strategy From Global Index - Michael Saylor Reacts - Strategy ( NASDAQ : MSTR ),https://www.benzinga.com/crypto/cryptocurrency/26/01/49744720/mstr-stock-spikes-over-6-after-hours-as-msci-drops-plan-to-exclude-crypto-treasury-companie,benzinga.com,179,33
2026-01-07,"Cryptocurrencies Price Prediction : Aave , Hyperliquid & Bitcoin Asian Wrap 07 January","Cryptocurrencies Price Prediction : Aave , Hyperliquid & Bitcoin Asian Wrap 07 January",https://www.fxstreet.com/cryptocurrencies/news/cryptocurrencies-price-prediction-aave-hyperliquid-bitcoin-asian-wrap-07-january-202601070637,fxstreet.com,86,13
2026-01-07,"Top 3 Price Prediction : Bitcoin , Ethereum , Ripple – BTC , ETH and XRP cool off as rally stalls near key resistance zone","Top 3 Price Prediction : Bitcoin , Ethereum , Ripple – BTC , ETH and XRP cool off as rally stalls near key resistance zone",https://www.fxstreet.com/cryptocurrencies/news/top-3-price-prediction-bitcoin-ethereum-ripple-btc-eth-and-xrp-cool-off-as-rally-stalls-near-key-resistance-zones-202601070359,fxstreet.com,122,25
2026-01-07,CRYPTO BLOCKCHAIN INDUSTRIES : CBI continues to implement its ACE strategy during December 2025,CRYPTO BLOCKCHAIN INDUSTRIES : CBI continues to implement its ACE strategy during December 2025,https://www.finanznachrichten.de/nachrichten-2026-01/67371400-crypto-blockchain-industries-cbi-continues-to-implement-its-ace-strategy-during-december-2025-650.htm,finanznachrichten.de,95,14
2026-01-07,Cynthia Lummis  Deeply Concerned  After Report Points Toward $6 Million Bitcoin Sale By Justice Department But Did It Really Happen ?,Cynthia Lummis  Deeply Concerned  After Report Points Toward $6 Million Bitcoin Sale By Justice Department But Did It Really Happen ?,https://biztoc.com/x/5ea06d3dac6e4673,biztoc.com,133,21
2026-01-07,"Bitcoin , AI , And The 4 Forces Shaping The New Economy","Bitcoin , AI , And The 4 Forces Shaping The New Economy",https://www.forbes.com/sites/davidbirnbaum/2026/01/07/bitcoin-ai-and-the-4-forces-shaping-the-new-economy/,forbes.com,55,12
2026-01-07,Bitcoin Stocks To Research – January 4th,Bitcoin Stocks To Research – January 4th,https://www.themarketsdaily.com/2026/01/07/bitcoin-stocks-to-research-january-4th.html,themarketsdaily.com,40,7
2026-01-07,"Bitcoin Holds $92 , 000 Ethereum , XRP , Dogecoin Consolidate At Key Levels","Bitcoin Holds $92 , 000 Ethereum , XRP , Dogecoin Consolidate At Key Levels",https://biztoc.com/x/4f2916a7761fcd40,biztoc.com,75,14
2026-01-07,Crypto Markets Today : Bitcoin slides as Asia - led sell - off hits altcoins,Crypto Markets Today : Bitcoin slides as Asia - led sell - off hits altcoins,https://biztoc.com/x/c606e8089d3d7ef6,biztoc.com,76,15
2026-01-07,Bitcoin ponnisti 80 000 dollarin pohjilta – analyytikko uskoo nousun jatkuvan,Bitcoin ponnisti 80 000 dollarin pohjilta – analyytikko uskoo nousun jatkuvan,https://www.salkunrakentaja.fi/2026/01/bitcoin-nousu-pohjilta/,salkunrakentaja.fi,77,11
2026-01-07,Rumble and Tether Launches Crypto Wallet for Digital Creators,Rumble and Tether Launches Crypto Wallet for Digital Creators,https://www.coinspeaker.com/rumble-and-tether-launches-crypto-wallet-for-digital-creators/,coinspeaker.com,61,9
2026-01-07,"2025 was the year crypto grew up , this analyst says","2025 was the year crypto grew up , this analyst says",https://www.cantechletter.com/2026/01/2025-was-the-year-crypto-grew-up-this-analyst-says/,cantechletter.com,52,11
2026-01-07,KI - Prognose schockt : Ethereum vor explosiver Rallye bis 12 . 000 Dollar ?,KI - Prognose schockt : Ethereum vor explosiver Rallye bis 12 . 000 Dollar ?,https://www.finanznachrichten.de/nachrichten-2026-01/67379800-ki-prognose-schockt-ethereum-vor-explosiver-rallye-bis-12-000-dollar-303.htm,finanznachrichten.de,76,15
2026-01-07,"Morgan Stanley Files Third Crypto ETF In 48 Hours As Ethereum Trust Follows Bitcoin , Solana - Morgan Stanley ( NYSE : MS )","Morgan Stanley Files Third Crypto ETF In 48 Hours As Ethereum Trust Follows Bitcoin , Solana - Morgan Stanley ( NYSE : MS )",https://www.benzinga.com/crypto/cryptocurrency/26/01/49763448/morgan-stanley-files-third-crypto-etf-in-48-hours-as-ethereum-trust-follows-bitcoin-solana,benzinga.com,123,24
2026-01-07,FinancialContent - Wall Street Final Frontier : Morgan Stanley Files for Proprietary Bitcoin and Solana ETFs to Reach 19 Million Clients,FinancialContent - Wall Street Final Frontier : Morgan Stanley Files for Proprietary Bitcoin and Solana ETFs to Reach 19 Million Clients,https://markets.financialcontent.com/stocks/article/marketminute-2026-1-7-wall-streets-final-frontier-morgan-stanley-files-for-proprietary-bitcoin-and-solana-etfs-to-reach-19-million-clients,markets.financialcontent.com,136,21
2026-01-07,"FinancialContent - Bitcoin High - Stakes Re - Test : Volatility Grips Markets as $90 , 000 Becomes the New Battleground","FinancialContent - Bitcoin High - Stakes Re - Test : Volatility Grips Markets as $90 , 000 Becomes the New Battleground",https://markets.financialcontent.com/stocks/article/marketminute-2026-1-7-bitcoins-high-stakes-re-test-volatility-grips-markets-as-90000-becomes-the-new-battleground,markets.financialcontent.com,119,21
2026-01-07,"HIVE Digital Technologies Delivers Strong Year - Over - Year , Quarter - Over - Quarter and Month - Over - Month Growth , Maintaining over 2 % of the Global Bitcoin Network","HIVE Digital Technologies Delivers Strong Year - Over - Year , Quarter - Over - Quarter and Month - Over - Month Growth , Maintaining over 2 % of the Global Bitcoin Network",https://www.cantechletter.com/newswires/hive-digital-technologies-delivers-strong-year-over-year-quarter-over-quarter-and-month-over-month-growth-maintaining-over-2-of-the-global-bitcoin-network/,cantechletter.com,172,33
2026-01-07,Bitcoin vendor who took  drug  money posed NDIS risk,Bitcoin vendor who took  drug  money posed NDIS risk,https://www.edenmagnet.com.au/story/9147302/bitcoin-vendor-who-took-drug-money-posed-ndis-risk/,edenmagnet.com.au,52,9
2026-01-07,MSCI Keeps Strategy For Now But Handcuffs Bitcoin Buying,MSCI Keeps Strategy For Now But Handcuffs Bitcoin Buying,https://biztoc.com/x/ca72e9b8c9607106,biztoc.com,56,9
2026-01-07,Morgan Stanley files for ether ETF after bitcoin and solana filings,Morgan Stanley files for ether ETF after bitcoin and solana filings,https://www.coindesk.com/business/2026/01/07/morgan-stanley-files-for-ether-trust-after-bitcoin-and-solana-etf-push,coindesk.com,67,11
2026-01-07,Integras Partners LLC Purchases New Shares in Grayscale Bitcoin Trust ETF $GBTC,Integras Partners LLC Purchases New Shares in Grayscale Bitcoin Trust ETF $GBTC,https://www.dailypolitical.com/2026/01/07/integras-partners-llc-purchases-new-shares-in-grayscale-bitcoin-trust-etf-gbtc.html,dailypolitical.com,79,12
2026-01-07,Morgan Stanley Files for Bitcoin and Solana ETF Products : Details,Morgan Stanley Files for Bitcoin and Solana ETF Products : Details,https://finance.yahoo.com/news/morgan-stanley-files-bitcoin-solana-151553791.html,finance.yahoo.com,66,11
2026-01-07,BitFuFu Announces December 2025 Bitcoin Production and Operational Updates,BitFuFu Announces December 2025 Bitcoin Production and Operational Updates,https://www.manilatimes.net/2026/01/07/tmt-newswire/globenewswire/bitfufu-announces-december-2025-bitcoin-production-and-operational-updates/2254553,manilatimes.net,74,9
2026-01-07,Babylon Secures $15M from a16z to Build Bitcoin - Native Lending,Babylon Secures $15M from a16z to Build Bitcoin - Native Lending,https://cointelegraph.com/news/babylon-raises-15m-from-a16z-crypto-to-unlock-bitcoin-for-staking-and-onchain-credit,cointelegraph.com,64,11
2026-01-07,"DOGE , SHIB Surge 30 % While BTC , ETH , XRP Lag What Happening ?","DOGE , SHIB Surge 30 % While BTC , ETH , XRP Lag What Happening ?",https://www.benzinga.com/crypto/cryptocurrency/26/01/49771655/doge-shib-surge-30-while-btc-eth-xrp-lag-whats-happening,benzinga.com,65,16
2026-01-07,"Global lessons : What Pakistan can learn from Singapore , UAE , and India in Crypto regulation","Global lessons : What Pakistan can learn from Singapore , UAE , and India in Crypto regulation",https://tribune.com.pk/story/2585964/global-lessons-what-pakistan-can-learn-from-singapore-uae-and-india-in-crypto-regulation,tribune.com.pk,94,17
2026-01-07,Bitcoin vs . Ethereum : Which Is Actually Driving Institutional Flows in Early - 2026 ?,Bitcoin vs . Ethereum : Which Is Actually Driving Institutional Flows in Early - 2026 ?,https://www.finanznachrichten.de/nachrichten-2026-01/67381132-bitcoin-vs-ethereum-which-is-actually-driving-institutional-flows-in-early-2026-385.htm,finanznachrichten.de,87,16
2026-01-07,"Bitcoin , Ethereum , XRP , Dogecoin Slip Ahead Of Crucial Jobs Data","Bitcoin , Ethereum , XRP , Dogecoin Slip Ahead Of Crucial Jobs Data",https://biztoc.com/x/7fd1d30de036d317,biztoc.com,67,13
2026-01-07,Bitcoin Wave Analysis - ActionForex,Bitcoin Wave Analysis - ActionForex,https://www.actionforex.com/contributors/technical-analysis/624909-bitcoin-wave-analysis-27/,actionforex.com,35,5
2026-01-07,"Why Bitcoin , Ethereum , XRP Are Surging In Early 2026","Why Bitcoin , Ethereum , XRP Are Surging In Early 2026",https://biztoc.com/x/4e1ba84b50c93bdb,biztoc.com,54,11
2026-01-07,"HIVE Digital reports strong December bitcoin output , advances global expansion","HIVE Digital reports strong December bitcoin output , advances global expansion",https://www.proactiveinvestors.com/companies/news/1085300/hive-digital-reports-strong-december-bitcoin-output-advances-global-expansion.html,proactiveinvestors.com,79,11
2026-01-07,Bitcoin ( BTC ) Price Prediction : BTC RSI Signals Point to $180K Potential as MSCI Sparks Institutional Optimism,Bitcoin ( BTC ) Price Prediction : BTC RSI Signals Point to $180K Potential as MSCI Sparks Institutional Optimism,https://bravenewcoin.com/insights/bitcoin-btc-price-prediction-btc-rsi-signals-point-to-180k-potential-as-msci-sparks-institutional-optimism,bravenewcoin.com,113,19
2026-01-07,"This Crypto Could Explode Over 247 %, Says Analyst","This Crypto Could Explode Over 247 %, Says Analyst",https://www.finanznachrichten.de/nachrichten-2026-01/67381131-this-crypto-could-explode-over-247-says-analyst-385.htm,finanznachrichten.de,50,9
2026-01-07,2025 Crypto Bear Market  Repricing  Institutional Capital : Analyst,2025 Crypto Bear Market  Repricing  Institutional Capital : Analyst,https://cointelegraph.com/news/2025-crypto-bear-market-repricing-institutional-capital-analyst,cointelegraph.com,67,9
2026-01-07,Babylon Labs raises $15 million from a16z crypto to develop Bitcoin collateral infrastructure,Babylon Labs raises $15 million from a16z crypto to develop Bitcoin collateral infrastructure,https://finance.yahoo.com/news/babylon-labs-raises-15-million-134309735.html,finance.yahoo.com,93,13
2026-01-07,MSCI Decision Lifts Strategy . Why the Battle to Keep the Bitcoin Major in Indexes Isnt Over .,MSCI Decision Lifts Strategy . Why the Battle to Keep the Bitcoin Major in Indexes Isnt Over .,https://www.investopedia.com/strategy-stock-is-getting-a-boost-but-the-battle-to-keep-it-in-indexes-isn-t-over-11880644,investopedia.com,94,18
2026-01-07,Dfns Integrates Concordium Blockchain For Compliant Web3 Wallets,Dfns Integrates Concordium Blockchain For Compliant Web3 Wallets,https://cointelegraph.com/news/ibm-partner-dfns-concordium-identity-verified-web3-wallet,cointelegraph.com,64,8
2026-01-07,Gemini Reveals Bitcoin ( BTC ) Predictions for 2026 ! 5 Milestones Expected !,Gemini Reveals Bitcoin ( BTC ) Predictions for 2026 ! 5 Milestones Expected !,https://sofokleous10.gr/2026/01/07/gemini-reveals-bitcoin-btc-predictions-for-2026-5-milestones-expected/,sofokleous10.gr,77,14
2026-01-07,"Bitcoin Corrects To $92 , 000 As ETFs Snap Inflow Streak , Shed $243 Million","Bitcoin Corrects To $92 , 000 As ETFs Snap Inflow Streak , Shed $243 Million",https://biztoc.com/x/24e36acdc6cedada,biztoc.com,76,15
2026-01-07,"Analysts See a Powerful Start for Bitcoin ETFs , Predicting 600 % Annual Growth","Analysts See a Powerful Start for Bitcoin ETFs , Predicting 600 % Annual Growth",https://www.economywatch.com/news/analysts-see-a-powerful-start-for-bitcoin-etfs-predicting-600-annual-growth,economywatch.com,79,14
2026-01-07,"The Breakout Trade Of 2026 Isnt Bitcoin Or ETH , It XRP : CNBC","The Breakout Trade Of 2026 Isnt Bitcoin Or ETH , It XRP : CNBC",https://biztoc.com/x/d8c76f559ad305be,biztoc.com,62,14
2026-01-07,Stock Market Today : Dow Rises Ahead Of Jobs Data ; Bitcoin Stock Strategy Jumps ( Live Coverage ),Stock Market Today : Dow Rises Ahead Of Jobs Data ; Bitcoin Stock Strategy Jumps ( Live Coverage ),https://biztoc.com/x/72279e5c9776fad5,biztoc.com,98,19
2026-01-07,Morgan Stanley Files Staking ETH ETF in 3rd Crypto Offering,Morgan Stanley Files Staking ETH ETF in 3rd Crypto Offering,https://cointelegraph.com/news/morgan-stanley-files-staking-eth-etf-third-crypto-fund,cointelegraph.com,59,10
2026-01-07,Can Bitcoin Holders Lose All Their Funds Due To A  Tech Upgrade ?,Can Bitcoin Holders Lose All Their Funds Due To A  Tech Upgrade ?,https://www.benzinga.com/Opinion/26/01/49767811/can-bitcoin-holders-lose-all-their-funds-due-to-a-tech-upgrade,benzinga.com,65,13
2026-01-07,Aufatmen bei Anlegern : Michael Saylors Bitcoin - Firma Strategy fliegt nicht aus dem MSCI – DiePresse . com,Aufatmen bei Anlegern : Michael Saylors Bitcoin - Firma Strategy fliegt nicht aus dem MSCI – DiePresse . com,https://www.diepresse.com/20455628/aufatmen-bei-anlegern-michael-saylors-bitcoin-firma-strategy-fliegt-aus,diepresse.com,108,19
2026-01-07,"Stanford professor raises $15 million for Babylon , a decentralized protocol to turn Bitcoin into collateral","Stanford professor raises $15 million for Babylon , a decentralized protocol to turn Bitcoin into collateral",https://biztoc.com/x/ef1d570155e9426b,biztoc.com,108,16
2026-01-07,What CFO pay packages reveal about long - term strategy,What CFO pay packages reveal about long - term strategy,https://fortune.com/2026/01/07/what-cfo-pay-packages-reveal-about-long-term-strategy/,fortune.com,55,10
2026-01-07,Strategy shares rise as MSCI shelves plans to exclude crypto treasury firms from indexes,Strategy shares rise as MSCI shelves plans to exclude crypto treasury firms from indexes,https://economictimes.indiatimes.com/markets/us-stocks/news/strategy-shares-rise-as-msci-shelves-plans-to-exclude-crypto-treasury-firms-from-indexes/articleshow/126397120.cms,economictimes.indiatimes.com,88,14
2026-01-07,"Morgan Stanley Files For Bitcoin , Solana ETFs As Institutions Buy $1 . 16B In 2 Days","Morgan Stanley Files For Bitcoin , Solana ETFs As Institutions Buy $1 . 16B In 2 Days",https://finance.yahoo.com/news/morgan-stanley-files-bitcoin-solana-130109708.html,finance.yahoo.com,85,17
2026-01-07,Riot sells $162 million in bitcoin as mining hashprice slumps back toward lows,Riot sells $162 million in bitcoin as mining hashprice slumps back toward lows,https://biztoc.com/x/4dad161d6318aa00,biztoc.com,78,13
2026-01-07,Bitcoin verkaufen und besser Gold kaufen ? Experte sorgt mit Empfehlung für Aufsehen,Bitcoin verkaufen und besser Gold kaufen ? Experte sorgt mit Empfehlung für Aufsehen,https://www.wallstreet-online.de/nachricht/20344698-bitcoin-verkaufen-gold-kaufen-experte-sorgt-empfehlung-aufsehen,wallstreet-online.de,84,13
2026-01-07,Crypto Market Has Hit Upper Limit of Rebound,Crypto Market Has Hit Upper Limit of Rebound,https://www.actionforex.com/contributors/fundamental-analysis/624854-crypto-market-has-hit-upper-limit-of-rebound/,actionforex.com,44,8
2026-01-07,A16z Crypto buys $15 million in BABY tokens to fund Babylon buildout of new BTCVaults,A16z Crypto buys $15 million in BABY tokens to fund Babylon buildout of new BTCVaults,https://biztoc.com/x/9fa118830201244d,biztoc.com,85,15
2026-01-07,"BTC Slides Toward $91 , 000 With Two Downside CME Gaps in Focus","BTC Slides Toward $91 , 000 With Two Downside CME Gaps in Focus",https://www.coindesk.com/markets/2026/01/07/bitcoin-slides-toward-usd91-000-with-two-cme-pricing-gaps-coming-into-focus,coindesk.com,63,13
2026-01-07,Start - of - the - year recovery rally stalls : Crypto Daybook Americas,Start - of - the - year recovery rally stalls : Crypto Daybook Americas,https://www.coindesk.com/daybook-us/2026/01/07/start-of-the-year-recovery-rally-stalls-crypto-daybook-americas,coindesk.com,71,14
2026-01-07,FinancialContent - MicroStrategy ( MSTR ) Surges in 2026 as Bitcoin Strategy Secures Index Inclusion,FinancialContent - MicroStrategy ( MSTR ) Surges in 2026 as Bitcoin Strategy Secures Index Inclusion,https://markets.financialcontent.com/stocks/article/marketminute-2026-1-7-microstrategy-mstr-surges-in-2026-as-bitcoin-strategy-secures-index-inclusion,markets.financialcontent.com,100,15
2026-01-07,"BTC Inc Standardizes Bitcoin Operations Using BTCPay Server Across Events , Payroll , And Treasury","BTC Inc Standardizes Bitcoin Operations Using BTCPay Server Across Events , Payroll , And Treasury",https://bitcoinmagazine.com/news/btc-inc-standardizes-bitcoin-operations-using-btcpay-server-across-events-payroll-and-treasury,bitcoinmagazine.com,98,15
2026-01-07,Bitcoin ( BTC ) news : Babylon Labs raises $15 million for Trustless BTCVaults,Bitcoin ( BTC ) news : Babylon Labs raises $15 million for Trustless BTCVaults,https://www.coindesk.com/business/2026/01/07/babylon-labs-raises-usd15-million-from-a16z-crypto-to-develop-bitcoin-collateral-infrastructure,coindesk.com,78,14
2026-01-07,"Can Bitcoin clear $100 , 000 soon ?","Can Bitcoin clear $100 , 000 soon ?",https://www.marketscreener.com/news/can-bitcoin-clear-100-000-soon-ce7e59dcdc81f525,marketscreener.com,35,8
2026-01-07,"Why Lloyds Is Betting On Blockchain , Not Crypto Speculation","Why Lloyds Is Betting On Blockchain , Not Crypto Speculation",https://www.benzinga.com/Opinion/26/01/49754679/why-lloyds-is-betting-on-blockchain-not-crypto-speculation,benzinga.com,60,10
2026-01-07,"Crypto Markets Today : Asia - session sell - off drags bitcoin , altcoins lower","Crypto Markets Today : Asia - session sell - off drags bitcoin , altcoins lower",https://www.coindesk.com/markets/2026/01/07/crypto-markets-today-bitcoin-slides-as-asia-led-sell-off-hits-altcoins,coindesk.com,79,15
2026-01-07,Bitcoin ETFs On Pace For Explosive 600 % Growth,Bitcoin ETFs On Pace For Explosive 600 % Growth,https://www.newsbtc.com/news/bitcoin/like-a-lion-start-bitcoin-etfs-on-pace-for-explosive-600-growth-analyst/,newsbtc.com,47,9
2026-01-07,"Hyperliquid Whale James Wynn Closes BTC Trade , Goes Long on Ethereum","Hyperliquid Whale James Wynn Closes BTC Trade , Goes Long on Ethereum",https://www.coinspeaker.com/hyperliquid-whale-james-wynn-closes-btc-trade-goes-long-on-ethereum/,coinspeaker.com,69,12
2026-01-07,Binance Launches Silver Futures With 50x Leverage for Crypto Traders,Binance Launches Silver Futures With 50x Leverage for Crypto Traders,https://www.moroccoworldnews.com/2026/01/274204/binance-launches-silver-futures-with-50x-leverage-for-crypto-traders/,moroccoworldnews.com,68,10
2026-01-07,Rumble Launches Crypto Wallet For Creator Payments In BTC,Rumble Launches Crypto Wallet For Creator Payments In BTC,https://bitcoinmagazine.com/news/rumble-launches-crypto-wallet-with-tether,bitcoinmagazine.com,57,9
2026-01-07,AI tokens outpace memecoins as crypto comeback strengthens : Crypto Daybook Americas,AI tokens outpace memecoins as crypto comeback strengthens : Crypto Daybook Americas,https://finance.yahoo.com/news/ai-tokens-outpace-memecoins-crypto-121500596.html,finance.yahoo.com,84,12
2026-01-07,Tether news : Stablecoin issuer partners with Rumble on non - custodial crypto wallet,Tether news : Stablecoin issuer partners with Rumble on non - custodial crypto wallet,https://www.coindesk.com/markets/2026/01/07/rumble-shares-jump-5-after-launching-crypto-wallet-with-tether,coindesk.com,85,14
2026-01-07,"Bitcoin , ETH , Dogecoin Rally Faces 3 Checkpoints : Bitwise CIO","Bitcoin , ETH , Dogecoin Rally Faces 3 Checkpoints : Bitwise CIO",https://www.newsbtc.com/news/bitcoin-eth-dogecoin-rally-faces-3-key-checkpoints/,newsbtc.com,64,12
2026-01-07,MSCI Will Not Exclude Bitcoin Treasury Companies Like Michael Saylor Strategy From Global Indexes,MSCI Will Not Exclude Bitcoin Treasury Companies Like Michael Saylor Strategy From Global Indexes,https://www.zerohedge.com/crypto/msci-will-not-exclude-bitcoin-treasury-companies-michael-saylors-strategy-global-indexes,zerohedge.com,97,14
2026-01-07,"MSTR perpetual preferred STRC returns to $100 , allowing share issuance to buy more BTC","MSTR perpetual preferred STRC returns to $100 , allowing share issuance to buy more BTC",https://www.coindesk.com/markets/2026/01/07/strategy-s-strc-perpetual-preferred-stock-returns-to-usd100-may-trigger-more-bitcoin-buying,coindesk.com,87,15
2026-01-08,Coinbase Wrapped Staked ETH Hits Self Reported Market Capitalization of $399 . 79 Million ( CBETH ),Coinbase Wrapped Staked ETH Hits Self Reported Market Capitalization of $399 . 79 Million ( CBETH ),https://www.dailypolitical.com/2026/01/08/coinbase-wrapped-staked-eth-hits-self-reported-market-capitalization-of-399-79-million-cbeth.html,dailypolitical.com,99,17
2026-01-08,Bitcoin Tokenization Supercycle : 2026 Boom Unlocks $150K Surge,Bitcoin Tokenization Supercycle : 2026 Boom Unlocks $150K Surge,http://www.econotimes.com/Bitcoins-Tokenization-Supercycle-2026-Boom-Unlocks-150K-Surge-1730462,econotimes.com,63,9
2026-01-08,"Bitcoin Depot , a top crypto ATM vendor , to pay nearly $2M to compensate fraud victims","Bitcoin Depot , a top crypto ATM vendor , to pay nearly $2M to compensate fraud victims",https://www.wsjm.com/2026/01/06/bitcoin-depot-a-top-crypto-atm-vendor-to-pay-nearly-2m-to-compensate-fraud-victims/,wsjm.com,87,17
2026-01-08,Your shot at Bitcoin glory starts with this little $60 machine,Your shot at Bitcoin glory starts with this little $60 machine,https://www.13wmaz.com/article/syndication/smart-deals/stackcommerce/your-shot-at-bitcoin-glory-starts-with-this-little-60-machine/608-779308b8-bbb3-4d9a-8c97-fa68f0eadaf4,13wmaz.com,62,11
2026-01-08,"The 3 Conditions To Extend The Bitcoin , Ethereum , XRP Rally : Bitwise","The 3 Conditions To Extend The Bitcoin , Ethereum , XRP Rally : Bitwise",https://www.benzinga.com/crypto/cryptocurrency/26/01/49779421/the-3-conditions-to-extend-the-bitcoin-ethereum-xrp-rally-bitwise,benzinga.com,71,14
2026-01-08,"Coinbase Wrapped Staked ETH ( CBETH ) Price Reaches $3 , 453 . 60 on Major Exchanges","Coinbase Wrapped Staked ETH ( CBETH ) Price Reaches $3 , 453 . 60 on Major Exchanges",https://www.tickerreport.com/banking-finance/13311071/coinbase-wrapped-staked-eth-cbeth-price-reaches-3453-60-on-major-exchanges.html,tickerreport.com,84,17
2026-01-08,Bitcoin Tests Key Resistance While $4 . 7B In Sell - Side Liquidity Builds,Bitcoin Tests Key Resistance While $4 . 7B In Sell - Side Liquidity Builds,https://www.newsbtc.com/bitcoin-news/bitcoin-tests-key-resistance-while-4-7b-in-sell-side-liquidity-builds/,newsbtc.com,74,14
2026-01-08,Bitcoin extends retreat to below $90K as ETF outflows swell ( BTC - USD : Cryptocurrency ),Bitcoin extends retreat to below $90K as ETF outflows swell ( BTC - USD : Cryptocurrency ),https://seekingalpha.com/news/4537715-bitcoin-extends-retreat-to-below-90k-as-etf-outflows-swell,seekingalpha.com,90,17
2026-01-08,"US synagogues targeted in bomb threat , Bitcoin campaign","US synagogues targeted in bomb threat , Bitcoin campaign",http://www.jpost.com/diaspora/antisemitism/article-882705,jpost.com,56,9
2026-01-08,Binance USD ( BUSD ) Trading 0 . 1 % Higher This Week,Binance USD ( BUSD ) Trading 0 . 1 % Higher This Week,https://www.tickerreport.com/banking-finance/13311080/binance-usd-busd-trading-0-1-higher-this-week.html,tickerreport.com,53,13
2026-01-08,Binance USD ( BUSD ) Market Cap Reaches $54 . 65 Million,Binance USD ( BUSD ) Market Cap Reaches $54 . 65 Million,https://www.dailypolitical.com/2026/01/08/binance-usd-busd-market-cap-reaches-54-65-million.html,dailypolitical.com,56,12
2026-01-08,Venezuela Rumoured $60B Bitcoin Hoard : What BTC Investors Need to Know,Venezuela Rumoured $60B Bitcoin Hoard : What BTC Investors Need to Know,https://www.ibtimes.com/venezuelas-rumoured-60b-bitcoin-hoard-what-btc-investors-need-know-3794694,ibtimes.com,71,12
2026-01-08,Is XRP ( Ripple ) the Next Bitcoin ?,Is XRP ( Ripple ) the Next Bitcoin ?,https://finance.yahoo.com/news/xrp-ripple-next-bitcoin-112000982.html,finance.yahoo.com,36,9
2026-01-08,Why Larry Fink Has Changed His View of Bitcoin,Why Larry Fink Has Changed His View of Bitcoin,https://www.fool.com/investing/2026/01/08/why-larry-fink-has-changed-his-view-of-bitcoin/?source=iedfolrf0000001,fool.com,46,9
2026-01-08,Morgan Stanley pokreće ETF - ove za Bitcoin i Solanu,Morgan Stanley pokreće ETF - ove za Bitcoin i Solanu,https://www.monitor.hr/morgan-stanley-pokrece-etf-ove-za-bitcoin-i-solanu/,monitor.hr,52,10
2026-01-08,BlackRock Bets Big on Crypto With  $1 . 027B  - BTC and ETH Buy Amid Volatility,BlackRock Bets Big on Crypto With  $1 . 027B  - BTC and ETH Buy Amid Volatility,https://www.ibtimes.com/blackrock-bets-big-crypto-1027b-btc-eth-buy-amid-volatility-3794763,ibtimes.com,79,16
2026-01-08,Kingswood Wealth Advisors LLC Lowers Stock Position in 2x Bitcoin Strategy ETF $BITX,Kingswood Wealth Advisors LLC Lowers Stock Position in 2x Bitcoin Strategy ETF $BITX,https://www.themarketsdaily.com/2026/01/08/kingswood-wealth-advisors-llc-lowers-stock-position-in-2x-bitcoin-strategy-etf-bitx.html,themarketsdaily.com,84,13
2026-01-08,"Daily Market Update : Bitcoin Falls Below $90 , 000 as Stock Futures Drop on Weak Jobs Data","Daily Market Update : Bitcoin Falls Below $90 , 000 as Stock Futures Drop on Weak Jobs Data",https://insurancenewsnet.com/oarticle/daily-market-update-bitcoin-falls-below-90000-as-stock-futures-drop-on-weak-jobs-data,insurancenewsnet.com,91,18
2026-01-08,"Bitcoin Dips Below $90K on Minor ETF Outflow – Bearish Signals Dominate , But Buy - the - Dip Setup Targets $100K","Bitcoin Dips Below $90K on Minor ETF Outflow – Bearish Signals Dominate , But Buy - the - Dip Setup Targets $100K",http://www.econotimes.com/Bitcoin-Dips-Below-90K-on-Minor-ETF-Outflow--Bearish-Signals-Dominate-But-Buy-the-Dip-Setup-Targets-100K-1730446,econotimes.com,113,22
2026-01-08,IRAEmpire LLC : Best Platform to Buy Crypto 2026 Announced,IRAEmpire LLC : Best Platform to Buy Crypto 2026 Announced,https://www.finanznachrichten.de/nachrichten-2026-01/67385706-iraempire-llc-best-platform-to-buy-crypto-2026-announced-200.htm,finanznachrichten.de,58,10
2026-01-08,Crypto Rally Weakens Ahead Of Jobs Data,Crypto Rally Weakens Ahead Of Jobs Data,https://www.finanznachrichten.de/nachrichten-2026-01/67386915-crypto-rally-weakens-ahead-of-jobs-data-020.htm,finanznachrichten.de,39,7
2026-01-08,"How Budget 2026 can rationalise taxes , regulate platforms for India crypto future","How Budget 2026 can rationalise taxes , regulate platforms for India crypto future",https://www.moneycontrol.com/news/business/personal-finance/how-budget-2026-can-rationalise-taxes-regulate-platforms-for-india-s-crypto-future-13763805.html,moneycontrol.com,82,13
2026-01-08,Best Platform to Buy Crypto 2026 Announced,Best Platform to Buy Crypto 2026 Announced,http://www.tennesseedaily.com/news/278797473/best-platform-to-buy-crypto-2026-announced,tennesseedaily.com,42,7
2026-01-08,Bitcoin Billionaire Chen Zhi Taken Into Custody Amid Massive Crypto Scam Allegations,Bitcoin Billionaire Chen Zhi Taken Into Custody Amid Massive Crypto Scam Allegations,https://www.ibtimes.com/bitcoin-billionaire-chen-zhi-taken-custody-amid-massive-crypto-scam-allegations-3794784,ibtimes.com,84,12
2026-01-08,Analyzing Sphere 3D ( NASDAQ : ANY ) & BTC Digital ( NASDAQ : BTCT ),Analyzing Sphere 3D ( NASDAQ : ANY ) & BTC Digital ( NASDAQ : BTCT ),https://www.themarketsdaily.com/2026/01/08/analyzing-sphere-3d-nasdaqany-btc-digital-nasdaqbtct.html,themarketsdaily.com,68,16
2026-01-08,How This AI Cryptocurrency Could Help You Retire a Millionaire,How This AI Cryptocurrency Could Help You Retire a Millionaire,https://finance.yahoo.com/news/ai-cryptocurrency-could-help-retire-125000932.html,finance.yahoo.com,62,10
2026-01-08,"Binance Debuts Gold , Silver Perps , USDT TradFi Settlement Stablecoin","Binance Debuts Gold , Silver Perps , USDT TradFi Settlement Stablecoin",https://cointelegraph.com/news/binance-gold-silver-perps-usdt-tradfi-settlement-layer,cointelegraph.com,70,11
2026-01-08,"Bitcoin Absorbs The Flush : Quantum Structure Signals Wave ( 3 ) Toward $104 , 000","Bitcoin Absorbs The Flush : Quantum Structure Signals Wave ( 3 ) Toward $104 , 000",https://www.newsbtc.com/bitcoin-news/bitcoin-wave-3-toward-104000/,newsbtc.com,82,16
2026-01-08,Bitcoin price falls as BlackRock and Fidelity ETFs see heavy outflows,Bitcoin price falls as BlackRock and Fidelity ETFs see heavy outflows,https://uk.finance.yahoo.com/news/bitcoin-price-crypto-blackrock-fidelity-etfs-outflows-104916054.html,uk.finance.yahoo.com,69,11
2026-01-08,Börse Express - Bitcoin : Entscheidung bei 90 . 000 Dollar,Börse Express - Bitcoin : Entscheidung bei 90 . 000 Dollar,https://www.boerse-express.com/news/articles/bitcoin-entscheidung-bei-90000-dollar-855371,boerse-express.com,58,11
2026-01-08,Is XRP ( Ripple ) the Next Bitcoin ? | The Motley Fool,Is XRP ( Ripple ) the Next Bitcoin ? | The Motley Fool,https://www.fool.com/investing/2026/01/08/is-xrp-ripple-the-next-bitcoin/,fool.com,54,13
2026-01-08,Jim Cramer Says  Strategy Has Become Nothing More Than a Leveraged Bet on Bitcoin,Jim Cramer Says  Strategy Has Become Nothing More Than a Leveraged Bet on Bitcoin,https://finance.yahoo.com/news/jim-cramer-says-strategy-become-122029772.html,finance.yahoo.com,81,14
2026-01-08,Why Morgan Stanley Bitcoin ETF Is The  Most Bullish Thing Ever,Why Morgan Stanley Bitcoin ETF Is The  Most Bullish Thing Ever,https://www.newsbtc.com/bitcoin-news/morgan-stanley-bitcoin-etfmost-bullish-thing-ever/,newsbtc.com,62,11
2026-01-08,Calgary company eyes power generation for bitcoin mining as stranded oil and gas well solution,Calgary company eyes power generation for bitcoin mining as stranded oil and gas well solution,https://biztoc.com/x/3709ff61d6beba23,biztoc.com,94,15
2026-01-08,"Ethereum scaling network Polygon close to buying bitcoin kiosk firm Coinme , sources say","Ethereum scaling network Polygon close to buying bitcoin kiosk firm Coinme , sources say",https://finance.yahoo.com/news/ethereum-scaling-network-polygon-close-190708598.html,finance.yahoo.com,88,14
2026-01-08,GR8 Tech launches Crypto Turnkey solution,GR8 Tech launches Crypto Turnkey solution,https://igamingbusiness.com/company-news/gr8-tech-launches-crypto-turnkey-solution/,igamingbusiness.com,41,6
2026-01-08,"Bitcoin Hitting All - Time High Every Year Has  Good Odds , Says Galaxy Executive , Claims All Institutions Should Buy","Bitcoin Hitting All - Time High Every Year Has  Good Odds , Says Galaxy Executive , Claims All Institutions Should Buy",https://finance.yahoo.com/news/bitcoin-hitting-time-high-every-151824180.html,finance.yahoo.com,118,21
2026-01-08,Florida Lawmakers Want To Create A Bitcoin Reserve In 2026,Florida Lawmakers Want To Create A Bitcoin Reserve In 2026,https://bitcoinmagazine.com/news/florida-revives-bitcoin-reserve-push,bitcoinmagazine.com,58,10
2026-01-08,Huobi BTC ( HBTC ) Hits Market Cap of $83 . 81 Million,Huobi BTC ( HBTC ) Hits Market Cap of $83 . 81 Million,https://www.themarketsdaily.com/2026/01/08/huobi-btc-hbtc-hits-market-cap-of-83-81-million.html,themarketsdaily.com,54,13
2026-01-08,2026 Could Be Make - or - Break Year For Crypto : Report,2026 Could Be Make - or - Break Year For Crypto : Report,https://bitcoinmagazine.com/news/td-cowen-rare-golden-window-for-crypto,bitcoinmagazine.com,56,13
2026-01-08,From Digital Kleptocracy to Rogue Crypto - Superpower - 38 North : Informed Analysis of North Korea,From Digital Kleptocracy to Rogue Crypto - Superpower - 38 North : Informed Analysis of North Korea,https://www.38north.org/2026/01/from-digital-kleptocracy-to-rogue-crypto-superpower/,38north.org,99,17
2026-01-08,XRP Price Is on the Rise as Crypto Markets Show Early Signs of a Rebound : Here are 2 Reasons Why,XRP Price Is on the Rise as Crypto Markets Show Early Signs of a Rebound : Here are 2 Reasons Why,https://biztoc.com/x/d46e5286210982ad,biztoc.com,97,21
2026-01-08,"Bank of America Upgrades Coinbase to  Buy  on Base Prospects , Tokenization Tailwinds","Bank of America Upgrades Coinbase to  Buy  on Base Prospects , Tokenization Tailwinds",https://finance.yahoo.com/news/bank-america-upgrades-coinbase-buy-164759640.html,finance.yahoo.com,85,13
2026-01-08,Silver Overtook Bitcoin on Volatility to End 2025 Can BTC Reclaim  Risk Asset  Crown in 2026 ?,Silver Overtook Bitcoin on Volatility to End 2025 Can BTC Reclaim  Risk Asset  Crown in 2026 ?,https://finance.yahoo.com/news/silver-overtook-bitcoin-volatility-end-145023591.html,finance.yahoo.com,94,17
2026-01-08,Bitcoin ( BTC ) Price Prediction : Bitcoin Eyes $92K After Retesting $88K Support Amid CME Gap & Wyckoff Accumulation,Bitcoin ( BTC ) Price Prediction : Bitcoin Eyes $92K After Retesting $88K Support Amid CME Gap & Wyckoff Accumulation,https://bravenewcoin.com/insights/bitcoin-btc-price-prediction-bitcoin-eyes-92k-after-retesting-88k-support-amid-cme-gap-wyckoff-accumulation,bravenewcoin.com,117,20
2026-01-08,BGIN BLOCKCHAIN LIMITED Announces Share Purchases by Chairman and Independent Director,BGIN BLOCKCHAIN LIMITED Announces Share Purchases by Chairman and Independent Director,https://www.itnewsonline.com/GlobeNewswire/BGIN-BLOCKCHAIN-LIMITED-Announces-Share-Purchases-by-Chairman-and-Independent-Director/113534,itnewsonline.com,86,11
2026-01-08,VanEck Predicts Bitcoin Could Reach $2 . 9 Million In New Long - Term Capital Report,VanEck Predicts Bitcoin Could Reach $2 . 9 Million In New Long - Term Capital Report,https://www.newsbtc.com/breaking-news-ticker/vaneck-predicts-bitcoin-could-reach-2-9-million-in-new-long-term-capital-report/,newsbtc.com,84,16
2026-01-08,"Ethereum ( ETH ) Price Prediction : Will the  Digital Silver  Enter a $9 , 000 Super - Cycle in 2026 Amid Market Consolidation ?","Ethereum ( ETH ) Price Prediction : Will the  Digital Silver  Enter a $9 , 000 Super - Cycle in 2026 Amid Market Consolidation ?",https://bravenewcoin.com/insights/ethereum-eth-price-prediction-will-the-digital-silver-enter-a-9000-super-cycle-in-2026-amid-market-consolidation,bravenewcoin.com,128,25
2026-01-08,Bitcoin Casino No Deposit Bonus for US Players : BC Poker $5 Free Bitcoin Explained,Bitcoin Casino No Deposit Bonus for US Players : BC Poker $5 Free Bitcoin Explained,https://www.itnewsonline.com/GlobeNewswire/Bitcoin-Casino-No-Deposit-Bonus-for-US-Players-BC-Pokers-USD5-Free-Bitcoin-Explained/113532,itnewsonline.com,83,15
2026-01-08,XRP ETFs See First Outflows since Inception as Crypto ETF Market Suffers,XRP ETFs See First Outflows since Inception as Crypto ETF Market Suffers,https://www.coinspeaker.com/xrp-etfs-see-first-outflows-since-inception-as-crypto-etf-market-suffers/,coinspeaker.com,72,12
2026-01-08,Bitcoin Kurs Prognose : Crash auf 65 . 000 Dollar ?,Bitcoin Kurs Prognose : Crash auf 65 . 000 Dollar ?,https://www.finanzen.net/nachricht/devisen/bitcoin-kurs-prognose-crash-auf-65-000-dollar-15403805,finanzen.net,51,11
2026-01-08,"BlackRock ETF Chief Says  Still Very Early Day For Bitcoin , Ethereum","BlackRock ETF Chief Says  Still Very Early Day For Bitcoin , Ethereum",https://www.benzinga.com/crypto/cryptocurrency/26/01/49793131/blackrock-etf-chief-says-still-very-early-days-for-bitcoin-ethereum,benzinga.com,69,12
2026-01-08,CNBC Calls XRP the Hottest Crypto Trade of 2026 Amid Strong January Rally,CNBC Calls XRP the Hottest Crypto Trade of 2026 Amid Strong January Rally,https://finance.yahoo.com/news/cnbc-calls-xrp-hottest-crypto-094139841.html,finance.yahoo.com,73,13
2026-01-08,"Bitcoin mine re - zoned to half commercial , half industrial - The Cherokee Chronicle Times","Bitcoin mine re - zoned to half commercial , half industrial - The Cherokee Chronicle Times","http://www.chronicletimes.com/stories/bitcoin-mine-re-zoned-to-half-commercial-half-industrial,183652",chronicletimes.com,91,16
2026-01-08,Crypto traders can now take leveraged bets on silver via Binance Futures,Crypto traders can now take leveraged bets on silver via Binance Futures,https://finance.yahoo.com/news/crypto-traders-now-leveraged-bets-081930832.html,finance.yahoo.com,72,12
2026-01-08,"Eric Trump Touts  Disciplined Accumulation , Relentless Execution  As American Bitcoin Buys More BTC :  Best Is Yet To Come","Eric Trump Touts  Disciplined Accumulation , Relentless Execution  As American Bitcoin Buys More BTC :  Best Is Yet To Come",https://finance.yahoo.com/news/eric-trump-touts-disciplined-accumulation-213025891.html,finance.yahoo.com,123,20
2026-01-08,"Bitcoin Could Drop To $50 , 000 In 2026 If Equity Markets Stay Volatile , Bloomberg Strategist Warns","Bitcoin Could Drop To $50 , 000 In 2026 If Equity Markets Stay Volatile , Bloomberg Strategist Warns",https://biztoc.com/x/99b00078a0035254,biztoc.com,100,18
2026-01-08,MicroStrategy Gets to Stay in MSCI Indexes . Is That Win Enough to Keep Buying MSTR Stock in 2026 ?,MicroStrategy Gets to Stay in MSCI Indexes . Is That Win Enough to Keep Buying MSTR Stock in 2026 ?,https://biztoc.com/x/62c44d8e4c5d90cb,biztoc.com,99,20
2026-01-08,Ethereum ( ETH ) Trading Up 3 . 7 % Over Last Week,Ethereum ( ETH ) Trading Up 3 . 7 % Over Last Week,https://www.themarketsdaily.com/2026/01/08/ethereum-eth-trading-up-3-7-over-last-week.html,themarketsdaily.com,50,13
2026-01-08,Will 2026 Be A Bitcoin Bull Market ?,Will 2026 Be A Bitcoin Bull Market ?,https://bitcoinmagazine.com/sponsored/will-2026-be-a-bitcoin-bull-market,bitcoinmagazine.com,36,8
2026-01-08,Could A Supreme Court Ruling Against Trump Crash Bitcoin ?,Could A Supreme Court Ruling Against Trump Crash Bitcoin ?,https://bitcoinmagazine.com/politics/supreme-court-cause-a-bitcoin-crash,bitcoinmagazine.com,58,10
2026-01-08,150 . 00 Dollar ? ETF - Kapitalwelle treibt BTC auf diesen Kurs zu,150 . 00 Dollar ? ETF - Kapitalwelle treibt BTC auf diesen Kurs zu,https://www.finanznachrichten.de/nachrichten-2026-01/67390927-150-00-dollar-etf-kapitalwelle-treibt-btc-auf-diesen-kurs-zu-303.htm,finanznachrichten.de,66,14
2026-01-08,"Ethereum Surges Above $3 , 100 But Bearish Alarm Bells Ring","Ethereum Surges Above $3 , 100 But Bearish Alarm Bells Ring",https://biztoc.com/x/bb36d25a98d91984,biztoc.com,59,11
2026-01-08,Shilpa Shetty husband Raj Kundra summoned in connection with cryptocurrency fraud and alleged Rs 150 crore money - laundering case | Hindi Movie News,Shilpa Shetty husband Raj Kundra summoned in connection with cryptocurrency fraud and alleged Rs 150 crore money - laundering case | Hindi Movie News,https://timesofindia.indiatimes.com/entertainment/hindi/bollywood/news/shilpa-shettys-husband-raj-kundra-summoned-in-connection-with-cryptocurrency-fraud-and-alleged-rs-150-crore-money-laundering-case/articleshow/126418422.cms,timesofindia.indiatimes.com,149,24
2026-01-08,B Hodl reports  strong  bitcoin yield but shares fall,B Hodl reports  strong  bitcoin yield but shares fall,https://www.marketscreener.com/news/b-hodl-reports-strong-bitcoin-yield-but-shares-fall-ce7e59ddde89f624,marketscreener.com,53,9
2026-01-08,Nasdaq and CME Group Deepen Partnership to Advance New Era of Crypto Investing,Nasdaq and CME Group Deepen Partnership to Advance New Era of Crypto Investing,https://www.nasdaq.com/articles/nasdaq-and-cme-group-deepen-partnership-advance-new-era-crypto-investing,nasdaq.com,78,13
2026-01-08,Stripe users can now pay with crypto through new Crypto . com partnership,Stripe users can now pay with crypto through new Crypto . com partnership,https://finance.yahoo.com/personal-finance/investing/article/stripe-users-can-now-pay-with-crypto-through-new-cryptocom-partnership-175929078.html,finance.yahoo.com,73,13
2026-01-08,Has Bitcoin Hit A Market Bottom ? Analysts Weigh In After Recent Downturn,Has Bitcoin Hit A Market Bottom ? Analysts Weigh In After Recent Downturn,https://www.finanznachrichten.de/nachrichten-2026-01/67390687-has-bitcoin-hit-a-market-bottom-analysts-weigh-in-after-recent-downturn-385.htm,finanznachrichten.de,73,13
2026-01-08,Ethereum is exploding on institutional inflows,Ethereum is exploding on institutional inflows,https://tynmagazine.com/ethereum-is-exploding-on-institutional-inflows/,tynmagazine.com,46,6
2026-01-09,Raj Kundra Summoned for Rs 150 Crores Bitcoin scam,Raj Kundra Summoned for Rs 150 Crores Bitcoin scam,https://www.sangbadpratidin.in/entertainment/cinema/raj-kundra-summoned-for-rs-150-crores-bitcoin-scam/,sangbadpratidin.in,50,9
2026-01-09,a16z Crypto Invests $15M in Babylon to Advance Native Bitcoin Collateral,a16z Crypto Invests $15M in Babylon to Advance Native Bitcoin Collateral,https://finance.yahoo.com/news/a16z-crypto-invests-15m-babylon-190523443.html,finance.yahoo.com,72,11
2026-01-09,"Crucial Role Of The CLARITY Act In Avoiding A New October 10 Crypto Crash , Expert Explains","Crucial Role Of The CLARITY Act In Avoiding A New October 10 Crypto Crash , Expert Explains",https://www.newsbtc.com/breaking-news-ticker/crucial-role-of-the-clarity-act-in-avoiding-a-new-october-10-crypto-crash-expert-explains/,newsbtc.com,91,17
2026-01-09,"Bitcoin Falls Below $90 , 000 As Market Undergoes  Healthy  Retracement","Bitcoin Falls Below $90 , 000 As Market Undergoes  Healthy  Retracement",https://www.forbes.com/sites/digital-assets/2026/01/09/bitcoin-falls-below-90000-as-market-undergoes-healthy-retracement/,forbes.com,71,11
2026-01-09,Ghana crypto green light meets real - world Bitcoin adoption,Ghana crypto green light meets real - world Bitcoin adoption,https://www.ghanamma.com/2026/01/09/ghanas-crypto-green-light-meets-real-world-bitcoin-adoption/,ghanamma.com,60,10
2026-01-09,Morgan Stanley Files for Spot Ethereum ETFs as TradFi Deepens Crypto Exposure,Morgan Stanley Files for Spot Ethereum ETFs as TradFi Deepens Crypto Exposure,https://finance.yahoo.com/news/morgan-stanley-files-spot-ethereum-183205032.html,finance.yahoo.com,77,12
2026-01-09,Nike quietly says goodbye to NFT arm,Nike quietly says goodbye to NFT arm,https://finance.yahoo.com/news/nike-quietly-says-goodbye-nft-184140791.html,finance.yahoo.com,36,7
2026-01-09,Will institutions push crypto past the Rubicon ?,Will institutions push crypto past the Rubicon ?,https://www.investordaily.com.au/will-institutions-push-crypto-past-the-rubicon/,investordaily.com.au,48,8
2026-01-09,"Bitcoin trades near $91 , 000 amid volatility , cautious investor sentiment","Bitcoin trades near $91 , 000 amid volatility , cautious investor sentiment",https://www.moneycontrol.com/news/business/personal-finance/bitcoin-trades-near-91-000-amid-volatility-cautious-investor-sentiment-13764837.html,moneycontrol.com,75,12
2026-01-09,Breaking : South Korea Confirms Spot Bitcoin ETF Launch in 2026,Breaking : South Korea Confirms Spot Bitcoin ETF Launch in 2026,https://coingape.com/south-korea-confirms-spot-bitcoin-etf-launch-in-2026/,coingape.com,63,11
2026-01-09,"6 crypto predictions for 2026 , according to analysts","6 crypto predictions for 2026 , according to analysts",https://qz.com/2026-crypto-predictions-bitcoin-stablecoins-clarity-etfs,qz.com,53,9
2026-01-09,"Bank of America Joins JPMorgan , Citi , Morgan Stanley By Recommending Bitcoin Portfolio Allocation","Bank of America Joins JPMorgan , Citi , Morgan Stanley By Recommending Bitcoin Portfolio Allocation",https://finance.yahoo.com/news/bank-america-joins-jpmorgan-citi-230105379.html,finance.yahoo.com,99,15
2026-01-09,Bitcoin Will Hit All - Time High in 2026 if It Clears These Three Hurdles Bitwise CIO,Bitcoin Will Hit All - Time High in 2026 if It Clears These Three Hurdles Bitwise CIO,https://finance.yahoo.com/news/bitcoin-hit-time-high-2026-102219022.html,finance.yahoo.com,85,17
2026-01-09,"South Korea Unleashes Crypto Boom : Stablecoins Regulated , Spot Bitcoin ETFs Incoming in 2026","South Korea Unleashes Crypto Boom : Stablecoins Regulated , Spot Bitcoin ETFs Incoming in 2026",http://www.econotimes.com/South-Korea-Unleashes-Crypto-Boom-Stablecoins-Regulated-Spot-Bitcoin-ETFs-Incoming-in-2026-1730555,econotimes.com,94,15
2026-01-09,"Crypto Market Plumbing Comes Into Focus : ETFs , Stablecoins , and the Infrastructure Trade Dominating 2026","Crypto Market Plumbing Comes Into Focus : ETFs , Stablecoins , and the Infrastructure Trade Dominating 2026",https://www.hedgeco.net/news/01/2026/cryptos-market-plumbing-comes-into-focus-etfs-stablecoins-and-the-infrastructure-trade-dominating-2026.html,hedgeco.net,107,17
2026-01-09,"Every Metric  Points to a Bitcoin Bear Market , CryptoQuant Analyst Says","Every Metric  Points to a Bitcoin Bear Market , CryptoQuant Analyst Says",https://finance.yahoo.com/news/every-metric-points-bitcoin-bear-212735455.html,finance.yahoo.com,72,12
2026-01-09,Crypto Markets & Institutional Adoption : The Next Phase of Digital Asset Integration,Crypto Markets & Institutional Adoption : The Next Phase of Digital Asset Integration,https://www.hedgeco.net/news/01/2026/crypto-markets-institutional-adoption-the-next-phase-of-digital-asset-integration.html,hedgeco.net,85,13
2026-01-09,Indiana lawmakers push new rules on crypto ATMs amid scam surge,Indiana lawmakers push new rules on crypto ATMs amid scam surge,https://www.wvxu.org/2026-01-08/indiana-lawmakers-push-new-rules-on-crypto-atms-amid-scam-surge,wvxu.org,63,11
2026-01-09,"Bitcoin stalls below $95 , 000 as ETF selling builds","Bitcoin stalls below $95 , 000 as ETF selling builds",https://thearabianpost.com/bitcoin-stalls-below-95000-as-etf-selling-builds/,thearabianpost.com,52,10
2026-01-09,Riot Dumps Record $162M in Bitcoin as Hashprice Crisis Forces Largest - Ever Selloff,Riot Dumps Record $162M in Bitcoin as Hashprice Crisis Forces Largest - Ever Selloff,https://finance.yahoo.com/news/riot-dumps-record-162m-bitcoin-193013352.html,finance.yahoo.com,84,14
2026-01-09,India Appetite for Crypto SIPs Is Growing Rapidly : Here How Many Indians Invest Monthly,India Appetite for Crypto SIPs Is Growing Rapidly : Here How Many Indians Invest Monthly,https://finance.yahoo.com/news/indias-appetite-crypto-sips-growing-124635075.html,finance.yahoo.com,88,15
2026-01-09,"Rumble introduces crypto wallet with Tether , allowing tips in BTC , USDT , XAUT","Rumble introduces crypto wallet with Tether , allowing tips in BTC , USDT , XAUT",https://finance.yahoo.com/news/rumble-introduces-crypto-wallet-tether-141227886.html,finance.yahoo.com,80,15
2026-01-09,3 Key Signals Suggest Bitcoin Could Be Primed for a Short Squeeze,3 Key Signals Suggest Bitcoin Could Be Primed for a Short Squeeze,https://finance.yahoo.com/news/3-key-signals-suggest-bitcoin-044141949.html,finance.yahoo.com,65,12
2026-01-09,"MSCI retains Strategy in indices , keeps door open for other bitcoin treasuries","MSCI retains Strategy in indices , keeps door open for other bitcoin treasuries",https://finance.yahoo.com/news/msci-retains-strategy-indices-keeps-154527087.html,finance.yahoo.com,79,13
2026-01-09,Scammers use Bitcoin ATMs to steal thousands ; advocates ask for legislative action,Scammers use Bitcoin ATMs to steal thousands ; advocates ask for legislative action,https://www.wyomingnews.com/news/local_news/scammers-use-bitcoin-atms-to-steal-thousands-advocates-ask-for-legislative-action/article_ca567f21-5340-4093-bddd-cd08b5ce7e27.html,wyomingnews.com,83,13
2026-01-09,"Bitcoin Will Surge to $315 , 000 , Claims Investor , as Morgan Stanley Files for BTC ETF","Bitcoin Will Surge to $315 , 000 , Claims Investor , as Morgan Stanley Files for BTC ETF",https://finance.yahoo.com/news/bitcoin-surge-315-000-claims-122925450.html,finance.yahoo.com,88,18
2026-01-09,Bitcoin Remains In A High - Risk Zone As Short - Term Holders Stay Underwater,Bitcoin Remains In A High - Risk Zone As Short - Term Holders Stay Underwater,https://www.newsbtc.com/bitcoin-news/bitcoin-remains-in-a-high-risk-zone-as-short-term-holders-stay-underwater/,newsbtc.com,77,15
2026-01-09,Jasmy Coin Price Prediction : Here Why Japan Bitcoin is Rising,Jasmy Coin Price Prediction : Here Why Japan Bitcoin is Rising,https://www.banklesstimes.com/articles/2026/01/08/jasmy-coin-price-prediction-heres-why-japans-bitcoin-is-rising/,banklesstimes.com,62,11
2026-01-09,Crypto Market Braces for Two Key News Event on Friday ( Jan . 9 ),Crypto Market Braces for Two Key News Event on Friday ( Jan . 9 ),https://www.banklesstimes.com/articles/2026/01/08/crypto-market-braces-for-two-key-news-event-on-friday-jan-9/,banklesstimes.com,65,15
2026-01-09,"Bitcoin , Ethereum , XRP , Dogecoin Weaken , While Stocks , Oil Gain : Analyst Says BTC Needs To Hold This Level To Avoid Falling Below $70 , 000","Bitcoin , Ethereum , XRP , Dogecoin Weaken , While Stocks , Oil Gain : Analyst Says BTC Needs To Hold This Level To Avoid Falling Below $70 , 000",https://biztoc.com/x/13e7b5c2c563f650,biztoc.com,145,30
2026-01-09,Morgan Stanley Adds Ethereum Trust To Planned Crypto ETF Lineup,Morgan Stanley Adds Ethereum Trust To Planned Crypto ETF Lineup,https://finance.yahoo.com/news/morgan-stanley-adds-ethereum-trust-130318959.html,finance.yahoo.com,63,10
2026-01-09,Bitcoin to Hit 2 . 9M by 2050 as it Becomes Global Trade Currency : VanEck,Bitcoin to Hit 2 . 9M by 2050 as it Becomes Global Trade Currency : VanEck,https://cointelegraph.com/news/bitcoin-hit-2-9m-2050-global-trade-vaneck,cointelegraph.com,74,16
2026-01-09,Bitcoin 2026 : Galaxy Digital sieht sehr schwieriges Jahr voraus,Bitcoin 2026 : Galaxy Digital sieht sehr schwieriges Jahr voraus,https://www.finanzen.net/nachricht/devisen/bitcoin-prognose-galaxy-digital-bitcoin-steht-2026-vor-schwierigen-zeiten-00-15382490,finanzen.net,64,10
2026-01-09,"CryptoQuant CEO Expects Boring Bitcoin Action , Not Major Crash","CryptoQuant CEO Expects Boring Bitcoin Action , Not Major Crash",https://www.newsbtc.com/bitcoin-news/cryptoquant-ceo-boring-bitcoin-action-major-crash/,newsbtc.com,63,10
2026-01-09,South Korea Supreme Court Says Bitcoin Held on Exchanges Can Be Seized,South Korea Supreme Court Says Bitcoin Held on Exchanges Can Be Seized,https://cointelegraph.com/news/south-korea-exchange-held-bitcoin,cointelegraph.com,70,12
2026-01-09,South Korea Top Court Rules Exchange - Held Bitcoin Can Be Seized,South Korea Top Court Rules Exchange - Held Bitcoin Can Be Seized,https://bravenewcoin.com/insights/south-koreas-top-court-rules-exchange-held-bitcoin-can-be-seized,bravenewcoin.com,65,12
2026-01-09,Nvidia CEO Jensen Huang Envisioned Compressing  Excess Energy  Into AI Models Grayscale Touts This Crypto As Right Match,Nvidia CEO Jensen Huang Envisioned Compressing  Excess Energy  Into AI Models Grayscale Touts This Crypto As Right Match,https://finance.yahoo.com/news/nvidia-ceo-jensen-huang-envisioned-213108932.html,finance.yahoo.com,120,18
2026-01-09,Trump Pick For Next Governor Of Florida Buys Bitcoin : Is Congressional Committee A Conflict ?,Trump Pick For Next Governor Of Florida Buys Bitcoin : Is Congressional Committee A Conflict ?,https://www.benzinga.com/crypto/26/01/49826299/trumps-pick-for-next-governor-of-florida-buys-bitcoin-is-congressional-committee-a-conflict,benzinga.com,94,16
2026-01-09,"Not Your Bitcoin , Not Your Key","Not Your Bitcoin , Not Your Key",https://www.energyandcapital.com/not-your-bitcoin-not-your-key/,energyandcapital.com,31,7
2026-01-09,Binance Launches Regulated Gold and Silver Perpetual Futures Settled in USDT,Binance Launches Regulated Gold and Silver Perpetual Futures Settled in USDT,https://finance.yahoo.com/news/binance-launches-regulated-gold-silver-110240173.html,finance.yahoo.com,76,11
2026-01-09,"Bitcoin Price Could Surge to $53 Million by 2050 , Says VanEck Here Why","Bitcoin Price Could Surge to $53 Million by 2050 , Says VanEck Here Why",https://finance.yahoo.com/news/bitcoin-price-could-surge-53-201338320.html,finance.yahoo.com,71,14
2026-01-09,"Bitcoin Risks Drop To $69 , 000 If Pennant Support Breaks , Analyst Warns","Bitcoin Risks Drop To $69 , 000 If Pennant Support Breaks , Analyst Warns",https://www.newsbtc.com/bitcoin-news/bitcoin-risks-drop-69000-pennant-support-analyst/,newsbtc.com,73,14
2026-01-09,"Top 3 Price Prediction : Bitcoin , Ethereum , Ripple – BTC , ETH and XRP find key support , reviving rally hopes","Top 3 Price Prediction : Bitcoin , Ethereum , Ripple – BTC , ETH and XRP find key support , reviving rally hopes",https://www.fxstreet.com/cryptocurrencies/news/top-3-price-prediction-bitcoin-ethereum-ripple-btc-eth-and-xrp-find-key-support-reviving-rally-hopes-202601090359,fxstreet.com,112,23
2026-01-09,"Bitcoin Weekly Forecast : Will BTC hold $90 , 000 ?","Bitcoin Weekly Forecast : Will BTC hold $90 , 000 ?",https://www.fxstreet.com/cryptocurrencies/news/bitcoin-weekly-forecast-early-2026-rally-falters-as-btc-investors-await-key-catalyst-202601091059,fxstreet.com,51,11
2026-01-09,"Bernstein expects Bitcoin to Rise , Strategy ( MSTR ) Buys More Bitcoin","Bernstein expects Bitcoin to Rise , Strategy ( MSTR ) Buys More Bitcoin",https://www.insidermonkey.com/blog/bernstein-expects-bitcoin-to-rise-strategy-mstr-buys-more-bitcoin-1671697/,insidermonkey.com,71,13
2026-01-09,ETF Outflows Stall Bitcoin Near $90000 as Zcash Governance,ETF Outflows Stall Bitcoin Near $90000 as Zcash Governance,https://www.riotimesonline.com/etf-outflows-stall-bitcoin-near-90000-as-zcash-governance-shock-spills-over/,riotimesonline.com,58,9
2026-01-09,GraniteShares YieldBOOST Bitcoin ETF ( NASDAQ : XBTY ) to Issue Dividend Increase – $0 . 21 Per Share,GraniteShares YieldBOOST Bitcoin ETF ( NASDAQ : XBTY ) to Issue Dividend Increase – $0 . 21 Per Share,https://www.tickerreport.com/banking-finance/13312222/graniteshares-yieldboost-bitcoin-etf-nasdaqxbty-to-issue-dividend-increase-0-21-per-share.html,tickerreport.com,101,19
2026-01-09,"Bitcoin Whales Keep Buying , 100+ BTC Holders Hit New Highs","Bitcoin Whales Keep Buying , 100+ BTC Holders Hit New Highs",https://bitcoinmagazine.com/news/bitcoin-whales-keep-buying-bitcoin,bitcoinmagazine.com,59,11
2026-01-09,Crypto for Advisors : 2026 : Crypto and Beyond,Crypto for Advisors : 2026 : Crypto and Beyond,https://finance.yahoo.com/news/crypto-advisors-2026-crypto-beyond-160000728.html,finance.yahoo.com,46,9
2026-01-09,GraniteShares YieldBOOST Bitcoin ETF ( NASDAQ : XBTY ) to Issue Dividend of $0 . 21,GraniteShares YieldBOOST Bitcoin ETF ( NASDAQ : XBTY ) to Issue Dividend of $0 . 21,https://www.dailypolitical.com/2026/01/09/graniteshares-yieldboost-bitcoin-etf-nasdaqxbty-to-issue-dividend-of-0-21.html,dailypolitical.com,83,16
2026-01-09,"Bitcoin Price Holds $90 , 000 After Trump Tariff Ruling Delay","Bitcoin Price Holds $90 , 000 After Trump Tariff Ruling Delay",https://bitcoinmagazine.com/markets/bitcoin-price-holds-90000-tariff-delay,bitcoinmagazine.com,61,11
2026-01-09,Bitcoin stabilan na oko 90 . 000 dolara .  Proboj psihološke granice otvorio bi put,Bitcoin stabilan na oko 90 . 000 dolara .  Proboj psihološke granice otvorio bi put,https://www.index.hr/vijesti/clanak/bitcoin-se-stabilizirao-na-oko-90000-dolara-cekaju-se-dvije-kljucne-odluke/2748507.aspx,index.hr,83,15
2026-01-09,"​​Bitcoin mining stocks rise as bitcoin flirts with $90 , 000","​​Bitcoin mining stocks rise as bitcoin flirts with $90 , 000",https://finance.yahoo.com/news/bitcoin-mining-stocks-rise-bitcoin-154538827.html,finance.yahoo.com,61,11
2026-01-09,"Uzmanlar Uyarıyor . Bitcoin Fiyatı 12 Bin Dolara çakılabilir ! - MEB Personel - En Güncel Öğretmen Haber , Atamaları , Maaşları , MEB Duyuruları","Uzmanlar Uyarıyor . Bitcoin Fiyatı 12 Bin Dolara çakılabilir ! - MEB Personel - En Güncel Öğretmen Haber , Atamaları , Maaşları , MEB Duyuruları",https://mebpersonel.com/kamudan-haber/uzmanlar-uyariyor-bitcoin-fiyati-12-bin-dolara-cakilabilir-h257714.html,mebpersonel.com,144,25
2026-01-09,Chainalysis : Crypto Crime Reaches Record $154 Billion in 2025,Chainalysis : Crypto Crime Reaches Record $154 Billion in 2025,https://www.moroccoworldnews.com/2026/01/274461/chainalysis-crypto-crime-reaches-record-154-billion-in-2025/,moroccoworldnews.com,62,10
2026-01-09,Nasdaq and CME Team Up To Issue the Nasdaq - CME Crypto Index,Nasdaq and CME Team Up To Issue the Nasdaq - CME Crypto Index,https://cointelegraph.com/news/nasdaq-cme-group-nasdaq-cme-crypto-index,cointelegraph.com,61,13
2026-01-09,Scammers use Bitcoin ATMs to steal thousands,Scammers use Bitcoin ATMs to steal thousands,https://www.gillettenewsrecord.com/news/wyoming/article_8ba74cc9-7b53-488c-b531-11bd02932a2b.html,gillettenewsrecord.com,44,7
2026-01-09,Bitcoin Steadies as ETF Flows Reverse and Altcoins Reprice,Bitcoin Steadies as ETF Flows Reverse and Altcoins Reprice,https://cointelegraph.com/news/bitcoin-90k-etfs-institutions-reposition,cointelegraph.com,58,9
2026-01-09,VanEck Dreams Big : Bitcoin to $53 Million by 2050 Amid $91K Stagnation,VanEck Dreams Big : Bitcoin to $53 Million by 2050 Amid $91K Stagnation,http://www.econotimes.com/VanEck-Dreams-Big-Bitcoin-to-53-Million-by-2050-Amid-91K-Stagnation-1730590,econotimes.com,71,13
2026-01-09,Fintech innovations fuelling crypto adoption,Fintech innovations fuelling crypto adoption,https://www.proactiveinvestors.co.uk/companies/news/1085433/fintech-innovations-fuelling-crypto-adoption-1085433.html,proactiveinvestors.co.uk,44,5
2026-01-09,Bitcoin ( BTC ) Price Prediction : Bitcoin at a Critical Juncture as Weekly RSI Breakout Eyes $105K While Support Weakens Below $89K,Bitcoin ( BTC ) Price Prediction : Bitcoin at a Critical Juncture as Weekly RSI Breakout Eyes $105K While Support Weakens Below $89K,https://bravenewcoin.com/insights/bitcoin-btc-price-prediction-bitcoin-at-a-critical-juncture-as-weekly-rsi-breakout-eyes-105k-while-support-weakens-below-89k,bravenewcoin.com,132,23
2026-01-09,Bitcoin Next Parabolic Rally Hinges On A Key Data Point,Bitcoin Next Parabolic Rally Hinges On A Key Data Point,https://cointelegraph.com/news/bitcoin-s-next-super-rally-could-depend-on-this-key-data-point,cointelegraph.com,55,10
2026-01-09,"Bitcoin Bulls Rest , Prepping For Rally To $101 . 5K","Bitcoin Bulls Rest , Prepping For Rally To $101 . 5K",https://cointelegraph.com/news/bitcoin-tests-key-support-as-bulls-reset-to-prepare-for-futures-led-rally-to-dollar101-5k,cointelegraph.com,52,11
2026-01-09,"Trump tilt towards crypto remains strategic for midterm elections , says Cathie Wood ( ARKK : BATS )","Trump tilt towards crypto remains strategic for midterm elections , says Cathie Wood ( ARKK : BATS )",https://seekingalpha.com/news/4537941-trumps-tilt-towards-crypto-remains-strategic-for-midterm-elections-says-cathie-wood,seekingalpha.com,100,18
2026-01-09,Crypto Biz : Wall Street Moves Onchain as Banks Embrace Digital Assets,Crypto Biz : Wall Street Moves Onchain as Banks Embrace Digital Assets,https://cointelegraph.com/news/wall-street-banks-crypto-etfs-tokenized-cash,cointelegraph.com,70,12
2026-01-09,Bitcoin - Kurs steuert auf siebten Gewinntag 2026 zu,Bitcoin - Kurs steuert auf siebten Gewinntag 2026 zu,https://www.onvista.de/news/2026/01-09-bitcoin-legt-zu-und-steuert-auf-siebten-handelstag-im-plus-in-diesem-jahr-zu-0-10-26467343,onvista.de,52,9
2026-01-09,"Bitcoin Can Hit $105 , 000 in Weeks Based on RSI Signals , Says Trader","Bitcoin Can Hit $105 , 000 in Weeks Based on RSI Signals , Says Trader",https://cointelegraph.com/news/bitcoin-rsi-bull-signals-multiply-price-battles-90k-control,cointelegraph.com,70,15
2026-01-09,"Bitcoin , Dogecoin , Ethereum : Aktuelle Kurse am Nachmittag","Bitcoin , Dogecoin , Ethereum : Aktuelle Kurse am Nachmittag",https://www.finanzen.net/nachricht/devisen/so-bewegen-sich-die-kurse-von-bitcoin-ripple-bitcoin-cash-und-ethereum-am-nachmittag-15406118,finanzen.net,60,10
2026-01-09,"Wall Street Analyst Is Still Bullish On Bitcoin , Predicts Price Recovery","Wall Street Analyst Is Still Bullish On Bitcoin , Predicts Price Recovery",https://www.newsbtc.com/news/bitcoin/wall-street-bullish-on-bitcoin/,newsbtc.com,73,12
2026-01-09,Curaçao Chronicle | Bitcoin outpaces NVIDIA in trading volume by 41 % during the first week of 2026,Curaçao Chronicle | Bitcoin outpaces NVIDIA in trading volume by 41 % during the first week of 2026,https://www.curacaochronicle.com/post/local/bitcoin-outpaces-nvidia-in-trading-volume-by-41-during-the-first-week-of-2026,curacaochronicle.com,99,18
2026-01-09,"Crypto Brief - Lowenstein Crypto Newsletter - January 8 , 2026 | Lowenstein Sandler LLP","Crypto Brief - Lowenstein Crypto Newsletter - January 8 , 2026 | Lowenstein Sandler LLP",https://www.jdsupra.com/legalnews/crypto-brief-lowenstein-crypto-7270696/,jdsupra.com,87,15
2026-01-09,"Trump  Has All Kinds Of Reason To Buy Bitcoin Before Midterms , Cathie Wood Says","Trump  Has All Kinds Of Reason To Buy Bitcoin Before Midterms , Cathie Wood Says",https://www.benzinga.com/crypto/cryptocurrency/26/01/49811172/trump-has-all-kinds-of-reasons-to-buy-bitcoin-before-midterms-cathie-wood-says,benzinga.com,80,15
2026-01-09,"Cambodia Extradites Chen Zhi , Notorious Crypto Scam Mastermind , to China","Cambodia Extradites Chen Zhi , Notorious Crypto Scam Mastermind , to China",https://www.newsnet5.com/news/cambodia-extradites-crypto-scam-leader-chen-zhi-to-china/,newsnet5.com,74,12
2026-01-09,Bitcoin Overlooked Role In The Protests In Iran,Bitcoin Overlooked Role In The Protests In Iran,https://www.benzinga.com/crypto/cryptocurrency/26/01/49823153/bitcoins-overlooked-role-in-the-protests-in-iran,benzinga.com,47,8
2026-01-09,Analyst Breaks Down Why Investors will Make More Money With XRP Than Bitcoin,Analyst Breaks Down Why Investors will Make More Money With XRP Than Bitcoin,https://www.newsbtc.com/analysis/xrp/more-money-with-xrp-than-btc/,newsbtc.com,76,13
2026-01-09,Bitcoin Indicator With 84 % Hit Rate Flashes : Is A Price Rally Next ?,Bitcoin Indicator With 84 % Hit Rate Flashes : Is A Price Rally Next ?,https://www.newsbtc.com/bitcoin-news/bitcoin-indicator-with-84-hit-rate-flashes-again/,newsbtc.com,70,15
2026-01-09,"Bitcoin , Ethereum , XRP : The 3 Cryptos Dominating January 2026","Bitcoin , Ethereum , XRP : The 3 Cryptos Dominating January 2026",https://www.finanznachrichten.de/nachrichten-2026-01/67399955-bitcoin-ethereum-xrp-the-3-cryptos-dominating-january-2026-385.htm,finanznachrichten.de,64,12
2026-01-09,"Why The Bitcoin Price Could Crash Another 20 % To $76 , 000 Soon","Why The Bitcoin Price Could Crash Another 20 % To $76 , 000 Soon",https://www.newsbtc.com/news/bitcoin/why-the-bitcoin-price-could-crash-another-20-to-76000-soon/,newsbtc.com,64,14
2026-01-09,15 Cryptocurrency Predictions For 2026,15 Cryptocurrency Predictions For 2026,https://www.finanznachrichten.de/nachrichten-2026-01/67400371-15-cryptocurrency-predictions-for-2026-385.htm,finanznachrichten.de,38,5
2026-01-09,"Bitcoin , Altcoin Rallies Suppressed By Selling Near Range Highs","Bitcoin , Altcoin Rallies Suppressed By Selling Near Range Highs",https://cointelegraph.com/news/price-predictions-1-9-btc-eth-xrp-bnb-sol-doge-ada-bch-link-hype,cointelegraph.com,64,10
2026-01-09,Bitcoin Traders Are Hands - Off Ahead of US Tariff Ruling,Bitcoin Traders Are Hands - Off Ahead of US Tariff Ruling,https://cointelegraph.com/news/bitcoin-price-clings-90k-traders-us-supreme-court-tariff-ruling,cointelegraph.com,57,11
2026-01-09,Cathie Wood : Trump May Buy Bitcoin Ahead Of Midterms,Cathie Wood : Trump May Buy Bitcoin Ahead Of Midterms,https://www.newsbtc.com/bitcoin-news/cathie-wood-trump-buy-bitcoin-ahead-of-midterms/,newsbtc.com,53,10
2026-01-09,Rumors are swirling about Venezuela holding $60 billion in Bitcoin but crypto experts are skeptical,Rumors are swirling about Venezuela holding $60 billion in Bitcoin but crypto experts are skeptical,https://fortune.com/2026/01/09/rumors-swirling-about-venezuela-bitcoin-crypto-experts-are-skeptical/,fortune.com,99,15
2026-01-09,Blockchain Stocks To Research – January 9th,Blockchain Stocks To Research – January 9th,https://www.tickerreport.com/banking-finance/13312099/blockchain-stocks-to-research-january-9th.html,tickerreport.com,43,7
2026-01-09,Crypto News : Billionaire Chen Zhi Sent to China in Crypto Scam,Crypto News : Billionaire Chen Zhi Sent to China in Crypto Scam,https://www.livebitcoinnews.com/15-billion-bitcoin-seizure-how-billionaire-chen-zhi-built-a-global-crypto-scam-and-lost-it-all/,livebitcoinnews.com,63,12
2026-01-09,BTC Inc documents over a year of operating bitcoin payments at scale in new BTCPay server case study,BTC Inc documents over a year of operating bitcoin payments at scale in new BTCPay server case study,https://tynmagazine.com/btc-inc-documents-over-a-year-of-operating-bitcoin-payments-at-scale-in-new-btcpay-server-case-study/,tynmagazine.com,100,18
2026-01-12,"Forget Bitcoin , XRP users are earning $9 , 700 in passive income daily through ETCMining","Forget Bitcoin , XRP users are earning $9 , 700 in passive income daily through ETCMining",https://www.fxstreet.com/press-releases/forget-bitcoin-xrp-users-are-earning-9-700-in-passive-income-daily-through-etcmining-202601120846,fxstreet.com,89,16
2026-01-12,Bitcoin Tops $92k As DOJ Subpoenas Escalate Trump - Powell Fight,Bitcoin Tops $92k As DOJ Subpoenas Escalate Trump - Powell Fight,https://www.newsbtc.com/bitcoin-news/bitcoin-tops-92000-trump-powell-fight/,newsbtc.com,64,11
2026-01-12,"Bitcoin , Dogecoin , Ethereum : Aktuelle Kurse am Mittag","Bitcoin , Dogecoin , Ethereum : Aktuelle Kurse am Mittag",https://www.finanzen.net/nachricht/devisen/so-bewegen-sich-die-kurse-von-bitcoin-ripple-bitcoin-cash-und-ethereum-am-montagmittag-15408798,finanzen.net,56,10
2026-01-12,Will Central Banks Soon Begin Adding Bitcoin to Their Reserves ?,Will Central Banks Soon Begin Adding Bitcoin to Their Reserves ?,https://internationalbanker.com/banking/will-central-banks-soon-begin-adding-bitcoin-to-their-reserves/,internationalbanker.com,64,11
2026-01-12,Macro Volatility Clouds are Gathering for Bitcoin This Week,Macro Volatility Clouds are Gathering for Bitcoin This Week,https://cointelegraph.com/news/fed-rate-cuts-under-fire-5-things-bitcoin-this-week,cointelegraph.com,59,9
2026-01-12,Bitcoin 2026 Outlook : ETF gravity vs . Macro ceiling,Bitcoin 2026 Outlook : ETF gravity vs . Macro ceiling,https://www.21shares.com/en-eu/research/bitcoin-2026-outlook-etf-gravity-vs-macro-ceiling,21shares.com,53,10
2026-01-12,Bitcoin Tops $91K As Criminal Probe Looms Over Fed Chair,Bitcoin Tops $91K As Criminal Probe Looms Over Fed Chair,https://insidebitcoins.com/news/bitcoin-soars-past-91k-as-criminal-investigation-looms-over-fed-chair-jerome-powell,insidebitcoins.com,56,10
2026-01-12,NFT Market Cap Surpasses +$3 . 3B - Are NFTs Rebounding ?,NFT Market Cap Surpasses +$3 . 3B - Are NFTs Rebounding ?,https://insidebitcoins.com/news/nft-market-cap-surpasses-3-3b-are-nfts-rebounding,insidebitcoins.com,57,12
2026-01-12,"Bitcoin , Ethereum , Ripple & Co .: Wie sich die Kryptokurse am Vormittag entwickeln","Bitcoin , Ethereum , Ripple & Co .: Wie sich die Kryptokurse am Vormittag entwickeln",https://www.finanzen.ch/nachrichten/devisen/bitcoin-ethereum-ripple-&-co-wie-sich-die-kryptokurse-am-vormittag-entwickeln-1035701821,finanzen.ch,84,15
2026-01-12,"Can Bitcoin Price Follow Gold ? Fed Chair Investigation Behind Gold Rise , Peter Schiff Claims","Can Bitcoin Price Follow Gold ? Fed Chair Investigation Behind Gold Rise , Peter Schiff Claims",https://finance.yahoo.com/news/bitcoin-price-gold-fed-chair-102953309.html,finance.yahoo.com,94,16
2026-01-12,"Here why Bitcoin could drop below $90 , 000","Here why Bitcoin could drop below $90 , 000",https://www.fxstreet.com/cryptocurrencies/news/bitcoin-price-forecast-btc-struggles-amid-etf-outflows-bearish-futures-data-202601121059,fxstreet.com,43,9
2026-01-12,Vitalik Buterin : Ethereum steht vor seinem „ Linux - Moment,Vitalik Buterin : Ethereum steht vor seinem „ Linux - Moment,https://www.boersennews.de/nachrichten/partner/cryptopr/vitalik-buterin-ethereum-steht-vor-seinem-linux-moment/5004987/,boersennews.de,60,11
2026-01-12,CHRISTO DE WIT | The future of crypto is now,CHRISTO DE WIT | The future of crypto is now,https://www.sowetan.co.za/s-mag/money/2026-01-12-christo-de-wit-the-future-of-crypto-is-now/,sowetan.co.za,44,10
2026-01-12,Bitcoin ( BTC ) Price Prediction : BTC Near $94K Decision Zone as Technical Structure Defines Next Major Move,Bitcoin ( BTC ) Price Prediction : BTC Near $94K Decision Zone as Technical Structure Defines Next Major Move,https://bravenewcoin.com/insights/bitcoin-btc-price-prediction-btc-near-94k-decision-zone-as-technical-structure-defines-next-major-move,bravenewcoin.com,109,19
2026-01-12,South Korea Set to Revive Corporate Crypto Investments After Extended Freeze,South Korea Set to Revive Corporate Crypto Investments After Extended Freeze,https://rejoicemagazine.net/south-korea-set-to-revive-corporate-crypto-investments-after-extended-freeze/,rejoicemagazine.net,76,11
2026-01-12,"BTQ Technologies Launches Bitcoin Quantum Testnet , Marking 17 Years Since Bitcoin Genesis Block with First Quantum - Safe Fork","BTQ Technologies Launches Bitcoin Quantum Testnet , Marking 17 Years Since Bitcoin Genesis Block with First Quantum - Safe Fork",https://www.itnewsonline.com/PRNewswire/BTQ-Technologies-Launches-Bitcoin-Quantum-Testnet-Marking-17-Years-Since-Bitcoins-Genesis-Block-with-First-Quantum-Safe-Fork/1104499,itnewsonline.com,127,20
2026-01-12,"As Bitcoin Trends Continue to Shift , OAKMining Reframes Mining as a Strategy for Lasting Value","As Bitcoin Trends Continue to Shift , OAKMining Reframes Mining as a Strategy for Lasting Value",https://www.botasot.info/teknologji-shkence/2434774/as-bitcoin-trends-continue-to-shift-oakmining-reframes-mining-as-a-strategy-for-lasting-value/,botasot.info,95,16
2026-01-12,Bitcoin Kurs Prognose : BTC soll laut Experten noch viel tiefer fallen,Bitcoin Kurs Prognose : BTC soll laut Experten noch viel tiefer fallen,https://www.boersennews.de/nachrichten/partner/cryptopr/bitcoin-kurs-prognose-btc-soll-laut-experten-noch-viel-tiefer-fallen/5004675/,boersennews.de,70,12
2026-01-12,"Bitcoin rises 1 %, Nasdaq futures and dollar drop as Trump - Powell feud escalates","Bitcoin rises 1 %, Nasdaq futures and dollar drop as Trump - Powell feud escalates",https://finance.yahoo.com/news/bitcoin-rises-1-nasdaq-futures-051610897.html,finance.yahoo.com,82,15
2026-01-12,Project MUSE - The Politics of Bitcoin,Project MUSE - The Politics of Bitcoin,https://muse.jhu.edu/book/93895,muse.jhu.edu,38,7
2026-01-12,Mezo Opens Pre - Deposit Vaults to Migrate Bitcoin Liquidity From Ethereum Back to Bitcoin - Native Infrastructure,Mezo Opens Pre - Deposit Vaults to Migrate Bitcoin Liquidity From Ethereum Back to Bitcoin - Native Infrastructure,https://www.benzinga.com/pressreleases/26/01/49853975/mezo-opens-pre-deposit-vaults-to-migrate-bitcoin-liquidity-from-ethereum-back-to-bitcoin-native-inf,benzinga.com,114,18
2026-01-12,"Bitcoin tests $92 , 000 resistance , Ethereum up 2 %","Bitcoin tests $92 , 000 resistance , Ethereum up 2 %",https://en.apa.az/cryptocurrency/bitcoin-tests-92000-resistance-ethereum-up-2-488640,en.apa.az,52,11
2026-01-12,Delayed corporate access fuels frustration in Korea shrinking crypto market,Delayed corporate access fuels frustration in Korea shrinking crypto market,https://www.koreatimes.co.kr/economy/cryptocurrency/20260112/delayed-corporate-access-fuels-frustration-in-koreas-shrinking-crypto-market,koreatimes.co.kr,75,10
2026-01-12,"Bitcoin Price Recovery Bid Emerges , Resistance Still Looms Large","Bitcoin Price Recovery Bid Emerges , Resistance Still Looms Large",https://www.newsbtc.com/analysis/btc/bitcoin-price-recovery-bid-emerges/,newsbtc.com,65,10
2026-01-12,Satoshi - Era Miner Moves Millions in Bitcoin After 15 Years of Silence,Satoshi - Era Miner Moves Millions in Bitcoin After 15 Years of Silence,https://finance.yahoo.com/news/satoshi-era-miner-moves-millions-190000016.html,finance.yahoo.com,71,13
2026-01-12,DLMining Leads New Trends in Digital Asset Investment with AI - Blockchain Architecture,DLMining Leads New Trends in Digital Asset Investment with AI - Blockchain Architecture,https://www.thecork.ie/2026/01/11/dlmining-leads-new-trends-in-digital-asset-investment-with-ai-blockchain-architecture/,thecork.ie,87,13
2026-01-12,Analysis of cryptocurrency market at beginning of 2026,Analysis of cryptocurrency market at beginning of 2026,https://www.fixygen.ua/news/20260112/analysis-of-cryptocurrency-market-at-beginning-of-2026.html,fixygen.ua,54,8
2026-01-12,Galaxy Digital sieht Bitcoin 2026 in einer herausfordernden Phase,Galaxy Digital sieht Bitcoin 2026 in einer herausfordernden Phase,https://www.finanzen.ch/nachrichten/devisen/galaxy-digital-sieht-bitcoin-2026-in-einer-herausfordernden-phase-1035698052,finanzen.ch,65,9
2026-01-12,Bitcoin Held The Low - $90Ks As Privacy Coins Led A Split Crypto,Bitcoin Held The Low - $90Ks As Privacy Coins Led A Split Crypto,https://www.riotimesonline.com/bitcoin-held-the-low-90ks-as-privacy-coins-led-a-split-crypto-tape/,riotimesonline.com,64,13
2026-01-12,Forecasts for cryptocurrency market in 2026 : three scenarios,Forecasts for cryptocurrency market in 2026 : three scenarios,https://www.fixygen.ua/news/20260112/forecasts-for-cryptocurrency-market-in-2026-three-scenarios.html,fixygen.ua,61,9
2026-01-12,Czy bitcoin da zarobić w 2026 roku ?,Czy bitcoin da zarobić w 2026 roku ?,https://www.parkiet.com/kryptowaluty/art43607291-czy-bitcoin-nadal-ma-szanse-na-rekordy,parkiet.com,36,8
2026-01-12,Best Altcoin To Buy in 2026 : LiquidChain ( $LIQUID ) Ranks High As XRP Reaches $2 . 30,Best Altcoin To Buy in 2026 : LiquidChain ( $LIQUID ) Ranks High As XRP Reaches $2 . 30,https://insidebitcoins.com/press-releases/best-altcoin-to-buy-in-2026-liquidchain-liquid-ranks-high-as-xrp-reaches-2-30,insidebitcoins.com,87,19
2026-01-12,Ethereum Price Stabilizes as Social Sentiment Echoes Pre - Rally,Ethereum Price Stabilizes as Social Sentiment Echoes Pre - Rally,https://insidebitcoins.com/news/ethereum-price-stabilizes-as-social-sentiment-echoes-pre-rally-levelsanalysts-see-potential-upside,insidebitcoins.com,64,10
2026-01-12,Samson Mow Predicts Elon Musk Will Go All - In on Bitcoin in 2026,Samson Mow Predicts Elon Musk Will Go All - In on Bitcoin in 2026,https://insidebitcoins.com/news/samson-mow-predicts-elon-musk-will-go-all-in-on-bitcoin-in-2026-as-1-3m-btc-target-looms,insidebitcoins.com,65,14
2026-01-12,"Bitcoin rebounds towards $92 , 000 as traders turn cautious ahead of US inflation data","Bitcoin rebounds towards $92 , 000 as traders turn cautious ahead of US inflation data",https://economictimes.indiatimes.com/markets/cryptocurrency/bitcoin-rebounds-towards-92000-as-traders-turn-cautious-ahead-of-us-inflation-data/articleshow/126477438.cms,economictimes.indiatimes.com,86,15
2026-01-12,"Crypto 2026 : Institutional Capital , ETFs , and Digital Assets","Crypto 2026 : Institutional Capital , ETFs , and Digital Assets",https://www.hedgeco.net/news/01/2026/crypto-2026-institutional-capital-etfs-and-digital-assets.html,hedgeco.net,63,11
2026-01-12,Trump - Fed gerilimi gölgesinde Bitcoin yükseldi : Kriptoda gözler TÜFE verilerinde,Trump - Fed gerilimi gölgesinde Bitcoin yükseldi : Kriptoda gözler TÜFE verilerinde,https://www.dunya.com/ekonomi/trump-fed-gerilimi-golgesinde-bitcoin-yukseldi-kriptoda-gozler-tufe-verilerinde-haberi-810946,dunya.com,83,12
2026-01-12,Coinbase Aktie Prognose | Ist COIN eine gute Aktie ? | Capital . com Deutschland,Coinbase Aktie Prognose | Ist COIN eine gute Aktie ? | Capital . com Deutschland,https://capital.com/de-de/analysis/coinbase-stock-five-year-forecast-coin,capital.com,80,15
2026-01-12,"FinancialContent - Trump Tariff Shockwaves : Bitcoin Slumps to $89 , 060 as $516M Flees Spot ETFs","FinancialContent - Trump Tariff Shockwaves : Bitcoin Slumps to $89 , 060 as $516M Flees Spot ETFs",https://markets.financialcontent.com/stocks/article/breakingcrypto-2026-1-12-trumps-tariff-shockwaves-bitcoin-slumps-to-89060-as-516m-flees-spot-etfs,markets.financialcontent.com,97,17
2026-01-12,Ethereum ( ETH ) Market Capitalization Hits $373 . 39 Billion,Ethereum ( ETH ) Market Capitalization Hits $373 . 39 Billion,https://www.themarketsdaily.com/2026/01/12/ethereum-eth-market-capitalization-hits-373-39-billion.html,themarketsdaily.com,61,11
2026-01-12,Juan Galt - Author Archives - Bitcoin Magazine,Juan Galt - Author Archives - Bitcoin Magazine,https://bitcoinmagazine.com/authors/juan-galt?mab_v3=49825,bitcoinmagazine.com,46,8
2026-01-12,"Bitcoin Price Climbs Near $92 , 000 as the Federal Reserve and DOJ Showdown","Bitcoin Price Climbs Near $92 , 000 as the Federal Reserve and DOJ Showdown",https://insurancenewsnet.com/oarticle/bitcoin-price-climbs-near-92000-as-the-federal-reserve-and-doj-showdown,insurancenewsnet.com,75,14
2026-01-12,FinancialContent - EU Regulatory Cliff Triggers $50 Billion Altcoin Wipeout as  Leverage Trap  Snaps Shut,FinancialContent - EU Regulatory Cliff Triggers $50 Billion Altcoin Wipeout as  Leverage Trap  Snaps Shut,https://markets.financialcontent.com/stocks/article/breakingcrypto-2026-1-12-eu-regulatory-cliff-triggers-50-billion-altcoin-wipeout-as-leverage-trap-snaps-shut,markets.financialcontent.com,105,15
2026-01-12,Did The U . S Steal $15B Bitcoin From A Chinese Scam King ? Here Is The Truth,Did The U . S Steal $15B Bitcoin From A Chinese Scam King ? Here Is The Truth,https://www.finanznachrichten.de/nachrichten-2026-01/67414431-did-the-u-s-steal-dollar-15b-bitcoin-from-a-chinese-scam-king-here-is-the-truth-385.htm,finanznachrichten.de,77,18
2026-01-12,$750M Left Bitcoin And Ether ETFs - Institutions Abandoning BTC ?,$750M Left Bitcoin And Ether ETFs - Institutions Abandoning BTC ?,https://www.finanznachrichten.de/nachrichten-2026-01/67414434-dollar-750m-left-bitcoin-and-ether-etfs-institutions-abandoning-btc-385.htm,finanznachrichten.de,65,11
2026-01-12,SEC Staff Clarifies  Possession and Control  in Custody Rules for Crypto Assets,SEC Staff Clarifies  Possession and Control  in Custody Rules for Crypto Assets,https://www.pymnts.com/cpi-posts/sec-staff-clarifies-possession-and-control-in-custody-rules-for-crypto-assets/,pymnts.com,79,12
2026-01-12,Strategy MSTR buys Bitcoin BTC USD : MSTR stock surges today after Michael Saylor Strategy buys $1 . 25 billion worth of Bitcoin ( BTC USD ),Strategy MSTR buys Bitcoin BTC USD : MSTR stock surges today after Michael Saylor Strategy buys $1 . 25 billion worth of Bitcoin ( BTC USD ),https://economictimes.indiatimes.com/news/international/us/mstr-stock-surges-today-after-michael-saylors-strategy-buys-1-25-billion-worth-of-bitcoin-btc-usd/articleshow/126491702.cms,economictimes.indiatimes.com,140,27
2026-01-12,FinancialContent - The Digital Fort Knox : How the Trump Administration National Crypto Reserve is Redefining Global Finance,FinancialContent - The Digital Fort Knox : How the Trump Administration National Crypto Reserve is Redefining Global Finance,https://markets.financialcontent.com/stocks/article/breakingcrypto-2026-1-12-the-digital-fort-knox-how-the-trump-administrations-national-crypto-reserve-is-redefining-global-finance,markets.financialcontent.com,124,18
2026-01-12,Iran Rial Just Collapsed . Is It Time For Bitcoin ?,Iran Rial Just Collapsed . Is It Time For Bitcoin ?,https://bitcoinmagazine.com/news/irans-rial-collapses-bitcoin-alternative,bitcoinmagazine.com,51,11
2026-01-12,"Billionaire Michael Saylor Strategy Scoops 13 , 627 Bitcoin for $1 . 25B","Billionaire Michael Saylor Strategy Scoops 13 , 627 Bitcoin for $1 . 25B",https://finance.yahoo.com/news/billionaire-michael-saylor-strategy-scoops-164804188.html,finance.yahoo.com,72,13
2026-01-12,"OG Whales Sell $286M , But BTC Bulls Still Aim For $100K","OG Whales Sell $286M , But BTC Bulls Still Aim For $100K",https://cointelegraph.com/news/bitcoin-whales-sell-dollar286m-but-odds-of-dollar100k-btc-high,cointelegraph.com,56,12
2026-01-12,Fitch Warns Bitcoin - Backed Securities Pose High Market Value Risk,Fitch Warns Bitcoin - Backed Securities Pose High Market Value Risk,https://cointelegraph.com/news/fitch-warns-bitcoin-backed-securities-market-value-risk,cointelegraph.com,67,11
2026-01-12,Why The $2 . 9 Billion Bitcoin Whale Buy Could Spell Doom For The Market,Why The $2 . 9 Billion Bitcoin Whale Buy Could Spell Doom For The Market,https://www.newsbtc.com/news/bitcoin/the-bitcoin-whale-buy/,newsbtc.com,72,15
2026-01-12,"Bitcoin Bears Hold $94K Resistance As Price Drops To $90 , 891 Weekly Close","Bitcoin Bears Hold $94K Resistance As Price Drops To $90 , 891 Weekly Close",https://bitcoinmagazine.com/markets/bitcoin-bears-hold-94k-resistance-as-price-drops-to-90891-weekly-close,bitcoinmagazine.com,75,14
2026-01-12,"Strategy ( NASDAQ : MSTR ) Director Carl Rickertsen Acquires 5 , 000 Shares","Strategy ( NASDAQ : MSTR ) Director Carl Rickertsen Acquires 5 , 000 Shares",https://www.tickerreport.com/banking-finance/13314134/strategy-nasdaqmstr-director-carl-rickertsen-acquires-5000-shares.html,tickerreport.com,75,14
2026-01-12,"Litecoin Price Outlook : Will $80 Be Next as Bitcoin Eyes $92 , 000 Recovery ?","Litecoin Price Outlook : Will $80 Be Next as Bitcoin Eyes $92 , 000 Recovery ?",https://rejoicemagazine.net/litecoin-price-outlook-will-80-be-next-as-bitcoin-eyes-92000-recovery/,rejoicemagazine.net,78,16
2026-01-12,"Bitcoin Price Nears $92 , 000 As Fed - DOJ Clash","Bitcoin Price Nears $92 , 000 As Fed - DOJ Clash",https://bitcoinmagazine.com/markets/bitcoin-price-climbs-near-92000-fed-doj,bitcoinmagazine.com,48,11
2026-01-12,Crypto firm BitGo targets valuation of up to $1 . 96 billion in US IPO details here,Crypto firm BitGo targets valuation of up to $1 . 96 billion in US IPO details here,https://www.livemint.com/companies/news/crypto-firm-bitgo-targets-valuation-of-up-to-1-96-billion-in-us-ipo-details-here-11768235424518.html,livemint.com,83,17
2026-01-12,Coinbase Might Exit Support For CLARITY Act Over Conflicts,Coinbase Might Exit Support For CLARITY Act Over Conflicts,https://bitcoinmagazine.com/news/coinbase-may-drop-support-for-clarity-act,bitcoinmagazine.com,58,9
2026-01-12,ETF Investors Pull Back From Bitcoin and Ether as Altcoin Funds Buck Trend,ETF Investors Pull Back From Bitcoin and Ether as Altcoin Funds Buck Trend,https://finance.yahoo.com/news/etf-investors-pull-back-bitcoin-092600231.html,finance.yahoo.com,74,13
2026-01-12,Elizabeth Warren presses SEC Chair Atkins on 401 ( k ) crypto risks,Elizabeth Warren presses SEC Chair Atkins on 401 ( k ) crypto risks,https://www.cnbc.com/2026/01/12/elizabeth-warren-sec-chair-paul-atkins-401k-crypto-risks.html,cnbc.com,67,13
2026-01-12,Ex - NYC Mayor Adams unveils  NYCToken  crypto coin he claims will fight antisemitism,Ex - NYC Mayor Adams unveils  NYCToken  crypto coin he claims will fight antisemitism,https://nypost.com/2026/01/12/us-news/ex-nyc-mayor-adams-unveils-nyctoken-crypto-coin-he-claims-will-fight-antisemitism/,nypost.com,85,14
2026-01-12,"Ethereum to $40 , 000 ? Why one analyst expects the second - biggest crypto to outperform Bitcoin","Ethereum to $40 , 000 ? Why one analyst expects the second - biggest crypto to outperform Bitcoin",https://finance.yahoo.com/news/ethereum-40-000-why-one-163314210.html,finance.yahoo.com,97,18
2026-01-12,"Betterment Financial App Accidentally Sends $10 , 000 Crypto Scam Alert","Betterment Financial App Accidentally Sends $10 , 000 Crypto Scam Alert",https://www.el-balad.com/6819799,el-balad.com,71,11
2026-01-12,Bitcoin Gold ( BTG ) Trading Up 149 . 1 % Over Last 7 Days,Bitcoin Gold ( BTG ) Trading Up 149 . 1 % Over Last 7 Days,https://www.themarketsdaily.com/2026/01/12/bitcoin-gold-btg-trading-up-149-1-over-last-7-days.html,themarketsdaily.com,58,15
2026-01-12,DOJ Subpoenas Fed as Gold Outpaces Bitcoin,DOJ Subpoenas Fed as Gold Outpaces Bitcoin,https://www.coinspeaker.com/doj-probe-of-powell-tests-bitcoins-safe-haven-thesis-as-gold-hits-record/,coinspeaker.com,42,7
2026-01-12,"American Crypto  Doesnt Exist , Cardano Founder Says","American Crypto  Doesnt Exist , Cardano Founder Says",https://cointelegraph.com/news/charles-hoskinson-doubts-clarity-act-urges-david-sacks-exit,cointelegraph.com,52,8
2026-01-12,"Crypto Today : Bitcoin steady above $90K , Ethereum ranges , XRP weakens","Crypto Today : Bitcoin steady above $90K , Ethereum ranges , XRP weakens",https://www.fxstreet.com/cryptocurrencies/news/crypto-today-bitcoin-ethereum-hold-steady-xrp-slides-after-doj-criminal-investigation-into-fed-chair-powell-202601121209,fxstreet.com,72,13
2026-01-12,NFT ( NFT ) One Day Trading Volume Reaches $9 . 00,NFT ( NFT ) One Day Trading Volume Reaches $9 . 00,https://www.themarketsdaily.com/2026/01/12/nft-nft-one-day-trading-volume-reaches-9-00.html,themarketsdaily.com,50,12
2026-01-12,Ethereum Prints Copycat 95 % Rally Setup Against Bitcoin,Ethereum Prints Copycat 95 % Rally Setup Against Bitcoin,https://cointelegraph.com/news/ethereum-set-for-95-percent-copycat-rally-against-bitcoin,cointelegraph.com,56,9
2026-01-12,Analysis :  Book Closed  On Bitcoin Vs . Gold Debasement Trade,Analysis :  Book Closed  On Bitcoin Vs . Gold Debasement Trade,https://cointelegraph.com/news/bitcoin-loses-to-gold-debasement-trade-with-btc-2-year-lows-analyst,cointelegraph.com,62,11
2026-01-12,World Liberty Financial Enters Crypto Lending with USD1 Stablecoin,World Liberty Financial Enters Crypto Lending with USD1 Stablecoin,https://cointelegraph.com/news/world-liberty-financial-crypto-lending-usd1-stablecoin,cointelegraph.com,66,9
2026-01-12,"Standard Chartered Said to Launch Crypto Brokerage , Lowers ETH Forecasts","Standard Chartered Said to Launch Crypto Brokerage , Lowers ETH Forecasts",https://cointelegraph.com/news/standard-chartered-crypto-prime-brokerage-plans,cointelegraph.com,73,11
2026-01-12,Cryptocurrency Stocks To Follow Today – January 12th,Cryptocurrency Stocks To Follow Today – January 12th,https://www.themarketsdaily.com/2026/01/12/cryptocurrency-stocks-to-follow-today-january-12th.html,themarketsdaily.com,52,8
2026-01-12,Bitcoin Treasury Firm H100 Moves To Buy Future Holdings,Bitcoin Treasury Firm H100 Moves To Buy Future Holdings,https://bitcoinmagazine.com/news/h100-moves-to-buy-future-holdings,bitcoinmagazine.com,55,9
2026-01-12,FinancialContent - The $1 . 5 Billion Breach : How the Lazarus Group Safe { Wallet } Exploit Rewrote the Rules of Crypto Security,FinancialContent - The $1 . 5 Billion Breach : How the Lazarus Group Safe { Wallet } Exploit Rewrote the Rules of Crypto Security,https://markets.financialcontent.com/stocks/article/breakingcrypto-2026-1-12-the-15-billion-breach-how-the-lazarus-groups-safewallet-exploit-rewrote-the-rules-of-crypto-security,markets.financialcontent.com,129,24
2026-01-13,Altın devri kapanıyor mu ?  2026  nın şampiyonu borsa ve Bitcoin olabilir,Altın devri kapanıyor mu ?  2026  nın şampiyonu borsa ve Bitcoin olabilir,https://www.hurriyet.com.tr/gundem/altin-devri-kapaniyor-mu-2026nin-sampiyonu-borsa-ve-bitcoin-olabilir-43083284,hurriyet.com.tr,73,12
2026-01-13,Maxi Doge Emerges as the Next Big Cryptocurrency Drawing Global,Maxi Doge Emerges as the Next Big Cryptocurrency Drawing Global,https://www.openpr.com/news/4346571/maxi-doge-emerges-as-the-next-big-cryptocurrency-drawing-global,openpr.com,63,10
2026-01-13,"Crypto Today : Bitcoin , Ethereum rebound on ETF inflows , XRP holds steady","Crypto Today : Bitcoin , Ethereum rebound on ETF inflows , XRP holds steady",https://www.fxstreet.com/cryptocurrencies/news/crypto-today-bitcoin-ethereum-build-breakout-momentum-xrp-lags-amid-mild-etf-inflows-202601131200,fxstreet.com,75,14
2026-01-13,Defi App ( HOME ) Reaches 1 - Day Volume of $26 . 46 Million,Defi App ( HOME ) Reaches 1 - Day Volume of $26 . 46 Million,https://www.tickerreport.com/banking-finance/13314653/defi-app-home-reaches-1-day-volume-of-26-46-million.html,tickerreport.com,60,15
2026-01-13,"13 Best Bitcoin Cloud Mining methods for 2025 Easy , secure ways to start your Crypto investment journey","13 Best Bitcoin Cloud Mining methods for 2025 Easy , secure ways to start your Crypto investment journey",https://cyprus-mail.com/2026/01/13/13-best-bitcoin-cloud-mining-methods-for-2025-easy-secure-ways-to-atart-your-crypto-investment-journey,cyprus-mail.com,104,18
2026-01-13,"CLARITY Act Will End Crypto Winter as Bitcoin Four Year Cycle Ends , Says Bitwise Matt Hougan","CLARITY Act Will End Crypto Winter as Bitcoin Four Year Cycle Ends , Says Bitwise Matt Hougan",https://finance.yahoo.com/news/clarity-act-end-crypto-winter-114715266.html,finance.yahoo.com,93,17
2026-01-13,"Solana hazine şirketi Sharps Technology , Coinbase ile validator başlattı","Solana hazine şirketi Sharps Technology , Coinbase ile validator başlattı",https://www.haberler.com/kripto-para/solana-hazine-sirketi-sharps-technology-coinbase-19457726-haberi/,haberler.com,73,10
2026-01-13,"Standard Chartered : Ethereum , Bitcoini geride bırakabilir","Standard Chartered : Ethereum , Bitcoini geride bırakabilir",https://www.sabah.com.tr/finans/ekonomi/standard-chartered-ethereum-bitcoini-geride-birakabilir-7503113,sabah.com.tr,59,8
2026-01-13,Kryptowährungen : Aktueller Marktbericht zu Bitcoin & Co .,Kryptowährungen : Aktueller Marktbericht zu Bitcoin & Co .,https://www.finanzen.ch/nachrichten/devisen/kryptowahrungen-aktueller-marktbericht-zu-bitcoin-&-co--1035706387,finanzen.ch,58,9
2026-01-13,Binance Founder CZ Encourages Crypto Holders As Wells Fargo Reports Bitcoin ETF Holdings ( CORRECTED ),Binance Founder CZ Encourages Crypto Holders As Wells Fargo Reports Bitcoin ETF Holdings ( CORRECTED ),https://finance.yahoo.com/news/binance-founder-cz-encourages-crypto-130117520.html,finance.yahoo.com,102,16
2026-01-13,EQS - News : DeFi Technologies Inc .: DeFi Technologies verzeichnet Rekord - Nettozuflüsse bei Valour im Jahr 2025 und unterstreicht damit die Dynamik seines Kerngeschäfts jenseits der Preisvolatilität des verwalteten Vermögens,EQS - News : DeFi Technologies Inc .: DeFi Technologies verzeichnet Rekord - Nettozuflüsse bei Valour im Jahr 2025 und unterstreicht damit die Dynamik seines Kerngeschäfts jenseits der Preisvolatilität des verwalteten Vermögens,https://www.finanznachrichten.de/nachrichten-2026-01/67416736-eqs-news-defi-technologies-inc-defi-technologies-verzeichnet-rekord-nettozufluesse-bei-valour-im-jahr-2025-und-unterstreicht-damit-die-dynamik-seine-022.htm,finanznachrichten.de,227,32
2026-01-13,Is It Too Late To Profitably Invest In Bitcoin ?,Is It Too Late To Profitably Invest In Bitcoin ?,https://www.blackenterprise.com/is-it-too-late-to-profitably-invest-in-bitcoin/,blackenterprise.com,48,10
2026-01-13,21Shares Lists Bitcoin And Gold ETP On London Stock Exchange,21Shares Lists Bitcoin And Gold ETP On London Stock Exchange,https://cointelegraph.com/news/21shares-bold-etp-bitcoin-and-gold-exposure,cointelegraph.com,60,10
2026-01-13,Bitcoin and Gold ETF ( BOLD ) From 21Shares Goes Live on London Stock Exchange,Bitcoin and Gold ETF ( BOLD ) From 21Shares Goes Live on London Stock Exchange,https://www.coinspeaker.com/bitcoin-and-gold-etf-bold-from-21shares-goes-live-on-london-stock-exchange/,coinspeaker.com,78,15
2026-01-13,"Bitcoin Buy The Fear , HODL The Truth . - Live Trading News","Bitcoin Buy The Fear , HODL The Truth . - Live Trading News",https://www.livetradingnews.com/bitcoin-buy-the-fear-hodl-the-truth-226820.html,livetradingnews.com,59,13
2026-01-13,KXCO And Bitcoin : Integration And Accessibility In Digital Assets,KXCO And Bitcoin : Integration And Accessibility In Digital Assets,https://www.livetradingnews.com/kxco-and-bitcoin-integration-and-accessibility-in-digital-assets-226857.html,livetradingnews.com,66,10
2026-01-13,"How ETFs , Derivatives , And Paper $BTC Are Driving Price","How ETFs , Derivatives , And Paper $BTC Are Driving Price",https://www.livetradingnews.com/how-etfs-derivatives-and-paper-btc-are-driving-price-226770.html,livetradingnews.com,57,11
2026-01-13,Bitwise Challenges Warren on Bitcoin 401 ( k ),Bitwise Challenges Warren on Bitcoin 401 ( k ),https://www.coinspeaker.com/bitwise-slams-elizabeth-warren-for-trying-to-block-bitcoin-investment-in-401k/,coinspeaker.com,46,9
2026-01-13,"Bitwise CIO Argues for Bitcoin in 401 ( k ) s , as Senator Warren Questions SEC","Bitwise CIO Argues for Bitcoin in 401 ( k ) s , as Senator Warren Questions SEC",https://cointelegraph.com/news/bitwise-bitcoin-401k-ban-ridiculous-warren-sec,cointelegraph.com,79,17
2026-01-13,Is it too late to profitably invest in bitcoin ? - Shelbyville Times - Gazette,Is it too late to profitably invest in bitcoin ? - Shelbyville Times - Gazette,"http://www.t-g.com/premium/stacker/stories/is-it-too-late-to-profitably-invest-in-bitcoin,203171",t-g.com,78,15
2026-01-13,Bitcoin rises as ETF flows turn positive - London Business News,Bitcoin rises as ETF flows turn positive - London Business News,https://londonlovesbusiness.com/bitcoin-rises-as-etf-flows-turn-positive/,londonlovesbusiness.com,63,11
2026-01-13,Crypto . com Staked ETH Trading Down 3 . 5 % Over Last 7 Days ( CDCETH ),Crypto . com Staked ETH Trading Down 3 . 5 % Over Last 7 Days ( CDCETH ),https://www.themarketsdaily.com/2026/01/13/crypto-com-staked-eth-trading-down-3-5-over-last-7-days-cdceth.html,themarketsdaily.com,72,18
2026-01-13,"Institutional and retail investors flocked to Credit Blockchain , with profits surpassing 0 . 08999 BTC ( Bitcoin ) in a single day","Institutional and retail investors flocked to Credit Blockchain , with profits surpassing 0 . 08999 BTC ( Bitcoin ) in a single day",https://www.alertadigital.com/2026/01/13/institutional-and-retail-investors-flocked-to-credit-blockchain-with-profits-surpassing-0-08999-btc-bitcoin-in-a-single-day/,alertadigital.com,131,23
2026-01-13,Best Blockchain Stocks To Keep An Eye On – January 10th,Best Blockchain Stocks To Keep An Eye On – January 10th,https://www.dailypolitical.com/2026/01/12/best-blockchain-stocks-to-keep-an-eye-on-january-10th.html,dailypolitical.com,55,11
2026-01-13,Bitcoin News : Powell raus ? Krypto - Anleger setzen auf Hassett für Bullenmarkt,Bitcoin News : Powell raus ? Krypto - Anleger setzen auf Hassett für Bullenmarkt,https://www.finanzen.net/nachricht/devisen/bitcoin-news-powell-raus-krypto-anleger-setzen-auf-hassett-fuer-bullenmarkt-15411425,finanzen.net,80,14
2026-01-13,2 Things to Expect From Your First Bitcoin ETF Purchase in 2026,2 Things to Expect From Your First Bitcoin ETF Purchase in 2026,https://www.fool.com/investing/2026/01/13/2-things-to-expect-from-first-bitcoin-etf-purchase/?source=iedfolrf0000001,fool.com,63,12
2026-01-13,Fitchten  Bitcoin  uyarısı,Fitchten  Bitcoin  uyarısı,https://www.sabah.com.tr/finans/ekonomi/fitchten-bitcoin-uyarisi-7502816,sabah.com.tr,26,3
2026-01-13,"Bitcoin , Ethereum , Solana dip amid Washington policy hang","Bitcoin , Ethereum , Solana dip amid Washington policy hang",https://en.apa.az/cryptocurrency/bitcoin-ethereum-solana-dip-amid-washington-policy-hang-488757,en.apa.az,59,10
2026-01-13,Business . Scoop » Beyond Bitcoin : How Crossgate Capital Is Helping Kiwis Access A Diversified Crypto Future,Business . Scoop » Beyond Bitcoin : How Crossgate Capital Is Helping Kiwis Access A Diversified Crypto Future,https://business.scoop.co.nz/2026/01/13/beyond-bitcoin-how-crossgate-capital-is-helping-kiwis-access-a-diversified-crypto-future/,business.scoop.co.nz,109,18
2026-01-13,Bitcoin HODLer Selloff Ending ? LTH Outflows Decline,Bitcoin HODLer Selloff Ending ? LTH Outflows Decline,https://www.newsbtc.com/bitcoin-news/bitcoin-hodler-selloff-ending-lth-outflows-decline/,newsbtc.com,52,8
2026-01-13,"Bitcoin Taps $92 , 000 As Ethereum , XRP , Dogecoin Trend Higher","Bitcoin Taps $92 , 000 As Ethereum , XRP , Dogecoin Trend Higher",https://www.benzinga.com/crypto/cryptocurrency/26/01/49868999/bitcoin-taps-92000-as-ethereum-xrp-dogecoin-trend-higher,benzinga.com,64,13
2026-01-13,Bitcoin Kurs Prognose : Riesenkauf durch Strategy schockt Märkte !,Bitcoin Kurs Prognose : Riesenkauf durch Strategy schockt Märkte !,https://www.finanzen.net/nachricht/devisen/bitcoin-kurs-prognose-riesenkauf-durch-strategy-schockt-maerkte-15411423,finanzen.net,66,10
2026-01-13,Bitcoin ended 2025 down 5 . 9 % y - o - y  - Financial Mirror,Bitcoin ended 2025 down 5 . 9 % y - o - y  - Financial Mirror,https://www.financialmirror.com/2026/01/13/bitcoin-ended-2025-down-5-9-y-o-y/,financialmirror.com,61,16
2026-01-13,Blockchain building muscle : Australia crypto industry  back in the gym,Blockchain building muscle : Australia crypto industry  back in the gym,https://www.investordaily.com.au/blockchain-building-muscle-australias-crypto-industry-back-in-the-gym/,investordaily.com.au,71,11
2026-01-13,Top 10 Crypto Scams to Watch Out for in 2026,Top 10 Crypto Scams to Watch Out for in 2026,https://www.el-balad.com/6820304,el-balad.com,44,10
2026-01-13,"Why Is Crypto Up Today ? – January 12 , 2026","Why Is Crypto Up Today ? – January 12 , 2026",https://finance.yahoo.com/news/why-crypto-today-january-12-114532838.html,finance.yahoo.com,44,11
2026-01-13,Ermittlungen gegen FED - Chef könnten Bitcoin Schub auslösen – und wie dieses Layer - 2 dazu passt,Ermittlungen gegen FED - Chef könnten Bitcoin Schub auslösen – und wie dieses Layer - 2 dazu passt,https://www.boersennews.de/nachrichten/partner/clickout-media/ermittlungen-gegen-fed-chef-koennten-bitcoin-schub-ausloesen-und-wie-dieses-layer-2-dazu-passt/5005755/,boersennews.de,98,18
2026-01-13,Best Bitcoin Exchanges in 2026 - CU Independent,Best Bitcoin Exchanges in 2026 - CU Independent,https://www.cuindependent.com/best-bitcoin-exchanges-in-2026/,cuindependent.com,47,8
2026-01-13,"Active Energy looks to growth as crypto , renewables and clean fuels gain traction","Active Energy looks to growth as crypto , renewables and clean fuels gain traction",https://www.proactiveinvestors.com/companies/news/1085532/active-energy-looks-to-growth-as-crypto-renewables-and-clean-fuels-gain-traction-1085532.html,proactiveinvestors.com,82,14
2026-01-13,"Kryptomarkt - Update : Bitcoin , Ripple & Co . entwickeln sich am Vormittag","Kryptomarkt - Update : Bitcoin , Ripple & Co . entwickeln sich am Vormittag",https://www.finanzen.net/nachricht/devisen/krypto-marktbericht-bitcoin-ethereum-ripple-co-wie-sich-die-kryptokurse-am-vormittag-entwickeln-15411654,finanzen.net,75,14
2026-01-13,"Cathie Wood Predicts  Goldilock Boom In 2026 : 5 % GDP With Deflation , Calls Bitcoin  Ultimate Diversifier  For Portfolios","Cathie Wood Predicts  Goldilock Boom In 2026 : 5 % GDP With Deflation , Calls Bitcoin  Ultimate Diversifier  For Portfolios",https://www.benzinga.com/markets/economic-data/26/01/49866250/cathie-wood-predicts-goldilocks-boom-in-2026-5-gdp-with-deflation-calls-bitcoin-ultimate-di,benzinga.com,123,20
2026-01-13,Fitchten korkutan Bitcoin raporu ! Risk seviyesi açıklandı !,Fitchten korkutan Bitcoin raporu ! Risk seviyesi açıklandı !,https://ekonomi.haber7.com/ekonomi/haber/3595630-fitchten-korkutan-bitcoin-raporu-risk-seviyesi-aciklandi,ekonomi.haber7.com,60,9
2026-01-13,Best Crypto to Invest in January 2026 : Tapzi Leads as Dogecoin,Best Crypto to Invest in January 2026 : Tapzi Leads as Dogecoin,https://www.openpr.com/news/4346849/best-crypto-to-invest-in-january-2026-tapzi-leads-as-dogecoin,openpr.com,63,12
2026-01-13,Crypto Investor Family Tied Up and Beaten by Armed Gangs in Their Home,Crypto Investor Family Tied Up and Beaten by Armed Gangs in Their Home,https://www.yahoo.com/news/articles/crypto-investor-family-tied-beaten-185423615.html,yahoo.com,70,13
2026-01-13,Bitcoin pares Powell - fueled spike as privacy coins outperform : Crypto Markets Today,Bitcoin pares Powell - fueled spike as privacy coins outperform : Crypto Markets Today,https://finance.yahoo.com/news/bitcoin-pares-powell-fueled-spike-114019079.html,finance.yahoo.com,86,14
2026-01-13,Promising Bitcoin Stocks To Research – January 10th,Promising Bitcoin Stocks To Research – January 10th,https://www.themarketsdaily.com/2026/01/13/promising-bitcoin-stocks-to-research-january-10th.html,themarketsdaily.com,51,8
2026-01-13,Bitcoin Trading In A Danger Zone - Will Trump Credit Card Policy Help ?,Bitcoin Trading In A Danger Zone - Will Trump Credit Card Policy Help ?,https://www.finanznachrichten.de/nachrichten-2026-01/67425549-bitcoin-trading-in-a-danger-zone-will-trump-s-credit-card-policy-help-385.htm,finanznachrichten.de,71,14
2026-01-13,Bitcoin Volatility Leaves Traders in the Dust OAK Mining Rewards Savvy Investors,Bitcoin Volatility Leaves Traders in the Dust OAK Mining Rewards Savvy Investors,https://www.botasot.info/teknologji-shkence/2435117/bitcoin-volatility-leaves-traders-in-the-dust-mdash-oak-mining-rewards-savvy-investors/,botasot.info,80,12
2026-01-13,Stablecoins or Bitcoin Salaries ? How Regulation Is Shaping Pay Choices,Stablecoins or Bitcoin Salaries ? How Regulation Is Shaping Pay Choices,https://cointelegraph.com/explained/stablecoins-vs-bitcoin-salaries-why-regulation-pushes-one-ahead-of-the-other,cointelegraph.com,71,11
2026-01-13,US lawmakers introduces new bill to define crypto market rules,US lawmakers introduces new bill to define crypto market rules,https://www.thenews.com.pk/latest/1388324-us-lawmakers-introduces-new-bill-to-define-crypto-market-rules,thenews.com.pk,62,10
2026-01-13,Crypto Allocations by Financial Advisors Hit All - Time High in 2025 : Bitwise / VettaFi Survey,Crypto Allocations by Financial Advisors Hit All - Time High in 2025 : Bitwise / VettaFi Survey,https://www.prnewswire.com/news-releases/crypto-allocations-by-financial-advisors-hit-all-time-high-in-2025-bitwisevettafi-survey-302659904.html,prnewswire.com,95,17
2026-01-13,Ethereum News Today : Top Cryptos to Buy Now,Ethereum News Today : Top Cryptos to Buy Now,https://www.openpr.com/news/4346880/ethereum-news-today-top-cryptos-to-buy-now-apemars-stage-3,openpr.com,44,9
2026-01-13,What Going On With Bitcoin And The Stock Market ? Analyst Breaks It Down,What Going On With Bitcoin And The Stock Market ? Analyst Breaks It Down,https://www.newsbtc.com/bitcoin-news/bitcoin-and-the-stock-market/,newsbtc.com,72,14
2026-01-13,Bloomberg : Crypto Is Better Than Gold In 2020,Bloomberg : Crypto Is Better Than Gold In 2020,http://www.profi-forex.us/news/entry4000008813.html,profi-forex.us,46,9
2026-01-13,"Cryptocurrencies On Sale : ChainLink and TRON Go Down , Bitcoin Is Stable","Cryptocurrencies On Sale : ChainLink and TRON Go Down , Bitcoin Is Stable",http://www.profi-forex.us/news/entry4000008811.html,profi-forex.us,73,13
2026-01-13,Dubai Bans Privacy Tokens Under New DFSA Crypto Framework,Dubai Bans Privacy Tokens Under New DFSA Crypto Framework,https://finance.yahoo.com/news/dubai-bans-privacy-tokens-under-114816483.html,finance.yahoo.com,57,9
2026-01-13,"Dogecoin Gets Bitcoin Status In Senate Bill DOGE , SHIB Rally 5 %","Dogecoin Gets Bitcoin Status In Senate Bill DOGE , SHIB Rally 5 %",https://www.benzinga.com/crypto/cryptocurrency/26/01/49894404/dogecoin-gets-bitcoin-status-in-senate-bill-doge-shib-rally-5,benzinga.com,65,13
2026-01-13,DOJ Probe of Powell Tests Bitcoin Safe - Haven Thesis as Gold Hits Record,DOJ Probe of Powell Tests Bitcoin Safe - Haven Thesis as Gold Hits Record,https://finance.yahoo.com/news/doj-probe-powell-tests-bitcoin-142537891.html,finance.yahoo.com,73,14
2026-01-13,Newrez plans to consider crypto assets for mortgage lending,Newrez plans to consider crypto assets for mortgage lending,https://www.nationalmortgagenews.com/news/newrez-plans-to-consider-crypto-assets-for-mortgage-lending,nationalmortgagenews.com,59,9
2026-01-13,Bitcoin - Gold Correlation Signals 50 % or More BTC Price Gains by March,Bitcoin - Gold Correlation Signals 50 % or More BTC Price Gains by March,https://cointelegraph.com/news/bitcoin-gold-correlation-signals-at-least-50-btc-price-gains-by-march,cointelegraph.com,72,14
2026-01-13,Fitch Ratings Uyardı : Bitcoin Teminatlı Menkul Kıymetler Risk Taşıyor,Fitch Ratings Uyardı : Bitcoin Teminatlı Menkul Kıymetler Risk Taşıyor,https://www.haberaktuel.com/fitch-ratings-uyardi-bitcoin-teminatli-menkul-kiymetler-risk-tasiyor-3409420,haberaktuel.com,70,10
2026-01-13,Why Bitcoin Four - Year Cycle Faltered and What Comes Next,Why Bitcoin Four - Year Cycle Faltered and What Comes Next,https://cointelegraph.com/news/crypto-2026-comeback-hinges-three-outcomes-wintermute,cointelegraph.com,58,11
2026-01-13,"Crypto Major News , Trends , and What Investors Should Know","Crypto Major News , Trends , and What Investors Should Know",https://smallcapnetwork.com/investing_ideas/crypto-enters-2026-on-new-ground-retail-caution-institutional-demand-and-regulation-drive-market-reset/,smallcapnetwork.com,59,11
2026-01-13,Crypto at Walmart : real adoption or an illusion ?,Crypto at Walmart : real adoption or an illusion ?,https://www.marketscreener.com/news/crypto-at-walmart-real-adoption-or-an-illusion-ce7e58dbd08ffe25,marketscreener.com,50,10
2026-01-13,Promising Blockchain Stocks To Follow Today – January 13th,Promising Blockchain Stocks To Follow Today – January 13th,https://www.dailypolitical.com/2026/01/13/promising-blockchain-stocks-to-follow-today-january-13th.html,dailypolitical.com,58,9
2026-01-13,Bitwise calls 401 ( k ) Bitcoin allergy  ridiculou as Warren presses SEC,Bitwise calls 401 ( k ) Bitcoin allergy  ridiculou as Warren presses SEC,https://sofokleous10.gr/2026/01/13/bitwise-calls-401k-bitcoin-allergy-ridiculous-as-warren-presses-sec/,sofokleous10.gr,72,13
2026-01-13,Gold Rallies While Bitcoin Falters as Fed Pressure Shakes Dollar – Analyst Expects Further Bear,Gold Rallies While Bitcoin Falters as Fed Pressure Shakes Dollar – Analyst Expects Further Bear,https://finance.yahoo.com/news/gold-rallies-while-bitcoin-falters-140018346.html,finance.yahoo.com,95,15
2026-01-13,Bitcoin Short - Term Holders Near A Profit Flip : A Key Level Comes Into Focus,Bitcoin Short - Term Holders Near A Profit Flip : A Key Level Comes Into Focus,https://www.newsbtc.com/bitcoin-news/bitcoin-short-term-holders-near-a-profit-flip-a-key-level-comes-into-focus/,newsbtc.com,78,16
2026-01-13,"Powered By AI , Crypto Fraud Is Now A $14 Billion Criminal Industry","Powered By AI , Crypto Fraud Is Now A $14 Billion Criminal Industry",https://www.forbes.com/sites/the-wiretap/2026/01/13/powered-by-ai-crypto-fraud-is-now-a-14-billion-criminal-industry/,forbes.com,67,13
2026-01-13,"Crypto Billionaire Michael Saylor Names Nvidia , Bitcoin Among  Best Performing Asset Of The Decade : Here How Theyve Performed","Crypto Billionaire Michael Saylor Names Nvidia , Bitcoin Among  Best Performing Asset Of The Decade : Here How Theyve Performed",https://finance.yahoo.com/news/crypto-billionaire-michael-saylor-names-173115271.html,finance.yahoo.com,127,20
2026-01-13,Why Bitcoin May Be Underpricing January Rate Cut Odds,Why Bitcoin May Be Underpricing January Rate Cut Odds,https://sofokleous10.gr/2026/01/13/why-bitcoin-may-be-underpricing-january-rate-cut-odds/,sofokleous10.gr,53,9
2026-01-13,"Bitcoin , Ethereum post mild gains as soft core CPI improves sentiment","Bitcoin , Ethereum post mild gains as soft core CPI improves sentiment",https://www.fxstreet.com/cryptocurrencies/news/bitcoin-ethereum-post-mild-gains-as-soft-core-cpi-improves-sentiment-202601131616,fxstreet.com,70,12
2026-01-13,Global X Bitcoin Trend Strategy ETF ( NYSEARCA : BTRN ) Short Interest Up 266 . 7 % in December,Global X Bitcoin Trend Strategy ETF ( NYSEARCA : BTRN ) Short Interest Up 266 . 7 % in December,https://www.dailypolitical.com/2026/01/13/global-x-bitcoin-trend-strategy-etf-nysearcabtrn-short-interest-up-266-7-in-december.html,dailypolitical.com,95,20
2026-01-13,Kryptowährungen im Überblick : Aktueller Marktbericht zu Bitcoin & Co .,Kryptowährungen im Überblick : Aktueller Marktbericht zu Bitcoin & Co .,https://www.finanzen.net/nachricht/devisen/bitcoin-dogecoin-ethereum-co-am-nachmittag-15412825,finanzen.net,71,11
2026-01-13,Bitcoin Four - Year Cycle Broken : VanEck,Bitcoin Four - Year Cycle Broken : VanEck,https://finance.yahoo.com/news/bitcoins-four-cycle-broken-vaneck-134243632.html,finance.yahoo.com,41,8
2026-01-13,"Morning Minute : Fidelity Calls Bitcoin  Maturing , Lays Out 2026 Bull and Bear Case","Morning Minute : Fidelity Calls Bitcoin  Maturing , Lays Out 2026 Bull and Bear Case",https://finance.yahoo.com/news/morning-minute-fidelity-calls-bitcoin-135613176.html,finance.yahoo.com,84,15
2026-01-13,"Standard Chartered , Ethereum için yeni fiyat hedeflerini açıkladı","Standard Chartered , Ethereum için yeni fiyat hedeflerini açıkladı",https://www.haberler.com/kripto-para/standard-chartered-ethereum-icin-yeni-fiyat-19458423-haberi/,haberler.com,66,9
2026-01-13,We Cant Afford To Squander These Strategic Asset : Sen . Cynthia Lummis Slams Report That DOJ Sold Bitcoin In Potential Violation Of Trump Executive Order,We Cant Afford To Squander These Strategic Asset : Sen . Cynthia Lummis Slams Report That DOJ Sold Bitcoin In Potential Violation Of Trump Executive Order,https://finance.yahoo.com/news/cant-afford-squander-strategic-assets-134822090.html,finance.yahoo.com,154,26
2026-01-13,Senator Elizabeth Warren sends letter to SEC Chair Paul Atkins on Donald Trump Crypto plan for American retirement accounts,Senator Elizabeth Warren sends letter to SEC Chair Paul Atkins on Donald Trump Crypto plan for American retirement accounts,https://timesofindia.indiatimes.com/technology/tech-news/senator-elizabeth-warren-sends-letter-to-sec-chair-paul-atkins-on-donald-trumps-crypto-plan-for-american-retirement-accounts/articleshow/126506591.cms,timesofindia.indiatimes.com,123,19
2026-01-13,"Florida Legislators Renew Push For Bitcoin Strategic Reserve , Undeterred By 2 Failed Attempts","Florida Legislators Renew Push For Bitcoin Strategic Reserve , Undeterred By 2 Failed Attempts",https://finance.yahoo.com/news/florida-legislators-renew-push-bitcoin-133703293.html,finance.yahoo.com,94,14
2026-01-13,"Ethereum Kurs Prognose : Seitwärtsphase bei 3 . 100 ? USD , Bullen brauchen klare Übernahme der 3 . 200er - Marke","Ethereum Kurs Prognose : Seitwärtsphase bei 3 . 100 ? USD , Bullen brauchen klare Übernahme der 3 . 200er - Marke",https://www.finanznachrichten.de/nachrichten-2026-01/67423787-ethereum-kurs-prognose-seitwaertsphase-bei-3-100-usd-bullen-brauchen-klare-uebernahme-der-3-200er-marke-303.htm,finanznachrichten.de,113,22
2026-01-13,"Crypto Use In Smuggling Surges , USDT Replacing Hawala Networks : DRI Flags Rising Enforcement Challenge","Crypto Use In Smuggling Surges , USDT Replacing Hawala Networks : DRI Flags Rising Enforcement Challenge",https://www.freepressjournal.in/mumbai/crypto-use-in-smuggling-surges-usdt-replacing-hawala-networks-dri-flags-rising-enforcement-challenge,freepressjournal.in,104,16
2026-01-13,What Next For Bitcoin ?,What Next For Bitcoin ?,http://www.profi-forex.us/news/entry4000008808.html,profi-forex.us,23,5
2026-01-13,Bitcoin Getting Ready For a Strong Rally,Bitcoin Getting Ready For a Strong Rally,http://www.profi-forex.us/news/entry4000008814.html,profi-forex.us,40,7
2026-01-13,"Elon Musk X Launching In - App Crypto Trading ? Changpeng Zhao Amplifies Claim , Gets Flagged After Sharing Old Announcement","Elon Musk X Launching In - App Crypto Trading ? Changpeng Zhao Amplifies Claim , Gets Flagged After Sharing Old Announcement",https://finance.yahoo.com/news/elon-musks-x-launching-app-143113706.html,finance.yahoo.com,124,21
2026-01-13,Promising Cryptocurrency Stocks To Follow Now – January 13th,Promising Cryptocurrency Stocks To Follow Now – January 13th,https://www.tickerreport.com/banking-finance/13315008/promising-cryptocurrency-stocks-to-follow-now-january-13th.html,tickerreport.com,60,9
2026-01-13,How To Get Ready For Bitcoin Boom 2020 ?,How To Get Ready For Bitcoin Boom 2020 ?,http://www.profi-forex.us/news/entry4000008806.html,profi-forex.us,40,9
2026-01-13,Best Altcoin to Buy Now : Why Tapzi and COTI Are in Focus After South,Best Altcoin to Buy Now : Why Tapzi and COTI Are in Focus After South,https://www.openpr.com/news/4346845/best-altcoin-to-buy-now-why-tapzi-and-coti-are-in-focus-after-south,openpr.com,69,15
2026-01-13,"Cryptocurrencies price prediction : XRP , Bitcoin & Cardano – American Wrap 13 January","Cryptocurrencies price prediction : XRP , Bitcoin & Cardano – American Wrap 13 January",https://www.fxstreet.com/cryptocurrencies/news/cryptocurrencies-price-prediction-xrp-bitcoin-cardano-american-wrap-13-january-202601131637,fxstreet.com,86,14
2026-01-13,BTC Breaks $93K as CLARITY Act Delay Tests Market Patience,BTC Breaks $93K as CLARITY Act Delay Tests Market Patience,https://cointelegraph.com/news/bitcoin-shrugs-off-clarity-act-delay-by-rallying-above-dollar93k,cointelegraph.com,58,10
2026-01-13,Crypto Market Grows With Risk Appetite in Stocks,Crypto Market Grows With Risk Appetite in Stocks,https://www.actionforex.com/contributors/fundamental-analysis/625565-crypto-market-grows-with-risk-appetite-in-stocks/,actionforex.com,48,8
2026-01-13,Here why privacy coins could lead the crypto rally in 2026,Here why privacy coins could lead the crypto rally in 2026,https://www.fxstreet.com/cryptocurrencies/news/privacy-coins-set-to-take-the-lead-in-2026-as-regulation-accelerates-demand-for-on-chain-anonymity-202601131243,fxstreet.com,58,11
2026-01-13,Bitcoin Has Started 2026 Strong : Here Why and Where It Could Go Next,Bitcoin Has Started 2026 Strong : Here Why and Where It Could Go Next,https://finance.yahoo.com/news/bitcoin-started-2026-strong-why-165905018.html,finance.yahoo.com,69,14
2026-01-13,Here Why Bitcoin Is Increasingly Framed As A Modern Savings Tool,Here Why Bitcoin Is Increasingly Framed As A Modern Savings Tool,https://www.newsbtc.com/news/bitcoin/bitcoin-is-modern-savings-tool/,newsbtc.com,64,11
2026-01-13,"Bitcoin crește , dar nu cât se așteptau investitorii optimiști","Bitcoin crește , dar nu cât se așteptau investitorii optimiști",https://www.money.ro/bitcoin-creste-dar-nu-cat-se-asteptau-investitorii-optimisti/,money.ro,62,10
2026-01-13,"Best Altcoins to Buy Now : Tapzi Draws Investor Focus as Bitcoin ,","Best Altcoins to Buy Now : Tapzi Draws Investor Focus as Bitcoin ,",https://www.openpr.com/news/4346843/best-altcoins-to-buy-now-tapzi-draws-investor-focus-as-bitcoin,openpr.com,66,13
2026-01-14,"Bitcoin LTH SOPR Signals Early Capitulation , But Selling Pressure Remains Contained","Bitcoin LTH SOPR Signals Early Capitulation , But Selling Pressure Remains Contained",https://www.newsbtc.com/bitcoin-news/bitcoin-lth-sopr-signals-early-capitulation-but-selling-pressure-remains-contained/,newsbtc.com,84,12
2026-01-14,"Bitcoin Nears  Historic Technical Test  As Price Eyes $93 , 500","Bitcoin Nears  Historic Technical Test  As Price Eyes $93 , 500",https://www.newsbtc.com/news/bitcoin/bitcoin-nears-historic-technical-test-as-price-eyes-93500-barrier-whats-next/,newsbtc.com,63,11
2026-01-14,Corporate Bitcoin Holdings Outpace Mining Supply By 3x,Corporate Bitcoin Holdings Outpace Mining Supply By 3x,https://cointelegraph.com/news/crypto-treasury-buying-outpaces-bitcoin-supply-3x,cointelegraph.com,54,8
2026-01-14,Blockchain education series - Bitcoin Proof - of - Work : The Energy - Powered Backbone of Decentralized Security,Blockchain education series - Bitcoin Proof - of - Work : The Energy - Powered Backbone of Decentralized Security,http://www.econotimes.com/Blockchain-education-series-Bitcoins-Proof-of-Work-The-Energy-Powered-Backbone-of-Decentralized-Security-1730838,econotimes.com,113,19
2026-01-14,Bitcoin Stuck Near $90K : Miners Say Dont Expect a Breakout Yet,Bitcoin Stuck Near $90K : Miners Say Dont Expect a Breakout Yet,https://finance.yahoo.com/news/bitcoin-stuck-near-90k-miners-202922901.html,finance.yahoo.com,63,12
2026-01-14,"Ethereum Price Rips Higher by 8 %, Forcing Bears to Reassess","Ethereum Price Rips Higher by 8 %, Forcing Bears to Reassess",https://www.newsbtc.com/analysis/eth/ethereum-price-rips-higher-3375/,newsbtc.com,60,11
2026-01-14,"Crypto Turning Point : Major Firms Are Focusing On Innovation , Regulation , and Expansion","Crypto Turning Point : Major Firms Are Focusing On Innovation , Regulation , and Expansion",https://www.hedgeco.net/news/01/2026/cryptos-turning-point-major-firms-are-focusing-on-innovation-regulation-and-expansion.html,hedgeco.net,90,15
2026-01-14,Strive Semler Scientific Acquisition Lifts Bitcoin Holdings but Sends Stock Down 12 %,Strive Semler Scientific Acquisition Lifts Bitcoin Holdings but Sends Stock Down 12 %,https://finance.yahoo.com/news/strive-semler-scientific-acquisition-lifts-061823293.html,finance.yahoo.com,85,13
2026-01-14,"When BTC Secures the Network and XRP Enhances Efficiency , a Third","When BTC Secures the Network and XRP Enhances Efficiency , a Third",https://www.openpr.com/news/4347306/when-btc-secures-the-network-and-xrp-enhances-efficiency-a-third,openpr.com,66,12
2026-01-14,172 - year - old bank to launch crypto brokerage,172 - year - old bank to launch crypto brokerage,https://finance.yahoo.com/news/172-old-bank-launch-crypto-190340335.html,finance.yahoo.com,48,10
2026-01-14,Bitcoin - Kurs & Digitalwährungen : Das ist der Stand am Vormittag,Bitcoin - Kurs & Digitalwährungen : Das ist der Stand am Vormittag,https://www.finanzen.net/nachricht/devisen/so-entwickeln-sich-bitcoin-ripple-co-am-vormittag-am-kryptomarkt-15414183,finanzen.net,66,12
2026-01-14,Wichtige Bitcoin Prognose 2026 : Was wir laut Top - Analysten von der Gold - Rallye lernen können,Wichtige Bitcoin Prognose 2026 : Was wir laut Top - Analysten von der Gold - Rallye lernen können,https://www.finanzen.net/nachricht/devisen/wichtige-bitcoin-prognose-2026-was-wir-laut-top-analysten-von-der-gold-rallye-lernen-koennen-15413944,finanzen.net,97,18
2026-01-14,Why Ethereum Could Be Ready to Outperform Bitcoin in 2026,Why Ethereum Could Be Ready to Outperform Bitcoin in 2026,https://finance.yahoo.com/news/why-ethereum-could-ready-outperform-054906984.html,finance.yahoo.com,57,10
2026-01-14,Bitcoin Looks Locked in a Mid - Cycle Reset as On - Chain Data Stabilizes,Bitcoin Looks Locked in a Mid - Cycle Reset as On - Chain Data Stabilizes,https://finance.yahoo.com/news/bitcoin-looks-locked-mid-cycle-203319367.html,finance.yahoo.com,73,15
2026-01-14,Crypto outlook 2026 : Binance sees institutional boom,Crypto outlook 2026 : Binance sees institutional boom,https://www.proactiveinvestors.com.au/companies/news/1085601/crypto-outlook-2026-binance-sees-institutional-boom.html,proactiveinvestors.com.au,53,8
2026-01-14,Crypto Markets Jump As ETF Money Returns But The Rally Still,Crypto Markets Jump As ETF Money Returns But The Rally Still,https://www.riotimesonline.com/crypto-markets-jump-as-etf-money-returns-but-the-rally-still-looks-fragile/,riotimesonline.com,60,11
2026-01-14,Is the Crypto Bull Run Over ? Analysis Based on Miner and Market Data,Is the Crypto Bull Run Over ? Analysis Based on Miner and Market Data,https://investinglive.com:443/Education/is-the-crypto-bull-run-over-analysis-based-on-miner-and-market-data-20260114/,investinglive.com,69,14
2026-01-14,Ripple ( XRP ) Price : Token Rises as Crypto Market Rallies on Regulatory Optimism and Inflation Data,Ripple ( XRP ) Price : Token Rises as Crypto Market Rallies on Regulatory Optimism and Inflation Data,https://insurancenewsnet.com/oarticle/ripple-xrp-price-token-rises-as-crypto-market-rallies-on-regulatory-optimism-and-inflation-data,insurancenewsnet.com,101,18
2026-01-14,"Satoshi Nakamoto : Autoři nové knihy se domnívají , že vypátrali identitu tvůrce bitcoinu","Satoshi Nakamoto : Autoři nové knihy se domnívají , že vypátrali identitu tvůrce bitcoinu",https://www.mesec.cz/clanky/satoshi-nakamoto-autori-nove-knihy-se-domnivaji-ze-vypatrali-identitu-tvurce-bitcoinu/,mesec.cz,89,14
2026-01-14,"Bitcoin Nears  Historic  Technical Test As Price Eyes $93 , 500 Barrier","Bitcoin Nears  Historic  Technical Test As Price Eyes $93 , 500 Barrier",https://sofokleous10.gr/2026/01/14/bitcoin-nears-historic-technical-test-as-price-eyes-93500-barrier/,sofokleous10.gr,71,12
2026-01-14,"Bitcoin prices to remain stagnant in coming days , mining firm predicts","Bitcoin prices to remain stagnant in coming days , mining firm predicts",https://finance.yahoo.com/news/bitcoin-prices-remain-stagnant-coming-162012347.html,finance.yahoo.com,71,12
2026-01-14,Bitcoin : Wichtigste Kryptowährung steigt über Marke von 95 . 000 Dollar,Bitcoin : Wichtigste Kryptowährung steigt über Marke von 95 . 000 Dollar,https://www.handelsblatt.com/finanzen/maerkte/devisen-rohstoffe/bitcoin-wichtigste-kryptowaehrung-steigt-ueber-marke-von-95000-dollar/100191251.html,handelsblatt.com,72,12
2026-01-14,Raste Bitcoin,Raste Bitcoin,https://www.index.hr/vijesti/clanak/raste-bitcoin/2749741.aspx?index_tid=888915&index_ref=naslovnica_vijesti_ostalo_d_0,index.hr,13,2
2026-01-14,Strategy ( MSTR ) Stock in 2026 : Crypto Kick - Start or Another Gut Punch ?,Strategy ( MSTR ) Stock in 2026 : Crypto Kick - Start or Another Gut Punch ?,https://finance.yahoo.com/news/strategy-mstr-stock-2026-crypto-183609021.html,finance.yahoo.com,76,17
2026-01-14,Standard Chartered Bets on Ethereum Next Cycle,Standard Chartered Bets on Ethereum Next Cycle,https://finance.yahoo.com/news/standard-chartered-bets-ethereum-next-164424788.html,finance.yahoo.com,46,7
2026-01-14,"South Korea Lets Companies Buy Crypto as Japan , Hong Kong Pull Back","South Korea Lets Companies Buy Crypto as Japan , Hong Kong Pull Back",https://finance.yahoo.com/news/south-korea-lets-companies-buy-120930327.html,finance.yahoo.com,68,13
2026-01-14,"Bitcoin Price Rips Higher , $100K Narrative Gathers Pace","Bitcoin Price Rips Higher , $100K Narrative Gathers Pace",https://www.newsbtc.com/analysis/btc/bitcoin-price-rips-higher-100k/,newsbtc.com,56,9
2026-01-14,"Ether to hit $40 , 000 by 2030 beating bitcoin , Standard Chartered says","Ether to hit $40 , 000 by 2030 beating bitcoin , Standard Chartered says",https://finance.yahoo.com/news/ether-hit-40-000-2030-151200956.html,finance.yahoo.com,72,14
2026-01-14,"Bitcoin Forecast : All - Time High In Sight , But Expert Flags Potential For Bear Market Reversal","Bitcoin Forecast : All - Time High In Sight , But Expert Flags Potential For Bear Market Reversal",https://www.newsbtc.com/bitcoin-news/bitcoin-forecast-all-time-high-in-sight-but-expert-flags-potential-for-bear-market-reversal/,newsbtc.com,97,18
2026-01-14,"Why is crypto , Bitcoin up today ?: Traders see major breakout amid rate cut hopes","Why is crypto , Bitcoin up today ?: Traders see major breakout amid rate cut hopes",https://www.hindustantimes.com/world-news/us-news/why-is-crypto-bitcoin-up-today-traders-see-major-breakout-amid-rate-cut-hopes-101768345454849.html,hindustantimes.com,82,16
2026-01-14,Bitcoin Price Rockets Past $96K As Strategy ( $MSTR ) Jumps 8 %,Bitcoin Price Rockets Past $96K As Strategy ( $MSTR ) Jumps 8 %,https://bitcoinmagazine.com/markets/bitcoin-price-pumps-5-past-96000,bitcoinmagazine.com,63,13
2026-01-14,Glasgow Police warn residents about cryptocurrency and gift card scams,Glasgow Police warn residents about cryptocurrency and gift card scams,https://www.wbko.com/2026/01/14/glasgow-police-warn-residents-about-cryptocurrency-gift-card-scams/,wbko.com,70,10
2026-01-14,"Bitcoin and Altcoins Breakout as Stock Market Momentum Fades – BTC , ETH and SOL Outlook","Bitcoin and Altcoins Breakout as Stock Market Momentum Fades – BTC , ETH and SOL Outlook",https://www.marketpulse.com/markets/bitcoin-btc-ethereum-eth-and-sol-rebound-strongly-to-start-2026-crypto-overviewcrypto-rallies-after-cpi/,marketpulse.com,88,16
2026-01-14,"Bitcoin News : BTC Near $92K , Litecoin Volatility , APEMARS","Bitcoin News : BTC Near $92K , Litecoin Volatility , APEMARS",https://www.openpr.com/news/4347157/bitcoin-news-btc-near-92k-litecoin-volatility-apemars,openpr.com,60,11
2026-01-14,Futures Frenzy Pushed Crypto Exchange Volume to $79 Trillion In 2025,Futures Frenzy Pushed Crypto Exchange Volume to $79 Trillion In 2025,https://www.newsbtc.com/altcoin/futures-frenzy-pushed-crypto-exchange-volume-to-nearly-80-trillion-in-2025/,newsbtc.com,68,11
2026-01-14,"Crypto Bill Elevates XRP , Solana , Dogecoin to Bitcoin Legal Status","Crypto Bill Elevates XRP , Solana , Dogecoin to Bitcoin Legal Status",https://www.el-balad.com/6821066,el-balad.com,68,12
2026-01-14,Analysts Are Calling Maxi Doge the Next Big Cryptocurrency,Analysts Are Calling Maxi Doge the Next Big Cryptocurrency,https://www.openpr.com/news/4347887/analysts-are-calling-maxi-doge-the-next-big-cryptocurrency,openpr.com,58,9
2026-01-14,Bitcoin Decouples From Global Liquidity : Analyst Says Quantum Threat Behind It,Bitcoin Decouples From Global Liquidity : Analyst Says Quantum Threat Behind It,https://www.newsbtc.com/bitcoin-news/bitcoin-decouples-global-liquidity-quantum-threat/,newsbtc.com,79,12
2026-01-14,"JPMorgan Forecasts Fed Rate Hike by 2027 , Crypto Market Sees Cuts","JPMorgan Forecasts Fed Rate Hike by 2027 , Crypto Market Sees Cuts",https://insurancenewsnet.com/oarticle/jpmorgan-forecasts-fed-rate-hike-by-2027-crypto-market-sees-cuts,insurancenewsnet.com,66,12
2026-01-14,"Bitmine Now Holds 4 . 17 Million ETH , 3 . 45 % Ethereum Total Supply","Bitmine Now Holds 4 . 17 Million ETH , 3 . 45 % Ethereum Total Supply",https://finance.yahoo.com/news/bitmine-now-holds-4-17-171014814.html,finance.yahoo.com,69,16
2026-01-14,Bitcoin breaks higher as macro tailwinds and ETF inflows lift prices,Bitcoin breaks higher as macro tailwinds and ETF inflows lift prices,https://www.proactiveinvestors.com.au/companies/news/1085596/bitcoin-breaks-higher-as-macro-tailwinds-and-etf-inflows-lift-prices-1085596.html,proactiveinvestors.com.au,68,11
2026-01-14,Bitcoin de hareketlendi ! Fiyatlar 2 ayın zirvesini gördü,Bitcoin de hareketlendi ! Fiyatlar 2 ayın zirvesini gördü,https://www.turkiyegazetesi.com.tr/ekonomi/bitcoin-de-hareketlendi-fiyatlar-2-ayin-zirvesini-gordu-1763192,turkiyegazetesi.com.tr,57,9
2026-01-14,Bitcoin Technical Analysis Today as Bitcoin Feels  Stuck  Despite a Bullish Backdrop,Bitcoin Technical Analysis Today as Bitcoin Feels  Stuck  Despite a Bullish Backdrop,https://investinglive.com:443/Cryptocurrency/bitcoin-technical-analysis-today-as-bitcoin-feels-stuck-despite-a-bullish-backdrop-20260114/,investinglive.com,84,12
2026-01-14,Bitwise Europe : Bitwise expands presence in Nordics with listing of seven crypto ETPs on Nasdaq Stockholm and two senior appointments,Bitwise Europe : Bitwise expands presence in Nordics with listing of seven crypto ETPs on Nasdaq Stockholm and two senior appointments,https://www.finanznachrichten.de/nachrichten-2026-01/67429303-bitwise-europe-bitwise-expands-presence-in-nordics-with-listing-of-seven-crypto-etps-on-nasdaq-stockholm-and-two-senior-appointments-399.htm,finanznachrichten.de,134,21
2026-01-14,Bitcoin rally sees $600 million in bearish crypto bets wiped out,Bitcoin rally sees $600 million in bearish crypto bets wiped out,https://www.thehindubusinessline.com/money-and-banking/cryptocurrency/bitcoin-rally-sees-600-million-in-bearish-crypto-bets-wiped-out/article70508566.ece,thehindubusinessline.com,64,11
2026-01-14,"Bitcoin nears $96 , 000 after US CPI shows stable inflation , highest in nearly two months","Bitcoin nears $96 , 000 after US CPI shows stable inflation , highest in nearly two months",https://www.moneycontrol.com/news/business/personal-finance/bitcoin-nears-96-000-after-us-cpi-shows-stable-inflation-highest-in-nearly-two-months-13772324.html,moneycontrol.com,90,17
2026-01-14,Tom Lee - Linked BitMine Stock Is Trending Overnight : Here Why - Grayscale Ethereum Staking Mini ETF Shares ( ARCA : ETH ),Tom Lee - Linked BitMine Stock Is Trending Overnight : Here Why - Grayscale Ethereum Staking Mini ETF Shares ( ARCA : ETH ),https://www.benzinga.com/markets/equities/26/01/49895892/tom-lee-linked-bitmine-stock-is-trending-overnight-heres-why,benzinga.com,123,24
2026-01-14,Börse Express - Bitcoin : Comeback über 95 . 000 Dollar,Börse Express - Bitcoin : Comeback über 95 . 000 Dollar,https://www.boerse-express.com/news/articles/bitcoin-comeback-ueber-95000-dollar-856822,boerse-express.com,55,11
2026-01-14,Eric Adams Crypto Project Linked to Controversial Shelter Landlord,Eric Adams Crypto Project Linked to Controversial Shelter Landlord,https://www.businessinsider.com/eric-adams-crypto-token-sefi-zviely-brooklyn-shelter-landlord-2026-1,businessinsider.com,66,9
2026-01-14,"Bitcoin price today surges past $96 , 000 , highest in 2 months Why is the world largest cryptocurrency rising ?","Bitcoin price today surges past $96 , 000 , highest in 2 months Why is the world largest cryptocurrency rising ?",https://www.livemint.com/market/cryptocurrency/bitcoin-price-today-surges-past-96-000-highest-in-2-months-why-is-the-worlds-largest-cryptocurrency-rising-11768356444867.html,livemint.com,112,21
2026-01-14,"Why Is Crypto Up Today ? – January 13 , 2026","Why Is Crypto Up Today ? – January 13 , 2026",https://finance.yahoo.com/news/why-crypto-today-january-13-142615613.html,finance.yahoo.com,44,11
2026-01-14,Bitcoin rikkoi kahden kuukauden ennätyksen – taustalla voimakas sijoittajien reaktio,Bitcoin rikkoi kahden kuukauden ennätyksen – taustalla voimakas sijoittajien reaktio,https://www.kauppalehti.fi/uutiset/a/1d4ef7af-4170-41c2-a66a-b0d7a1f5b718,kauppalehti.fi,84,10
2026-01-14,How Maduro Detention Could Reshape Crypto Adoption In Venezuela,How Maduro Detention Could Reshape Crypto Adoption In Venezuela,https://www.forbes.com/sites/digital-assets/2026/01/14/how-maduros-detention-could-reshape-crypto-adoption-in-venezuela/,forbes.com,63,9
2026-01-14,Move Fast and Break Everything : Crypto and the Democrats,Move Fast and Break Everything : Crypto and the Democrats,https://www.nakedcapitalism.com/2026/01/move-fast-and-break-everything-crypto-and-the-democrats.html,nakedcapitalism.com,57,10
2026-01-14,"Bitcoin ETFs Rollercoaster , TradFi ETFs 2026  Abnormally High  $46B","Bitcoin ETFs Rollercoaster , TradFi ETFs 2026  Abnormally High  $46B",https://cointelegraph.com/news/bitcoin-etfs-rollercoaster-tradfi-etfs-2026-abnormally-high-46b,cointelegraph.com,68,10
2026-01-14,Crypto Lost $6 . 7 Billion To Hacks . Can It Finally Become Insurable ?,Crypto Lost $6 . 7 Billion To Hacks . Can It Finally Become Insurable ?,https://www.forbes.com/sites/digital-assets/2026/01/14/crypto-lost-67-billion-to-hacks-can-it-finally-become-insurable/,forbes.com,71,15
2026-01-14,Bitcoin Comeback Stalls As Crypto Funds Bleed Capital,Bitcoin Comeback Stalls As Crypto Funds Bleed Capital,https://www.newsbtc.com/news/bitcoin/bitcoins-comeback-stalls-as-crypto-funds-bleed-capital-analyst/,newsbtc.com,53,8
2026-01-14,Best Crypto to Naira Apps in Nigeria ( 2026 Review ),Best Crypto to Naira Apps in Nigeria ( 2026 Review ),https://punchng.com/best-crypto-to-naira-apps-in-nigeria-2026-review/,punchng.com,52,11
2026-01-14,Risk appetite returns : Why analysts see more upside in Ethereum than Bitcoin - London Business News,Risk appetite returns : Why analysts see more upside in Ethereum than Bitcoin - London Business News,https://londonlovesbusiness.com/risk-appetite-returns-why-analysts-see-more-upside-in-ethereum-than-bitcoin/,londonlovesbusiness.com,100,17
2026-01-14,"Bitcoin 5 % Surge Driven By Spot Buys , $100K On Horizon : Analysts","Bitcoin 5 % Surge Driven By Spot Buys , $100K On Horizon : Analysts",https://cointelegraph.com/news/bitcoin-price-spot-buying-surge-forecasts-crypto-analysts,cointelegraph.com,67,14
2026-01-14,Rhode Island Reintroduces Bitcoin Tax Exemption Bill,Rhode Island Reintroduces Bitcoin Tax Exemption Bill,https://bitcoinmagazine.com/news/rhode-island-reintroduces-bitcoin-tax-bill,bitcoinmagazine.com,52,7
2026-01-14,"Im a long - term investor , Binance CEO says","Im a long - term investor , Binance CEO says",https://www.cantechletter.com/2026/01/im-a-long-term-investor-binance-ceo-says/,cantechletter.com,44,10
2026-01-14,Why Peter Schiff is bearish on Bitcoin BTC USD : Bitcoin price ( BTC USD ) hits 2 - month high after Strategy ( MSTR ) $1 . 25B buy & soft US inflation – here why Peter Schiff says traders are making a costly mistake,Why Peter Schiff is bearish on Bitcoin BTC USD : Bitcoin price ( BTC USD ) hits 2 - month high after Strategy ( MSTR ) $1 . 25B buy & soft US inflation – here why Peter Schiff says traders are making a costly mistake,https://economictimes.indiatimes.com/news/international/us/bitcoin-price-btc-usd-hits-2-month-high-after-strategys-mstr-1-25b-buy-soft-us-inflation-heres-why-peter-schiff-says-traders-are-making-a-costly-mistake/articleshow/126533470.cms,economictimes.indiatimes.com,216,46
2026-01-14,"Nashville welcomes new Bitcoin Museum & Art Gallery exploring art , money , and culture","Nashville welcomes new Bitcoin Museum & Art Gallery exploring art , money , and culture",https://fox17.com/news/local/nashville-welcomes-new-bitcoin-museum-art-gallery-exploring-art-money-and-culture,fox17.com,87,15
2026-01-14,Börse Express - Strategy Aktie : Überraschende Stärke !,Börse Express - Strategy Aktie : Überraschende Stärke !,https://www.boerse-express.com/news/articles/strategy-aktie-ueberraschende-staerke-856953,boerse-express.com,55,9
2026-01-14,Impersonation Fraud Drives Record $17bn in Crypto Losses - Infosecurity Magazine,Impersonation Fraud Drives Record $17bn in Crypto Losses - Infosecurity Magazine,https://www.infosecurity-magazine.com/news/impersonation-fraud-record-17bn/,infosecurity-magazine.com,80,11
2026-01-14,Shiba Inu vs . Bitcoin : Which Is More Likely to Be a Millionaire - Maker ?,Shiba Inu vs . Bitcoin : Which Is More Likely to Be a Millionaire - Maker ?,https://www.fool.com/investing/2026/01/14/shiba-inu-vs-bitcoin-which-is-more-likely-to-be-a/,fool.com,75,17
2026-01-14,Why Is Ethereum Jumping Today ? | The Motley Fool,Why Is Ethereum Jumping Today ? | The Motley Fool,https://www.fool.com/investing/2026/01/14/why-is-ethereum-jumping-today/?source=iedfolrf0000001,fool.com,49,10
2026-01-14,"Ethereum Soars to $3 , 400 as ETH Staking Hits New Milestone","Ethereum Soars to $3 , 400 as ETH Staking Hits New Milestone",https://rejoicemagazine.net/ethereum-soars-to-3400-as-eth-staking-hits-new-milestone/,rejoicemagazine.net,60,12
2026-01-14,DZ Bank Secures MiCA License for Regulated Crypto Services,DZ Bank Secures MiCA License for Regulated Crypto Services,https://cointelegraph.com/news/dz-bank-mica-license-crypto-services-germany,cointelegraph.com,58,9
2026-01-14,Spain Bankinter Joins Bit2Me €30M Tether - Led Round in Major Crypto Banking Move,Spain Bankinter Joins Bit2Me €30M Tether - Led Round in Major Crypto Banking Move,https://www.coinspeaker.com/bankinter-invests-bit2me-tether-funding-round/,coinspeaker.com,81,14
2026-01-14,"Crypto Today : Bitcoin holds $95K , Ethereum rebounds , XRP consolidates","Crypto Today : Bitcoin holds $95K , Ethereum rebounds , XRP consolidates",https://www.fxstreet.com/cryptocurrencies/news/crypto-today-bitcoin-ethereum-xrp-hold-steady-as-etf-inflows-strengthen-short-term-bullish-outlook-202601141200,fxstreet.com,72,12
2026-01-14,U . S . SEC Staff Issues Long - Awaited Crypto Asset Securities Guidance for Carrying Broker - Dealers | Morrison & Foerster LLP,U . S . SEC Staff Issues Long - Awaited Crypto Asset Securities Guidance for Carrying Broker - Dealers | Morrison & Foerster LLP,https://www.jdsupra.com/legalnews/u-s-sec-staff-issues-long-awaited-3663133/,jdsupra.com,128,24
2026-01-14,Krypto im Aufschwung : Wie globale Krisen den Bitcoin - Kurs beeinflussen,Krypto im Aufschwung : Wie globale Krisen den Bitcoin - Kurs beeinflussen,https://www.finanznachrichten.de/nachrichten-2026-01/67432718-krypto-im-aufschwung-wie-globale-krisen-den-bitcoin-kurs-beeinflussen-397.htm,finanznachrichten.de,73,12
2026-01-14,Bitcoin Buyers : Companies Bought 3 Times What Miners Produced,Bitcoin Buyers : Companies Bought 3 Times What Miners Produced,https://www.newsbtc.com/news/bitcoin/bitcoins-new-power-buyers-companies-bought-3-times-what-miners-produced/,newsbtc.com,62,10
2026-01-14,Crypto Treasuries Are Buying Bitcoin 3x Faster than It Mined,Crypto Treasuries Are Buying Bitcoin 3x Faster than It Mined,https://www.coinspeaker.com/crypto-treasuries-buying-bitcoin-faster-mined/,coinspeaker.com,60,10
2026-01-14,"BTC ETFs Log $753M in Inflows , Short Liquidations Skyrocket","BTC ETFs Log $753M in Inflows , Short Liquidations Skyrocket",https://www.coinspeaker.com/btc-etfs-log-753m-in-inflows-short-liquidations-skyrocket/,coinspeaker.com,60,10
2026-01-14,Digitalwährungen im Fokus : So bewegen sich Bitcoin & Co . am Mittag,Digitalwährungen im Fokus : So bewegen sich Bitcoin & Co . am Mittag,https://www.finanzen.ch/nachrichten/devisen/digitalwahrungen-im-fokus-so-bewegen-sich-bitcoin-&-co-am-mittag-1035710971,finanzen.ch,68,13
2026-01-14,Could Pi Network rally as the crypto market sentiment recovers ?,Could Pi Network rally as the crypto market sentiment recovers ?,https://www.fxstreet.com/cryptocurrencies/news/pi-network-price-forecast-pi-holds-rebound-amid-improving-market-sentiment-202601141054,fxstreet.com,64,11
2026-01-14,"Bitcoin Price to $315 , 000 ? Why This Famed Investor and Bitwise Exec Sees BTC Going  Parabolic","Bitcoin Price to $315 , 000 ? Why This Famed Investor and Bitwise Exec Sees BTC Going  Parabolic",https://finance.yahoo.com/news/bitcoin-price-315-000-why-111715973.html,finance.yahoo.com,96,18
2026-01-14,Bitcoin - Kurs steigt weiter - Geopolitische Unsicherheiten,Bitcoin - Kurs steigt weiter - Geopolitische Unsicherheiten,https://www.finanzen.net/nachricht/devisen/bitcoin-kurs-steigt-weiter-geopolitische-unsicherheiten-15414445,finanzen.net,59,8
2026-01-14,"Meld raises $7 million to integrate stablecoin networks , build the  Visa for crypto","Meld raises $7 million to integrate stablecoin networks , build the  Visa for crypto",https://fortune.com/2026/01/14/meld-raises-7-million-to-integrate-stablecoin-networks/,fortune.com,84,14
2026-01-14,Digitalwährungen im Fokus : Bitcoin & Co . Kursbewegungen am Mittag,Digitalwährungen im Fokus : Bitcoin & Co . Kursbewegungen am Mittag,https://www.finanzen.net/nachricht/devisen/digitalwaehrungen-im-fokus-so-bewegen-sich-bitcoin-co-am-mittag-15414565,finanzen.net,67,11
2026-01-14,Crypto Market Has Made a Breakthrough,Crypto Market Has Made a Breakthrough,https://www.actionforex.com/contributors/fundamental-analysis/625722-crypto-market-has-made-a-breakthrough/,actionforex.com,37,6
2026-01-14,I put $50 into Bitcoin in 2022 and watched it crash and rally - here its worth today,I put $50 into Bitcoin in 2022 and watched it crash and rally - here its worth today,https://www.zdnet.com/article/bitcoin-50-investment-2022-worth-today/,zdnet.com,84,18
2026-01-14,This Swiss city wants to become the bitcoin capital of Europe,This Swiss city wants to become the bitcoin capital of Europe,https://www.marketplace.org/episode/2026/01/14/this-swiss-city-wants-to-become-the-bitcoin-capital-of-europe,marketplace.org,61,11
2026-01-14,Whale Feeding Frenzy : Altcoin Accumulation Surges in January 2026 Amid Market Rebound,Whale Feeding Frenzy : Altcoin Accumulation Surges in January 2026 Amid Market Rebound,http://www.econotimes.com/Whale-Feeding-Frenzy-Altcoin-Accumulation-Surges-in-January-2026-Amid-Market-Rebound-1730926,econotimes.com,86,13
2026-01-14,Canaan Inc . Provides December 2025 Bitcoin Production and Mining Operation Updates,Canaan Inc . Provides December 2025 Bitcoin Production and Mining Operation Updates,https://www.prnewswire.com/news-releases/canaan-inc-provides-december-2025-bitcoin-production-and-mining-operation-updates-302661151.html,prnewswire.com,83,12
2026-01-14,Elizabeth Warren warns of crypto risks in 401 ( k ) s what investing pros say,Elizabeth Warren warns of crypto risks in 401 ( k ) s what investing pros say,https://www.cnbc.com/2026/01/14/elizabeth-warren-warns-of-crypto-risks-in-401ks-what-investing-pros-say.html,cnbc.com,77,16
2026-01-14,Bitcoin mit Kaufsignal : 750 Millionen an einem Tag,Bitcoin mit Kaufsignal : 750 Millionen an einem Tag,https://www.deraktionaer.de/artikel/krypto/bitcoin-mit-kaufsignal-750-millionen-an-einem-tag-20393498.html,deraktionaer.de,51,9
2026-01-14,Is Bitcoin About to Break Out ? | The Motley Fool,Is Bitcoin About to Break Out ? | The Motley Fool,https://www.fool.com/investing/2026/01/14/is-bitcoin-about-to-break-out/?source=iedfolrf0000001,fool.com,49,11
2026-01-14,Optima Capital LLC Has $3 . 89 Million Stock Position in Bitwise Bitcoin ETF $BITB,Optima Capital LLC Has $3 . 89 Million Stock Position in Bitwise Bitcoin ETF $BITB,https://www.tickerreport.com/banking-finance/13315854/optima-capital-llc-has-3-89-million-stock-position-in-bitwise-bitcoin-etf-bitb.html,tickerreport.com,82,15
2026-01-14,"Bitcoin , Ethereum , XRP Rallying But Here Why Crypto Is A  Ghost Town","Bitcoin , Ethereum , XRP Rallying But Here Why Crypto Is A  Ghost Town",https://www.benzinga.com/crypto/cryptocurrency/26/01/49907377/bitcoin-ethereum-xrp-rallying-but-heres-why-crypto-is-a-ghost-town,benzinga.com,70,14
2026-01-14,Neues Bitcoin - Zeitalter ? Warum 2026 zum Wendepunkt für Kryptowährungsinvestoren werden könnte,Neues Bitcoin - Zeitalter ? Warum 2026 zum Wendepunkt für Kryptowährungsinvestoren werden könnte,https://www.finanzen.net/nachricht/devisen/neues-marktregime-bitcoin-ausblick-2026-warum-der-naechste-zyklus-anleger-ueberraschen-koennte-00-15368203,finanzen.net,96,13
2026-01-16,De ce prăbușirea Bitcoin în 2026 marchează maturizarea economiei digitale,De ce prăbușirea Bitcoin în 2026 marchează maturizarea economiei digitale,https://www.mediafax.ro/stirile-zilei/de-ce-prabusirea-bitcoin-in-2026-marcheaza-maturizarea-economiei-digitale-23672307,mediafax.ro,73,10
2026-01-16,Wrapped Bitcoin ( WBTC ) Trading 5 . 3 % Higher This Week,Wrapped Bitcoin ( WBTC ) Trading 5 . 3 % Higher This Week,https://www.themarketsdaily.com/2026/01/16/wrapped-bitcoin-wbtc-trading-5-3-higher-this-week.html,themarketsdaily.com,57,13
2026-01-16,My DeFi Pet ( DPET ) One Day Trading Volume Reaches $17 . 72 Thousand,My DeFi Pet ( DPET ) One Day Trading Volume Reaches $17 . 72 Thousand,https://www.dailypolitical.com/2026/01/16/my-defi-pet-dpet-one-day-trading-volume-reaches-17-72-thousand.html,dailypolitical.com,69,15
2026-01-16,My DeFi Pet ( DPET ) Trading Up 35 . 9 % This Week,My DeFi Pet ( DPET ) Trading Up 35 . 9 % This Week,https://www.tickerreport.com/banking-finance/13317847/my-defi-pet-dpet-trading-up-35-9-this-week.html,tickerreport.com,50,14
2026-01-16,Mircea Bravo vrea să dea din nou lovitura :  Bunica s - ar trezi cu un milion de bitcoin pe card,Mircea Bravo vrea să dea din nou lovitura :  Bunica s - ar trezi cu un milion de bitcoin pe card,https://www.cancan.ro/mircea-bravo-vrea-sa-dea-din-nou-lovitura-bunica-s-ar-trezi-cu-un-milion-de-bitcoin-pe-card-21346721,cancan.ro,96,21
2026-01-16,Börse Express - Bitcoin : Erfreuliche Gewinnentwicklung !,Börse Express - Bitcoin : Erfreuliche Gewinnentwicklung !,https://www.boerse-express.com/news/articles/bitcoin-erfreuliche-gewinnentwicklung-857551,boerse-express.com,57,8
2026-01-16,Jefferie Drops Bitcoin Over Quantum Computing Threat,Jefferie Drops Bitcoin Over Quantum Computing Threat,https://insidebitcoins.com/news/jefferies-greed-fear-drops-bitcoin-over-quantum-computing-threat-turns-to-gold-silver,insidebitcoins.com,52,7
2026-01-16,"Has Bitcoin peaked ? Why Jefferies removed 10 % allocation ; quantum computing , gold & more","Has Bitcoin peaked ? Why Jefferies removed 10 % allocation ; quantum computing , gold & more",https://www.businesstoday.in/markets/stocks/story/has-bitcoin-peaked-why-jefferies-removes-10-allocation-quantum-computing-gold-more-511186-2026-01-16,businesstoday.in,92,17
2026-01-16,Bitcoin Tailwind : Cathie Wood Predicts  Reaganomics On Steroids,Bitcoin Tailwind : Cathie Wood Predicts  Reaganomics On Steroids,https://www.newsbtc.com/bitcoin-news/bitcoin-tailwind-cathie-wood-reaganomics-on-steroids/,newsbtc.com,64,9
2026-01-16,"Bitcoin Recoils to $95K , But Classic Chart Pattern Projects 18 % Gains","Bitcoin Recoils to $95K , But Classic Chart Pattern Projects 18 % Gains",https://cointelegraph.com/news/bitcoin-traders-predict-strong-run-up-classic-chart-113k,cointelegraph.com,71,13
2026-01-16,Crypto Market Weakens Amidst CLARITY Act Delay,Crypto Market Weakens Amidst CLARITY Act Delay,https://www.finanznachrichten.de/nachrichten-2026-01/67454783-crypto-market-weakens-amidst-clarity-act-delay-020.htm,finanznachrichten.de,46,7
2026-01-16,"Bitcoin At $95 , 000 Ethereum , XRP , Dogecoin Slide On Market Structure Bill Delay","Bitcoin At $95 , 000 Ethereum , XRP , Dogecoin Slide On Market Structure Bill Delay",https://biztoc.com/x/2a66d30a542536a5,biztoc.com,83,16
2026-01-16,KBC Bank To Launch MiCA - Regulated Crypto Trading in Belgium,KBC Bank To Launch MiCA - Regulated Crypto Trading in Belgium,https://cointelegraph.com/news/kbc-bank-belgium-bitcoin-ether-trading-february,cointelegraph.com,61,11
2026-01-16,Crypto Bridge Swap Alternative : Why IronWallet Changes Everything,Crypto Bridge Swap Alternative : Why IronWallet Changes Everything,https://www.financial-news.co.uk/crypto-bridge-swap-alternative-why-ironwallet-changes-everything/,financial-news.co.uk,66,9
2026-01-16,"Bitcoin journey in 2026 will depend on Trump , oil , and AI","Bitcoin journey in 2026 will depend on Trump , oil , and AI",https://www.moneysense.ca/save/investing/crypto/bitcoins-journey-in-2026-will-depend-on-trump-oil-and-ai/,moneysense.ca,59,13
2026-01-16,Panelists Preview Potential Crypto / Insurance Hit Parade | Carlton Fields,Panelists Preview Potential Crypto / Insurance Hit Parade | Carlton Fields,https://www.jdsupra.com/legalnews/panelists-preview-potential-crypto-6884040/,jdsupra.com,74,11
2026-01-16,The Next Blockchain Stock That Could Make You Rich,The Next Blockchain Stock That Could Make You Rich,https://www.fool.com/investing/2026/01/16/next-blockchain-stock-that-could-make-you-rich/?source=iedfolrf0000001,fool.com,50,9
2026-01-16,Belgium KBC to Launch Retail Crypto Trading Under MiCA,Belgium KBC to Launch Retail Crypto Trading Under MiCA,https://finance.yahoo.com/news/belgium-kbc-launch-retail-crypto-154835906.html,finance.yahoo.com,54,9
2026-01-16,Kraken sees 2026 crypto markets shifting from hype to structure as macro forces reshape bitcoin cycle,Kraken sees 2026 crypto markets shifting from hype to structure as macro forces reshape bitcoin cycle,https://biztoc.com/x/05d5adbc291e08ef,biztoc.com,101,16
2026-01-16,"Gemini vs ChatGPT , Who Won on Crypto , Forex , Gold & S & P 500 ?","Gemini vs ChatGPT , Who Won on Crypto , Forex , Gold & S & P 500 ?",https://www.geeky-gadgets.com/ai-trading-signal-faceoff/,geeky-gadgets.com,66,18
2026-01-16,Huobi BTC ( HBTC ) Reaches 1 - Day Trading Volume of $35 . 42 Thousand,Huobi BTC ( HBTC ) Reaches 1 - Day Trading Volume of $35 . 42 Thousand,https://www.themarketsdaily.com/2026/01/16/huobi-btc-hbtc-reaches-1-day-trading-volume-of-35-42-thousand.html,themarketsdaily.com,70,16
2026-01-16,FinancialContent - Senate Stalls  Clarity Act  After Coinbase Reversal : The Future of US Crypto Regulation in Flux,FinancialContent - Senate Stalls  Clarity Act  After Coinbase Reversal : The Future of US Crypto Regulation in Flux,https://markets.financialcontent.com/stocks/article/marketminute-2026-1-16-senate-stalls-clarity-act-after-coinbase-reversal-the-future-of-us-crypto-regulation-in-flux,markets.financialcontent.com,115,18
2026-01-16,"Bull , base or bear ? Three possible paths for crypto in 2026","Bull , base or bear ? Three possible paths for crypto in 2026",https://cointelegraph.com/news/altcoin-daily-2026-crypto-outlook-bitcoin-ethereum-crypto,cointelegraph.com,61,13
2026-01-16,Bitcoin Miner Riot Platforms Deepens AI / HPC Push with Texas Land Deal,Bitcoin Miner Riot Platforms Deepens AI / HPC Push with Texas Land Deal,https://cointelegraph.com/news/riot-platforms-bitcoin-ai-hpc-texas-land-deal,cointelegraph.com,71,13
2026-01-16,BTC Stalls Near $98K as Spot Trader Demand Fades,BTC Stalls Near $98K as Spot Trader Demand Fades,https://cointelegraph.com/news/bitcoin-spot-traders-lose-ground-as-btc-bears-defend-dollar98k,cointelegraph.com,48,9
2026-01-16,Crypto Rally Stalls As BTC Falls Short Of $98K : Will Dip Buyers Arrive ?,Crypto Rally Stalls As BTC Falls Short Of $98K : Will Dip Buyers Arrive ?,https://cointelegraph.com/news/price-predictions-1-16-btc-eth-xrp-bnb-sol-doge-ada-xmr-bch-link,cointelegraph.com,73,15
2026-01-16,U . S . Government Denies The Sale Of Samourai Wallet Bitcoin,U . S . Government Denies The Sale Of Samourai Wallet Bitcoin,https://bitcoinmagazine.com/featured/us-gov-denies-sale-of-samourai-bitcoin,bitcoinmagazine.com,61,12
2026-01-16,"The Clarity Act Has Stalled , Hitting Crypto Prices . What You Need to Know .","The Clarity Act Has Stalled , Hitting Crypto Prices . What You Need to Know .",https://www.investopedia.com/the-clarity-act-has-stalled-hitting-crypto-prices-what-you-need-to-know-coinbase-bitcoin-11887005,investopedia.com,77,16
2026-01-16,"CES Top 12 Companies Redefining Personalization With Web3 , AI , Robots","CES Top 12 Companies Redefining Personalization With Web3 , AI , Robots",https://www.forbes.com/sites/digital-assets/2026/01/16/ces-top-12-companies-redefining-personalization-with-web3-ai-robots/,forbes.com,71,12
2026-01-16,US Lender Newrez to Recognize Crypto Holdings in Mortgage Qualification,US Lender Newrez to Recognize Crypto Holdings in Mortgage Qualification,https://cointelegraph.com/news/us-lender-newrez-crypto-holdings-mortgage-approval,cointelegraph.com,71,10
2026-01-16,Robinhood Crypto Offers a Seamless Trading Experience,Robinhood Crypto Offers a Seamless Trading Experience,https://robbreport.com/partners/robinhood-2-crypto-seamless-trading-experience-1237507547/,robbreport.com,53,7
2026-01-16,Michael Saylor Pushes Back on Criticism of Bitcoin Treasury Companies,Michael Saylor Pushes Back on Criticism of Bitcoin Treasury Companies,https://cointelegraph.com/news/michael-saylor-criticism-bitcoin-treasury-companies,cointelegraph.com,69,10
2026-01-16,Bitcoin BTC USD scarce asset than gold : BTC USD vs gold : Why Cathie Wood says Bitcoin fixed supply makes it the ultimate scarce asset and fuels long - term bullish outlook,Bitcoin BTC USD scarce asset than gold : BTC USD vs gold : Why Cathie Wood says Bitcoin fixed supply makes it the ultimate scarce asset and fuels long - term bullish outlook,https://economictimes.indiatimes.com/news/international/us/btc-usd-vs-gold-why-cathie-wood-says-bitcoins-fixed-supply-makes-it-the-ultimate-scarce-asset-and-fuels-long-term-bullish-outlook/articleshow/126590637.cms,economictimes.indiatimes.com,173,33
2026-01-16,"Michael Saylor Strategy still has major upside despite 2025 plunge , says TD Cowen","Michael Saylor Strategy still has major upside despite 2025 plunge , says TD Cowen",https://finance.yahoo.com/news/michael-saylors-strategy-still-major-151433353.html,finance.yahoo.com,82,14
2026-01-16,"Crypto News Today , 15 January 2026 – Bitcoin ETFs Absorb $1 . 7 Billion In Just 3 Days As BTC Hits $96k","Crypto News Today , 15 January 2026 – Bitcoin ETFs Absorb $1 . 7 Billion In Just 3 Days As BTC Hits $96k",https://finance.yahoo.com/news/crypto-news-today-15-january-150708165.html,finance.yahoo.com,104,23
2026-01-16,CLARITY Act Fight Over Dollar Yield and DeFi Liquidity,CLARITY Act Fight Over Dollar Yield and DeFi Liquidity,https://cointelegraph.com/news/clarity-act-fight-stablecoin-yields-defi,cointelegraph.com,54,9
2026-01-16,JPMorgan sees 2026 crypto inflows topping the $130 billion hit in 2025,JPMorgan sees 2026 crypto inflows topping the $130 billion hit in 2025,https://finance.yahoo.com/news/jpmorgan-sees-2026-crypto-inflows-145906479.html,finance.yahoo.com,70,12
2026-01-16,Bitwise Trendwise BTC / ETH and Treasuries Rotation Strategy ETF ( NYSEARCA : BTOP ) Short Interest Up 73 . 8 % in December,Bitwise Trendwise BTC / ETH and Treasuries Rotation Strategy ETF ( NYSEARCA : BTOP ) Short Interest Up 73 . 8 % in December,https://www.tickerreport.com/banking-finance/13318249/bitwise-trendwise-btc-eth-and-treasuries-rotation-strategy-etf-nysearcabtop-short-interest-up-73-8-in-december.html,tickerreport.com,123,24
2026-01-16,"Bitcoin Price Hits $94 , 928 . 55 on Top Exchanges ( BTC )","Bitcoin Price Hits $94 , 928 . 55 on Top Exchanges ( BTC )",https://www.themarketsdaily.com/2026/01/16/bitcoin-price-hits-94928-55-on-top-exchanges-btc.html,themarketsdaily.com,58,14
2026-01-16,Jefferies strategist Christopher Wood swaps bitcoin for gold on quantum computing concern,Jefferies strategist Christopher Wood swaps bitcoin for gold on quantum computing concern,https://finance.yahoo.com/news/jefferies-strategist-christopher-wood-swaps-125359004.html,finance.yahoo.com,89,12
2026-01-16,WEEX Unveils AI Hackathon Trading Contest with 1 BTC Up for Grabs,WEEX Unveils AI Hackathon Trading Contest with 1 BTC Up for Grabs,https://partners.coinspeaker.com/weex-unveils-ai-hackathon-trading-contest,partners.coinspeaker.com,65,12
2026-01-16,Bitcoin Kurs Prognose : Institutionen vs . Miner - diese Grafik ist extrem bullisch,Bitcoin Kurs Prognose : Institutionen vs . Miner - diese Grafik ist extrem bullisch,https://www.finanzen.net/nachricht/devisen/bitcoin-kurs-prognose-institutionen-vs-miner-diese-grafik-ist-extrem-bullisch-15419850,finanzen.net,83,14
2026-01-16,"Bitcoin  bullish  in Q1 says Willy Woo , XRP lacks CLARITY : Trade Secrets","Bitcoin  bullish  in Q1 says Willy Woo , XRP lacks CLARITY : Trade Secrets",https://cointelegraph.com/magazine/bitcoin-price-willy-woo-ether-crypto-price-xrp-clarity-act-trade-secrets/,cointelegraph.com,74,14
2026-01-16,Bitcoin and Ethereum Waver – Why Did Trading Volume Drop ?,Bitcoin and Ethereum Waver – Why Did Trading Volume Drop ?,https://finance.yahoo.com/news/bitcoin-ethereum-waver-why-did-161735767.html,finance.yahoo.com,58,11
2026-01-16,Iranians Turn to Crypto as Economic Crisis and Sanctions Deepen,Iranians Turn to Crypto as Economic Crisis and Sanctions Deepen,https://www.newsbtc.com/news/iranians-turn-to-crypto-as-economic-crisis-and-sanctions-deepen/,newsbtc.com,63,10
2026-01-16,Bitcoin Use Is Surging In Iran As Conflicts Intensify,Bitcoin Use Is Surging In Iran As Conflicts Intensify,https://bitcoinmagazine.com/news/bitcoin-use-surging-in-iran-as-protests,bitcoinmagazine.com,53,9
2026-01-16,inSure DeFi Market Capitalization Tops $6 . 77 Million ( SURE ),inSure DeFi Market Capitalization Tops $6 . 77 Million ( SURE ),https://www.themarketsdaily.com/2026/01/16/insure-defi-market-capitalization-tops-6-77-million-sure.html,themarketsdaily.com,63,12
2026-01-16,Bitcoin Stalls Near $96K as ETF Inflows Fail to Boost Momentum,Bitcoin Stalls Near $96K as ETF Inflows Fail to Boost Momentum,https://www.coinspeaker.com/bitcoin-stalls-near-96k-as-etf-inflows-fail-to-boost-momentum/,coinspeaker.com,62,11
2026-01-17,"Bitcoin Price Has Peaked , Crypto Faces Existential Threat : Jefferies","Bitcoin Price Has Peaked , Crypto Faces Existential Threat : Jefferies",https://www.businessinsider.com/bitcoin-price-prediction-quantum-computing-risk-cryptography-jefferies-2026-1,businessinsider.com,70,11
2026-01-17,Utah Man Gets 3 Years in Prison for $3 Million Crypto Fraud and Unlicensed Money Business,Utah Man Gets 3 Years in Prison for $3 Million Crypto Fraud and Unlicensed Money Business,https://bravenewcoin.com/insights/utah-man-gets-3-years-in-prison-for-3-million-crypto-fraud-and-unlicensed-money-business,bravenewcoin.com,89,16
2026-01-17,"Crypto market steady at $3 . 22 trillion as Bitcoin consolidates near $95 , 300","Crypto market steady at $3 . 22 trillion as Bitcoin consolidates near $95 , 300",https://economictimes.indiatimes.com/markets/cryptocurrency/crypto-market-steady-at-3-22-trillion-as-bitcoin-consolidates-near-95300/articleshow/126611537.cms,economictimes.indiatimes.com,79,15
2026-01-17,Burger Chain Steak  n Shake Just Supersized Its Bitcoin Holdings,Burger Chain Steak  n Shake Just Supersized Its Bitcoin Holdings,https://finance.yahoo.com/news/burger-chain-steak-n-shake-182136600.html,finance.yahoo.com,64,10
2026-01-17,Two Prime selected to manage $250 million in bitcoin for Digital Wealth Partners,Two Prime selected to manage $250 million in bitcoin for Digital Wealth Partners,https://finance.yahoo.com/news/two-prime-selected-manage-250-100032320.html,finance.yahoo.com,80,13
2026-01-17,FinancialContent - The $52K Floor : Why Prediction Markets are Hedging Against a Bitcoin  Black Swan  in Early 2026,FinancialContent - The $52K Floor : Why Prediction Markets are Hedging Against a Bitcoin  Black Swan  in Early 2026,https://markets.financialcontent.com/stocks/article/predictstreet-2026-1-17-the-52k-floor-why-prediction-markets-are-hedging-against-a-bitcoin-black-swan-in-early-2026,markets.financialcontent.com,115,19
2026-01-17,Senate Democrats Push for Crypto Bill Revamp in Industry Call,Senate Democrats Push for Crypto Bill Revamp in Industry Call,https://www.el-balad.com/6824274,el-balad.com,61,10
2026-01-17,Bitcoin ( BTC ) Price Prediction : Do $1 . 68B ETF Inflows Signal a Bitcoin Super Cycle Toward $100K ?,Bitcoin ( BTC ) Price Prediction : Do $1 . 68B ETF Inflows Signal a Bitcoin Super Cycle Toward $100K ?,https://bravenewcoin.com/insights/bitcoin-btc-price-prediction-do-1-68b-etf-inflows-signal-a-bitcoin-super-cycle-toward-100k,bravenewcoin.com,102,21
2026-01-17,Grayscale Bitcoin Trust ETF ( NYSEARCA : GBTC ) Sees Large Decline in Short Interest,Grayscale Bitcoin Trust ETF ( NYSEARCA : GBTC ) Sees Large Decline in Short Interest,https://www.themarketsdaily.com/2026/01/17/grayscale-bitcoin-trust-etf-nysearcagbtc-sees-large-decline-in-short-interest.html,themarketsdaily.com,84,15
2026-01-17,Bitwise Bitcoin Standard Corporations ETF ( NYSEARCA : OWNB ) Short Interest Update,Bitwise Bitcoin Standard Corporations ETF ( NYSEARCA : OWNB ) Short Interest Update,https://www.themarketsdaily.com/2026/01/16/bitwise-bitcoin-standard-corporations-etf-nysearcaownb-short-interest-update.html,themarketsdaily.com,83,13
2026-01-17,DOJ Didnt Sell Any Bitcoin Forfeited From Samourai case,DOJ Didnt Sell Any Bitcoin Forfeited From Samourai case,https://cointelegraph.com/news/doj-didnt-sell-any-bitcoin-tied-to-samourai-case,cointelegraph.com,55,9
2026-01-17,XRP Price Falls Despite Decline in Whale Activity on Binance,XRP Price Falls Despite Decline in Whale Activity on Binance,https://insidebitcoins.com/news/xrp-price-falls-despite-decline-in-whale-activity-on-binance,insidebitcoins.com,60,10
2026-01-17,Binance Research reveals why 2026 could be a year for crypto,Binance Research reveals why 2026 could be a year for crypto,https://gulfbusiness.com/binance-research-reveals-2026-as-a-turning/,gulfbusiness.com,60,11
2026-01-17,Bitcoin Price To $100K : Why All Eyes Are On The Short - Term Holders,Bitcoin Price To $100K : Why All Eyes Are On The Short - Term Holders,https://www.newsbtc.com/news/bitcoin/bitcoin-price-to-100k-eyes-are-on-short-term-holders/,newsbtc.com,69,15
2026-01-17,Nearly $3 Billion in Bitcoin and Ethereum Options Expire as Markets Test Breakout Conviction,Nearly $3 Billion in Bitcoin and Ethereum Options Expire as Markets Test Breakout Conviction,https://finance.yahoo.com/news/nearly-3-billion-bitcoin-ethereum-051253067.html,finance.yahoo.com,92,14
2026-01-17,"Ethereum ( ETH ) Price Prediction : Is Ethereum Near an EMA Breakout Above $3 , 400 After Holding $3 , 000 Support ?","Ethereum ( ETH ) Price Prediction : Is Ethereum Near an EMA Breakout Above $3 , 400 After Holding $3 , 000 Support ?",https://bravenewcoin.com/insights/ethereum-eth-price-prediction-is-ethereum-near-an-ema-breakout-above-3400-after-holding-3000-support,bravenewcoin.com,116,24
2026-01-17,Crypto User Loses $282 Million in Bitcoin and Litecoin to Social Engineering Scam,Crypto User Loses $282 Million in Bitcoin and Litecoin to Social Engineering Scam,https://bravenewcoin.com/insights/crypto-user-loses-282-million-in-bitcoin-and-litecoin-to-social-engineering-scam,bravenewcoin.com,81,13
2026-01-17,Bitcoin News : Nichts verkauft ? US - Regierung bestätigt bullische Prognose,Bitcoin News : Nichts verkauft ? US - Regierung bestätigt bullische Prognose,https://www.wallstreet-online.de/nachricht/20383872-bitcoin-news-verkauft-us-regierung-bestaetigt-bullische-prognose,wallstreet-online.de,76,12
2026-01-17,Bitcoin is a safe asset only until decrypted : Chris Wood,Bitcoin is a safe asset only until decrypted : Chris Wood,https://economictimes.indiatimes.com/markets/cryptocurrency/bitcoin-is-a-safe-asset-only-until-decrypted-chris-wood/articleshow/126602614.cms,economictimes.indiatimes.com,57,11
2026-01-17,"XRP Poised To Move On Its Own , Separate From Bitcoin : CEO","XRP Poised To Move On Its Own , Separate From Bitcoin : CEO",https://www.newsbtc.com/altcoin/xrp-poised-to-move-on-its-own-separate-from-bitcoin-ceo/,newsbtc.com,59,13
2026-01-17,Report Shows Massive Increase in Iranian Bitcoin Adoption Amid Nationwide Unrest,Report Shows Massive Increase in Iranian Bitcoin Adoption Amid Nationwide Unrest,https://gizmodo.com/iranian-bitcoin-adoption-amid-nationwide-unrest-2000711457,gizmodo.com,80,11
2026-01-17,"Steak  n Shake Adds $10 , 000 , 000 In Bitcoin To Treasury","Steak  n Shake Adds $10 , 000 , 000 In Bitcoin To Treasury",https://bitcoinmagazine.com/news/steak-n-shake-adds-10m-in-bitcoin,bitcoinmagazine.com,58,13
2026-01-17,Exclusive -- Eric Trump : Crypto Is Growing Faster Than the Internet Was,Exclusive -- Eric Trump : Crypto Is Growing Faster Than the Internet Was,https://www.breitbart.com/clips/2026/01/17/exclusive-eric-trump-crypto-is-growing-faster-than-the-internet-was/,breitbart.com,72,13
2026-01-17,West Virginia Lawmakers Propose Bitcoin Investments With State Funds,West Virginia Lawmakers Propose Bitcoin Investments With State Funds,https://www.zerohedge.com/crypto/west-virginia-lawmakers-propose-bitcoin-investments-state-funds,zerohedge.com,68,9
2026-01-17,iShares Bitcoin Trust ETF ( NASDAQ : IBIT ) Sees Large Growth in Short Interest,iShares Bitcoin Trust ETF ( NASDAQ : IBIT ) Sees Large Growth in Short Interest,https://www.dailypolitical.com/2026/01/17/ishares-bitcoin-trust-etf-nasdaqibit-sees-large-growth-in-short-interest.html,dailypolitical.com,79,15
2026-01-17,iShares Bitcoin Trust ETF ( NASDAQ : IBIT ) Short Interest Update,iShares Bitcoin Trust ETF ( NASDAQ : IBIT ) Short Interest Update,https://www.tickerreport.com/banking-finance/13319334/ishares-bitcoin-trust-etf-nasdaqibit-short-interest-update-2.html,tickerreport.com,65,12
2026-01-17,Steak  n Shake Says Bitcoin Stash Grew by $10 Million in Value,Steak  n Shake Says Bitcoin Stash Grew by $10 Million in Value,https://cointelegraph.com/news/steak-n-shake-10m-increase-bitcoin,cointelegraph.com,62,12
2026-01-17,Crypto Council : BTC Reserve Is a  Priority  but Legalities Hinder Process,Crypto Council : BTC Reserve Is a  Priority  but Legalities Hinder Process,https://cointelegraph.com/news/obscure-laws-stall-bitcoin-reserve-white-house,cointelegraph.com,74,12
2026-01-17,"Iran crypto balloons to $8bn with Bitcoin price up 2 , 000 % as economy crumbles , Chainalysis finds","Iran crypto balloons to $8bn with Bitcoin price up 2 , 000 % as economy crumbles , Chainalysis finds",https://finance.yahoo.com/news/iran-crypto-balloons-8bn-bitcoin-095225502.html,finance.yahoo.com,100,19
2026-01-17,FT Vest Bitcoin Strategy & Target Income ETF ( NYSEARCA : DFII ) Sees Large Growth in Short Interest,FT Vest Bitcoin Strategy & Target Income ETF ( NYSEARCA : DFII ) Sees Large Growth in Short Interest,https://www.themarketsdaily.com/2026/01/17/ft-vest-bitcoin-strategy-target-income-etf-nysearcadfii-sees-large-growth-in-short-interest.html,themarketsdaily.com,100,19
2026-01-17,"Bitcoin Holds Key Support As Weekend Liquidity Sets In $98 , 200 And $107 , 500 In Focus","Bitcoin Holds Key Support As Weekend Liquidity Sets In $98 , 200 And $107 , 500 In Focus",https://www.newsbtc.com/news/bitcoin/bitcoin-holds-key-support/,newsbtc.com,88,18
2026-01-17,Burger Chain Steak  N Shake Just Supersized Its Bitcoin Holdings,Burger Chain Steak  N Shake Just Supersized Its Bitcoin Holdings,https://www.benzinga.com/crypto/cryptocurrency/26/01/49984227/burger-chain-steak-n-shake-just-supersized-its-bitcoin-holdings,benzinga.com,64,10
2026-01-17,ProShares Bitcoin & Ether Market Cap Weight ETF ( NYSEARCA : BETH ) Short Interest Down 30 . 7 % in December,ProShares Bitcoin & Ether Market Cap Weight ETF ( NYSEARCA : BETH ) Short Interest Down 30 . 7 % in December,https://www.themarketsdaily.com/2026/01/17/proshares-bitcoin-ether-market-cap-weight-etf-nysearcabeth-short-interest-down-30-7-in-december.html,themarketsdaily.com,108,22
2026-01-17,Quantum Computing Threatens Bitcoin : Analyst Shifts to Gold in 2026,Quantum Computing Threatens Bitcoin : Analyst Shifts to Gold in 2026,https://www.webpronews.com/quantum-computing-threatens-bitcoin-analyst-shifts-to-gold-in-2026/,webpronews.com,68,11
2026-01-17,Crypto Taxes : 6 States Most Likely To Cut Into Your Gains,Crypto Taxes : 6 States Most Likely To Cut Into Your Gains,https://finance.yahoo.com/news/crypto-taxes-6-states-most-144906907.html,finance.yahoo.com,58,12
2026-01-17,Cryptocurrency Stocks To Keep An Eye On – January 17th,Cryptocurrency Stocks To Keep An Eye On – January 17th,https://www.tickerreport.com/banking-finance/13319234/cryptocurrency-stocks-to-keep-an-eye-on-january-17th.html,tickerreport.com,54,10
2026-01-17,"1 Spectacular Cryptocurrency That Could Soar by 1 , 159 %, According to Cathie Wood","1 Spectacular Cryptocurrency That Could Soar by 1 , 159 %, According to Cathie Wood",https://finance.yahoo.com/news/1-spectacular-cryptocurrency-could-soar-210500096.html,finance.yahoo.com,83,15
2026-01-17,Promising Blockchain Stocks To Watch Now – January 17th,Promising Blockchain Stocks To Watch Now – January 17th,https://www.dailypolitical.com/2026/01/17/promising-blockchain-stocks-to-watch-now-january-17th.html,dailypolitical.com,55,9
2026-01-18,Cathie Wood sieht Bitcoin als besseren Schutz in unsicheren Zeiten,Cathie Wood sieht Bitcoin als besseren Schutz in unsicheren Zeiten,https://www.boersennews.de/nachrichten/partner/clickout-media/cathie-wood-sieht-bitcoin-als-besseren-schutz-in-unsicheren-zeiten/5011173/,boersennews.de,66,10
2026-01-18,Could Zcash Be the Next Bitcoin ? | The Motley Fool,Could Zcash Be the Next Bitcoin ? | The Motley Fool,https://www.fool.com/investing/2026/01/18/could-zcash-be-the-next-bitcoin/?source=iedfolrf0000001,fool.com,51,11
2026-01-18,Mortgage Lender Newrez Embraces Crypto Assets in Loan Decisions,Mortgage Lender Newrez Embraces Crypto Assets in Loan Decisions,https://finance.yahoo.com/news/mortgage-lender-newrez-embraces-crypto-095200150.html,finance.yahoo.com,63,9
2026-01-18,Bitcoin Price Rises as Spot Bitcoin ETFs Attract $1 . 42B in Inflows,Bitcoin Price Rises as Spot Bitcoin ETFs Attract $1 . 42B in Inflows,https://insidebitcoins.com/news/bitcoin-price-edges-higher-as-spot-bitcoin-etfs-record-1-42b-weekly-inflows,insidebitcoins.com,68,13
2026-01-18,"The Disclosure of Aliens Could Cause a Bitcoin Rush , Former Bank of England Analyst Says","The Disclosure of Aliens Could Cause a Bitcoin Rush , Former Bank of England Analyst Says",https://gizmodo.com/the-disclosure-of-aliens-could-cause-a-bitcoin-rush-former-bank-of-england-analyst-says-2000711471,gizmodo.com,89,16
2026-01-18,"State Street , a $36 billion bank , is aiming to change legacy finance using blockchain tech","State Street , a $36 billion bank , is aiming to change legacy finance using blockchain tech",https://finance.yahoo.com/news/state-street-36-billion-bank-191607549.html,finance.yahoo.com,92,17
2026-01-18,Bitcoin Miner Canaan Receives Nasdaq Delisting Warning Over Sub - $1 Share Price,Bitcoin Miner Canaan Receives Nasdaq Delisting Warning Over Sub - $1 Share Price,https://finance.yahoo.com/news/bitcoin-miner-canaan-receives-nasdaq-202512008.html,finance.yahoo.com,80,13
2026-01-18,"The Secret Crypto Stock That Could Turn $1 , 000 Into a Fortune","The Secret Crypto Stock That Could Turn $1 , 000 Into a Fortune",https://finance.yahoo.com/news/secret-crypto-stock-could-turn-062000385.html,finance.yahoo.com,63,13
2026-01-18,Krypto - Währungen : Soll ich 2026 noch in Bitcoin investieren ?,Krypto - Währungen : Soll ich 2026 noch in Bitcoin investieren ?,http://www.tz.de/wirtschaft/bitcoin-2026-lohnt-sich-jetzt-der-einstieg-anbieter-im-test-zr-94128425.html,tz.de,64,12
2026-01-18,Strategy Inc . ( MSTR ) Continues to Add Bitcoin Amid MSCI Clarity,Strategy Inc . ( MSTR ) Continues to Add Bitcoin Amid MSCI Clarity,https://finance.yahoo.com/news/strategy-inc-mstr-continues-add-191035842.html,finance.yahoo.com,66,13
2026-01-18,"Dow To 60 , 000 , Nasdaq 28 , 000 , Bitcoin $350 , 000 , Gold $10 , 000 , Silver $200 : The Rally Ahead","Dow To 60 , 000 , Nasdaq 28 , 000 , Bitcoin $350 , 000 , Gold $10 , 000 , Silver $200 : The Rally Ahead",https://www.livetradingnews.com/dow-to-60000-nasdaq-28000-bitcoin-350000-gold-10000-silver-200-the-rally-ahead-226881.html,livetradingnews.com,103,27
2026-01-18,"Saylor defends Bitcoin treasuries , CLARITY Act concerns linger : Hodler Digest , Jan . 11 – 17 – Cointelegraph Magazine","Saylor defends Bitcoin treasuries , CLARITY Act concerns linger : Hodler Digest , Jan . 11 – 17 – Cointelegraph Magazine",https://cointelegraph.com/magazine/michael-saylor-bitcoin-treasury-company-us-clarity-act-zcash-hodlers-digest/,cointelegraph.com,120,21
2026-01-18,BTC Mining Prospectus : The Bitcoin Mining is changing,BTC Mining Prospectus : The Bitcoin Mining is changing,https://www.openpr.com/news/4352346/btc-mining-prospectus-the-bitcoin-mining-is-changing,openpr.com,54,9
2026-01-18,Fear that quantum computing is on the cusp of cracking cryptocurrency encryption spurs a global investment firm to remove Bitcoin from recommendations,Fear that quantum computing is on the cusp of cracking cryptocurrency encryption spurs a global investment firm to remove Bitcoin from recommendations,https://www.tomshardware.com/tech-industry/cryptocurrency/fear-that-quantum-computing-on-the-cusp-of-cracking-cryptocurrencys-encryption-spurs-a-global-investment-firm-to-remove-bitcoin-from-recommendations,tomshardware.com,150,22
2026-01-18,Should You Forget Bitcoin and Buy XRP Instead ?,Should You Forget Bitcoin and Buy XRP Instead ?,https://www.fool.com/investing/2026/01/18/should-you-forget-bitcoin-and-buy-xrp-instead/?source=iedfolrf0000001,fool.com,47,9
2026-01-18,Coinbase pulls its support of the Senate CLARITY Act,Coinbase pulls its support of the Senate CLARITY Act,https://www.theverge.com/policy/864008/senate-clarity-act-coinbase-crypto-market,theverge.com,52,9
2026-01-18,Bitwise Trendwise Bitcoin and Treasuries Rotation Strategy ETF ( NYSEARCA : BITC ) Shares Up 0 . 2 % – Time to Buy ?,Bitwise Trendwise Bitcoin and Treasuries Rotation Strategy ETF ( NYSEARCA : BITC ) Shares Up 0 . 2 % – Time to Buy ?,https://www.themarketsdaily.com/2026/01/18/bitwise-trendwise-bitcoin-and-treasuries-rotation-strategy-etf-nysearcabitc-shares-up-0-2-time-to-buy.html,themarketsdaily.com,116,24
2026-01-18,Why 80 % of Hacked Crypto Projects Never Recover,Why 80 % of Hacked Crypto Projects Never Recover,https://techstory.in/the-silent-killer-why-80-of-hacked-crypto-projects-never-recover/,techstory.in,48,9
2026-01-18,Kripto Dünyasında Kuantum Bilgisayar Tehdidi : Bitcoin Bir Gecede kebilir,Kripto Dünyasında Kuantum Bilgisayar Tehdidi : Bitcoin Bir Gecede kebilir,https://www.tamindir.com/haber/quantum-bilgisayar-bitcoin-sifreleme-kirma-ihtimali_104505/,tamindir.com,73,10
2026-01-18,"Peter Schiff Says What Happening Now In Gold , Silver A  Harbinger  Of Brewing Financial Storm :  Not A Positive For Bitcoin","Peter Schiff Says What Happening Now In Gold , Silver A  Harbinger  Of Brewing Financial Storm :  Not A Positive For Bitcoin",https://www.benzinga.com/crypto/cryptocurrency/26/01/49985411/peter-schiff-says-whats-happening-now-in-gold-silver-a-harbinger-of-brewing-financial-storm,benzinga.com,124,22
2026-01-18,Best Free Bitcoin Cloud Mining Sites ( 2025 ),Best Free Bitcoin Cloud Mining Sites ( 2025 ),https://ventureburn.com/explore-legal-cloud-mining-without-investment-6-free-bitcoin-mining-sites-for-2025/,ventureburn.com,45,9
2026-01-18,Weisses Haus widerspricht Coinbase - Gerüchten um Rückzug aus Krypto - Gesetz,Weisses Haus widerspricht Coinbase - Gerüchten um Rückzug aus Krypto - Gesetz,https://www.finanzen.ch/nachrichten/devisen/weisses-haus-widerspricht-coinbase-geruechten-um-rueckzug-aus-krypto-gesetz-1035722862,finanzen.ch,77,12
2026-01-18,The Crypto ETF Showdown : BITQ Diversification vs . IBIT Bitcoin Bet,The Crypto ETF Showdown : BITQ Diversification vs . IBIT Bitcoin Bet,https://finance.yahoo.com/news/crypto-etf-showdown-bitqs-diversification-164902726.html,finance.yahoo.com,68,12
2026-01-20,"So entwickeln sich Bitcoin , Ripple & Co am Dienstagmittag am Kryptomarkt","So entwickeln sich Bitcoin , Ripple & Co am Dienstagmittag am Kryptomarkt",https://www.finanzen.ch/nachrichten/devisen/so-entwickeln-sich-bitcoin-ripple-&-co-am-dienstagmittag-am-kryptomarkt-1035726987,finanzen.ch,73,12
2026-01-20,Sage Mountain Advisors LLC Grows Stock Holdings in iShares Bitcoin Trust ETF $IBIT,Sage Mountain Advisors LLC Grows Stock Holdings in iShares Bitcoin Trust ETF $IBIT,https://www.dailypolitical.com/2026/01/20/sage-mountain-advisors-llc-grows-stock-holdings-in-ishares-bitcoin-trust-etf-ibit.html,dailypolitical.com,82,13
2026-01-20,"Sage Mountain Advisors LLC Acquires 20 , 269 Shares of iShares Bitcoin Trust ETF $IBIT","Sage Mountain Advisors LLC Acquires 20 , 269 Shares of iShares Bitcoin Trust ETF $IBIT",https://www.tickerreport.com/banking-finance/13321197/sage-mountain-advisors-llc-acquires-20269-shares-of-ishares-bitcoin-trust-etf-ibit.html,tickerreport.com,86,15
2026-01-20,mstr stock : MSTR stock jumps as Vanguard makes first $505 million investment in Strategy,mstr stock : MSTR stock jumps as Vanguard makes first $505 million investment in Strategy,https://economictimes.indiatimes.com/news/international/us/mstr-stock-jumps-as-vanguard-makes-first-505-million-investment-in-strategy/articleshow/126807646.cms,economictimes.indiatimes.com,89,15
2026-01-20,Bitcoin Cash Market Capitalization Tops $11 . 40 Billion ( BCH ),Bitcoin Cash Market Capitalization Tops $11 . 40 Billion ( BCH ),https://www.themarketsdaily.com/2026/01/20/bitcoin-cash-market-capitalization-tops-11-40-billion-bch.html,themarketsdaily.com,64,12
2026-01-20,"Best Crypto To Invest In 2026 : $7 , 500 in SHIB vs $7 , 500 in Pepeto","Best Crypto To Invest In 2026 : $7 , 500 in SHIB vs $7 , 500 in Pepeto",https://www.openpr.com/news/4356304/best-crypto-to-invest-in-2026-7-500-in-shib-vs-7-500-in-pepeto,openpr.com,70,18
2026-01-20,Eric Trump : Bitcoin Is Growing Faster Than the Net Was | NewsRadio 740 KTRH | KTRH Local Houston and Texas News,Eric Trump : Bitcoin Is Growing Faster Than the Net Was | NewsRadio 740 KTRH | KTRH Local Houston and Texas News,https://ktrh.iheart.com/featured/houston-texas-news/content/2026-01-19-eric-trump-bitcoin-is-growing-faster-than-the-net-was-seriously/,ktrh.iheart.com,112,22
2026-01-20,"Curaçao Chronicle | $455 Billion in Bitcoin Exposed to Quantum Attack Risk via Address Reuse , Up 16 % Since 2020","Curaçao Chronicle | $455 Billion in Bitcoin Exposed to Quantum Attack Risk via Address Reuse , Up 16 % Since 2020",https://www.curacaochronicle.com/post/technology/455-billion-in-bitcoin-exposed-to-quantum-attack-risk-via-address-reuse-up-16-since-2020,curacaochronicle.com,113,21
2026-01-20,"Strategy Acquires 22 , 305 BTC for $2 . 13B","Strategy Acquires 22 , 305 BTC for $2 . 13B",https://www.coinspeaker.com/strategy-acquires-22305-btc-for-2-13b-as-total-holdings-hit-709715-bitcoin/,coinspeaker.com,43,10
2026-01-20,Bitcoin bricht ein : Kurs fällt nach Trumps Zolldrohungen unter 92 . 000 Dollar,Bitcoin bricht ein : Kurs fällt nach Trumps Zolldrohungen unter 92 . 000 Dollar,https://www.waz-online.de/wirtschaft/bitcoin-bricht-ein-kurs-faellt-nach-trumps-zolldrohungen-unter-92-000-dollar-P6RRD6HSUBAXLM7MZH6BZJ2GDA.html,waz-online.de,79,14
2026-01-20,BTC Bulls Defend $90K as Hash Ribbons Signal Long - Term Buy Opportunity,BTC Bulls Defend $90K as Hash Ribbons Signal Long - Term Buy Opportunity,https://cointelegraph.com/news/bitcoin-shows-signs-potential-rally-90k-becomes-key,cointelegraph.com,72,13
2026-01-20,Bitcoin Holders See First 30 - Day Realized Losses Since Late 2023,Bitcoin Holders See First 30 - Day Realized Losses Since Late 2023,https://cointelegraph.com/news/bitcoin-30-day-realized-losses-gold-record-high,cointelegraph.com,66,12
2026-01-20,Bitcoin scade pe fondul blocării Legii Clarity . ETF - urile bitcoin spot au avut cea mai bună săptămână – Income Magazine,Bitcoin scade pe fondul blocării Legii Clarity . ETF - urile bitcoin spot au avut cea mai bună săptămână – Income Magazine,https://incomemagazine.ro/bitcoin-scade-pe-fondul-blocarii-legii-clarity-etf-urile-bitcoin-spot-au-avut-cea-mai-buna-saptamana/,incomemagazine.ro,122,22
2026-01-20,Wallet Moves BTC for the First Time in 13 Years : What Happened ?,Wallet Moves BTC for the First Time in 13 Years : What Happened ?,https://www.coinspeaker.com/wallet-moves-btc-for-the-first-time-in-13-years-what-happened/,coinspeaker.com,65,14
2026-01-20,"Bitcoin ( BTC ) Price Prediction : BTC Holds $91K Support , Faces $94K – $95K Resistance Before Next Directional Move","Bitcoin ( BTC ) Price Prediction : BTC Holds $91K Support , Faces $94K – $95K Resistance Before Next Directional Move",https://bravenewcoin.com/insights/bitcoin-btc-price-prediction-btc-holds-91k-support-faces-94k-95k-resistance-before-next-directional-move,bravenewcoin.com,117,21
2026-01-20,Provenance Blockchain Price Up 11 % Over Last 7 Days ( HASH ),Provenance Blockchain Price Up 11 % Over Last 7 Days ( HASH ),https://www.tickerreport.com/banking-finance/13321101/provenance-blockchain-price-up-11-over-last-7-days-hash.html,tickerreport.com,61,13
2026-01-20,Provenance Blockchain ( HASH ) Achieves Self Reported Market Capitalization of $2 . 40 Billion,Provenance Blockchain ( HASH ) Achieves Self Reported Market Capitalization of $2 . 40 Billion,https://www.dailypolitical.com/2026/01/20/provenance-blockchain-hash-achieves-self-reported-market-capitalization-of-2-40-billion.html,dailypolitical.com,94,15
2026-01-20,"Strategy Becomes First Company to Hold Over 700 , 000 Bitcoin With $2 . 1 Billion Purchase","Strategy Becomes First Company to Hold Over 700 , 000 Bitcoin With $2 . 1 Billion Purchase",https://bravenewcoin.com/insights/strategy-becomes-first-company-to-hold-over-700000-bitcoin-with-2-1-billion-purchase,bravenewcoin.com,90,17
2026-01-20,Crypto Gambling Crash Games : Mechanics and Fair Play Guide,Crypto Gambling Crash Games : Mechanics and Fair Play Guide,https://cogconnected.com/2026/01/crypto-gambling-crash-games-understanding-mechanics-and-fair-play/,cogconnected.com,59,10
2026-01-20,A Dormant BTC Wallet Just Moved After 13 Years,A Dormant BTC Wallet Just Moved After 13 Years,https://cointelegraph.com/news/satoshi-era-bitcoin-wallet-2013-moves-85m-after-13-years,cointelegraph.com,46,9
2026-01-20,"Bitcoin  Failed  Breakout Sees $58 , 000 Target Return","Bitcoin  Failed  Breakout Sees $58 , 000 Target Return",https://cointelegraph.com/news/bitcoin-price-targets-extend-58k-btc-prints-death-cross,cointelegraph.com,54,9
2026-01-20,"1 Top Cryptocurrency to Buy Before It Soars 1 , 000 %, According to Michael Saylor","1 Top Cryptocurrency to Buy Before It Soars 1 , 000 %, According to Michael Saylor",https://www.fool.com/investing/2026/01/20/1-top-cryptocurrency-to-buy-before-it-soars-1000-a/?source=iedfolrf0000001,fool.com,82,16
2026-01-20,Crypto Whales Accumulate as Retail Pulls Back,Crypto Whales Accumulate as Retail Pulls Back,https://finance.yahoo.com/news/crypto-whales-accumulate-retail-pulls-103514220.html,finance.yahoo.com,45,7
2026-01-20,"After Crashing 48 % in 2025 , Can Strategy Turn Things Around This Year ?","After Crashing 48 % in 2025 , Can Strategy Turn Things Around This Year ?",https://www.fool.com/investing/2026/01/20/after-crashing-48-in-2025-can-strategys-stock-turn/?source=iedfolrf0000001,fool.com,73,15
2026-01-20,MSTR Stock Outlook After a 62 % Drop,MSTR Stock Outlook After a 62 % Drop,https://www.forbes.com/sites/petercohan/2026/01/20/strategy-stock-is-the-62-drop-a-buying-opportunity-or-a-warning-sign/,forbes.com,36,8
2026-01-20,Computerele cuantice amenință Bitcoin : Valoarea ar putea dispărea peste noapte,Computerele cuantice amenință Bitcoin : Valoarea ar putea dispărea peste noapte,https://www.dcnews.ro/computerele-cuantice-ameninta-bitcoin-valoarea-ar-putea-disparea-peste-noapte_1030199.html,dcnews.ro,79,11
2026-01-20,Ethereum ETFs Stand Out in December Inflows : ETFGI,Ethereum ETFs Stand Out in December Inflows : ETFGI,https://finance.yahoo.com/news/ethereum-etfs-stand-december-inflows-112519050.html,finance.yahoo.com,51,9
2026-01-20,"Bitcoin Holders Have The Right Thesis But The Wrong Asset , Peter Schiff Says","Bitcoin Holders Have The Right Thesis But The Wrong Asset , Peter Schiff Says",https://www.benzinga.com/crypto/cryptocurrency/26/01/50020735/bitcoin-holders-have-the-right-thesis-but-the-wrong-asset-peter-schiff-says,benzinga.com,77,14
2026-01-20,"Computerele cuantice ar putea sparge algoritmul Bitcoin , avertizează un economist de top :  Valoarea s - ar evapora peste noapte","Computerele cuantice ar putea sparge algoritmul Bitcoin , avertizează un economist de top :  Valoarea s - ar evapora peste noapte",https://www.antena3.ro/high-tech/computerele-cuantice-ar-putea-sparge-algoritmul-bitcoin-avertizeaza-un-economist-de-top-valoarea-s-ar-evapora-peste-noapte-774138.html,antena3.ro,129,21
2026-01-20,Bitcoin droht massiver Absturz,Bitcoin droht massiver Absturz,https://www.trend.at/invest/bitcoin-droht-absturz,trend.at,30,4
2026-01-20,"Strategy Crosses 700 , 000 BTC Milestone with $2 . 1 Billion Buy","Strategy Crosses 700 , 000 BTC Milestone with $2 . 1 Billion Buy",https://techstory.in/strategy-crosses-700000-btc-milestone-with-2-1-billion-buy/,techstory.in,64,13
2026-01-20,"Texas wants bitcoin on the state balance sheets – KTBB News , Weather , Talk","Texas wants bitcoin on the state balance sheets – KTBB News , Weather , Talk",https://ktbb.com/post/?p=1473470,ktbb.com,76,15
2026-01-20,Kazakhstan Restricts Crypto Trading to Central Bank - Approved Coins Only,Kazakhstan Restricts Crypto Trading to Central Bank - Approved Coins Only,https://finance.yahoo.com/news/kazakhstan-restricts-crypto-trading-central-150004384.html,finance.yahoo.com,73,11
2026-01-20,"Bitcoin , ether , solana and XRP extend ETF inflow streak before reversal","Bitcoin , ether , solana and XRP extend ETF inflow streak before reversal",https://finance.yahoo.com/news/bitcoin-ether-solana-xrp-extend-135054456.html,finance.yahoo.com,73,13
2026-01-20,Bitcoin at $1 . 6m ? How Greenland fears and dollar debasement will fuel price,Bitcoin at $1 . 6m ? How Greenland fears and dollar debasement will fuel price,https://finance.yahoo.com/news/bitcoin-1-6m-greenland-fears-113700590.html,finance.yahoo.com,78,15
2026-01-20,Bitcoin Whale Wakes Up : $85M Moved After 13 Years,Bitcoin Whale Wakes Up : $85M Moved After 13 Years,https://www.finanznachrichten.de/nachrichten-2026-01/67481651-bitcoin-whale-wakes-up-dollar-85m-moved-after-13-years-385.htm,finanznachrichten.de,50,10
2026-01-20,Ethereum rückt ins Zentrum der Finanzwelt – neue Entwicklungen befeuern die Prognose,Ethereum rückt ins Zentrum der Finanzwelt – neue Entwicklungen befeuern die Prognose,https://www.wallstreet-online.de/nachricht/20394607-ethereum-rueckt-zentrum-finanzwelt-entwicklungen-befeuern-prognose,wallstreet-online.de,84,12
2026-01-20,Why Bitcoin Plunged Nearly 5 % This Weekend,Why Bitcoin Plunged Nearly 5 % This Weekend,https://www.fool.com/investing/2026/01/20/why-bitcoin-plunged-nearly-5-this-weekend/?source=iedfolrf0000001,fool.com,43,8
2026-01-20,"Ethereum Price Prediction : ETH Price Holds Triple Bottom Breakout as $3 , 100 – $3 , 200 Support Defines Path to $4 , 000","Ethereum Price Prediction : ETH Price Holds Triple Bottom Breakout as $3 , 100 – $3 , 200 Support Defines Path to $4 , 000",https://bravenewcoin.com/insights/ethereum-price-prediction-eth-price-holds-triple-bottom-breakout-as-3100-3200-support-defines-path-to-4000,bravenewcoin.com,122,25
2026-01-20,Bitcoin : Profis haben weiter hohen Bedarf,Bitcoin : Profis haben weiter hohen Bedarf,https://www.finanznachrichten.de/nachrichten-2026-01/67481447-bitcoin-profis-haben-weiter-hohen-bedarf-486.htm,finanznachrichten.de,42,7
2026-01-20,FinancialContent - Why Coinbase ( COIN ) Stock Is Down Today,FinancialContent - Why Coinbase ( COIN ) Stock Is Down Today,https://markets.financialcontent.com/stocks/article/stockstory-2026-1-20-why-coinbase-coin-stock-is-down-today,markets.financialcontent.com,60,11
2026-01-20,Bitcoin Dip Meets ETF Frenzy : Buy the Fear ?,Bitcoin Dip Meets ETF Frenzy : Buy the Fear ?,http://www.econotimes.com/Bitcoins-Dip-Meets-ETF-Frenzy-Buy-the-Fear-1731404,econotimes.com,45,10
2026-01-20,Bitcoin Tumbles Below $90K As U . S . - Should You Buy BTC ?,Bitcoin Tumbles Below $90K As U . S . - Should You Buy BTC ?,https://www.finanznachrichten.de/nachrichten-2026-01/67481285-bitcoin-tumbles-below-dollar-90k-as-u-s-should-you-buy-btc-385.htm,finanznachrichten.de,60,15
2026-01-20,Crypto Rally Fades as Geopolitical Risks Re - Enter Focus : Laser Digital,Crypto Rally Fades as Geopolitical Risks Re - Enter Focus : Laser Digital,https://finance.yahoo.com/news/crypto-rally-fades-geopolitical-risks-135111763.html,finance.yahoo.com,73,13
2026-01-20,"The Surprising Way Investors Now Use Crypto ETFs , If You Ask This Expert","The Surprising Way Investors Now Use Crypto ETFs , If You Ask This Expert",https://www.benzinga.com/etfs/sector-etfs/26/01/50007592/crypto-etfs-growth-trade-roxanna-islam,benzinga.com,73,14
2026-01-20,Huobi BTC ( HBTC ) Reaches One Day Trading Volume of $35 . 42 Thousand,Huobi BTC ( HBTC ) Reaches One Day Trading Volume of $35 . 42 Thousand,https://www.dailypolitical.com/2026/01/20/huobi-btc-hbtc-reaches-one-day-trading-volume-of-35-42-thousand.html,dailypolitical.com,70,15
2026-01-21,Bhutan to Strengthen Blockchain Role as New Sei Validator,Bhutan to Strengthen Blockchain Role as New Sei Validator,https://cointelegraph.com/news/bhutan-sei-blockchain-validator-digital-transformation,cointelegraph.com,57,9
2026-01-21,Galaxy to Launch $100M Hedge Fund to Trade Crypto Upside and Downside,Galaxy to Launch $100M Hedge Fund to Trade Crypto Upside and Downside,https://cointelegraph.com/news/galaxy-launches-100m-crypto-hedge-fund-long-short-strategy,cointelegraph.com,69,12
2026-01-21,Rain $2B Valuation Ignites Crypto Card  Payment Stack War,Rain $2B Valuation Ignites Crypto Card  Payment Stack War,https://www.forbes.com/sites/boazsobrado/2026/01/21/rains-2b-valuation-ignites-crypto-card-payment-stack-war/,forbes.com,57,9
2026-01-21,Ripple President Says 50 % Of Fortune 500 Firms Will Have Crypto Exposure,Ripple President Says 50 % Of Fortune 500 Firms Will Have Crypto Exposure,https://cointelegraph.com/news/ripple-exec-sees-50-of-fortune-500-dipping-into-crypto-in-2026,cointelegraph.com,73,13
2026-01-21,Galaxy Digital Secures $100M To Launch New Crypto Hedge Fund,Galaxy Digital Secures $100M To Launch New Crypto Hedge Fund,https://ventureburn.com/galaxy-digital-secures-100m-crypto-hedge-fund/,ventureburn.com,60,10
2026-01-21,Bitcoin Crashes Below $88K As $1 . 8B Liquidated In Market Selloff,Bitcoin Crashes Below $88K As $1 . 8B Liquidated In Market Selloff,https://cointelegraph.com/news/bitcoin-wipes-out-january-gains-japanese-bond-crisis-roils-all-markets,cointelegraph.com,66,12
2026-01-21,The Dirty world of Cryptocurrency trading : A Beginner Guide,The Dirty world of Cryptocurrency trading : A Beginner Guide,https://www.sify.com/cryptocurrency/the-dirty-world-of-cryptocurrency-trading-a-beginners-guide/,sify.com,60,10
2026-01-21,Bitcoin Posts and Search Interest Fell Significantly in 2025,Bitcoin Posts and Search Interest Fell Significantly in 2025,https://cointelegraph.com/news/bitcoin-x-posts-google-searches-fell-2025,cointelegraph.com,60,9
2026-01-21,"Bitcoin falls below $90 , 000 , down nearly 10 % in two days","Bitcoin falls below $90 , 000 , down nearly 10 % in two days",https://www.hindustantimes.com/world-news/bitcoin-falls-below-90-000-down-10-in-two-days-101768971954754.html,hindustantimes.com,60,14
2026-01-21,Bitcoin IFP Hints At Potential Turnaround : What It Means,Bitcoin IFP Hints At Potential Turnaround : What It Means,https://www.newsbtc.com/bitcoin-news/bitcoin-ifp-potential-turnaround-what-it-means/,newsbtc.com,57,10
2026-01-21,"BitMine Ethereum Holdings Hit 4 . 2M As ETH Tests $3 , 000 Support","BitMine Ethereum Holdings Hit 4 . 2M As ETH Tests $3 , 000 Support",https://www.newsbtc.com/news/ethereum/bitmines-ethereum-holdings-near-3-5-supply-milestone-as-eth-falls-below-3000/,newsbtc.com,66,14
2026-01-21,Bitcoin Slides as Crypto Markets Correct : Is the Golden Cross at Risk ?,Bitcoin Slides as Crypto Markets Correct : Is the Golden Cross at Risk ?,https://finance.yahoo.com/news/bitcoin-slides-crypto-markets-correct-192526458.html,finance.yahoo.com,72,14
2026-01-21,"Bitcoin Under Pressure After $90 , 600 Drop , But This Retest Will Decide The Trend","Bitcoin Under Pressure After $90 , 600 Drop , But This Retest Will Decide The Trend",https://www.newsbtc.com/news/bitcoin/bitcoin-under-pressure-after-drop/,newsbtc.com,83,16
2026-01-21,"Ethereum Price Breaks Under $3K , Charts Flash Fresh Warnings","Ethereum Price Breaks Under $3K , Charts Flash Fresh Warnings",https://www.newsbtc.com/analysis/eth/ethereum-price-breaks-under-3k/,newsbtc.com,61,10
2026-01-21,"Bitcoin Price Loses $90K , Traders Brace for a Volatile Next Move","Bitcoin Price Loses $90K , Traders Brace for a Volatile Next Move",https://www.newsbtc.com/analysis/btc/bitcoin-price-loses-90k/,newsbtc.com,65,12
2026-01-21,"Gold and silver rally while Bitcoin falls below $90 , 000 , $150 billion wiped out from crypto markets","Gold and silver rally while Bitcoin falls below $90 , 000 , $150 billion wiped out from crypto markets",https://economictimes.indiatimes.com/markets/cryptocurrency/gold-and-silver-rally-while-bitcoin-falls-below-90000-150-billion-wiped-out-from-crypto-markets/articleshow/126941182.cms,economictimes.indiatimes.com,102,19
2026-01-21,Top Blockchain Stocks To Follow Now – January 18th,Top Blockchain Stocks To Follow Now – January 18th,https://www.tickerreport.com/banking-finance/13321751/top-blockchain-stocks-to-follow-now-january-18th.html,tickerreport.com,50,9
2026-01-21,"21 Ocak 2026 KRİPTO PİYASASI : Bitcoin , Ethereum , Ripple ve Solanada satış baskısı ! Kritik seviyelerin altına indiler","21 Ocak 2026 KRİPTO PİYASASI : Bitcoin , Ethereum , Ripple ve Solanada satış baskısı ! Kritik seviyelerin altına indiler",https://www.dunya.com/finans/haberler/riskten-kacis-kriptoyu-vurdu-bitcoin-kritik-seviyenin-altina-dustu-haberi-812166,dunya.com,120,20
2026-01-21,"Cryptocurrencies Price Prediction : BNB , Sandbox & Bitcoin Asian Wrap 21 January","Cryptocurrencies Price Prediction : BNB , Sandbox & Bitcoin Asian Wrap 21 January",https://www.fxstreet.com/cryptocurrencies/news/cryptocurrencies-price-prediction-bnb-sandbox-bitcoin-asian-wrap-21-january-202601210628,fxstreet.com,81,13
2026-01-21,Bitcoin 90 bin doların altına indi ! - Bursa Hakimiyet,Bitcoin 90 bin doların altına indi ! - Bursa Hakimiyet,https://www.bursahakimiyet.com.tr/ekonomi/bitcoin-90-bin-dolarin-altina-indi-1566105,bursahakimiyet.com.tr,54,10
2026-01-21,Tom Lee BitMine Nears  Alchemy of 5 % Ethereum Goal Is ETH Price in Trouble ?,Tom Lee BitMine Nears  Alchemy of 5 % Ethereum Goal Is ETH Price in Trouble ?,https://finance.yahoo.com/news/tom-lee-bitmine-nears-alchemy-100215066.html,finance.yahoo.com,77,16
2026-01-21,Blockspace Expands Onchain Data Suite With Acquisition of Bitcoin Layers,Blockspace Expands Onchain Data Suite With Acquisition of Bitcoin Layers,https://finance.yahoo.com/news/blockspace-expands-onchain-data-suite-173118009.html,finance.yahoo.com,72,10
2026-01-21,Billionaire Novogratz Delivers His Bitcoin Price Prediction and a Major Warning,Billionaire Novogratz Delivers His Bitcoin Price Prediction and a Major Warning,https://www.banklesstimes.com/articles/2026/01/21/billionaire-novogratz-delivers-his-bitcoin-price-prediction-and-a-major-warning/,banklesstimes.com,79,11
2026-01-21,Tom Lee Still Sees Bitcoin At $250k But Warns 2026 Gets  Jagged,Tom Lee Still Sees Bitcoin At $250k But Warns 2026 Gets  Jagged,https://www.newsbtc.com/bitcoin-news/tom-lee-bitcoin-250000-warns-2026-gets-jagged/,newsbtc.com,63,12
2026-01-21,"Winklevoss Twins Donate $1 . 4 Million To Support Zcash Network :  Privacy Is The Next Frontier In Crypto  - Cypherpunk Technologies ( NASDAQ : CYPH ), Gemini Space Station ( NASDAQ : GEMI )","Winklevoss Twins Donate $1 . 4 Million To Support Zcash Network :  Privacy Is The Next Frontier In Crypto  - Cypherpunk Technologies ( NASDAQ : CYPH ), Gemini Space Station ( NASDAQ : GEMI )",https://www.benzinga.com/crypto/cryptocurrency/26/01/50027404/winklevoss-twins-donate-1-4-million-to-support-zcash-network-privacy-is-the-next-frontier-i,benzinga.com,190,35
2026-01-21,Bitcoin Dips As Strategy Total Holdings Reach 709k,Bitcoin Dips As Strategy Total Holdings Reach 709k,https://insidebitcoins.com/news/bitcoin-price-dips-as-michael-saylors-strategy-boosts-bitcoin-holdings-to-709715-btc,insidebitcoins.com,50,8
2026-01-21,Galaxy Digital to Launch $100M Crypto Hedge Fund in 2026,Galaxy Digital to Launch $100M Crypto Hedge Fund in 2026,https://www.banklesstimes.com/articles/2026/01/21/galaxy-digital-to-launch-100m-crypto-hedge-fund-in-2026/,banklesstimes.com,56,10
2026-01-21,"Börse : Dax startet mit Verlusten , Wall Street im Minus , Bitcoin unter 90 . 000 US - Dollar","Börse : Dax startet mit Verlusten , Wall Street im Minus , Bitcoin unter 90 . 000 US - Dollar",https://www.manager-magazin.de/finanzen/boerse/boerse-dax-verhalten-erwartet-wall-street-mit-grossen-verlusten-bitcoin-unter-90-000-us-dollar-a-c3251e0c-f328-4aaa-9a87-f1455bbe0a0b,manager-magazin.de,93,20
2026-01-21,"Top 3 Price Prediction : Bitcoin , Ethereum , Ripple – BTC , ETH and XRP extend correction as bearish pressure persists","Top 3 Price Prediction : Bitcoin , Ethereum , Ripple – BTC , ETH and XRP extend correction as bearish pressure persists",https://www.fxstreet.com/cryptocurrencies/news/top-3-price-prediction-bitcoin-ethereum-ripple-btc-eth-and-xrp-extend-correction-as-bearish-pressure-persists-202601210349,fxstreet.com,119,22
2026-01-21,"Strategy Invests $2 . 13 Billion in Bitcoin , Largest Buy in Seven Months","Strategy Invests $2 . 13 Billion in Bitcoin , Largest Buy in Seven Months",https://www.el-balad.com/6828132,el-balad.com,73,14
2026-01-21,Delaware Life Adds Bitcoin Exposure to Fixed Annuity via BlackRock,Delaware Life Adds Bitcoin Exposure to Fixed Annuity via BlackRock,https://blockonomi.com/delaware-life-adds-bitcoin-exposure-to-fixed-annuity-via-blackrock/,blockonomi.com,66,10
2026-01-21,Litecoin Dips Below $70 as Geopolitical Tensions Stall Crypto Momentum,Litecoin Dips Below $70 as Geopolitical Tensions Stall Crypto Momentum,https://rejoicemagazine.net/litecoin-dips-below-70-as-geopolitical-tensions-stall-crypto-momentum/,rejoicemagazine.net,70,10
2026-01-21,Monero Prognose : - 20 % - ist HYPER die bessere Bitcoin - Alternative ?,Monero Prognose : - 20 % - ist HYPER die bessere Bitcoin - Alternative ?,https://www.finanzen.net/nachricht/devisen/monero-prognose-20-ist-hyper-die-bessere-bitcoin-alternative-15425972,finanzen.net,72,15
2026-01-21,Gold and Silver surge to record highs as Bitcoin and Ethereum slide lower,Gold and Silver surge to record highs as Bitcoin and Ethereum slide lower,https://www.fxstreet.com/cryptocurrencies/news/gold-and-silver-surge-to-record-highs-as-bitcoin-and-ethereum-slide-lower-202601210028,fxstreet.com,73,13
2026-01-21,Here Why the Stock and Crypto Markets are Going Down Today,Here Why the Stock and Crypto Markets are Going Down Today,https://www.banklesstimes.com/articles/2026/01/21/heres-why-the-stock-and-crypto-markets-are-going-down-today/,banklesstimes.com,58,11
2026-01-21,BlackRock partners with Delaware Life to bring Bitcoin into fixed index annuities,BlackRock partners with Delaware Life to bring Bitcoin into fixed index annuities,https://cryptobriefing.com/bitcoin-indexed-annuity-launch/,cryptobriefing.com,81,12
2026-01-21,Bitcoin Hits $0 on Paradex After Starknet Glitch Mass Liquidations Force Rollback,Bitcoin Hits $0 on Paradex After Starknet Glitch Mass Liquidations Force Rollback,https://finance.yahoo.com/news/bitcoin-hits-0-paradex-starknet-163640490.html,finance.yahoo.com,81,12
2026-01-21,"NFLX , IBM , UAL , XYZ , MSTR : 5 Trending Stocks Today - Netflix ( NASDAQ : NFLX )","NFLX , IBM , UAL , XYZ , MSTR : 5 Trending Stocks Today - Netflix ( NASDAQ : NFLX )",https://www.benzinga.com/news/26/01/50025904/netflix-ibm-united-airlines-block-and-strategy-why-are-these-5-stocks-on-investors-radars-today,benzinga.com,83,21
2026-01-21,"Navigating a new chapter for crypto assets , safely - Academia","Navigating a new chapter for crypto assets , safely - Academia",https://www.thejakartapost.com/opinion/2026/01/21/navigating-a-new-chapter-for-crypto-assets-safely.html,thejakartapost.com,62,11
2026-01-21,"Bitcoin , Ethereum , XRP , Dogecoin Crash Alongside Stocks Amid Trump Greenland Tariff Threats : Analyst Sees  Optimal Condition For BTC Breakout - Grayscale Bitcoin Mini Trust ( BTC ) ( ARCA : BTC )","Bitcoin , Ethereum , XRP , Dogecoin Crash Alongside Stocks Amid Trump Greenland Tariff Threats : Analyst Sees  Optimal Condition For BTC Breakout - Grayscale Bitcoin Mini Trust ( BTC ) ( ARCA : BTC )",https://www.benzinga.com/crypto/cryptocurrency/26/01/50025992/bitcoin-ethereum-xrp-dogecoin-crash-alongside-stocks-amid-trumps-greenland-tariff-threats-analyst-sees-optimal-conditions-for-btc-breakout,benzinga.com,199,36
2026-01-21,"Bitcoin bounces to $89 , 500 as Trump strikes calmer tone in Greenland acquisition in Davos","Bitcoin bounces to $89 , 500 as Trump strikes calmer tone in Greenland acquisition in Davos",https://sofokleous10.gr/2026/01/21/bitcoin-bounces-to-89500-as-trump-strikes-calmer-tone-in-greenland-acquisition-in-davos/,sofokleous10.gr,91,16
2026-01-21,"Trump Family Makes $1 . 4 Billion Off Crypto in 2025 , Offsetting Losses Elsewhere","Trump Family Makes $1 . 4 Billion Off Crypto in 2025 , Offsetting Losses Elsewhere",https://gizmodo.com/trump-family-makes-1-4-billion-off-crypto-in-2025-offsetting-losses-elsewhere-2000711770,gizmodo.com,82,15
2026-01-21,Settlement of First XCE BTC Bond Issue | Company Announcement,Settlement of First XCE BTC Bond Issue | Company Announcement,https://www.investegate.co.uk/announcement/rns/connecting-excellence-group-plc--xce/settlement-of-first-xce-btc-bond-issue-/9370909,investegate.co.uk,61,10
2026-01-21,"Bitcoin dips back below $90 , 000 as global selloff deepens","Bitcoin dips back below $90 , 000 as global selloff deepens",https://en.apa.az/cryptocurrency/bitcoin-dips-back-below-90000-as-global-selloff-deepens-489502,en.apa.az,59,11
2026-01-21,Trump Vows To Sign Major Bitcoin Bill  Very Soon,Trump Vows To Sign Major Bitcoin Bill  Very Soon,https://bitcoinmagazine.com/news/trump-vows-to-sign-major-bitcoin-bill,bitcoinmagazine.com,48,9
2026-01-21,"Banks Are Losing  Confidence In Fiat , Claims Billionaire Ray Dalio Why Are Bitcoin Traders Celebrating ?","Banks Are Losing  Confidence In Fiat , Claims Billionaire Ray Dalio Why Are Bitcoin Traders Celebrating ?",https://finance.yahoo.com/news/banks-losing-confidence-fiat-claims-130715459.html,finance.yahoo.com,105,17
2026-01-21,This Company Spent $2 . 13B On Bitcoin Despite The Downturn,This Company Spent $2 . 13B On Bitcoin Despite The Downturn,https://www.finanznachrichten.de/nachrichten-2026-01/67492321-this-company-spent-dollar-2-13b-on-bitcoin-despite-the-downturn-385.htm,finanznachrichten.de,59,11
2026-01-21,How the Next Ethereum Could Help You Retire a Millionaire,How the Next Ethereum Could Help You Retire a Millionaire,https://finance.yahoo.com/news/next-ethereum-could-help-retire-122000774.html,finance.yahoo.com,57,10
2026-01-21,Analysts Predicts 50 % Bitcoin Surge - But Not Without Warning,Analysts Predicts 50 % Bitcoin Surge - But Not Without Warning,https://www.finanznachrichten.de/nachrichten-2026-01/67492320-analysts-predicts-50-bitcoin-surge-but-not-without-warning-385.htm,finanznachrichten.de,62,11
2026-01-21,Crypto confidence : Why traders are looking beyond bitcoin volatility,Crypto confidence : Why traders are looking beyond bitcoin volatility,https://www.insidermonkey.com/blog/crypto-confidence-why-traders-are-looking-beyond-bitcoin-volatility-1678973/,insidermonkey.com,69,10
2026-01-21,"Bitcoin Museum & Art Gallery launches as permanent institution , opening with Ksenia Buridanova Memetica Mysterica","Bitcoin Museum & Art Gallery launches as permanent institution , opening with Ksenia Buridanova Memetica Mysterica",https://tynmagazine.com/bitcoin-museum-art-gallery-launches-as-permanent-institution-opening-with-ksenia-buridanovas-memetica-mysterica/,tynmagazine.com,114,16
2026-01-21,Best Cryptocurrency Stocks To Consider – January 21st,Best Cryptocurrency Stocks To Consider – January 21st,https://www.tickerreport.com/banking-finance/13322301/best-cryptocurrency-stocks-to-consider-january-21st.html,tickerreport.com,53,8
2026-01-21,"Trump Davosta konuştu : Bitcoin , altın ve dolar harekete geçti","Trump Davosta konuştu : Bitcoin , altın ve dolar harekete geçti",https://www.sozcu.com.tr/trump-davos-ta-konustu-bitcoin-altin-ve-dolar-harekete-gecti-p286121,sozcu.com.tr,63,11
2026-01-21,Kryptomarkt : Bitcoin & Co . Kurse am Mittwochnachmittag im Fokus,Kryptomarkt : Bitcoin & Co . Kurse am Mittwochnachmittag im Fokus,https://www.finanzen.net/nachricht/devisen/kryptokurse-am-mittwochnachmittag-15427958,finanzen.net,65,11
2026-01-21,BTC - To - Gold Ratio Hits New Lows As Gold Rally Continues,BTC - To - Gold Ratio Hits New Lows As Gold Rally Continues,https://cointelegraph.com/news/bitcoin-to-gold-ratio-falls-to-new-low-but-analysts-say-btc-s-discounted-setups-are-rare,cointelegraph.com,59,13
2026-01-21,"Bitcoin Price Forecast : BTC struggles below $90 , 000 amid easing risk appetite , increasing bearish pressure","Bitcoin Price Forecast : BTC struggles below $90 , 000 amid easing risk appetite , increasing bearish pressure",https://www.fxstreet.com/cryptocurrencies/news/bitcoin-price-forecast-btc-struggles-below-90-000-amid-easing-risk-appetite-increasing-bearish-pressure-202601211217,fxstreet.com,110,18
2026-01-21,"Bitcoin plunges below $90 , 000 amid global risk asset selloff","Bitcoin plunges below $90 , 000 amid global risk asset selloff",https://finance.yahoo.com/news/bitcoin-plunges-below-90-000-152355085.html,finance.yahoo.com,62,11
2026-01-21,"Bitcoin Falls Below $95K , But ETF Demand Just Hit Statistical Extremes – Are Whales Loading Up Again ?","Bitcoin Falls Below $95K , But ETF Demand Just Hit Statistical Extremes – Are Whales Loading Up Again ?",https://finance.yahoo.com/news/bitcoin-falls-below-95k-etf-135256685.html,finance.yahoo.com,103,19
2026-01-21,"Is Bitcoin a Buy , Hold , or Sell in 2026 ?","Is Bitcoin a Buy , Hold , or Sell in 2026 ?",https://www.fool.com/investing/2026/01/21/is-bitcoin-a-buy-hold-or-sell-in-2026/?source=iedfolrf0000001,fool.com,43,12
2026-01-21,Breaking : Michael Saylor Strategy Hits 700k Bitcoin Milestone Ahead of Trump Tariffs Decision,Breaking : Michael Saylor Strategy Hits 700k Bitcoin Milestone Ahead of Trump Tariffs Decision,https://finance.yahoo.com/news/breaking-michael-saylor-strategy-hits-130944167.html,finance.yahoo.com,94,14
2026-01-21,"Trump Expects to Sign Crypto Market Structure Bill Soon , Unleash Innovation","Trump Expects to Sign Crypto Market Structure Bill Soon , Unleash Innovation",https://www.coinspeaker.com/trump-clarity-act-coinbase-concerns-crypto-regulation/,coinspeaker.com,76,12
2026-01-21,10 Crypto - friendly Countries With Predictable Regulations,10 Crypto - friendly Countries With Predictable Regulations,https://money.howstuffworks.com/personal-finance/personal-income-taxes/crypto-friendly-countries.htm,money.howstuffworks.com,59,8
2026-01-21,"Gold , Bitcoin Or The S & P500 ? Which Asset Polymarket Predicts To Do Best In 2026","Gold , Bitcoin Or The S & P500 ? Which Asset Polymarket Predicts To Do Best In 2026",https://www.benzinga.com/crypto/cryptocurrency/26/01/50051074/gold-bitcoin-or-the-sp500-which-asset-polymarket-predicts-to-do-best-in-2026,benzinga.com,83,18
2026-01-21,Trump says he hopes to sign crypto bill very soon to beat China,Trump says he hopes to sign crypto bill very soon to beat China,https://finance.yahoo.com/news/trump-says-hopes-sign-crypto-205924385.html,finance.yahoo.com,63,13
2026-01-21,Unglaublich : Trump rudert bei EU - Zöllen zurück – Bitcoin explodiert !,Unglaublich : Trump rudert bei EU - Zöllen zurück – Bitcoin explodiert !,https://www.wallstreet-online.de/nachricht/20400826-unglaublich-trump-rudert-eu-zoellen-bitcoin-explodiert,wallstreet-online.de,72,13
2026-01-21,"Bitcoin mining stocks drop as bitcoin tests $90 , 000 support","Bitcoin mining stocks drop as bitcoin tests $90 , 000 support",https://finance.yahoo.com/news/bitcoin-mining-stocks-drop-bitcoin-153657638.html,finance.yahoo.com,61,11
2026-01-21,Bitcoin Slips Toward A Key Support Test As Risk - Off Fear Hits,Bitcoin Slips Toward A Key Support Test As Risk - Off Fear Hits,https://www.riotimesonline.com/bitcoin-slips-toward-a-key-support-test-as-risk-off-fear-hits-crypto/,riotimesonline.com,63,13
2026-01-21,Coinbase CEO : Banking Lobbyists Are Trying to Ban Their Competition,Coinbase CEO : Banking Lobbyists Are Trying to Ban Their Competition,https://gizmodo.com/coinbase-ceo-banking-lobbyists-are-trying-to-ban-their-competition-2000712456,gizmodo.com,68,11
2026-01-21,Steak  n Shake to Offer Bitcoin Bonuses to Employees,Steak  n Shake to Offer Bitcoin Bonuses to Employees,https://www.coinspeaker.com/steak-n-shake-to-offer-bitcoin-bonuses-to-employees/,coinspeaker.com,52,9
2026-01-21,Coinbase CEO And Central Bank Governor Clash Over Trust At WEF,Coinbase CEO And Central Bank Governor Clash Over Trust At WEF,https://cointelegraph.com/news/central-banks-vs-bitcoin-who-earns-trust,cointelegraph.com,62,11
2026-01-21,Galaxy Digital Plans Crypto Hedge Fund Rollout,Galaxy Digital Plans Crypto Hedge Fund Rollout,https://www.coinspeaker.com/galaxy-digital-plans-crypto-hedge-fund-rollout/,coinspeaker.com,46,7
2026-01-21,"61 % of crypto investors favour stock or mutual fund - like taxation , 17 % back standalone regime : CoinSwitch survey","61 % of crypto investors favour stock or mutual fund - like taxation , 17 % back standalone regime : CoinSwitch survey",https://economictimes.indiatimes.com/markets/cryptocurrency/crypto-news/61-of-crypto-investors-favour-stock-or-mutual-fund-like-taxation-17-back-standalone-regime-coinswitch-survey/articleshow/126960722.cms,economictimes.indiatimes.com,118,22
2026-01-21,"Ripple President Expects Crypto Treasuries to 5x in 2026 , Bets on Stablecoins","Ripple President Expects Crypto Treasuries to 5x in 2026 , Bets on Stablecoins",https://www.coinspeaker.com/ripple-president-expects-crypto-treasuries-to-5x-in-2026-bets-on-stablecoins/,coinspeaker.com,78,13
2026-01-21,Bitcoin : Kommt jetzt der deutliche Crash ?,Bitcoin : Kommt jetzt der deutliche Crash ?,https://www.finanznachrichten.de/nachrichten-2026-01/67491444-bitcoin-kommt-jetzt-der-deutliche-crash-486.htm,finanznachrichten.de,43,8
2026-01-21,Bitcoin - Kurs verharrt vor Trump - Auftritt in Davos unter 90 . 000 US - Dollar,Bitcoin - Kurs verharrt vor Trump - Auftritt in Davos unter 90 . 000 US - Dollar,https://www.onvista.de/news/2026/01-21-bitcoin-kurs-verharrt-vor-trump-auftritt-in-davos-unter-90-000-us-dollar-0-10-26471081,onvista.de,80,17
2026-01-21,Bitcoin Sharks Accumulate Despite  Perfect Bull Trap  Warnings,Bitcoin Sharks Accumulate Despite  Perfect Bull Trap  Warnings,https://cointelegraph.com/news/bitcoin-sharks-scoop-up-btc-like-it-s-2013-despite-perfect-bull-trap,cointelegraph.com,62,8
2026-01-21,Spot Bitcoin and Ether ETFs See Heavy Outflows Amid Macro Uncertainty,Spot Bitcoin and Ether ETFs See Heavy Outflows Amid Macro Uncertainty,https://cointelegraph.com/news/spot-bitcoin-ether-etfs-heavy-outflows-macro-uncertainty,cointelegraph.com,69,11
2026-01-21,Coinbase CEO Clashes With French Banker Over Bitcoin,Coinbase CEO Clashes With French Banker Over Bitcoin,https://bitcoinmagazine.com/news/coinbase-ceo-clashes-bitcoin-davos,bitcoinmagazine.com,52,8
2026-01-21,Crypto industrialises : Binance reveals 2026 market trends,Crypto industrialises : Binance reveals 2026 market trends,https://www.bizcommunity.com/article/crypto-industrialises-binance-reveals-2026-market-trends-283047a,bizcommunity.com,58,8
2026-01-21,Ethereum News : Ethereum Price Hovers Around the Important,Ethereum News : Ethereum Price Hovers Around the Important,https://www.openpr.com/news/4358325/ethereum-news-ethereum-s-price-hovers-around-the-important,openpr.com,58,9
2026-01-21,Bitcoin  Strong Support  Gets a Macro Boost From Trump WEF Speech,Bitcoin  Strong Support  Gets a Macro Boost From Trump WEF Speech,https://cointelegraph.com/news/bitcoin-eyes-90k-donald-trump-sees-crypto-bill-signing-very-soon,cointelegraph.com,65,11
2026-01-21,Bitcoin Down 11 % After Trump First Year Why Did BTC Perform Better Under Biden ?,Bitcoin Down 11 % After Trump First Year Why Did BTC Perform Better Under Biden ?,https://www.benzinga.com/crypto/cryptocurrency/26/01/50033637/bitcoin-down-11-after-trumps-first-year-why-did-btc-perform-better-under-biden,benzinga.com,81,16
2026-01-21,Ethereum woos financial establishment - London Business News,Ethereum woos financial establishment - London Business News,https://londonlovesbusiness.com/ethereum-woos-financial-establishment/,londonlovesbusiness.com,60,8
2026-01-21,Coinbase CEO Corrects France Central Bank Governor on Bitcoin Issuance at Davos,Coinbase CEO Corrects France Central Bank Governor on Bitcoin Issuance at Davos,https://finance.yahoo.com/news/coinbase-ceo-corrects-france-central-134635999.html,finance.yahoo.com,79,12
2026-01-21,Bitcoin - Kurs aktuell : Markt wartet im Grönland - Konflikt auf Trumps Davos - Auftritt,Bitcoin - Kurs aktuell : Markt wartet im Grönland - Konflikt auf Trumps Davos - Auftritt,https://www.wiwo.de/finanzen/boerse/bitcoin-kurs-aktuell-markt-wartet-im-groenland-konflikt-auf-trumps-davos-auftritt/27382428.html,wiwo.de,88,16
2026-01-21,"Crypto markets  will reach an all - time high  this year , says Ripple CEO","Crypto markets  will reach an all - time high  this year , says Ripple CEO",https://www.cnbcafrica.com/2026/crypto-markets-will-reach-an-all-time-high-this-year-says-ripple-ceo,cnbcafrica.com,74,15
2026-01-21,"VerifiedX Launches Butterfly , a Crypto Payment App Designed for Everyone","VerifiedX Launches Butterfly , a Crypto Payment App Designed for Everyone",https://www.manilatimes.net/2026/01/21/tmt-newswire/globenewswire/verifiedx-launches-butterfly-a-crypto-payment-app-designed-for-everyone/2262944,manilatimes.net,73,11
2026-01-21,Why Crypto Volatility Isnt What It Used To Be,Why Crypto Volatility Isnt What It Used To Be,https://www.benzinga.com/news/26/01/50049468/why-crypto-volatility-isnt-what-it-used-to-be,benzinga.com,45,9
2026-01-22,"Crypto in 2026 : What to Expect ! - IT News Africa | Business Technology , Telecoms and Startup News","Crypto in 2026 : What to Expect ! - IT News Africa | Business Technology , Telecoms and Startup News",https://www.itnewsafrica.com/2026/01/crypto-in-2026-what-to-expect/,itnewsafrica.com,100,20
2026-01-22,"Crypto cards are booming , but what they mean for the future is unclear","Crypto cards are booming , but what they mean for the future is unclear",https://www.americanbanker.com/payments/news/crypto-cards-are-booming-but-what-they-mean-for-the-future-is-unclear,americanbanker.com,71,14
2026-01-22,Sideshift AI founder says 2026 crypto sell - off is misread,Sideshift AI founder says 2026 crypto sell - off is misread,https://finance.yahoo.com/news/sideshift-ai-founder-says-2026-205348488.html,finance.yahoo.com,59,11
2026-01-22,Trumptan umduğunu bulamadı : Bitcoin zirveden uzaklaşıyor,Trumptan umduğunu bulamadı : Bitcoin zirveden uzaklaşıyor,https://www.dunya.com/finans/haberler/trumptan-umdugunu-bulamadi-bitcoin-zirveden-uzaklasiyor-haberi-812331,dunya.com,57,7
2026-01-22,Investitorii prioritizează aurul și Bitcoin ca refugii strategice pe fondul deprecierii monedelor,Investitorii prioritizează aurul și Bitcoin ca refugii strategice pe fondul deprecierii monedelor,https://www.stiripesurse.ro/investitorii-prioritizeaza-aurul-si-bitcoin-ca-refugii-strategice-pe-fondul-deprecierii-monedelor_3851534,stiripesurse.ro,97,12
2026-01-22,"Bitcoin traci , gdy wszystko rośnie","Bitcoin traci , gdy wszystko rośnie",https://www.parkiet.com/okiem-eksperta/art43676401-bitcoin-traci-gdy-wszystko-rosnie,parkiet.com,35,6
2026-01-22,"Cum să profiți de trendurile crypto din 2026 : instrumente simple pentru investiții , venit pasiv și randament","Cum să profiți de trendurile crypto din 2026 : instrumente simple pentru investiții , venit pasiv și randament",https://www.aradon.ro/advertorial/cum-sa-profiti-de-trendurile-crypto-din-2026-instrumente-simple-pentru-investitii-venit-pasiv-si-randament-2137447/,aradon.ro,110,18
2026-01-22,"US Stocks , Crypto Inch Higher After Trump Backs Down From Tariffs","US Stocks , Crypto Inch Higher After Trump Backs Down From Tariffs",https://cointelegraph.com/news/us-stocks-crypto-market-donald-trump-greenland-tariffs,cointelegraph.com,66,12
2026-01-22,Börse Express - Bitcoin : Spannungsfeld ETF und Firmenkassen,Börse Express - Bitcoin : Spannungsfeld ETF und Firmenkassen,https://www.boerse-express.com/news/articles/bitcoin-spannungsfeld-etf-und-firmenkassen-859473,boerse-express.com,60,9
2026-01-22,"Bitcoin To $80 , 000 ? Analyst Warns Of Potential Free Fall","Bitcoin To $80 , 000 ? Analyst Warns Of Potential Free Fall",https://www.newsbtc.com/news/bitcoin/bitcoin-to-80000-analyst-warns-of-potential-free-fall-as-btc-erases-2026-gains/,newsbtc.com,59,12
2026-01-22,Strategy just bought Bitcoin worth $2bn despite a 60 % drawdown in share prices,Strategy just bought Bitcoin worth $2bn despite a 60 % drawdown in share prices,https://finance.yahoo.com/news/strategy-just-bought-bitcoin-worth-190100064.html,finance.yahoo.com,79,14
2026-01-22,Crypto Markets Slip as Bitcoin Falls Below $90K,Crypto Markets Slip as Bitcoin Falls Below $90K,https://www.hedgeco.net/news/01/2026/crypto-markets-slip-as-bitcoin-falls-below-90k.html,hedgeco.net,47,8
2026-01-22,Bitcoin price rises as Trump backtracks on Greenland tariff threat,Bitcoin price rises as Trump backtracks on Greenland tariff threat,https://www.aol.co.uk/articles/bitcoin-price-rises-stocks-trump-095355862.html,aol.co.uk,66,10
2026-01-22,"Bitcoin loses 25 , 000 crypto millionaires one year into Trump presidency","Bitcoin loses 25 , 000 crypto millionaires one year into Trump presidency",https://www.arabianbusiness.com/money/wealth/bitcoin-loses-25000-crypto-millionaires-one-year-into-trump-presidency,arabianbusiness.com,73,12
2026-01-22,Delaware Life Launches First Fixed Index Annuity That Offers Bitcoin Exposure,Delaware Life Launches First Fixed Index Annuity That Offers Bitcoin Exposure,https://insurancenewsnet.com/oarticle/delaware-life-launches-first-fixed-index-annuity-that-offers-bitcoin-exposure,insurancenewsnet.com,77,11
2026-01-22,Latest situation on crypto exchange : Bitcoin becomes relatively more expensive,Latest situation on crypto exchange : Bitcoin becomes relatively more expensive,https://en.apa.az/cryptocurrency/latest-situation-on-crypto-exchange-bitcoin-becomes-relatively-more-expensive-489630,en.apa.az,79,11
2026-01-22,Blockchain Stocks To Watch Now – January 19th,Blockchain Stocks To Watch Now – January 19th,https://www.tickerreport.com/banking-finance/13322644/blockchain-stocks-to-watch-now-january-19th.html,tickerreport.com,45,8
2026-01-22,"Ethereum to $4 , 000 ? Traders Turn Bullish as Tom Lee Backs  Great  Viral List Showing Institutional Surge","Ethereum to $4 , 000 ? Traders Turn Bullish as Tom Lee Backs  Great  Viral List Showing Institutional Surge",https://finance.yahoo.com/news/ethereum-4-000-traders-turn-113156551.html,finance.yahoo.com,107,19
2026-01-22,"Bitcoin hovers near $90 , 000 after Trump eases Greenland tone . Here is what experts say","Bitcoin hovers near $90 , 000 after Trump eases Greenland tone . Here is what experts say",https://economictimes.indiatimes.com/markets/cryptocurrency/bitcoin-hovers-near-90000-after-trump-eases-greenland-tone-here-is-what-experts-say/articleshow/127135367.cms,economictimes.indiatimes.com,89,17
2026-01-22,Did Scott Bessent Give Away The Strategic Bitcoin Reserve Plan In Davos ?,Did Scott Bessent Give Away The Strategic Bitcoin Reserve Plan In Davos ?,https://finance.yahoo.com/news/did-scott-bessent-away-strategic-104614791.html,finance.yahoo.com,73,13
2026-01-22,Bitcoin Sentiment Whiplash : Mood Sours From Greed To Extreme Fear In Days,Bitcoin Sentiment Whiplash : Mood Sours From Greed To Extreme Fear In Days,https://www.newsbtc.com/bitcoin-news/bitcoin-sentiment-whiplash-greed-extreme-fear/,newsbtc.com,74,13
2026-01-22,Bitcoin briefly erases gains posted since start of the year,Bitcoin briefly erases gains posted since start of the year,https://windsorstar.com:443/fp-finance/cryptocurrency/bitcoin-briefly-erases-gains,windsorstar.com,59,10
2026-01-22,"Bitcoin , DeFi and Tokenized Assets to Drive Crypto Next Phase , ARK Says","Bitcoin , DeFi and Tokenized Assets to Drive Crypto Next Phase , ARK Says",https://finance.yahoo.com/news/bitcoin-defi-tokenized-assets-drive-053040125.html,finance.yahoo.com,73,14
2026-01-22,What are tokenized securities ? Risks and what to know as stock exchange NYSE embraces the blockchain,What are tokenized securities ? Risks and what to know as stock exchange NYSE embraces the blockchain,https://finance.yahoo.com/news/tokenized-securities-risks-know-stock-140500566.html,finance.yahoo.com,101,17
2026-01-22,One+One S & P 500 and Bitcoin ETF Announces Dividend of $0 . 02 ( NASDAQ : OOSB ),One+One S & P 500 and Bitcoin ETF Announces Dividend of $0 . 02 ( NASDAQ : OOSB ),https://www.themarketsdaily.com/2026/01/22/oneone-sp-500-and-bitcoin-etf-announces-dividend-of-0-02-nasdaqoosb.html,themarketsdaily.com,81,19
2026-01-22,"Trump  vergileri geri çekti , Bitcoin toparlandı : Küresel siyaset hala etkili","Trump  vergileri geri çekti , Bitcoin toparlandı : Küresel siyaset hala etkili",https://anlatilaninotesi.com.tr/20260122/trump-vergileri-geri-cekti-bitcoin-toparlandi-1102943389.html,anlatilaninotesi.com.tr,78,12
2026-01-22,760 . 000 Dollar pro Bitcoin : Cathie Woods neues Mega - Kursziel (),760 . 000 Dollar pro Bitcoin : Cathie Woods neues Mega - Kursziel (),https://www.aktiencheck.de/exklusiv/Artikel-760_000_Dollar_pro_Bitcoin_Cathie_Woods_neues_Mega_Kursziel-19392593,aktiencheck.de,68,14
2026-01-22,Bitcoin and crypto allocations rise among financial advisors,Bitcoin and crypto allocations rise among financial advisors,https://www.financial-planning.com/news/bitcoin-and-crypto-allocations-rise-among-financial-advisors,financial-planning.com,60,8
2026-01-22,"Bitcoin Dominance Steady , XRP On - Chain Surges , Solana Outperforms Is Altcoin Season Starting ?","Bitcoin Dominance Steady , XRP On - Chain Surges , Solana Outperforms Is Altcoin Season Starting ?",https://finance.yahoo.com/news/bitcoin-dominance-steady-xrp-chain-160323502.html,finance.yahoo.com,98,17
2026-01-22,Bitcoin Price Defends Support As Traders Question Next Upside Push,Bitcoin Price Defends Support As Traders Question Next Upside Push,https://www.newsbtc.com/analysis/btc/bitcoin-price-defends-support-88k/,newsbtc.com,66,10
2026-01-22,"Ethereum Price Attempts Bounce While $3 , 000 Separates Bulls And Bears","Ethereum Price Attempts Bounce While $3 , 000 Separates Bulls And Bears",https://www.newsbtc.com/analysis/eth/ethereum-price-attempts-bounce-3k/,newsbtc.com,71,12
2026-01-22,Cathie Wood ARK Invest Makes Bold Bitcoin and Nvidia Prediction,Cathie Wood ARK Invest Makes Bold Bitcoin and Nvidia Prediction,https://finance.yahoo.com/news/cathie-wood-ark-invest-makes-215622686.html,finance.yahoo.com,63,10
2026-01-22,Börse Express - Strategy Aktie : Analysten zuversichtlich,Börse Express - Strategy Aktie : Analysten zuversichtlich,https://www.boerse-express.com/news/articles/strategy-aktie-analysten-zuversichtlich-859408,boerse-express.com,57,8
2026-01-22,A  Bitcoin bar  opened in DC but what does that mean ?,A  Bitcoin bar  opened in DC but what does that mean ?,https://wtop.com/food-restaurant/2026/01/a-bitcoin-bar-opened-in-dc-but-what-does-that-mean/,wtop.com,54,12
2026-01-22,Bitcoin scams were the biggest con in 2025 says cybersecurity expert,Bitcoin scams were the biggest con in 2025 says cybersecurity expert,https://www.fox2detroit.com/news/bitcoin-scams-were-biggest-con-2025-says-cybersecurity-expert,fox2detroit.com,68,11
2026-01-22,"Strategy Acquires 22 , 305 BTC for $2 . 13B as Total Holdings Hit 709 , 715 Bitcoin","Strategy Acquires 22 , 305 BTC for $2 . 13B as Total Holdings Hit 709 , 715 Bitcoin",https://finance.yahoo.com/news/strategy-acquires-22-305-btc-161455185.html,finance.yahoo.com,83,18
2026-01-22,Baystreet . ca - BlackRock Launches Bitcoin Annuity For U . S . Retirees,Baystreet . ca - BlackRock Launches Bitcoin Annuity For U . S . Retirees,http://baystreet.ca/cryptonews/1227/BlackRock-Launches-Bitcoin-Annuity-For-US-Retirees,baystreet.ca,72,14
2026-01-22,Nomura Laser Digital Launches Yield - Bearing Bitcoin Fund,Nomura Laser Digital Launches Yield - Bearing Bitcoin Fund,https://cointelegraph.com/news/laser-digital-yield-bearing-bitcoin-fund,cointelegraph.com,58,9
2026-01-22,Billionaire Ray Dalio Says Banks Are Losing Faith in Fiat - Why Are Bitcoin Traders Excited ?,Billionaire Ray Dalio Says Banks Are Losing Faith in Fiat - Why Are Bitcoin Traders Excited ?,https://www.finanznachrichten.de/nachrichten-2026-01/67504353-billionaire-ray-dalio-says-banks-are-losing-faith-in-fiat-why-are-bitcoin-traders-excited-385.htm,finanznachrichten.de,93,17
2026-01-22,BitGo Breaks the Ice : First Crypto IPO of 2026 Debuts with $2 . 2B Valuation,BitGo Breaks the Ice : First Crypto IPO of 2026 Debuts with $2 . 2B Valuation,https://techstory.in/bitgo-breaks-the-ice-first-crypto-ipo-of-2026-debuts-with-2-2b-valuation/,techstory.in,77,16
2026-01-22,"Kevin OLeary to Lease 26 , 000 Acres for AI Data Centres and Bitcoin Mining ; Discloses Stake in Digital Assets","Kevin OLeary to Lease 26 , 000 Acres for AI Data Centres and Bitcoin Mining ; Discloses Stake in Digital Assets",https://www.ibtimes.com/kevin-oleary-lease-26000-acres-ai-data-centres-bitcoin-mining-discloses-stake-digital-assets-3796062,ibtimes.com,111,21
2026-01-22,Bitwise Launches ETF Pairing Bitcoin and Gold,Bitwise Launches ETF Pairing Bitcoin and Gold,https://cointelegraph.com/news/bitwise-bitcoin-gold-currency-debasement-etf,cointelegraph.com,45,7
2026-01-22,Pse kompania amerikan bleu 2 miliardë dollarë Bitcoin pavarësisht rënies së tregut ?,Pse kompania amerikan bleu 2 miliardë dollarë Bitcoin pavarësisht rënies së tregut ?,https://telegrafi.com/pse-kompania-amerikan-bleu-2-miliarde-dollare-bitcoin-pavaresisht-renies-se-tregut/,telegrafi.com,84,13
2026-01-22,Bitcoin Startup ZBD Raises $40M To Build Gaming Pay Rails,Bitcoin Startup ZBD Raises $40M To Build Gaming Pay Rails,https://bitcoinmagazine.com/news/bitcoin-payments-startup-zbd-raises-40m,bitcoinmagazine.com,57,10
2026-01-22,Ethereum Price Prediction as JPMorgan OnChain Fund Hits $100M AUM in a Day,Ethereum Price Prediction as JPMorgan OnChain Fund Hits $100M AUM in a Day,https://www.banklesstimes.com/articles/2026/01/22/ethereum-price-prediction-as-jpmorgan-onchain-fund-hits-100m-aum-in-a-day/,banklesstimes.com,74,13
2026-01-22,The  Crypto President  Paradox : Portfolios are Bleeding Red,The  Crypto President  Paradox : Portfolios are Bleeding Red,https://techstory.in/the-crypto-president-paradox-one-year-in-portfolios-are-bleeding-red/,techstory.in,60,9
2026-01-22,Trump dönemi kriptoya yaramadı : Bitcoin 90 bin doların altında,Trump dönemi kriptoya yaramadı : Bitcoin 90 bin doların altında,https://www.ensonhaber.com/ekonomi/trump-donemi-kriptoya-yaramadi-bitcoin-90-bin-dolarin-altinda,ensonhaber.com,63,10
2026-01-22,BlackRock Rotates $600 Million in Crypto Assets Amid ETF Outflow Wave,BlackRock Rotates $600 Million in Crypto Assets Amid ETF Outflow Wave,https://www.banklesstimes.com/articles/2026/01/22/blackrock-rotates-600-million-in-crypto-assets-amid-etf-outflow-wave/,banklesstimes.com,69,11
2026-01-22,Proposed Moose Lake crypto mining facility draws questions,Proposed Moose Lake crypto mining facility draws questions,https://www.duluthnewstribune.com/news/local/proposed-moose-lake-crypto-mining-facility-draws-questions,duluthnewstribune.com,58,8
2026-01-22,Börse Express - Bitcoin : Verkaufssignal ?,Börse Express - Bitcoin : Verkaufssignal ?,https://www.boerse-express.com/news/articles/bitcoin-verkaufssignal-859708,boerse-express.com,42,7
2026-01-22,The leading crypto API in Nigeria for  developers & startups,The leading crypto API in Nigeria for  developers & startups,https://techcabal.com/2026/01/22/crypto-api-in-nigeria/,techcabal.com,60,10
2026-01-22,Bybit and Block Scholes Find Crypto Derivatives Mostly Unfazed by Greenland Tensions and JGB Yield Shock,Bybit and Block Scholes Find Crypto Derivatives Mostly Unfazed by Greenland Tensions and JGB Yield Shock,https://www.prnewswire.com/news-releases/bybit-and-block-scholes-find-crypto-derivatives-mostly-unfazed--by-greenland-tensions-and-jgb-yield-shock-302668364.html,prnewswire.com,104,16
2026-01-22,Kurumlardan Bitcoin tahmini : 2026  da 225 bin dolar mümkün mü ?,Kurumlardan Bitcoin tahmini : 2026  da 225 bin dolar mümkün mü ?,https://ogunhaber.com/ekonomi/kurumlardan-bitcoin-tahmini-2026-da-225-bin-dolar-mumkun-mu-2997509h.html,ogunhaber.com,64,12
2026-01-22,Steak  n Shake to Pay Hourly Workers in Bitcoin Starting March,Steak  n Shake to Pay Hourly Workers in Bitcoin Starting March,https://finance.yahoo.com/news/steak-n-shake-pay-hourly-082118325.html,finance.yahoo.com,62,11
2026-01-22,Is Bitcoin Selling Off On Quantum Fears ? A Reality Check,Is Bitcoin Selling Off On Quantum Fears ? A Reality Check,https://www.newsbtc.com/bitcoin-news/bitcoin-selling-off-on-quantum-fears-reality-check/,newsbtc.com,57,11
2026-01-22,"Rising JGB Yields and Tariff Tensions Push Bitcoin into Defensive Mode , Says Analyst","Rising JGB Yields and Tariff Tensions Push Bitcoin into Defensive Mode , Says Analyst",https://finance.yahoo.com/news/rising-jgb-yields-tariff-tensions-155406809.html,finance.yahoo.com,85,14
2026-01-22,Thailand Greenlights Crypto ETFs & Futures : Early 2026 Launch to Supercharge Digital Asset Access,Thailand Greenlights Crypto ETFs & Futures : Early 2026 Launch to Supercharge Digital Asset Access,http://www.econotimes.com/Thailand-Greenlights-Crypto-ETFs-Futures-Early-2026-Launch-to-Supercharge-Digital-Asset-Access-1731613,econotimes.com,98,15
2026-01-22,BitGo shares enjoy modest pop on first trading day as crypto IPO parade resumes,BitGo shares enjoy modest pop on first trading day as crypto IPO parade resumes,https://fortune.com/2026/01/22/bitgo-shares-enjoy-modest-pop/,fortune.com,79,14
2026-01-22,MARA Holdings ( MARA ) Falls 8 . 7 % as Bitcoin Drops on Trade Concerns,MARA Holdings ( MARA ) Falls 8 . 7 % as Bitcoin Drops on Trade Concerns,https://finance.yahoo.com/news/mara-holdings-mara-falls-8-074155193.html,finance.yahoo.com,71,16
2026-01-22,Rush Ecosystems Advances Tokenization and Web3 Innovation from El Salvador Digital Asset Hub,Rush Ecosystems Advances Tokenization and Web3 Innovation from El Salvador Digital Asset Hub,https://www.manilatimes.net/2026/01/23/tmt-newswire/globenewswire/rush-ecosystems-advances-tokenization-and-web3-innovation-from-el-salvadors-digital-asset-hub/2263810,manilatimes.net,92,13
2026-01-22,Crypto Rally Today : Why are Bitcoin and Altcoins Going Up ? ( Jan . 22 ),Crypto Rally Today : Why are Bitcoin and Altcoins Going Up ? ( Jan . 22 ),https://www.banklesstimes.com/articles/2026/01/22/crypto-rally-today-why-are-bitcoin-and-altcoins-going-up-jan-22/,banklesstimes.com,73,17
2026-01-22,Inside Bitcoin bar PubKey massive new DC location,Inside Bitcoin bar PubKey massive new DC location,https://technical.ly/entrepreneurship/dc-bitcoin-bar-pubkey-penn-quarter/,technical.ly,49,8
2026-01-22,Bitcoin : Hilft die institutionelle Nachfrage nicht ?,Bitcoin : Hilft die institutionelle Nachfrage nicht ?,https://www.finanznachrichten.de/nachrichten-2026-01/67500843-bitcoin-hilft-die-institutionelle-nachfrage-nicht-486.htm,finanznachrichten.de,53,8
2026-01-22,Bitcoin Diamond ( BCD ) Price Reaches $0 . 0835 on Major Exchanges,Bitcoin Diamond ( BCD ) Price Reaches $0 . 0835 on Major Exchanges,https://www.dailypolitical.com/2026/01/22/bitcoin-diamond-bcd-price-reaches-0-0835-on-major-exchanges.html,dailypolitical.com,66,13
2026-01-22,Crypto Future Will Be Sabotaged by Feeble Oversight,Crypto Future Will Be Sabotaged by Feeble Oversight,https://www.bloomberg.com:443/opinion/articles/2026-01-20/crypto-s-future-will-be-sabotaged-by-feeble-oversight,bloomberg.com,51,8
2026-01-22,Coinbase Exec Points Out The Big Difference Between Bitcoin And Central Banks,Coinbase Exec Points Out The Big Difference Between Bitcoin And Central Banks,https://www.newsbtc.com/news/bitcoin/coinbase-bitcoin-central-banks/,newsbtc.com,77,12
2026-01-22,Bitcoin Bounce Looks Fragile After A Week Of Forced Crypto,Bitcoin Bounce Looks Fragile After A Week Of Forced Crypto,https://www.riotimesonline.com/bitcoins-bounce-looks-fragile-after-a-week-of-forced-crypto-selling/,riotimesonline.com,58,10
2026-01-22,Annonce | Turn Your Phone into a  Mining Rig ? BTC / ETH / XRP Holders Can Use DL Mining to Earn $1 - 10K Daily Passive Income,Annonce | Turn Your Phone into a  Mining Rig ? BTC / ETH / XRP Holders Can Use DL Mining to Earn $1 - 10K Daily Passive Income,https://burkina24.com/2026/01/22/annonce-turn-your-phone-into-a-mining-rig-btc-eth-xrp-holders-can-use-dl-mining-to-earn-1-10k-daily-passive-income/,burkina24.com,126,28
2026-01-22,Thailand SEC Plans to Launch Crypto ETF and Futures Trading Framework,Thailand SEC Plans to Launch Crypto ETF and Futures Trading Framework,https://www.banklesstimes.com/articles/2026/01/22/thailands-sec-plans-to-launch-crypto-etf-and-futures-trading-framework/,banklesstimes.com,69,11
2026-01-22,Crypto Treasuries Set For  Brutal Pruning  in 2026 : Pantera Capital,Crypto Treasuries Set For  Brutal Pruning  in 2026 : Pantera Capital,https://cointelegraph.com/news/crypto-treasury-consolidation-2026-pantera,cointelegraph.com,68,11
2026-01-22,Bitcoin & Co . Kursupdate : Das geschah am Nachmittag,Bitcoin & Co . Kursupdate : Das geschah am Nachmittag,https://www.finanzen.net/nachricht/devisen/so-entwickeln-sich-bitcoin-ripple-co-am-donnerstagnachmittag-am-kryptomarkt-15430681,finanzen.net,53,10
2026-01-22,Bitcoin Offers  No Haven  From Trump Greenland Dreams,Bitcoin Offers  No Haven  From Trump Greenland Dreams,https://cointelegraph.com/news/bitcoin-offers-no-haven-trump-greenland,cointelegraph.com,53,8
2026-01-22,Bitcoin Old Hands Sold BTC Like Never Before This Bull Market,Bitcoin Old Hands Sold BTC Like Never Before This Bull Market,https://cointelegraph.com/news/bitcoin-diamond-hand-btc-selling-not-repeat-2017-2021-research,cointelegraph.com,61,11
2026-01-22,Not all crypto is equal : Schwab maps where the money actually is in digital assets,Not all crypto is equal : Schwab maps where the money actually is in digital assets,https://finance.yahoo.com/news/not-crypto-equal-schwab-maps-191738501.html,finance.yahoo.com,83,16
2026-01-22,Bitcoin Doesnt Have 20 Years,Bitcoin Doesnt Have 20 Years,https://cointelegraph.com/news/bitcoin-20-quantum-threat,cointelegraph.com,28,5
2026-01-23,South Korea Investigating Confiscated Bitcoin Theft : Report,South Korea Investigating Confiscated Bitcoin Theft : Report,https://cointelegraph.com/news/south-korea-seized-bitcoin-stolen-phishing-scam-report,cointelegraph.com,60,8
2026-01-23,Major US Storm May Prompt Crypto Miners to Adjust Operations,Major US Storm May Prompt Crypto Miners to Adjust Operations,https://cointelegraph.com/news/bitcoin-miners-prepare-ice-storm-southern-us,cointelegraph.com,60,10
2026-01-23,DOJ Drops OpenSea NFT Insider Trading Case,DOJ Drops OpenSea NFT Insider Trading Case,https://cointelegraph.com/news/doj-drops-opensea-manager-nft-insder-trader-case,cointelegraph.com,42,7
2026-01-23,Crypto Rebound … Recovery in Motion : | HedgeCo Insights,Crypto Rebound … Recovery in Motion : | HedgeCo Insights,https://www.hedgeco.net/news/01/2026/crypto-bounce-backmarket-snapshot-recovery-in-motion.html,hedgeco.net,56,10
2026-01-23,"Bitcoin Price Stability Sparks Recovery Hopes , But Hurdles Loom","Bitcoin Price Stability Sparks Recovery Hopes , But Hurdles Loom",https://www.newsbtc.com/analysis/btc/bitcoin-price-stability-89k/,newsbtc.com,64,10
2026-01-23,"Ethereum Bulls Must Conquer $3 , 050 Or Momentum Quickly Fades","Ethereum Bulls Must Conquer $3 , 050 Or Momentum Quickly Fades",https://www.newsbtc.com/analysis/eth/ethereum-bulls-must-conquer-3050/,newsbtc.com,62,11
2026-01-23,"Crypto Networks Are  Borderless , Adoption Is Not : PwC","Crypto Networks Are  Borderless , Adoption Is Not : PwC",https://cointelegraph.com/news/crypto-adoption-regions-pricewaterhousecoopers-pwc,cointelegraph.com,55,10
2026-01-23,2x Bitcoin Strategy ETF ( NYSEARCA : BITX ) Shares Gap Down – Here What Happened,2x Bitcoin Strategy ETF ( NYSEARCA : BITX ) Shares Gap Down – Here What Happened,https://www.dailypolitical.com/2026/01/22/2x-bitcoin-strategy-etf-nysearcabitx-shares-gap-down-heres-what-happened.html,dailypolitical.com,80,16
2026-01-23,Dopamine Debt After a 50x Crypto Win and the Quiet Damage It Does to Judgment - Los Cerritos Community News,Dopamine Debt After a 50x Crypto Win and the Quiet Damage It Does to Judgment - Los Cerritos Community News,https://www.loscerritosnews.net/2026/01/22/dopamine-debt-after-a-50x-crypto-win-and-the-quiet-damage-it-does-to-judgment/,loscerritosnews.net,107,20
2026-01-23,Eric Trump Says  Big Bank Doing Everything They Can To Stop Crypto Legislation For  Obviou Reasons :  The Entire Financial System Is Changing  - American Bitcoin ( NASDAQ : ABTC ),Eric Trump Says  Big Bank Doing Everything They Can To Stop Crypto Legislation For  Obviou Reasons :  The Entire Financial System Is Changing  - American Bitcoin ( NASDAQ : ABTC ),https://www.benzinga.com/crypto/cryptocurrency/26/01/50088367/eric-trump-says-big-banks-doing-everything-they-can-to-stop-crypto-legislation-for-obvious-,benzinga.com,179,31
2026-01-23,Bitcoin Price Slides 2 % as Michael Saylor Hints at More BTC Buys,Bitcoin Price Slides 2 % as Michael Saylor Hints at More BTC Buys,https://insidebitcoins.com/news/strategy-could-buy-more-bitcoin-after-reaching-700000-btc-holdings-bitcoin-price-slides-2,insidebitcoins.com,65,13
2026-01-23,Crypto Long & Short : 2026 Marks the Inflection Point for 24 / 7 Capital Markets,Crypto Long & Short : 2026 Marks the Inflection Point for 24 / 7 Capital Markets,https://finance.yahoo.com/news/crypto-long-short-2026-marks-170000615.html,finance.yahoo.com,80,16
2026-01-23,Netherlands to Tax Unlocked Bitcoin Gains Under New Box 3 Regulations,Netherlands to Tax Unlocked Bitcoin Gains Under New Box 3 Regulations,https://rejoicemagazine.net/netherlands-to-tax-unlocked-bitcoin-gains-under-new-box-3-regulations/,rejoicemagazine.net,69,11
2026-01-23,"Bitwise and Proficio Launch Currency Debasement ETF Focused on Gold , Bitcoin , and Hard Assets","Bitwise and Proficio Launch Currency Debasement ETF Focused on Gold , Bitcoin , and Hard Assets",http://www.econotimes.com/Bitwise-and-Proficio-Launch-Currency-Debasement-ETF-Focused-on-Gold-Bitcoin-and-Hard-Assets-1731685,econotimes.com,95,16
2026-01-23,XRP vs Ethereum vs Solana Which Altcoin Will Dominate 2026 If Altcoin Season Arrives ?,XRP vs Ethereum vs Solana Which Altcoin Will Dominate 2026 If Altcoin Season Arrives ?,https://finance.yahoo.com/news/xrp-vs-ethereum-vs-solana-163359080.html,finance.yahoo.com,86,15
2026-01-23,"South Korean Prosecutors Lose Seized Bitcoin , Decline to Disclose Details","South Korean Prosecutors Lose Seized Bitcoin , Decline to Disclose Details",https://www.yahoo.com/news/articles/south-korean-prosecutors-lose-seized-002516688.html,yahoo.com,74,11
2026-01-23,Ex crypto miners building 430 MW datacenter in secret place,Ex crypto miners building 430 MW datacenter in secret place,https://www.theregister.com/2026/01/23/applied_digital_secret_datacenter/,theregister.com,59,10
2026-01-23,"Bitcoin Pro Traders Buy Dips , While Also Expecting More Downside","Bitcoin Pro Traders Buy Dips , While Also Expecting More Downside",https://cointelegraph.com/news/bitcoin-options-show-pro-traders-expect-more-downside-but-also-plan-to-accumulate,cointelegraph.com,65,11
2026-01-23,Wall Street analyst defends Michael Saylor Strategy after stock trades 64 % below his lofty price target,Wall Street analyst defends Michael Saylor Strategy after stock trades 64 % below his lofty price target,https://finance.yahoo.com/news/strategys-lofty-440-price-target-142638128.html,finance.yahoo.com,104,17
2026-01-23,"Bitwise and Proficio Capital Partners ETF targets gold , metals , bitcoin as alternative to currencies","Bitwise and Proficio Capital Partners ETF targets gold , metals , bitcoin as alternative to currencies",https://www.marketscreener.com/news/bitwise-and-proficio-capital-partners-etf-targets-gold-metals-bitcoin-as-alternative-to-currencies-ce7e58d3df8cf220,marketscreener.com,102,16
2026-01-23,"XRP Completes  Super Guppy Compression  Against Bitcoin , Next Target Emerges","XRP Completes  Super Guppy Compression  Against Bitcoin , Next Target Emerges",https://www.newsbtc.com/analysis/xrp/xrp-super-guppy-compression/,newsbtc.com,77,11
2026-01-23,Bitcoin Price Following The 2022 Fractal ? Here Was The Previous Outcome,Bitcoin Price Following The 2022 Fractal ? Here Was The Previous Outcome,https://www.newsbtc.com/news/bitcoin/bitcoin-following-the-2022-fractal/,newsbtc.com,72,12
2026-01-23,"Bitcoin drops below $89 , 000 ; ETH , XRP , Solana slide in red zone","Bitcoin drops below $89 , 000 ; ETH , XRP , Solana slide in red zone",https://www.moneycontrol.com/news/business/personal-finance/bitcoin-drops-below-89-000-eth-xrp-solana-slide-in-red-zone-13787209.html,moneycontrol.com,68,16
2026-01-23,Bitcoin Prognose : Diese sechs Dinge könnten BTC über 700 . 000 Dollar treiben,Bitcoin Prognose : Diese sechs Dinge könnten BTC über 700 . 000 Dollar treiben,https://www.wallstreet-online.de/nachricht/20406622-bitcoin-prognose-btc-700-000-dollar-treiben,wallstreet-online.de,78,14
2026-01-23,BitGo debuts with $2 . 59 billion valuation as crypto IPO window reopens,BitGo debuts with $2 . 59 billion valuation as crypto IPO window reopens,https://www.thestar.com.my/tech/tech-news/2026/01/23/bitgo-debuts-with-259-billion-valuation-as-crypto-ipo-window-reopens,thestar.com.my,72,13
2026-01-23,Bitcoin Jesus  Roger Ver Avoided Prison Thanks to Trump - Connected Lawyers ProPublica,Bitcoin Jesus  Roger Ver Avoided Prison Thanks to Trump - Connected Lawyers ProPublica,https://www.propublica.org/article/bitcoin-jesus-roger-ver-tax-evasion-friends-of-trump,propublica.org,86,13
2026-01-23,"Bitcoin falls below $90 , 000 as dual fiscal and geopolitical shocks hit global assets","Bitcoin falls below $90 , 000 as dual fiscal and geopolitical shocks hit global assets",https://finance.yahoo.com/news/bitcoin-falls-below-90-000-145206675.html,finance.yahoo.com,86,15
2026-01-23,"Investitorii , îngrijorați de deprecierea monedelor , prioritizează aurul și Bitcoin ca refugii strategice – Income Magazine","Investitorii , îngrijorați de deprecierea monedelor , prioritizează aurul și Bitcoin ca refugii strategice – Income Magazine",https://incomemagazine.ro/investitorii-ingrijorati-de-deprecierea-monedelor-prioritizeaza-aurul-si-bitcoin-ca-refugii-strategice/,incomemagazine.ro,124,17
2026-01-23,Bitcoin Supply In Profit Stalls At 71 %: Still Not Enough For A Sustainable Recovery,Bitcoin Supply In Profit Stalls At 71 %: Still Not Enough For A Sustainable Recovery,https://www.newsbtc.com/bitcoin-news/bitcoin-supply-in-profit-stalls-at-71-still-not-enough-for-a-sustainable-recovery/,newsbtc.com,84,15
2026-01-23,How Silver Cracked $100 And Added More Than Bitcoin Entire Market Cap In 3 Months,How Silver Cracked $100 And Added More Than Bitcoin Entire Market Cap In 3 Months,https://www.benzinga.com/crypto/cryptocurrency/26/01/50104968/how-silver-cracked-100-and-added-more-than-bitcoins-entire-market-cap-in-3-months,benzinga.com,81,15
2026-01-23,"Strive proposes $150 million preferred stock sale to repay debt , buy bitcoin","Strive proposes $150 million preferred stock sale to repay debt , buy bitcoin",https://finance.yahoo.com/news/strive-proposes-150-million-preferred-102607137.html,finance.yahoo.com,77,13
2026-01-23,Bitcoin Stocks To Watch Now – January 20th,Bitcoin Stocks To Watch Now – January 20th,https://www.dailypolitical.com/2026/01/23/bitcoin-stocks-to-watch-now-january-20th.html,dailypolitical.com,42,8
2026-01-23,WPA Hash Analysis : Select Bitcoin Mining Performance,WPA Hash Analysis : Select Bitcoin Mining Performance,https://www.openpr.com/news/4362121/wpa-hash-analysis-select-bitcoin-mining-performance,openpr.com,53,8
2026-01-23,Krypto : Wie viel Bitcoin im Portfolio ? Studie zeigt riskante Profi - Strategie,Krypto : Wie viel Bitcoin im Portfolio ? Studie zeigt riskante Profi - Strategie,https://www.morgenpost.de/ratgeber-wissen/finanzen/article410377322/bitcoin-wie-krypto-profis-wirklich-investieren.html,morgenpost.de,80,14
2026-01-23,Jefferies Financial Group Just Dumped Bitcoin . Here Why .,Jefferies Financial Group Just Dumped Bitcoin . Here Why .,https://finance.yahoo.com/news/jefferies-financial-group-just-dumped-094000795.html,finance.yahoo.com,58,10
2026-01-23,Thailand SEC Plans Crypto ETF Rules This Year,Thailand SEC Plans Crypto ETF Rules This Year,https://finance.yahoo.com/news/thailand-sec-plans-crypto-etf-090812684.html,finance.yahoo.com,45,8
2026-01-23,Baystreet . ca - Outflows From Bitcoin ETFs Resume As Price Slumps,Baystreet . ca - Outflows From Bitcoin ETFs Resume As Price Slumps,http://baystreet.ca/cryptonews/1228/Outflows-From-Bitcoin-ETFs-Resume-As-Price-Slumps,baystreet.ca,66,12
2026-01-23,Blockchain Stocks To Follow Today – January 20th,Blockchain Stocks To Follow Today – January 20th,https://www.tickerreport.com/banking-finance/13323572/blockchain-stocks-to-follow-today-january-20th.html,tickerreport.com,48,8
2026-01-23,Nomura - backed Laser Digital introduces tokenized bitcoin yield - bearing fund,Nomura - backed Laser Digital introduces tokenized bitcoin yield - bearing fund,https://finance.yahoo.com/news/nomura-backed-laser-digital-introduces-092036035.html,finance.yahoo.com,79,12
2026-01-23,Bitcoin  Will Take The Place Of Gold  Fed Suddenly Braced For A $34 Trillion BlackRock Price Surprise,Bitcoin  Will Take The Place Of Gold  Fed Suddenly Braced For A $34 Trillion BlackRock Price Surprise,https://www.forbes.com/sites/digital-assets/2026/01/23/bitcoin-will-take-the-place-of-gold-fed-suddenly-braced-for-a-34-trillion-blackrock-price-surprise/,forbes.com,101,17
2026-01-23,What Could Happen to Bitcoin if the U . S . Treasury Bond Sell - Off Continues ?,What Could Happen to Bitcoin if the U . S . Treasury Bond Sell - Off Continues ?,https://www.fool.com/investing/2026/01/23/what-could-happen-to-bitcoin-if-the-us-treasury-bo/?source=iedfolrf0000001,fool.com,80,18
2026-01-23,Massive $150M Bitcoin Buy Plan Could Ignite Next BTC Rally,Massive $150M Bitcoin Buy Plan Could Ignite Next BTC Rally,https://www.finanznachrichten.de/nachrichten-2026-01/67514465-massive-dollar-150m-bitcoin-buy-plan-could-ignite-next-btc-rally-385.htm,finanznachrichten.de,58,10
2026-01-23,Michael Saylor indicates more bitcoin purchases in change of pace mid - week tweet,Michael Saylor indicates more bitcoin purchases in change of pace mid - week tweet,https://finance.yahoo.com/news/michael-saylor-indicates-more-bitcoin-150822534.html,finance.yahoo.com,82,14
2026-01-23,Bitcoin ETF Flows Vs . Price Action Divergence : How Traders Can Capitalize,Bitcoin ETF Flows Vs . Price Action Divergence : How Traders Can Capitalize,https://www.benzinga.com/Opinion/26/01/50106821/bitcoin-etf-flows-versus-price-action-divergence-how-traders-can-capitalize,benzinga.com,75,13
2026-01-23,"Why LiquidChain Is the Gold Standard for Connecting BTC , ETH , and SOL","Why LiquidChain Is the Gold Standard for Connecting BTC , ETH , and SOL",https://partners.coinspeaker.com/why-liquidchain-is-gold-standard-for-connecting-btc-eth-sol,partners.coinspeaker.com,71,14
2026-01-23,Why Bitcoin Digital Gold Narrative Is Failing in the Current Risk - Off Cycle,Why Bitcoin Digital Gold Narrative Is Failing in the Current Risk - Off Cycle,https://www.investing.com/analysis/why-bitcoins-digital-gold-narrative-is-failing-in-the-current-riskoff-cycle-200673763,investing.com,77,14
2026-01-23,Bitmain Antminer S23 Hyd 3U : Bitcoin Mining Just Leveled Up,Bitmain Antminer S23 Hyd 3U : Bitcoin Mining Just Leveled Up,https://www.financial-news.co.uk/bitmains-antminer-s23-hyd-3u-bitcoin-mining-just-leveled-up-2/,financial-news.co.uk,60,11
2026-01-23,"Bitcoin trades flat near $89 , 000 amid subdued demand and institutional caution","Bitcoin trades flat near $89 , 000 amid subdued demand and institutional caution",https://www.thehindubusinessline.com/money-and-banking/cryptocurrency/bitcoin-trades-flat-near-89000-amid-subdued-demand-and-institutional-caution/article70543385.ece,thehindubusinessline.com,80,13
2026-01-23,"DL Mining startet Smart Cloud Contracts 2026 – Keine Einrichtung erforderlich , tägliche Bitcoin - und ETH - Belohnungen ab sofort verfügbar !","DL Mining startet Smart Cloud Contracts 2026 – Keine Einrichtung erforderlich , tägliche Bitcoin - und ETH - Belohnungen ab sofort verfügbar !",https://www.regionews.at/newsdetail/DL_Mining_startet_Smart_Cloud_Contracts_2026_%E2%80%93_Keine_Einrichtung_erforderlich_taegliche_Bitcoin_und_ETH_Belohnungen_ab_sofort_verfuegbar!-673852,regionews.at,142,23
2026-01-23,"Bitcoin Price Forecast : BTC Stays Below $90 , 000 as Signs of Recovery Slow Down","Bitcoin Price Forecast : BTC Stays Below $90 , 000 as Signs of Recovery Slow Down",https://rejoicemagazine.net/bitcoin-price-forecast-btc-stays-below-90000-as-signs-of-recovery-slow-down/,rejoicemagazine.net,81,16
2026-01-23,UBS Opens Bitcoin & Ethereum Trading to Wealthy Clients in Bold Crypto Pivot,UBS Opens Bitcoin & Ethereum Trading to Wealthy Clients in Bold Crypto Pivot,http://www.econotimes.com/UBS-Opens-Bitcoin-Ethereum-Trading-to-Wealthy-Clients-in-Bold-Crypto-Pivot-1731751,econotimes.com,76,13
2026-01-23,Bitcoin V Gold : The Only Bitcoin Chart You Need To See,Bitcoin V Gold : The Only Bitcoin Chart You Need To See,https://www.forbes.com/sites/digital-assets/2026/01/23/bitcoin-v-gold-the-only-bitcoin-chart-you-need-to-see/,forbes.com,55,12
2026-01-23,"If Markets Fall , How Resilient Is Coinbase Stock ?","If Markets Fall , How Resilient Is Coinbase Stock ?",https://www.forbes.com/sites/greatspeculations/2026/01/23/if-markets-fall-how-resilient-is-coinbase-stock/,forbes.com,51,10
2026-01-23,Crypto Takeaways From Davos : Politics and Money Collide,Crypto Takeaways From Davos : Politics and Money Collide,https://cointelegraph.com/news/crypto-takeaways-davos-politics-money-collide,cointelegraph.com,56,9
2026-01-23,"Gold Can Hit Up to $23 , 000 in Eight Years as Bitcoin Stalls","Gold Can Hit Up to $23 , 000 in Eight Years as Bitcoin Stalls",https://cointelegraph.com/news/bitcoin-rolls-over-gold-gets-23k-price-target-2034,cointelegraph.com,61,14
2026-01-23,Money Flows Out of Crypto Into Silver ; Stock Rally Stalls on Hawkish BOJ ; Hottest IPO Ahead - Apple ( NASDAQ : AAPL ),Money Flows Out of Crypto Into Silver ; Stock Rally Stalls on Hawkish BOJ ; Hottest IPO Ahead - Apple ( NASDAQ : AAPL ),https://www.benzinga.com/Opinion/26/01/50105618/money-flows-out-of-crypto-into-silver-stock-rally-stalls-on-hawkish-boj-hottest-ipo-ahead,benzinga.com,119,25
2026-01-24,Bitcoin Latinum Self Reported Market Capitalization Achieves $76 . 81 Million ( LTNM ),Bitcoin Latinum Self Reported Market Capitalization Achieves $76 . 81 Million ( LTNM ),https://www.themarketsdaily.com/2026/01/24/bitcoin-latinum-self-reported-market-capitalization-achieves-76-81-million-ltnm.html,themarketsdaily.com,86,14
2026-01-24,"Kryptokurse heute : Bitcoin , Ethereum & Co . am Samstagmittag","Kryptokurse heute : Bitcoin , Ethereum & Co . am Samstagmittag",https://www.finanzen.net/nachricht/devisen/so-entwickeln-sich-bitcoin-ripple-co-am-samstagmittag-am-kryptomarkt-15434088,finanzen.net,62,11
2026-01-24,MSTR News : Michael Saylor European expansion hits a snag as his new  Stream  shares fail to gain traction,MSTR News : Michael Saylor European expansion hits a snag as his new  Stream  shares fail to gain traction,https://www.coindesk.com/markets/2026/01/24/here-is-why-investors-are-snubbing-michael-saylor-s-10-dividend-offer-in-europe,coindesk.com,106,19
2026-01-24,Bitcoin Price Still Has Room To Fall Below $60K Crypto CEO,Bitcoin Price Still Has Room To Fall Below $60K Crypto CEO,https://www.newsbtc.com/news/bitcoin/bitcoin-price-still-has-room-to-fall-below-60k-crypto-ceo/,newsbtc.com,58,11
2026-01-24,Bitcoin Cash ( BCH ) Trading Down 0 . 2 % This Week,Bitcoin Cash ( BCH ) Trading Down 0 . 2 % This Week,https://www.tickerreport.com/banking-finance/13324990/bitcoin-cash-bch-trading-down-0-2-this-week.html,tickerreport.com,51,13
2026-01-24,Ethereum Foundation Forms Dedicated Post - Quantum Security Team,Ethereum Foundation Forms Dedicated Post - Quantum Security Team,https://cointelegraph.com/news/ethereum-foundation-post-quantum-security-team,cointelegraph.com,64,9
2026-01-24,Netherlands Plans Unrealized Gains Tax on Stocks and Crypto,Netherlands Plans Unrealized Gains Tax on Stocks and Crypto,https://cointelegraph.com/news/netherlands-unrealized-gains-tax-stocks-crypto-box-3,cointelegraph.com,59,9
2026-01-24,"So entwickeln sich Bitcoin , Ripple & Co am Samstagmittag am Kryptomarkt","So entwickeln sich Bitcoin , Ripple & Co am Samstagmittag am Kryptomarkt",https://www.finanzen.ch/nachrichten/devisen/so-entwickeln-sich-bitcoin-ripple-&-co-am-samstagmittag-am-kryptomarkt-1035743120,finanzen.ch,72,12
2026-01-24,Ethereum Name Service ( ENS ) Trading 10 . 4 % Lower Over Last 7 Days,Ethereum Name Service ( ENS ) Trading 10 . 4 % Lower Over Last 7 Days,https://www.themarketsdaily.com/2026/01/24/ethereum-name-service-ens-trading-10-4-lower-over-last-7-days.html,themarketsdaily.com,69,16
2026-01-24,Crypto Snack Self Reported Market Cap Hits $910 . 38 Thousand ( SNACK ),Crypto Snack Self Reported Market Cap Hits $910 . 38 Thousand ( SNACK ),https://www.tickerreport.com/banking-finance/13325234/crypto-snack-self-reported-market-cap-hits-910-38-thousand-snack.html,tickerreport.com,71,14
2026-01-24,Binance Coin Price Outlook As Grayscale Files S - 1 for BNB,Binance Coin Price Outlook As Grayscale Files S - 1 for BNB,https://coingape.com/markets/binance-coin-price-outlook-as-grayscale-files-s-1-for-bnb/,coingape.com,59,12
2026-01-24,Why Some Long - Term Investors Favor Ethereum Over Other Digital Assets,Why Some Long - Term Investors Favor Ethereum Over Other Digital Assets,https://finance.yahoo.com/news/why-long-term-investors-favor-122800487.html,finance.yahoo.com,71,12
2026-01-24,Will the End of the Rules - Based International Order Help Bitcoin or Hurt It ?,Will the End of the Rules - Based International Order Help Bitcoin or Hurt It ?,https://www.fool.com/investing/2026/01/24/will-the-end-of-the-rules-based-international-orde/,fool.com,79,16
2026-01-24,BTC / USD Forex Signal : Ascending Triangle Signals Further Upside,BTC / USD Forex Signal : Ascending Triangle Signals Further Upside,https://www.financial-news.co.uk/btc-usd-forex-signal-ascending-triangle-signals-further-upside/,financial-news.co.uk,66,11
2026-01-24,Bitcoin ETFs See $700 Million Outflow as Crypto Market Struggles to Rebound,Bitcoin ETFs See $700 Million Outflow as Crypto Market Struggles to Rebound,https://www.bloomberg.com:443/news/articles/2026-01-22/bitcoin-funds-shed-700-million-as-crypto-market-outlook-dims,bloomberg.com,75,12
2026-01-24,Ledger Reportedly Eyes US IPO as Crypto Hacks Drive Wallet Demand,Ledger Reportedly Eyes US IPO as Crypto Hacks Drive Wallet Demand,https://finance.yahoo.com/news/ledger-reportedly-eyes-us-ipo-091422097.html,finance.yahoo.com,65,11
2026-01-24,How to add cryptocurrency to your portfolio,How to add cryptocurrency to your portfolio,https://moneyweek.com/investments/bitcoin-crypto/how-to-add-cryptocurrency-to-your-portfolio,moneyweek.com,43,7
2026-01-24,"Steigende Renditen , steigende Risiken – was Japans Krise für Bitcoin bedeutet","Steigende Renditen , steigende Risiken – was Japans Krise für Bitcoin bedeutet",https://www.onvista.de/news/2026/01-24-steigende-renditen-steigende-risiken-was-japans-krise-fuer-bitcoin-bedeutet-124-49-26471968,onvista.de,78,12
2026-01-24,Crypto tycoon in row over treehouse,Crypto tycoon in row over treehouse,https://www.aol.co.uk/news/crypto-tycoon-row-over-treehouse-172700299.html,aol.co.uk,35,6
2026-01-24,Complaint accuses Trump criminal attorney of  blatant  crypto conflict in his role at DOJ,Complaint accuses Trump criminal attorney of  blatant  crypto conflict in his role at DOJ,https://www.salon.com/2026/01/24/complaint-accuses-trumps-criminal-attorney-of-blatant-crypto-conflict-in-his-role-at-doj-partner/,salon.com,89,14
2026-01-24,Aktueller Marktbericht zu Bitcoin & Co .,Aktueller Marktbericht zu Bitcoin & Co .,https://www.finanzen.ch/nachrichten/devisen/aktueller-marktbericht-zu-bitcoin-&-co--1035743175,finanzen.ch,40,7
2026-01-24,"Crypto News Today : Ethereum Holds Near $3 , 000 While IPO Genie Raises Steady Funds in Phase 42","Crypto News Today : Ethereum Holds Near $3 , 000 While IPO Genie Raises Steady Funds in Phase 42",https://www.theportugalnews.com/news/2026-01-24/crypto-news-today-ethereum-holds-near-3000-while-ipo-genie-raises-steady-funds-in-phase-42/949793,theportugalnews.com,96,19
2026-01-24,RSK Smart Bitcoin Achieves Self Reported Market Capitalization of $170 . 88 Million ( RBTC ),RSK Smart Bitcoin Achieves Self Reported Market Capitalization of $170 . 88 Million ( RBTC ),https://www.tickerreport.com/banking-finance/13325227/rsk-smart-bitcoin-achieves-self-reported-market-capitalization-of-170-88-million-rbtc.html,tickerreport.com,92,16
2026-01-24,Bitcoin weakness versus gold and equities puts quantum computing fears back in focus,Bitcoin weakness versus gold and equities puts quantum computing fears back in focus,https://www.coindesk.com/markets/2026/01/23/bitcoin-s-weakness-versus-gold-and-equities-puts-quantum-computing-fears-back-in-focus,coindesk.com,84,13
2026-01-24,Ethics Concerns and Trump $1 . 4B Crypto Fortune Stall Key Vote,Ethics Concerns and Trump $1 . 4B Crypto Fortune Stall Key Vote,https://techstory.in/senate-showdown-ethics-concerns-and-trumps-1-4b-crypto-fortune-stall-key-vote/,techstory.in,63,12
2026-01-24,"17 , 000 Bitcoin Hit Exchanges Is a Deeper BTC Pullback to $80 , 000 Coming ?","17 , 000 Bitcoin Hit Exchanges Is a Deeper BTC Pullback to $80 , 000 Coming ?",https://finance.yahoo.com/news/17-000-bitcoin-hit-exchanges-195333490.html,finance.yahoo.com,77,17
2026-01-24,"Chainlink On Standby : A Big Move Is Loading , But Bitcoin Decides","Chainlink On Standby : A Big Move Is Loading , But Bitcoin Decides",https://www.newsbtc.com/news/chainlink/chainlink-big-move-is-loading/,newsbtc.com,66,13
2026-01-24,Man Gives Up on Billion Dollar Bitcoin Treasure After 12 - Year Hunt in Landfill,Man Gives Up on Billion Dollar Bitcoin Treasure After 12 - Year Hunt in Landfill,https://www.4ro.com.au/trending/stories/man-gives-up-on-billion-dollar-bitcoin-treasure-after-12-year-hunt-in-landfill/,4ro.com.au,80,15
2026-01-24,Here why bitcoin been failing its role as a  digital gold,Here why bitcoin been failing its role as a  digital gold,https://www.coindesk.com/markets/2026/01/24/here-s-why-bitcoin-s-is-failing-its-role-as-a-safe-haven-versus-gold,coindesk.com,57,11
2026-01-24,"Bitcoin Rainbow Chart predicts BTC price for February 1 , 2026","Bitcoin Rainbow Chart predicts BTC price for February 1 , 2026",https://sofokleous10.gr/2026/01/24/bitcoin-rainbow-chart-predicts-btc-price-for-february-1-2026/,sofokleous10.gr,62,11
2026-01-24,BIP - 110 Temporary Soft Fork Adopted by Over 2 % of Bitcoin Nodes,BIP - 110 Temporary Soft Fork Adopted by Over 2 % of Bitcoin Nodes,https://cointelegraph.com/news/bitcoin-nodes-run-bip-110-crosses-2,cointelegraph.com,66,14
2026-01-24,These Crypto ETFs Offer High - Return Potential with Significant Risks,These Crypto ETFs Offer High - Return Potential with Significant Risks,https://www.fool.com/coverage/etfs/2026/01/24/these-crypto-etfs-offer-high-return-potential-with-significant-risks/?source=iedfolrf0000001,fool.com,70,11
2026-01-24,Gold Becomes Whale Safe Haven As Bitcoin Takes A Back Seat,Gold Becomes Whale Safe Haven As Bitcoin Takes A Back Seat,https://www.newsbtc.com/news/bitcoin/gold-becomes-the-whale-safe-haven-as-bitcoin-takes-a-back-seat/,newsbtc.com,58,11
2026-01-24,"CZ Predicts Bitcoin  Super - Cycle  in 2026 , Breaking Historic Pattern","CZ Predicts Bitcoin  Super - Cycle  in 2026 , Breaking Historic Pattern",https://finance.yahoo.com/news/cz-predicts-bitcoin-super-cycle-200239875.html,finance.yahoo.com,71,12
2026-01-24,Crypto Currents : BitGo raises $212 . 8M in U . S . IPO,Crypto Currents : BitGo raises $212 . 8M in U . S . IPO,https://finance.yahoo.com/news/crypto-currents-bitgo-raises-212-150111878.html,finance.yahoo.com,55,14
2026-01-24,Bitcoin Private Price Reaches $0 . 19 on Exchanges ( BTCP ),Bitcoin Private Price Reaches $0 . 19 on Exchanges ( BTCP ),https://www.dailypolitical.com/2026/01/24/bitcoin-private-price-reaches-0-19-on-exchanges-btcp.html,dailypolitical.com,59,12
2026-01-24,Bitcoin SV ( BSV ) Market Cap Reaches $360 . 32 Million,Bitcoin SV ( BSV ) Market Cap Reaches $360 . 32 Million,https://www.dailypolitical.com/2026/01/24/bitcoin-sv-bsv-market-cap-reaches-360-32-million.html,dailypolitical.com,55,12
2026-01-24,"Ethereum Classic : Buy , Sell , or Hold in 2026 ?","Ethereum Classic : Buy , Sell , or Hold in 2026 ?",https://www.fool.com/investing/2026/01/24/ethereum-classic-buy-sell-or-hold-in-2026/?source=iedfolrf0000001,fool.com,49,12
2026-01-24,Silber - Rekord bei 100 Dollar : Bloomberg - Analyst sieht Bitcoin - Rallye voraus,Silber - Rekord bei 100 Dollar : Bloomberg - Analyst sieht Bitcoin - Rallye voraus,https://www.wallstreet-online.de/nachricht/20411620-silber-rekord-100-dollar-bloomberg-analyst-bitcoin-rallye-voraus,wallstreet-online.de,82,15
2026-01-24,Bitcoin Metric Suggests Miners Are In Recovery Mode Price To Follow ?,Bitcoin Metric Suggests Miners Are In Recovery Mode Price To Follow ?,https://www.newsbtc.com/news/bitcoin/bitcoin-metric-suggests-miners-in-recovery-mode/,newsbtc.com,69,12
2026-01-24,GME news : GameStop $420 million bitcoin ( BTC ) move sparks speculation of selling,GME news : GameStop $420 million bitcoin ( BTC ) move sparks speculation of selling,https://www.coindesk.com/business/2026/01/24/gamestop-s-usd420-million-bitcoin-move-sparks-speculation-of-selling,coindesk.com,83,15
2026-01-24,Billions in Bitcoin recovered by feds in huge  pig butchering  fraud claimed by 9 / 11 families and other terror victims - Insurance News,Billions in Bitcoin recovered by feds in huge  pig butchering  fraud claimed by 9 / 11 families and other terror victims - Insurance News,https://insurancenewsnet.com/oarticle/billions-in-bitcoin-recovered-by-feds-in-huge-pig-butchering-fraud-claimed-by-9-11-families-and-other-terror-victims,insurancenewsnet.com,137,24
2026-01-24,US Treasury sell - off impact on Bitcoin BTC USD : Bond market turmoil : How a continued treasury sell - off could impact Bitcoin,US Treasury sell - off impact on Bitcoin BTC USD : Bond market turmoil : How a continued treasury sell - off could impact Bitcoin,https://economictimes.indiatimes.com/news/international/us/bond-market-turmoil-how-a-continued-treasury-sell-off-could-impact-bitcoin/articleshow/127403365.cms,economictimes.indiatimes.com,129,25
2026-01-25,Bitcoin vor dem Crash ? Diese Warnsignale alarmieren Anleger,Bitcoin vor dem Crash ? Diese Warnsignale alarmieren Anleger,https://www.trend.at/invest/bitcoin-droht-absturz-rp3,trend.at,60,9
2026-01-25,Coinbase Adds Sentient Crypto Futures Here What That Means for You,Coinbase Adds Sentient Crypto Futures Here What That Means for You,https://finance.yahoo.com/news/coinbase-adds-sentient-crypto-futures-205322180.html,finance.yahoo.com,66,11
2026-01-25,"Bitcoin - Revolution in Oklahoma : Staat will BTC - Zahlungen , spielt HYPER eine Rolle ?","Bitcoin - Revolution in Oklahoma : Staat will BTC - Zahlungen , spielt HYPER eine Rolle ?",https://www.finanzen.net/nachricht/devisen/bitcoin-revolution-in-oklahoma-staat-will-btc-zahlungen-spielt-hyper-eine-rolle-15434510,finanzen.net,89,17
2026-01-25,WGMI vs . ETHA : Two Crypto - Related ETFs That Offer Exposure into Digital Tokens,WGMI vs . ETHA : Two Crypto - Related ETFs That Offer Exposure into Digital Tokens,https://finance.yahoo.com/news/wgmi-vs-etha-two-crypto-033804161.html,finance.yahoo.com,82,16
2026-01-25,These Two Crypto ETFS Offer Strong Exposure to Bitcoin,These Two Crypto ETFS Offer Strong Exposure to Bitcoin,https://www.fool.com/coverage/etfs/2026/01/24/these-two-crypto-etfs-offer-strong-exposure-to-bitcoin/?source=iedfolrf0000001,fool.com,54,9
2026-01-25,Bitcoin ETFs Bleed $1 . 62B in Four Days Are Hedge Funds Dumping BTC ?,Bitcoin ETFs Bleed $1 . 62B in Four Days Are Hedge Funds Dumping BTC ?,https://finance.yahoo.com/news/bitcoin-etfs-bleed-1-62b-195351690.html,finance.yahoo.com,70,15
2026-01-25,Kevin OLeary says power is now more valuable than bitcoin,Kevin OLeary says power is now more valuable than bitcoin,https://finance.yahoo.com/news/kevin-oleary-says-power-now-202011103.html,finance.yahoo.com,57,10
2026-01-25,Franklin Bitcoin ETF ( BATS : EZBC ) Trading Up 0 . 7 % – Time to Buy ?,Franklin Bitcoin ETF ( BATS : EZBC ) Trading Up 0 . 7 % – Time to Buy ?,https://www.tickerreport.com/banking-finance/13325340/franklin-bitcoin-etf-batsezbc-trading-up-0-7-time-to-buy.html,tickerreport.com,71,19
2026-01-25,Why Silver Surge Echoes Crypto Altcoin Season : Bitwise Exec,Why Silver Surge Echoes Crypto Altcoin Season : Bitwise Exec,https://finance.yahoo.com/news/why-silvers-surge-echoes-crypto-191505690.html,finance.yahoo.com,60,10
2026-01-25,Fidelity Wise Origin Bitcoin Fund ( BATS : FBTC ) Trading Up 0 . 7 % – Here What Happened,Fidelity Wise Origin Bitcoin Fund ( BATS : FBTC ) Trading Up 0 . 7 % – Here What Happened,https://www.dailypolitical.com/2026/01/24/fidelity-wise-origin-bitcoin-fund-batsfbtc-trading-up-0-7-heres-what-happened.html,dailypolitical.com,89,20
2026-01-25,"Crypto Takeaways From Davos 2026 : Where Politics , Money and Musk Collide","Crypto Takeaways From Davos 2026 : Where Politics , Money and Musk Collide",https://bravenewcoin.com/insights/crypto-takeaways-from-davos-2026-where-politics-money-and-musk-collide,bravenewcoin.com,74,13
2026-01-25,New Book Exposes Cryptocurrency as  Digital Air  with No Intrinsic Value – Warns of Engineered Bubble and Hidden Agendas,New Book Exposes Cryptocurrency as  Digital Air  with No Intrinsic Value – Warns of Engineered Bubble and Hidden Agendas,https://www.prurgent.com/2026-01-24/pressrelease473619.htm,prurgent.com,120,19
2026-01-25,Current Tax Policies Are the Biggest Obstacle to BTC Payments : Crypto Exec,Current Tax Policies Are the Biggest Obstacle to BTC Payments : Crypto Exec,https://cointelegraph.com/news/bitcoin-payment-held-back-tax-scaling-tech,cointelegraph.com,75,13
2026-01-25,Bitcoin ETFs Lose $1 . 72B in Five - Day Outflow Streak,Bitcoin ETFs Lose $1 . 72B in Five - Day Outflow Streak,https://cointelegraph.com/news/bitcoin-etfs-outflow-streak-crypto-sentiment-down,cointelegraph.com,55,12
2026-01-25,Should You Buy Coinbase Stock Before February 12 ?,Should You Buy Coinbase Stock Before February 12 ?,https://finance.yahoo.com/news/buy-coinbase-stock-february-12-015000357.html,finance.yahoo.com,50,9
2026-01-25,The Netherlands Is About to Tax  Paper Profits  on Crypto and Stocks and Investors Are Freaking Out,The Netherlands Is About to Tax  Paper Profits  on Crypto and Stocks and Investors Are Freaking Out,https://bravenewcoin.com/insights/the-netherlands-is-about-to-tax-paper-profits-on-crypto-and-stocks-and-investors-are-freaking-out,bravenewcoin.com,99,17
2026-01-25,"On This Date 16 Years Ago , Seller Offered 500 Bitcoin for $1 Worth $45 Million Today","On This Date 16 Years Ago , Seller Offered 500 Bitcoin for $1 Worth $45 Million Today",https://finance.yahoo.com/news/date-16-years-ago-seller-031500123.html,finance.yahoo.com,85,17
2026-01-25,Why Is Crypto Crashing ? Record $700M Exits Bitcoin ETFs in Single Day as Wall Street De - Risks Ahead of Trade War,Why Is Crypto Crashing ? Record $700M Exits Bitcoin ETFs in Single Day as Wall Street De - Risks Ahead of Trade War,https://finance.yahoo.com/news/why-crypto-crashing-record-700m-083720128.html,finance.yahoo.com,115,23
2026-01-25,El bitcoin cae cerca del 13 % en el primer año del nuevo mandato de Donald Trump,El bitcoin cae cerca del 13 % en el primer año del nuevo mandato de Donald Trump,https://www.eleconomista.es/mercados-cotizaciones/noticias/13742878/01/26/el-bitcoin-cae-cerca-del-13-en-el-primer-ano-del-nuevo-mandato-de-donald-trump.html,eleconomista.es,80,17
2026-01-25,Why Big Banks Suddenly See Crypto as an Existential Threat and What It Really Means,Why Big Banks Suddenly See Crypto as an Existential Threat and What It Really Means,https://bravenewcoin.com/insights/why-big-banks-suddenly-see-crypto-as-an-existential-threat-and-what-it-really-means,bravenewcoin.com,83,15
2026-01-25,Robert Kiyosaki Not Worried by Bitcoin and Ethereum Price Fluctuations,Robert Kiyosaki Not Worried by Bitcoin and Ethereum Price Fluctuations,https://www.benzinga.com/crypto/cryptocurrency/26/01/50118077/robert-kiyosaki-not-worried-by-bitcoin-and-ethereum-price-fluctuations,benzinga.com,70,10
2026-01-25,Krypto News Vorschau : Wichtige Woche für Bitcoin und Co .,Krypto News Vorschau : Wichtige Woche für Bitcoin und Co .,https://www.finanzen.net/nachricht/devisen/krypto-news-vorschau-wichtige-woche-fuer-bitcoin-und-co-15434850,finanzen.net,58,11
2026-01-25,"Bitcoin Gets the Macro Bug as $87 , 000 Comes Into Play","Bitcoin Gets the Macro Bug as $87 , 000 Comes Into Play",https://cointelegraph.com/news/bitcoin-sells-off-into-weekly-close-86k-btc-price-reckoning,cointelegraph.com,55,12
2026-01-25,Saylor Says  Opportunist Pushing for BTC Changes Are Its Biggest Threat,Saylor Says  Opportunist Pushing for BTC Changes Are Its Biggest Threat,https://cointelegraph.com/news/opportunists-protocol-change-btc-biggest-threat-saylor,cointelegraph.com,71,11
2026-01-25,Japan to greenlight crypto ETFs as soon as 2028,Japan to greenlight crypto ETFs as soon as 2028,https://asia.nikkei.com/spotlight/cryptocurrencies/japan-to-greenlight-crypto-etfs-as-soon-as-2028,asia.nikkei.com,47,9
2026-01-25,"BTC Drops Below $88 , 000 as Fed Week and Tech Earnings Loom","BTC Drops Below $88 , 000 as Fed Week and Tech Earnings Loom",https://www.el-balad.com/6833336,el-balad.com,60,13
2026-01-25,Oklahoma plant Bitcoin - Zahlungen : Gesetzentwurf könnte Alltagsnutzung von BTC ermöglichen,Oklahoma plant Bitcoin - Zahlungen : Gesetzentwurf könnte Alltagsnutzung von BTC ermöglichen,https://www.boersennews.de/nachrichten/partner/clickout-media/oklahoma-plant-bitcoin-zahlungen-gesetzentwurf-koennte-alltagsnutzung-von-btc-ermoeglichen/5018847/,boersennews.de,92,12
2026-01-25,Crypto Market Crash : Here Why Bitcoin and Altcoins are Going Down Today,Crypto Market Crash : Here Why Bitcoin and Altcoins are Going Down Today,https://www.banklesstimes.com/articles/2026/01/25/crypto-market-crash-heres-why-bitcoin-and-altcoins-are-going-down-today/,banklesstimes.com,72,13
2026-01-25,Why SKY Is Surging +8 % While The Rest of Crypto Bleeds Red ?,Why SKY Is Surging +8 % While The Rest of Crypto Bleeds Red ?,https://finance.yahoo.com/news/why-sky-surging-8-while-083829751.html,finance.yahoo.com,61,14
2026-01-25,"Bitcoin , Dogecoin , Ethereum & Co . am Mittag","Bitcoin , Dogecoin , Ethereum & Co . am Mittag",https://www.finanzen.ch/nachrichten/devisen/bitcoin-dogecoin-ethereum-&-co-am-mittag-1035743547,finanzen.ch,46,10
2026-01-25,Ile kosztuje bitcoin w styczniu 2026 ? - Biznes w INTERIA . PL,Ile kosztuje bitcoin w styczniu 2026 ? - Biznes w INTERIA . PL,"https://biznes.interia.pl/waluty/news-ile-kosztuje-bitcoin-w-styczniu-2026-daleko-mu-do-rekordu-z,nId,22541458",biznes.interia.pl,62,13
2026-01-25,Better Buy in 2026 : Bitcoin or Gold ? The Answer Couldnt Be Clearer .,Better Buy in 2026 : Bitcoin or Gold ? The Answer Couldnt Be Clearer .,https://www.fool.com/investing/2026/01/25/better-buy-2026-bitcoin-gold-answer-couldnt-cleare/?source=iedfolrf0000001,fool.com,70,15
2026-01-25,"ChatGPT , Gemini , Grok , and Claude All Predict Bitcoin Price for 2026 Why the $85K to $250K Range Matters","ChatGPT , Gemini , Grok , and Claude All Predict Bitcoin Price for 2026 Why the $85K to $250K Range Matters",https://finance.yahoo.com/news/chatgpt-gemini-grok-claude-predict-154954734.html,finance.yahoo.com,107,21
2026-01-25,Colombia AFP Protección Launches Bitcoin Fund for Qualified Pension Investors,Colombia AFP Protección Launches Bitcoin Fund for Qualified Pension Investors,https://blockonomi.com/colombias-afp-proteccion-launches-bitcoin-fund-for-qualified-pension-investors/,blockonomi.com,77,10
2026-01-25,"Verrückte Marktphase : Während Gold und Silber explodieren , wartet Bitcoin auf seinen Moment","Verrückte Marktphase : Während Gold und Silber explodieren , wartet Bitcoin auf seinen Moment",https://www.wallstreet-online.de/nachricht/20412338-verrueckte-marktphase-gold-silber-explodieren-wartet-bitcoin-moment,wallstreet-online.de,93,14
2026-01-25,"How SharpLink Aims to Be the Most  Focused , Disciplined  Ethereum Treasury in 2026","How SharpLink Aims to Be the Most  Focused , Disciplined  Ethereum Treasury in 2026",https://finance.yahoo.com/news/sharplink-aims-most-focused-disciplined-170103918.html,finance.yahoo.com,83,14
2026-01-25,"Bitcoin Price Prediction : Braces for Japan , Government Shutdown , and Fed Decision Risks","Bitcoin Price Prediction : Braces for Japan , Government Shutdown , and Fed Decision Risks",https://www.banklesstimes.com/articles/2026/01/25/bitcoin-price-prediction-braces-for-japan-government-shutdown-and-fed-decision-risks/,banklesstimes.com,90,15
2026-01-25,MARK - TO - MARKET : How do we define the legacy of Bitcoin ?,MARK - TO - MARKET : How do we define the legacy of Bitcoin ?,https://insurancenewsnet.com/oarticle/mark-to-market-how-do-we-define-the-legacy-of-bitcoin,insurancenewsnet.com,61,15
2026-01-25,"1 Top Cryptocurrency to Buy Before It Soars 177 % in 2026 , According to Cardano Founder Charles Hoskinson","1 Top Cryptocurrency to Buy Before It Soars 177 % in 2026 , According to Cardano Founder Charles Hoskinson",https://finance.yahoo.com/news/1-top-cryptocurrency-buy-soars-173500421.html,finance.yahoo.com,106,19
2026-01-25,Las Vegas Businesses Ditch Credit Card Fees for Bitcoin Payments,Las Vegas Businesses Ditch Credit Card Fees for Bitcoin Payments,https://finance.yahoo.com/news/las-vegas-businesses-ditch-credit-111139665.html,finance.yahoo.com,64,10
2026-01-26,Indiens Kryptoindustrie drängt vor Haushalt 2026 auf Steuererleichterungen – und warum Bitcoin - L2s davon profitieren könnten,Indiens Kryptoindustrie drängt vor Haushalt 2026 auf Steuererleichterungen – und warum Bitcoin - L2s davon profitieren könnten,https://www.boersennews.de/nachrichten/partner/clickout-media/indiens-kryptoindustrie-draengt-vor-haushalt-2026-auf-steuererleichterungen-und-warum-bitcoin-l2s-davon-profitieren-koennten/5019177/,boersennews.de,126,17
2026-01-26,Fed signalisiert mögliche Yen - Intervention und Bitcoin reagiert,Fed signalisiert mögliche Yen - Intervention und Bitcoin reagiert,https://www.boersennews.de/nachrichten/partner/clickout-media/fed-signalisiert-moegliche-yen-intervention-und-bitcoin-reagiert/5019168/,boersennews.de,65,9
2026-01-26,Bitcoin 88 bin doların altına geriledi ! - Bursa Hakimiyet,Bitcoin 88 bin doların altına geriledi ! - Bursa Hakimiyet,https://www.bursahakimiyet.com.tr/ekonomi/bitcoin-88-bin-dolarin-altina-geriledi-1568257,bursahakimiyet.com.tr,58,10
2026-01-26,Japan Seen Allowing Crypto ETFs as Early as 2028,Japan Seen Allowing Crypto ETFs as Early as 2028,https://newsonjapan.com/article/148205.php,newsonjapan.com,48,9
2026-01-26,Marktbericht : So steht es um Bitcoin & Co . – Alle aktuellen Kurse,Marktbericht : So steht es um Bitcoin & Co . – Alle aktuellen Kurse,https://www.finanzen.net/nachricht/devisen/bitcoinkurs-co-aktuell-so-steht-es-am-montagvormittag-um-die-kurse-der-digitalwaehrungen-15435656,finanzen.net,67,14
2026-01-26,Bitdeer Technologies Group ( BTDR ) Pursues Growth Across Crypto and Advanced Computing,Bitdeer Technologies Group ( BTDR ) Pursues Growth Across Crypto and Advanced Computing,https://finance.yahoo.com/news/bitdeer-technologies-group-btdr-pursues-081442512.html,finance.yahoo.com,87,13
2026-01-26,"CZ Wont Return to Binance , Bullish on Bitcoin Supercycle","CZ Wont Return to Binance , Bullish on Bitcoin Supercycle",https://cointelegraph.com/news/cz-rules-out-binance-return-predicts-2026-bitcoin-supercycle,cointelegraph.com,57,10
2026-01-26,Bitcoin geriledi ! Bitcoin fiyatları ne kadar ? Gözler kripto parada,Bitcoin geriledi ! Bitcoin fiyatları ne kadar ? Gözler kripto parada,https://finans.mynet.com/haber/detay/kripto-para/bitcoin-geriledi-bitcoin-fiyatlari-ne-kadar-gozler-kripto-parada/532305/,finans.mynet.com,68,11
2026-01-26,Over 70 % of Institutional Investors Say Bitcoin Undervalued,Over 70 % of Institutional Investors Say Bitcoin Undervalued,https://cointelegraph.com/news/institutional-investors-say-bitcoin-undervalued-coinbase-survey,cointelegraph.com,60,9
2026-01-26,Active Energy explores UAE joint venture to scale digital infrastructure and Bitcoin mining,Active Energy explores UAE joint venture to scale digital infrastructure and Bitcoin mining,https://www.proactiveinvestors.com/companies/news/1086218/active-energy-explores-uae-joint-venture-to-scale-digital-infrastructure-and-bitcoin-mining-1086218.html,proactiveinvestors.com,91,13
2026-01-26,Japan To Approve Crypto ETFs as Soon as 2028,Japan To Approve Crypto ETFs as Soon as 2028,https://www.banklesstimes.com/articles/2026/01/26/japan-to-approve-crypto-etfs-as-soon-as-2028/,banklesstimes.com,44,9
2026-01-26,Bitcoin Technical Analysis Today | investingLive,Bitcoin Technical Analysis Today | investingLive,https://investinglive.com:443/Cryptocurrency/bitcoin-technical-analysis-today-20260126/,investinglive.com,48,6
2026-01-26,"Top 3 Price Prediction : Bitcoin , Ethereum , Ripple – BTC , ETH and XRP see slight recovery after recent corrections","Top 3 Price Prediction : Bitcoin , Ethereum , Ripple – BTC , ETH and XRP see slight recovery after recent corrections",https://www.fxstreet.com/cryptocurrencies/news/top-3-price-prediction-bitcoin-ethereum-ripple-btc-eth-and-xrp-see-slight-recovery-after-recent-corrections-202601260420,fxstreet.com,117,22
2026-01-26,Bitcoin Allocation To Preserve Webster Reserves | Webster Kirkwood Times,Bitcoin Allocation To Preserve Webster Reserves | Webster Kirkwood Times,https://www.timesnewspapers.com/webster-kirkwoodtimes/webster-kirkwoodtimes/bitcoin-allocation-to-preserve-webster-s-reserves/article_94f5490d-1350-4dc6-9960-90eb7adedf73.html,timesnewspapers.com,72,10
2026-01-26,"Bitget TradFi Doubles to $4B in Daily Volume , Signaling Crypto Trader Rush Into Global Markets","Bitget TradFi Doubles to $4B in Daily Volume , Signaling Crypto Trader Rush Into Global Markets",http://koreabizwire.com/bitget-tradfi-doubles-to-4b-in-daily-volume-signaling-crypto-traders-rush-into-global-markets/342860,koreabizwire.com,95,16
2026-01-26,UBS plans to offer crypto trading for some wealthy clients,UBS plans to offer crypto trading for some wealthy clients,https://www.businesstimes.com.sg/international/ubs-plans-offer-crypto-trading-some-wealthy-clients,businesstimes.com.sg,58,10
2026-01-26,Gold Hits Record High Over $5K As Bitcoin Falls Below $86K,Gold Hits Record High Over $5K As Bitcoin Falls Below $86K,https://cointelegraph.com/news/gold-reaches-all-time-high-5k-diverging-bitcoin,cointelegraph.com,58,11
2026-01-26,"Can XRP Challenge Bitcoin to Become the Top Digital Asset ? XRP Holders Earn Up to $3 , 792 Daily Through Anchor Mining","Can XRP Challenge Bitcoin to Become the Top Digital Asset ? XRP Holders Earn Up to $3 , 792 Daily Through Anchor Mining",https://techstory.in/can-xrp-challenge-bitcoin-to-become-the-top-digital-asset-xrp-holders-earn-up-to-3792-daily-through-anchor-mining/,techstory.in,119,23
2026-01-26,"Bitcoin sinks past critical $88 , 000 threshold , triggering massive $315m sell - off","Bitcoin sinks past critical $88 , 000 threshold , triggering massive $315m sell - off",https://www.skynews.com.au/business/finance/bitcoin-sinks-past-critical-88000-threshold-triggering-massive-315m-selloff/news-story/2afc68936ed56d1e8c25ab135495186f?nk=537d9100f94886ee6169c6f4d2c7f92f-1769398335,skynews.com.au,85,15
2026-01-26,Bitcoin price slumps after investors fast cash out of ETFs to avoid risk,Bitcoin price slumps after investors fast cash out of ETFs to avoid risk,https://finance.yahoo.com/news/bitcoin-price-slumps-investors-fast-192323301.html,finance.yahoo.com,72,13
2026-01-26,"Crypto Today : Can BTC , ETH , XRP hold steady amid US government shutdown fears ?","Crypto Today : Can BTC , ETH , XRP hold steady amid US government shutdown fears ?",https://www.fxstreet.com/cryptocurrencies/news/crypto-today-bitcoin-ethereum-xrp-edge-higher-as-us-government-shutdown-fears-intensify-202601261159,fxstreet.com,82,17
2026-01-26,"Gold tops $5 , 000 as BTC stalls near $87 , 000 in widening macro - crypto split : Asia Morning Briefing","Gold tops $5 , 000 as BTC stalls near $87 , 000 in widening macro - crypto split : Asia Morning Briefing",https://www.coindesk.com/markets/2026/01/26/gold-tops-usd5-000-as-bitcoin-stalls-near-usd87-000-in-widening-macro-crypto-split-asia-morning-briefing,coindesk.com,104,22
2026-01-26,Crypto Market Shaves $100B Amid US Government Shutdown Fears,Crypto Market Shaves $100B Amid US Government Shutdown Fears,https://cointelegraph.com/news/crypto-wipes-100-billion-us-government-shutdown-fears,cointelegraph.com,60,9
2026-01-26,"GameStop  likely to sell  Bitcoin holdings , Ethereum preps for quantum : Hodler Digest , Jan . 18 - 24","GameStop  likely to sell  Bitcoin holdings , Ethereum preps for quantum : Hodler Digest , Jan . 18 - 24",https://cointelegraph.com/magazine/gamestop-bitcoin-holdings-ethereum-quantum-computing-hodlers-digest/,cointelegraph.com,103,20
2026-01-26,"Bitcoin ( BTC ) Price Prediction : Whales Add 110 , 000 BTC as $84K – $86K Support Signals Potential Short - Term Stabilization","Bitcoin ( BTC ) Price Prediction : Whales Add 110 , 000 BTC as $84K – $86K Support Signals Potential Short - Term Stabilization",https://bravenewcoin.com/insights/bitcoin-btc-price-prediction-whales-add-110000-btc-as-84k-86k-support-signals-potential-short-term-stabilization,bravenewcoin.com,127,24
2026-01-26,Here what bitcoin bulls are saying as price remains stuck during global rally,Here what bitcoin bulls are saying as price remains stuck during global rally,https://finance.yahoo.com/news/heres-bitcoin-bulls-saying-price-162645218.html,finance.yahoo.com,77,13
2026-01-26,Krypto News : Silber statt Bitcoin - was ist passiert ?,Krypto News : Silber statt Bitcoin - was ist passiert ?,https://www.finanzen.net/nachricht/devisen/krypto-news-silber-statt-bitcoin-was-ist-passiert-15434962,finanzen.net,55,11
2026-01-26,Bitcoin Price Dips as ARK Invest Increases Crypto Equity Holdings,Bitcoin Price Dips as ARK Invest Increases Crypto Equity Holdings,https://insidebitcoins.com/news/bitcoin-price-dips-2-as-ark-invest-increases-crypto-equity-holdings,insidebitcoins.com,65,10
2026-01-26,Bitcoin 88 bin doların altına geriledi,Bitcoin 88 bin doların altına geriledi,https://www.bloomberght.com/bitcoin-88-bin-dolarin-altina-geriledi-3767336,bloomberght.com,38,6
2026-01-26,Grant Cardone Company Adds Nearly $70 Million In Bitcoin As He Hails It As The Only Scarce Minable Asset,Grant Cardone Company Adds Nearly $70 Million In Bitcoin As He Hails It As The Only Scarce Minable Asset,https://finance.yahoo.com/news/grant-cardones-company-adds-nearly-173145997.html,finance.yahoo.com,104,19
2026-01-26,Bitcoin Price Breakdown Risk Grows As Bears Aim For $85K,Bitcoin Price Breakdown Risk Grows As Bears Aim For $85K,https://www.newsbtc.com/analysis/btc/bitcoin-price-breakdown-85k/,newsbtc.com,56,10
2026-01-26,BlackRock Files S - 1 With SEC for iShares Bitcoin Premium Income ETF,BlackRock Files S - 1 With SEC for iShares Bitcoin Premium Income ETF,https://www.coinspeaker.com/blackrock-bitcoin-premium-income-etf-filing/,coinspeaker.com,69,13
2026-01-26,"How Low Can Stocks & Crypto Go ?  January 26th , 2026 | Vero Patriot","How Low Can Stocks & Crypto Go ?  January 26th , 2026 | Vero Patriot",https://veropatriot.iheart.com/featured/brian-mudd/content/2026-01-26-how-low-can-stocks-crypto-go-january-26th-2026/,veropatriot.iheart.com,68,15
2026-01-26,How  friends of Trump  helped  Bitcoin Jesu avoid prison for tax dodging,How  friends of Trump  helped  Bitcoin Jesu avoid prison for tax dodging,https://www.wbur.org/hereandnow/2026/01/26/bitcoin-jesus-tax-evasion,wbur.org,72,12
2026-01-26,"Eryk Szmyd , XTB : Bitcoin może spaść nawet o 50 procent","Eryk Szmyd , XTB : Bitcoin może spaść nawet o 50 procent",https://www.parkiet.com/kryptowaluty/art43700361-eryk-szmyd-xtb-bitcoin-moze-spasc-nawet-o-50-procent,parkiet.com,56,12
2026-01-26,Gold Hits Record $5K While Bitcoin Struggles To Keep Pace,Gold Hits Record $5K While Bitcoin Struggles To Keep Pace,https://www.newsbtc.com/news/bitcoin/gold-hits-record-5k-while-bitcoin-struggles-to-keep-pace/,newsbtc.com,57,10
2026-01-26,DeFi Technologies united kingdom Subsidiary Gets Regulatory Approval for ETPs,DeFi Technologies united kingdom Subsidiary Gets Regulatory Approval for ETPs,https://cointelegraph.com/news/defi-technologies-valour-uk-fca-approval-etps-btc-eth,cointelegraph.com,77,10
2026-01-26,In - Game Purchases and Cryptocurrency Payment Methods for Gamers,In - Game Purchases and Cryptocurrency Payment Methods for Gamers,https://powerupgaming.co.uk/2026/01/26/in-game-purchases-cryptocurrency-gaming/,powerupgaming.co.uk,65,10
2026-01-26,Baystreet . ca - Bitcoin In Worst Downturn Since 2018 As Crypto Winter Deepens,Baystreet . ca - Bitcoin In Worst Downturn Since 2018 As Crypto Winter Deepens,http://baystreet.ca/cryptonews/1229/Bitcoin-In-Worst-Downturn-Since-2018-As-Crypto-Winter-Deepens,baystreet.ca,78,14
2026-01-26,Massive Colombian Pension To Launch Bitcoin Fund For Clients,Massive Colombian Pension To Launch Bitcoin Fund For Clients,https://bitcoinmagazine.com/news/colombia-pension-to-launch-bitcoin-fund,bitcoinmagazine.com,60,9
2026-01-26,"Bitcoin , Ethereum , XRP , Dogecoin Fall Ahead Of Fed Decision : Analyst Says Crypto  Preparing For Worst  But  Generational Opportunity  Awaits - Grayscale Bitcoin Mini Trust ( BTC ) ( ARCA : BTC )","Bitcoin , Ethereum , XRP , Dogecoin Fall Ahead Of Fed Decision : Analyst Says Crypto  Preparing For Worst  But  Generational Opportunity  Awaits - Grayscale Bitcoin Mini Trust ( BTC ) ( ARCA : BTC )",https://www.benzinga.com/crypto/cryptocurrency/26/01/50118691/bitcoin-ethereum-xrp-dogecoin-fall-ahead-of-fed-decision-analyst-says-crypto-preparing-for-,benzinga.com,198,36
2026-01-26,"Bitcoin Price Prediction Still Warns of $78 , 000 Risk But Tiring Sellers Spark Bounce Hope","Bitcoin Price Prediction Still Warns of $78 , 000 Risk But Tiring Sellers Spark Bounce Hope",https://finance.yahoo.com/news/bitcoin-price-prediction-still-warns-063659366.html,finance.yahoo.com,91,16
2026-01-26,Cathie Wood ARK Invest files for two crypto index ETFs tied to CoinDesk 20,Cathie Wood ARK Invest files for two crypto index ETFs tied to CoinDesk 20,https://www.coindesk.com/markets/2026/01/26/cathie-wood-s-ark-invest-files-for-two-crypto-index-etfs-tied-to-coindesk-20,coindesk.com,74,14
2026-01-26,"Ethereum Price Sinks To $2 , 800 , Raising Fresh Downside Fears","Ethereum Price Sinks To $2 , 800 , Raising Fresh Downside Fears",https://www.newsbtc.com/analysis/eth/ethereum-price-sinks-to-2800/,newsbtc.com,63,12
2026-01-26,Bitcoin painui alle 88 000 dollarin – markkinat odottavat Fedin korkoptöst,Bitcoin painui alle 88 000 dollarin – markkinat odottavat Fedin korkoptöst,https://www.salkunrakentaja.fi/2026/01/bitcoin-painui-alle-88-000-dollarin-markkinat-odottavat-fedin-korkopaatosta/,salkunrakentaja.fi,74,11
2026-01-26,"Cybersecurity In Cryptocurrency Statistics , Facts and Insight ( 2026 )","Cybersecurity In Cryptocurrency Statistics , Facts and Insight ( 2026 )",https://electroiq.com/stats/cybersecurity-in-cryptocurrency-statistics/,electroiq.com,71,11
2026-01-26,Expert Who Nailed The Bitcoin Top Now Says Buy At These Levels,Expert Who Nailed The Bitcoin Top Now Says Buy At These Levels,https://www.newsbtc.com/bitcoin-news/expert-nailed-bitcoin-top-now-says-buy-at-these-levels/,newsbtc.com,62,12
2026-01-26,Crypto funds record outflows of $1 . 73B last week : report ( BTC - USD : Cryptocurrency ),Crypto funds record outflows of $1 . 73B last week : report ( BTC - USD : Cryptocurrency ),https://seekingalpha.com/news/4542462-crypto-funds-record-outflows-of-173b-last-week-report,seekingalpha.com,90,19
2026-01-26,Should I Use An Anonymous Crypto Wallet ?,Should I Use An Anonymous Crypto Wallet ?,https://www.sify.com/cryptocurrency/should-i-use-an-anonymous-crypto-wallet/,sify.com,41,8
2026-01-26,Ethereum vs Polkadot : Which Is More Likely to Be a Millionaire - Maker ?,Ethereum vs Polkadot : Which Is More Likely to Be a Millionaire - Maker ?,https://finance.yahoo.com/news/ethereum-vs-polkadot-more-likely-224500509.html,finance.yahoo.com,73,15
2026-01-26,"Japan to Launch Its First Crypto ETFs by 2028 , Opening Bitcoin Investment to Retail Investors","Japan to Launch Its First Crypto ETFs by 2028 , Opening Bitcoin Investment to Retail Investors",https://www.economywatch.com/news/japan-to-launch-its-first-crypto-etfs-by-2028-opening-bitcoin-investment-to-retail-investors,economywatch.com,94,16
2026-01-26,Bitcoin Casinos united states 2026 : Everygame Crypto Payment Solutions,Bitcoin Casinos united states 2026 : Everygame Crypto Payment Solutions,https://www.manilatimes.net/2026/01/27/tmt-newswire/globenewswire/bitcoin-casinos-usa-2026-everygames-crypto-payment-solutions/2265596,manilatimes.net,71,10
2026-01-26,Schwacher US - Dollar : Deshalb fällt Bitcoin und Gold steigt,Schwacher US - Dollar : Deshalb fällt Bitcoin und Gold steigt,https://www.boersennews.de/nachrichten/partner/cryptopr/schwacher-us-dollar-deshalb-faellt-bitcoin-und-gold-steigt/5020398/,boersennews.de,61,11
2026-01-26,Crypto Asset Strategy for Corporate Legal Leaders,Crypto Asset Strategy for Corporate Legal Leaders,https://natlawreview.com/article/crypto-asset-strategy-corporate-legal-leaders-what-clos-and-gcs-should-know-and-do,natlawreview.com,49,7
2026-01-26,Q & A : Why 2026 could be crypto most important year yet,Q & A : Why 2026 could be crypto most important year yet,https://www.digitaljournal.com/business/qa-why-2026-could-be-cryptos-most-important-year-yet/article,digitaljournal.com,56,13
2026-01-26,"Crypto Dispensers , Under Virtual Assets , Inc ., Sets New Standard for Regulated Cash - to - Bitcoin Infrastructure","Crypto Dispensers , Under Virtual Assets , Inc ., Sets New Standard for Regulated Cash - to - Bitcoin Infrastructure",https://www.prnewswire.com/news-releases/crypto-dispensers-under-virtual-assets-inc-sets-new-standard-for-regulated-cash-to-bitcoin-infrastructure-302670428.html,prnewswire.com,116,20
2026-01-26,"Bitcoin miners Cleanspark , IREN , and TeraWulf among those lower after NVDA / CRWV deal","Bitcoin miners Cleanspark , IREN , and TeraWulf among those lower after NVDA / CRWV deal",https://www.coindesk.com/markets/2026/01/26/here-are-the-winners-and-losers-from-nvidia-s-usd2b-coreweave-investment,coindesk.com,88,16
2026-01-26,"Market structure bill delay seen capping U . S . crypto valuations , Benchmark says","Market structure bill delay seen capping U . S . crypto valuations , Benchmark says",https://www.coindesk.com/policy/2026/01/26/market-structure-bill-delay-seen-capping-u-s-crypto-valuations-benchmark-says,coindesk.com,83,15
2026-01-26,"4 US Economic Events to Influence Bitcoin , Gold , and Silver Prices This Week","4 US Economic Events to Influence Bitcoin , Gold , and Silver Prices This Week",https://finance.yahoo.com/news/4-us-economic-events-influence-140000121.html,finance.yahoo.com,78,15
2026-01-26,Abandon Big Tech : Ethereum Founder Buterin Calls 2026 The Year To Reclaim Self - Sovereign Computing,Abandon Big Tech : Ethereum Founder Buterin Calls 2026 The Year To Reclaim Self - Sovereign Computing,https://www.zerohedge.com/technology/abandon-big-tech-ethereum-founder-buterin-calls-2026-year-reclaim-self-sovereign,zerohedge.com,101,17
2026-01-26,Why MicroStrategy Latest Bitcoin Purchase Is Deeply Concerning,Why MicroStrategy Latest Bitcoin Purchase Is Deeply Concerning,https://finance.yahoo.com/news/why-microstrategy-latest-bitcoin-purchase-193558229.html,finance.yahoo.com,62,8
2026-01-26,Crypto wealth : Millions in crypto wealth at risk of vanishing when holders die . Here how to protect it,Crypto wealth : Millions in crypto wealth at risk of vanishing when holders die . Here how to protect it,https://www.coindesk.com/business/2026/01/26/millions-in-crypto-wealth-at-risk-of-vanishing-when-holders-die-here-s-how-to-protect-them,coindesk.com,104,20
2026-01-26,"US Dominates Bitcoin Hiring In 2025 As Singapore Jumps 158 %, Bitvocation Data Shows","US Dominates Bitcoin Hiring In 2025 As Singapore Jumps 158 %, Bitvocation Data Shows",https://bitcoinmagazine.com/business/us-dominates-bitcoin-hiring-in-2025-as-singapore-jumps-158-bitvocation-data-shows,bitcoinmagazine.com,84,14
2026-01-26,Why This Former BlackRock Executive Thinks Ethereum TVL Will 10X in 2026,Why This Former BlackRock Executive Thinks Ethereum TVL Will 10X in 2026,https://www.coindesk.com/markets/2026/01/26/macro-fears-mask-ethereum-s-momentum-sharplink-ceo-says,coindesk.com,72,12
2026-01-26,Crypto Market Dips Below $3 Trillion,Crypto Market Dips Below $3 Trillion,https://www.coinspeaker.com/crypto-market-dips-below-3-trillion-is-it-a-buy-the-dip-opportunity/,coinspeaker.com,36,6
2026-01-26,Weekly Blockchain Blog - January 2026 # 3 | BakerHostetler,Weekly Blockchain Blog - January 2026 # 3 | BakerHostetler,https://www.jdsupra.com/legalnews/weekly-blockchain-blog-january-2026-3-1449869/,jdsupra.com,58,10
2026-01-26,Japan Plans Crypto ETFs by 2028,Japan Plans Crypto ETFs by 2028,https://www.coinspeaker.com/japan-eyes-crypto-etf-approval-as-early-as-2028/,coinspeaker.com,31,6
2026-01-26,eToro : Bitcoin scade sub 90 . 000 de dolari,eToro : Bitcoin scade sub 90 . 000 de dolari,https://www.bursa.ro/etoro-bitcoin-scade-sub-90000-de-dolari-28302856,bursa.ro,44,10
2026-01-26,Global Liquidity Says Bitcoin Is Extremely Undervalued - Here The  Real  Figure,Global Liquidity Says Bitcoin Is Extremely Undervalued - Here The  Real  Figure,https://www.newsbtc.com/bitcoin-news/bitcoin-is-extremely-undervalued/,newsbtc.com,79,12
2026-01-26,"Bitcoin Price Prediction : Analyst Forecasts 72 . 86 % Crash To $30 , 000","Bitcoin Price Prediction : Analyst Forecasts 72 . 86 % Crash To $30 , 000",https://www.newsbtc.com/news/bitcoin/bitcoin-price-prediction-30000/,newsbtc.com,73,15
2026-01-26,Silver Price Vs BTC USD : Which Is a Better Investment in 2026 ?,Silver Price Vs BTC USD : Which Is a Better Investment in 2026 ?,https://finance.yahoo.com/news/silver-price-vs-btc-usd-130814903.html,finance.yahoo.com,64,14
2026-01-26,FinancialContent - T - Rex 2X Long Bitcoin Daily Target ETF ( NYSE : BTCL ) Stock Quote,FinancialContent - T - Rex 2X Long Bitcoin Daily Target ETF ( NYSE : BTCL ) Stock Quote,https://markets.financialcontent.com/stocks/quote?Symbol=321:2578427267,markets.financialcontent.com,87,18
2026-01-26,Bitcoin ABD Hükümetinin kapanma korkusuyla 86 . 500 dolara geriledi,Bitcoin ABD Hükümetinin kapanma korkusuyla 86 . 500 dolara geriledi,https://www.haberler.com/kripto-para/bitcoin-abd-hukumeti-nin-kapanma-korkusuyla-86-19504502-haberi/,haberler.com,67,10
2026-01-26,"Four arrested following $1 . 6 million NFT heist in the Netherlands data carriers , cash , cars , and house also seized as part of ongoing investigation","Four arrested following $1 . 6 million NFT heist in the Netherlands data carriers , cash , cars , and house also seized as part of ongoing investigation",https://www.tomshardware.com/tech-industry/cryptocurrency/four-arrested-following-usd1-6-million-nft-heist-in-the-netherlands-data-carriers-cash-cars-and-house-also-seized-as-part-of-ongoing-investigation,tomshardware.com,152,28
2026-01-26,ProShares Ultra Bitcoin ETF ( NYSEARCA : BITU ) Shares Gap Down – Here What Happened,ProShares Ultra Bitcoin ETF ( NYSEARCA : BITU ) Shares Gap Down – Here What Happened,https://www.dailypolitical.com/2026/01/26/proshares-ultra-bitcoin-etf-nysearcabitu-shares-gap-down-heres-what-happened.html,dailypolitical.com,84,16
2026-01-26,"Consensus Hong Kong unveils 2026 speaker lineup featuring Binance , Solana Foundation , Grayscale , J . P . Morgan","Consensus Hong Kong unveils 2026 speaker lineup featuring Binance , Solana Foundation , Grayscale , J . P . Morgan",https://www.fxstreet.com/press-releases/consensus-hong-kong-unveils-2026-speaker-lineup-featuring-binance-solana-foundation-grayscale-jp-morgan-202601261156,fxstreet.com,114,20
2026-01-26,US Bitcoin Miners Slow as Winter Storm Hits Power Grids,US Bitcoin Miners Slow as Winter Storm Hits Power Grids,https://finance.yahoo.com/news/us-bitcoin-miners-slow-winter-141809748.html,finance.yahoo.com,55,10
2026-01-26,Coinbase Explores Possible Investment in South Korea Coinone,Coinbase Explores Possible Investment in South Korea Coinone,https://www.banklesstimes.com/articles/2026/01/26/coinbase-explores-possible-investment-in-south-koreas-coinone/,banklesstimes.com,60,8
2026-01-26,"BitMine ( BMNR ), the largest Ethereum treasury firm , makes biggest ether purchase of 2026","BitMine ( BMNR ), the largest Ethereum treasury firm , makes biggest ether purchase of 2026",https://www.coindesk.com/business/2026/01/26/bitmine-the-largest-ethereum-treasury-makes-biggest-ether-purchase-of-2026,coindesk.com,91,16
2026-01-26,BlackRock doubles down on bitcoin fund offerings with income - focused filing,BlackRock doubles down on bitcoin fund offerings with income - focused filing,https://www.coindesk.com/markets/2026/01/26/blackrock-doubles-down-on-bitcoin-fund-offerings-with-income-focused-filing,coindesk.com,77,12
2026-01-26,"Michael Saylor Strategy ( MSTR ) added 2 , 932 BTC last week","Michael Saylor Strategy ( MSTR ) added 2 , 932 BTC last week",https://www.coindesk.com/markets/2026/01/26/strategy-purchased-usd264-million-in-bitcoin-last-week,coindesk.com,60,13
2026-01-26,"Crypto Funds Shed $1 . 73B Last Week , Largest Figure Since November","Crypto Funds Shed $1 . 73B Last Week , Largest Figure Since November",https://finance.yahoo.com/news/crypto-funds-shed-1-73b-163611400.html,finance.yahoo.com,68,13
2026-01-26,Binance Founder Changpeng Zhao Maintains Bullish 2026 Call : Bitcoin Cycle  Will Probably Break,Binance Founder Changpeng Zhao Maintains Bullish 2026 Call : Bitcoin Cycle  Will Probably Break,https://www.benzinga.com/crypto/cryptocurrency/26/01/50123466/binance-founder-changpeng-zhao-maintains-bullish-2026-call-bitcoin-cycle-will-probably-break,benzinga.com,95,14
2026-01-26,"Strategy Buys 2 , 932 Bitcoin For $264M , But MSTR Stock Tests Critical $160 Support - Strategy ( NASDAQ : MSTR )","Strategy Buys 2 , 932 Bitcoin For $264M , But MSTR Stock Tests Critical $160 Support - Strategy ( NASDAQ : MSTR )",https://www.benzinga.com/crypto/cryptocurrency/26/01/50127726/strategy-buys-2932-bitcoin-for-264m-but-mstr-stock-tests-critical-160-support,benzinga.com,113,23
2026-01-26,Crypto Users Exposed in 149M Infostealer Data Dump,Crypto Users Exposed in 149M Infostealer Data Dump,https://cointelegraph.com/news/crypto-users-affected-149m-infostealer-data-dump,cointelegraph.com,50,8
2026-01-26,Bitcoin Coinbase Premium Hits 12 - month Low as Trader Sees Further Drop,Bitcoin Coinbase Premium Hits 12 - month Low as Trader Sees Further Drop,https://cointelegraph.com/news/bitcoin-coinbase-premium-deeply-negative-is-66k-btc-price-next,cointelegraph.com,72,13
2026-01-26,"Record Crypto Theft In 2025 Will Accelerate Shift From Exchanges to Bitcoin ETFs - 2x Bitcoin Strategy ETF ( BATS : BITX ), Coinbase Global ( NASDAQ : COIN )","Record Crypto Theft In 2025 Will Accelerate Shift From Exchanges to Bitcoin ETFs - 2x Bitcoin Strategy ETF ( BATS : BITX ), Coinbase Global ( NASDAQ : COIN )",https://www.benzinga.com/Opinion/26/01/50127868/record-crypto-theft-in-2025-will-accelerate-shift-from-exchanges-to-bitcoin-etfs,benzinga.com,157,30
2026-01-27,"BitMine Stakes 209 , 504 ETH as Tom Lee Predicts Crypto Rebound","BitMine Stakes 209 , 504 ETH as Tom Lee Predicts Crypto Rebound",https://www.coinspeaker.com/bitmine-stakes-209504-eth-as-tom-lee-predicts-crypto-rebound/,coinspeaker.com,63,12
2026-01-27,"Ark Invest bought $21 . 5 million of crypto company shares as bitcoin fell under $90 , 000","Ark Invest bought $21 . 5 million of crypto company shares as bitcoin fell under $90 , 000",https://finance.yahoo.com/news/ark-invest-bought-21-5-101445775.html,finance.yahoo.com,90,18
2026-01-27,"Ethereum Price Rebounds , Yet $3K Remains A Brutal Resistance Test","Ethereum Price Rebounds , Yet $3K Remains A Brutal Resistance Test",https://www.newsbtc.com/analysis/eth/ethereum-price-rebounds-2880/,newsbtc.com,66,11
2026-01-27,"Bitcoin , ether volatility trading gets easier with Polymarket new Volmex contracts","Bitcoin , ether volatility trading gets easier with Polymarket new Volmex contracts",https://www.coindesk.com/markets/2026/01/27/bitcoin-and-ether-volatility-trading-gets-easier-with-polymarket-s-new-volmex-contracts,coindesk.com,83,12
2026-01-27,"Gold and Silver hit new All time Highs , Is Bitcoin Next ?","Gold and Silver hit new All time Highs , Is Bitcoin Next ?",https://bravenewcoin.com/insights/gold-and-silver-hit-new-all-time-highs-is-bitcoin-next,bravenewcoin.com,58,13
2026-01-27,BlackRock Files Bitcoin Premium Income ETF : What It Could Mean,BlackRock Files Bitcoin Premium Income ETF : What It Could Mean,https://www.newsbtc.com/bitcoin-news/blackrock-files-bitcoin-premium-income-etf/,newsbtc.com,63,11
2026-01-27,"Bitcoin , Ethereum , XRP , Dogecoin Trim Losses , While Gold , Silver Reverse : Analyst Says This BTC Zone With High Buying Orders Should Hold - Grayscale Bitcoin Mini Trust ( BTC ) ( ARCA : BTC )","Bitcoin , Ethereum , XRP , Dogecoin Trim Losses , While Gold , Silver Reverse : Analyst Says This BTC Zone With High Buying Orders Should Hold - Grayscale Bitcoin Mini Trust ( BTC ) ( ARCA : BTC )",https://www.benzinga.com/crypto/cryptocurrency/26/01/50146329/bitcoin-ethereum-xrp-dogecoin-trim-losses-while-gold-silver-reverse-analyst-says-this-btc-zone-with-high-buying-orders-should-hold,benzinga.com,196,40
2026-01-27,"Crypto markets stabilise after volatile week ; Bitcoin hovers near $88 , 300 ahead of Fed meet","Crypto markets stabilise after volatile week ; Bitcoin hovers near $88 , 300 ahead of Fed meet",https://economictimes.indiatimes.com/markets/cryptocurrency/crypto-markets-stabilise-after-volatile-week-bitcoin-hovers-near-88300-ahead-of-fed-meet/articleshow/127601098.cms,economictimes.indiatimes.com,94,17
2026-01-27,Bitcoin ( BTC ) Price : Holds Support Ahead of Fed Rate Decision and Big Tech Earnings,Bitcoin ( BTC ) Price : Holds Support Ahead of Fed Rate Decision and Big Tech Earnings,https://insurancenewsnet.com/oarticle/bitcoin-btc-price-holds-support-ahead-of-fed-rate-decision-and-big-tech-earnings,insurancenewsnet.com,86,17
2026-01-27,"Tucker Carlson Asks Peter Schiff Why Bitcoin Cant Replace Dollar : Economist Agrees The Two Share This Characteristic , But …","Tucker Carlson Asks Peter Schiff Why Bitcoin Cant Replace Dollar : Economist Agrees The Two Share This Characteristic , But …",https://www.benzinga.com/crypto/cryptocurrency/26/01/50146678/tucker-carlson-asks-peter-schiff-why-bitcoin-cant-replace-dollar-economist-agrees-the-two-share-this-characteristic-but,benzinga.com,125,21
2026-01-27,Bitcoin Breaks Below $87K As Political Risk Spikes – Liquidations Reveal The Real Driver,Bitcoin Breaks Below $87K As Political Risk Spikes – Liquidations Reveal The Real Driver,https://www.newsbtc.com/bitcoin-news/bitcoin-breaks-below-87k-as-political-risk-spikes-liquidations-reveal-the-real-driver/,newsbtc.com,88,14
2026-01-27,Bitcoin Whales Are Back : 104K BTC Added As $1M Transfers Surge,Bitcoin Whales Are Back : 104K BTC Added As $1M Transfers Surge,https://www.newsbtc.com/news/bitcoin/bitcoin-whales-are-back-104k-btc-added-as-1m-transfers-surge/,newsbtc.com,63,12
2026-01-27,Ethereum Price Forecast : Bitmine expands holdings as ETH bounces off key support,Ethereum Price Forecast : Bitmine expands holdings as ETH bounces off key support,https://www.fxstreet.com/cryptocurrencies/news/ethereum-price-forecast-bitmine-expands-holdings-as-eth-bounces-off-key-support-202601262125,fxstreet.com,81,13
2026-01-27,"Bitcoin Price Fights For $88 , 000 As Bearish Pressure Builds","Bitcoin Price Fights For $88 , 000 As Bearish Pressure Builds",https://bitcoinmagazine.com/markets/bitcoin-price-fights-for-88000,bitcoinmagazine.com,61,11
2026-01-27,Why Bitcoin Failing Its Role As A  Safe Haven  Versus Gold,Why Bitcoin Failing Its Role As A  Safe Haven  Versus Gold,https://www.zerohedge.com/crypto/why-bitcoins-failing-its-role-safe-haven-versus-gold,zerohedge.com,58,11
2026-01-27,BlackRock Files for Bitcoin Premium Income ETF on Nasdaq,BlackRock Files for Bitcoin Premium Income ETF on Nasdaq,https://insidebitcoins.com/news/blackrock-files-for-bitcoin-premium-income-etf-on-nasdaq,insidebitcoins.com,56,9
2026-01-27,Stablecoin Outflows Signal Capital Exit as Bitcoin Trades Flat,Stablecoin Outflows Signal Capital Exit as Bitcoin Trades Flat,https://finance.yahoo.com/news/stablecoin-outflows-signal-capital-exit-032918646.html,finance.yahoo.com,62,9
2026-01-27,How the ultra - wealthy are using bitcoin to fund their yacht upgrades and Cannes trips,How the ultra - wealthy are using bitcoin to fund their yacht upgrades and Cannes trips,https://finance.yahoo.com/news/ultra-wealthy-using-bitcoin-fund-160000711.html,finance.yahoo.com,87,16
2026-01-27,"BitMine Makes Largest 2026 Ethereum Purchase , Hits 3 . 52 % Supply","BitMine Makes Largest 2026 Ethereum Purchase , Hits 3 . 52 % Supply",https://www.coinspeaker.com/bitmine-acquires-40302-eth-largest-2026-purchase/,coinspeaker.com,67,13
2026-01-27,Supreme court judge to review Brazil ban on use of crypto in election campaigns,Supreme court judge to review Brazil ban on use of crypto in election campaigns,https://www.yahoo.com/news/articles/supreme-court-judge-review-brazil-171634451.html,yahoo.com,79,14
2026-01-27,"Ethereum Price Holds Steady Around $2 , 908 As Bitmine Adds ETH","Ethereum Price Holds Steady Around $2 , 908 As Bitmine Adds ETH",https://insidebitcoins.com/news/ethereum-price-holds-steady-around-2908-as-bitmine-adds-another-40302-eth,insidebitcoins.com,63,12
2026-01-27,Bitcoin ( BTC ) Price Prediction : $112K in Focus if Flag Breakout Holds Above Key Resistance,Bitcoin ( BTC ) Price Prediction : $112K in Focus if Flag Breakout Holds Above Key Resistance,https://bravenewcoin.com/insights/bitcoin-btc-price-prediction-112k-in-focus-if-flag-breakout-holds-above-key-resistance,bravenewcoin.com,93,17
2026-01-27,Agnico Eagle CEO on the rally in gold prices and bitcoin role,Agnico Eagle CEO on the rally in gold prices and bitcoin role,https://www.cnbc.com/2026/01/26/agnico-eagle-ceo-gold-prices-bitcoin.html,cnbc.com,61,12
2026-01-27,Börse Express - Bitcoin : Wichtige Unterstützung hält,Börse Express - Bitcoin : Wichtige Unterstützung hält,https://www.boerse-express.com/news/articles/bitcoin-wichtige-unterstuetzung-haelt-861052,boerse-express.com,53,8
2026-01-27,Bitcoin vs . Ethereum ETFs : Price Upside or Network Growth,Bitcoin vs . Ethereum ETFs : Price Upside or Network Growth,https://www.fool.com/coverage/etfs/2026/01/26/bitcoin-vs-ethereum-etfs-price-upside-or-network-growth/?source=iedfolrf0000001,fool.com,59,11
2026-01-27,ZBD Raises $40M to Bring Bitcoin Payments to Gaming,ZBD Raises $40M to Bring Bitcoin Payments to Gaming,https://ventureburn.com/zbd-raises-40m-to-bring-bitcoin-payments-to-gaming/,ventureburn.com,51,9
2026-01-27,Bitcoin Hash Rate Drops 10 % After US Winter Storm,Bitcoin Hash Rate Drops 10 % After US Winter Storm,https://insidebitcoins.com/news/bitcoin-hash-rate-falls-10-after-winter-storm-knocks-us-miners-offline,insidebitcoins.com,50,10
2026-01-27,"Risk - on , But Not for Crypto - ActionForex","Risk - on , But Not for Crypto - ActionForex",https://www.actionforex.com/contributors/fundamental-analysis/627197-risk-on-but-not-for-crypto/,actionforex.com,44,10
2026-01-27,Bitcoin Net Realized P / L Hits Zero Again Is a June 2022 - Style Capitulation Next ?,Bitcoin Net Realized P / L Hits Zero Again Is a June 2022 - Style Capitulation Next ?,https://finance.yahoo.com/news/bitcoin-net-realized-p-l-144801725.html,finance.yahoo.com,85,18
2026-01-27,BlackRock Files S - 1 for Bitcoin Premium Income ETF as Crypto ETPs See $1 . 73B in Outflows,BlackRock Files S - 1 for Bitcoin Premium Income ETF as Crypto ETPs See $1 . 73B in Outflows,https://finance.yahoo.com/news/blackrock-files-1-bitcoin-premium-150539960.html,finance.yahoo.com,92,19
2026-01-27,Silver nears $1 billion in volume on Hyperliquid as BTC remains frozen : Asia Morning Briefing,Silver nears $1 billion in volume on Hyperliquid as BTC remains frozen : Asia Morning Briefing,https://www.coindesk.com/markets/2026/01/27/silver-nears-usd1b-in-volume-on-hyperliquid-as-btc-remains-frozen-asia-morning-briefing,coindesk.com,94,16
2026-01-27,"Michael Saylor Strategy Buys 2 , 932 BTC for $264M amid Market Pullback","Michael Saylor Strategy Buys 2 , 932 BTC for $264M amid Market Pullback",https://finance.yahoo.com/news/michael-saylor-strategy-buys-2-150538266.html,finance.yahoo.com,71,13
2026-01-27,Bitcoin ( BTC ) Price Prediction : Bitcoin Eyes Potential $230K Super Cycle After Key $85K Support Bounce,Bitcoin ( BTC ) Price Prediction : Bitcoin Eyes Potential $230K Super Cycle After Key $85K Support Bounce,https://bravenewcoin.com/insights/bitcoin-btc-price-prediction-bitcoin-eyes-potential-230k-super-cycle-after-key-85k-support-bounce,bravenewcoin.com,105,18
2026-01-27,Winklevoss Twins Shut Down NFT Marketplace in Another Sign Crypto Art Is Dead,Winklevoss Twins Shut Down NFT Marketplace in Another Sign Crypto Art Is Dead,https://gizmodo.com/winklevoss-twins-shut-down-nft-marketplace-in-another-sign-crypto-art-is-dead-2000714660,gizmodo.com,77,13
2026-01-27,Heatbit New Maxi Launch Turns Home Warmth Into Bitcoin Rewards,Heatbit New Maxi Launch Turns Home Warmth Into Bitcoin Rewards,https://www.forbes.com/sites/tanyaakim/2026/01/27/heatbits-new-maxi-launch-turns-home-warmth-into-bitcoin-rewards/,forbes.com,62,10
2026-01-27,Is Coinbase Stock A Buy Now ?,Is Coinbase Stock A Buy Now ?,https://www.forbes.com/sites/greatspeculations/2026/01/27/is-coinbase-stock-a-buy-now/,forbes.com,29,7
2026-01-27,Contractor Son Allegedly Drains $40M from U . S . Marshal Crypto Vault,Contractor Son Allegedly Drains $40M from U . S . Marshal Crypto Vault,https://techstory.in/contractors-son-allegedly-drains-40m-from-u-s-marshals-crypto-vault/,techstory.in,70,13
2026-01-27,Taxing Unrealized Crypto Gains : Canada Tax Court Guidance to Global Policymakers on Crypto Volatility,Taxing Unrealized Crypto Gains : Canada Tax Court Guidance to Global Policymakers on Crypto Volatility,https://www.lexology.com/library/detail.aspx?g=94a096a8-4dc1-4266-9a79-2824c96b895c,lexology.com,102,15
2026-01-27,"Gold Beats Ethereum to $5K Milestone , Hitting Record Above $5 , 100","Gold Beats Ethereum to $5K Milestone , Hitting Record Above $5 , 100",https://finance.yahoo.com/news/gold-beats-ethereum-5k-milestone-143720459.html,finance.yahoo.com,68,13
2026-01-27,ETF Proposal Seeks to Generate Income from Bitcoin Volatility,ETF Proposal Seeks to Generate Income from Bitcoin Volatility,https://techstory.in/blackrock-targets-yield-new-etf-proposal-seeks-to-generate-income-from-bitcoin-volatility/,techstory.in,61,9
2026-01-27,Japan plant erste Spot - Krypto - ETFs ab 2028 – Bitcoin rückt stärker ins Finanzsystem,Japan plant erste Spot - Krypto - ETFs ab 2028 – Bitcoin rückt stärker ins Finanzsystem,https://www.wallstreet-online.de/nachricht/20422649-japan-plant-spot-krypto-etfs-2028-bitcoin-rueckt-staerker-finanzsystem,wallstreet-online.de,87,16
2026-01-27,Tom Lee BitMine Makes Biggest Ethereum Buy Yet in 2026,Tom Lee BitMine Makes Biggest Ethereum Buy Yet in 2026,https://finance.yahoo.com/news/tom-lees-bitmine-makes-biggest-155303327.html,finance.yahoo.com,54,10
2026-01-27,Bitcoin price news : BTC attempts rally as dollar decline accelerates,Bitcoin price news : BTC attempts rally as dollar decline accelerates,https://www.coindesk.com/markets/2026/01/27/bitcoin-climbs-above-usd89-000-as-u-s-dollar-tumbles-on-president-trump-s-remarks,coindesk.com,69,11
2026-01-27,"Bitcoin USD Price Slips To $86K , Gold Steals the Spotlight","Bitcoin USD Price Slips To $86K , Gold Steals the Spotlight",https://finance.yahoo.com/news/bitcoin-usd-price-slips-86k-091654128.html,finance.yahoo.com,59,11
2026-01-27,ABDde soğuk hava Bitcoin madenciliğini vurdu - Ekonomi Haberleri,ABDde soğuk hava Bitcoin madenciliğini vurdu - Ekonomi Haberleri,https://www.cnnturk.com/ekonomi/abdde-soguk-hava-bitcoin-madenciligini-vurdu-2389602,cnnturk.com,64,9
2026-01-27,Crypto Allocations by Financial Advisors Hit All - Time High in 2025,Crypto Allocations by Financial Advisors Hit All - Time High in 2025,https://finance.yahoo.com/news/crypto-allocations-financial-advisors-hit-153000245.html,finance.yahoo.com,68,12
2026-01-27,"Crypto giant Tether has $187 billion in assets , big plans for U . S . expansion and a CEO who warns the West is heading toward social collapse","Crypto giant Tether has $187 billion in assets , big plans for U . S . expansion and a CEO who warns the West is heading toward social collapse",https://fortune.com/article/tether-ceo-paolo-ardoino-crypto-firm-stabelcoins-howard-lutnick-usdt-cantor-fitzgerald/,fortune.com,143,29
2026-01-27,GameStop bitcoin transfer fuels debate over intent Arabian Post,GameStop bitcoin transfer fuels debate over intent Arabian Post,https://thearabianpost.com/gamestops-bitcoin-transfer-fuels-debate-over-intent/,thearabianpost.com,63,9
2026-01-27,"Fort Myers Man Arrested in Global Scam , Accused of Laundering Millions via Cryptocurrency and Gift Cards","Fort Myers Man Arrested in Global Scam , Accused of Laundering Millions via Cryptocurrency and Gift Cards",https://96krock.com/2026/01/27/fort-myers-man-arrested-in-global-scam-accused-of-laundering-millions-via-cryptocurrency-and-gift-cards/,96krock.com,105,17
2026-01-27,Bitcoin Stabilizes Near $88000 As Weak Demand Caps Every,Bitcoin Stabilizes Near $88000 As Weak Demand Caps Every,https://www.riotimesonline.com/bitcoin-stabilizes-near-88000-as-weak-demand-caps-every-bounce/,riotimesonline.com,56,9
2026-01-27,Bitcoin retreat highlights macro nerves and whale buying,Bitcoin retreat highlights macro nerves and whale buying,https://thearabianpost.com/bitcoin-retreat-highlights-macro-nerves-and-whale-buying/,thearabianpost.com,56,8
2026-01-27,Best Crypto to Mine in 2026 | Coinspeaker . com,Best Crypto to Mine in 2026 | Coinspeaker . com,https://www.coinspeaker.com/guides/best-crypto-to-mine/,coinspeaker.com,47,10
2026-01-27,"Pi Network Price Vulnerable : Whale Buying Stalls , BTC Pattern Raises Alarms","Pi Network Price Vulnerable : Whale Buying Stalls , BTC Pattern Raises Alarms",https://www.banklesstimes.com/articles/2026/01/27/pi-network-price-vulnerable-whale-buying-stalls-btc-pattern-raises-alarms/,banklesstimes.com,77,13
2026-01-27,"Bitcoin Surges Past $88 , 000 ; XRP , Solana Propel Crypto Market Rebound","Bitcoin Surges Past $88 , 000 ; XRP , Solana Propel Crypto Market Rebound",https://www.el-balad.com/6834898,el-balad.com,73,14
2026-01-27,"Bitcoin treasury news : American Bitcoin ( ABTC ) lifts holdings to nearly 5 , 900 BTC","Bitcoin treasury news : American Bitcoin ( ABTC ) lifts holdings to nearly 5 , 900 BTC",https://www.coindesk.com/markets/2026/01/27/trump-family-backed-american-bitcoin-lifts-holdings-to-nearly-5-900-btc,coindesk.com,86,17
2026-01-27,"BitMine , the largest Ethereum treasury firm , makes biggest ether purchase of 2026","BitMine , the largest Ethereum treasury firm , makes biggest ether purchase of 2026",https://finance.yahoo.com/news/bitmine-largest-ethereum-treasury-firm-142520355.html,finance.yahoo.com,83,14
2026-01-28,How Bitcoin Took Casino Gaming To A Different Dimension,How Bitcoin Took Casino Gaming To A Different Dimension,https://www.spacedaily.com/reports/How_Bitcoin_Took_Casino_Gaming_To_A_Different_Dimension_999.html,spacedaily.com,55,9
2026-01-28,Digitalwährungen im Fokus : So bewegen sich Bitcoin & Co . am Mittwochmittag,Digitalwährungen im Fokus : So bewegen sich Bitcoin & Co . am Mittwochmittag,https://www.finanzen.ch/nachrichten/devisen/digitalwahrungen-im-fokus-so-bewegen-sich-bitcoin-&-co-am-mittwochmittag-1035754883,finanzen.ch,76,13
2026-01-28,Crypto Enters 2026 With New Momentum And A Very Different Mood,Crypto Enters 2026 With New Momentum And A Very Different Mood,https://memeburn.com/2026/01/crypto-enters-2026-with-new-momentum-and-a-very-different-mood/,memeburn.com,62,11
2026-01-28,"Bitcoin Social Interest Fades As Retail Chases Gold , Silver Hype","Bitcoin Social Interest Fades As Retail Chases Gold , Silver Hype",https://www.newsbtc.com/bitcoin-news/bitcoin-social-fades-retail-chases-gold-silver-hype/,newsbtc.com,65,11
2026-01-28,Bitcoin Price Nears $90K As Trump Shrugs Off Dollar Concerns,Bitcoin Price Nears $90K As Trump Shrugs Off Dollar Concerns,https://bitcoinmagazine.com/markets/bitcoin-price-surges-near-90000,bitcoinmagazine.com,60,10
2026-01-28,Here how China tariff dodge silently rocks bitcoin,Here how China tariff dodge silently rocks bitcoin,https://www.coindesk.com/markets/2026/01/28/china-adapts-to-u-s-tariffs-while-bitcoin-shrugs-off-macro-shock,coindesk.com,50,8
2026-01-28,Best Bitcoin Stocks To Watch Today – January 25th,Best Bitcoin Stocks To Watch Today – January 25th,https://www.dailypolitical.com/2026/01/27/best-bitcoin-stocks-to-watch-today-january-25th.html,dailypolitical.com,49,9
2026-01-28,"BTC , ETH , SOL price news : Cryptos inch higher ahead of Fed , Mag 7 earnings and weaker dollar","BTC , ETH , SOL price news : Cryptos inch higher ahead of Fed , Mag 7 earnings and weaker dollar",https://www.coindesk.com/markets/2026/01/28/btc-eth-sol-move-higher-as-markets-eye-fed-mag-7-earnings-and-weaker-dollar,coindesk.com,96,21
2026-01-28,Retail Traders Are Rotating Out of Crypto and Back Into the Oldest Debasement Trade in History,Retail Traders Are Rotating Out of Crypto and Back Into the Oldest Debasement Trade in History,https://bravenewcoin.com/insights/retail-traders-are-rotating-out-of-crypto-and-back-into-the-oldest-debasement-trade-in-history,bravenewcoin.com,94,16
2026-01-28,Top Blockchain Stocks To Add to Your Watchlist – January 25th,Top Blockchain Stocks To Add to Your Watchlist – January 25th,https://www.tickerreport.com/banking-finance/13327634/top-blockchain-stocks-to-add-to-your-watchlist-january-25th.html,tickerreport.com,61,11
2026-01-28,"Lunenburg investigation leads to $109 , 000 seizure in crypto scam","Lunenburg investigation leads to $109 , 000 seizure in crypto scam",https://www.sentinelandenterprise.com/2026/01/28/lunenburg-investigation-leads-to-109k-seizure-in-crypto-scam/,sentinelandenterprise.com,66,11
2026-01-28,More South Africans use Bitcoin to  state - proof  themselves,More South Africans use Bitcoin to  state - proof  themselves,https://www.itweb.co.za/article/more-south-africans-use-bitcoin-to-state-proof-themselves/kYbe9MXb5m4vAWpG,itweb.co.za,61,10
2026-01-28,"Bitcoin up 0 . 33 % at $88 , 890 amid market volatility","Bitcoin up 0 . 33 % at $88 , 890 amid market volatility",https://www.moneycontrol.com/news/business/personal-finance/bitcoin-up-0-33-at-88-890-amid-market-volatility-13793325.html,moneycontrol.com,55,13
2026-01-28,"Crypto News Today : After DOGE and PI Surge , APEMARS Stage 5","Crypto News Today : After DOGE and PI Surge , APEMARS Stage 5",https://www.openpr.com/news/4366851/crypto-news-today-after-doge-and-pi-s-surge-apemars-stage-5,openpr.com,61,13
2026-01-28,US Shutdown Odds at 75 % How Hard Will Bitcoin Be Hit ?,US Shutdown Odds at 75 % How Hard Will Bitcoin Be Hit ?,https://finance.yahoo.com/news/us-shutdown-odds-75-hard-005427322.html,finance.yahoo.com,55,13
2026-01-28,Next Layer - 1 to Explode : IONX Chain Fixes What Ethereum,Next Layer - 1 to Explode : IONX Chain Fixes What Ethereum,https://www.openpr.com/news/4366317/next-layer-1-to-explode-ionx-chain-fixes-what-ethereum,openpr.com,58,12
2026-01-28,Which crypto to buy today ?!,Which crypto to buy today ?!,https://news.az/news/which-crypto-to-buy-today,news.az,28,6
2026-01-28,BTC USD Slips Below $90K as Investors Pull $1 . 3B From ETFs,BTC USD Slips Below $90K as Investors Pull $1 . 3B From ETFs,https://finance.yahoo.com/news/btc-usd-slips-below-90k-121011868.html,finance.yahoo.com,60,13
2026-01-28,Bitcoin for car insurance ? Dubai becomes first to accept crypto for insurance premium | World News,Bitcoin for car insurance ? Dubai becomes first to accept crypto for insurance premium | World News,https://timesofindia.indiatimes.com/world/middle-east/bitcoin-for-car-insurance-dubai-becomes-first-to-accept-crypto-for-insurance-premium/articleshow/127694231.cms,timesofindia.indiatimes.com,99,17
2026-01-28,Bitcoin Markets Remain at a Crossroads as Price Volatility Climbs and Industry Commentary Surges,Bitcoin Markets Remain at a Crossroads as Price Volatility Climbs and Industry Commentary Surges,https://www.financial-news.co.uk/bitcoin-markets-remain-at-a-crossroads-as-price-volatility-climbs-and-industry-commentary-surges/,financial-news.co.uk,96,14
2026-01-28,Crypto Markets Buzz as Major Exchanges Expand Listings Insights From Top News Portals,Crypto Markets Buzz as Major Exchanges Expand Listings Insights From Top News Portals,https://www.financial-news.co.uk/crypto-markets-buzz-as-major-exchanges-expand-listings-insights-from-top-news-portals/,financial-news.co.uk,85,13
2026-01-28,Bitcoin Surges as ETFs and Institutional Flows Redefine Market Momentum,Bitcoin Surges as ETFs and Institutional Flows Redefine Market Momentum,https://www.financial-news.co.uk/bitcoin-surges-as-etfs-and-institutional-flows-redefine-market-momentum/,financial-news.co.uk,71,10
2026-01-28,Crypto Market Poised for Turnaround in 2026 Amid Institutional Entry and Bitcoin Price Momentum,Crypto Market Poised for Turnaround in 2026 Amid Institutional Entry and Bitcoin Price Momentum,https://www.financial-news.co.uk/crypto-market-poised-for-turnaround-in-2026-amid-institutional-entry-and-bitcoin-price-momentum/,financial-news.co.uk,95,14
2026-01-28,New Wave of Altcoin Listings Sparks Global Investor Interest as Exchanges Expand Offerings,New Wave of Altcoin Listings Sparks Global Investor Interest as Exchanges Expand Offerings,https://www.financial-news.co.uk/new-wave-of-altcoin-listings-sparks-global-investor-interest-as-exchanges-expand-offerings/,financial-news.co.uk,90,13
2026-01-28,"Strategy buys 2 , 932 bitcoin for $264 million funded by common and preferred shares","Strategy buys 2 , 932 bitcoin for $264 million funded by common and preferred shares",https://finance.yahoo.com/news/strategy-buys-2-932-bitcoin-133807369.html,finance.yahoo.com,84,15
2026-01-28,Tucker Carlson Presses Peter Schiff On Bitcoin As A New Global Reserve Currency,Tucker Carlson Presses Peter Schiff On Bitcoin As A New Global Reserve Currency,https://www.zerohedge.com/crypto/tucker-carlson-presses-peter-schiff-bitcoin-new-global-reserve-currency,zerohedge.com,79,13
2026-01-28,"YieldMax MSTR Option Income Strategy ETF : Buy , Sell , or Hold in 2026 ?","YieldMax MSTR Option Income Strategy ETF : Buy , Sell , or Hold in 2026 ?",https://www.fool.com/investing/2026/01/27/yieldmax-mstr-option-income-strategy-etf-buy-sell/?source=iedfolrf0000001,fool.com,73,16
2026-01-28,Bitcoin Creeps Back Toward $90000 As Metals Surge And Policy,Bitcoin Creeps Back Toward $90000 As Metals Surge And Policy,https://www.riotimesonline.com/bitcoin-creeps-back-toward-90000-as-metals-surge-and-policy-risk-looms/,riotimesonline.com,60,10
2026-01-28,"Bitmine Immersion Technologies ( BMNR ) Announces ETH Holdings Reach 4 . 243 Million Tokens , and Total Crypto and Total Cash Holdings of $12 . 8 Billion","Bitmine Immersion Technologies ( BMNR ) Announces ETH Holdings Reach 4 . 243 Million Tokens , and Total Crypto and Total Cash Holdings of $12 . 8 Billion",https://www.prnewswire.com/news-releases/bitmine-immersion-technologies-bmnr-announces-eth-holdings-reach-4-243-million-tokens-and-total-crypto-and-total-cash-holdings-of-12-8-billion-302669744.html,prnewswire.com,153,28
2026-01-28,Promising Cryptocurrency Stocks To Watch Now – January 25th,Promising Cryptocurrency Stocks To Watch Now – January 25th,https://www.dailypolitical.com/2026/01/28/promising-cryptocurrency-stocks-to-watch-now-january-25th.html,dailypolitical.com,59,9
2026-01-28,Ethereum Price Breaks Back To $3K As Traders Question Follow - Through,Ethereum Price Breaks Back To $3K As Traders Question Follow - Through,https://www.newsbtc.com/analysis/eth/ethereum-price-breaks-to-3k/,newsbtc.com,70,12
2026-01-28,Coinbase Prediction Markets Go Live Nationwide Following $34 . 5B Kalshi Success,Coinbase Prediction Markets Go Live Nationwide Following $34 . 5B Kalshi Success,https://www.coinspeaker.com/coinbase-nationwide-prediction-markets-kalshi/,coinspeaker.com,80,12
2026-01-28,"Strive ( $ASST ) Pays Off Semler Debt , Buys $29M In Bitcoin","Strive ( $ASST ) Pays Off Semler Debt , Buys $29M In Bitcoin",https://bitcoinmagazine.com/news/strive-semler-debt-adds-bitcoin-to-sheet,bitcoinmagazine.com,60,13
2026-01-28,"Strategy buys more Bitcoin $264 million of it even as Bitcoin slumps to $87 , 000","Strategy buys more Bitcoin $264 million of it even as Bitcoin slumps to $87 , 000",https://finance.yahoo.com/news/strategy-buys-more-bitcoin-264-183148039.html,finance.yahoo.com,81,16
2026-01-28,3 Things Investors Need to Know About the ARK 21Shares Bitcoin ETF in 2026,3 Things Investors Need to Know About the ARK 21Shares Bitcoin ETF in 2026,https://www.fool.com/investing/2026/01/28/x-things-investors-need-to-know-about-the-ark-21sh/?source=iedfolrf0000001,fool.com,74,14
2026-01-28,Crypto giant becomes major gold buyer,Crypto giant becomes major gold buyer,https://www.miningmx.com/trending/63801-crypto-giant-becomes-major-gold-buyer/,miningmx.com,37,6
2026-01-28,Trump - Family - Backed US Bitcoin Soars with 116 % BTC Return,Trump - Family - Backed US Bitcoin Soars with 116 % BTC Return,https://rejoicemagazine.net/trump-family-backed-us-bitcoin-soars-with-116-btc-return/,rejoicemagazine.net,62,13
2026-01-28,Bitcoin ETFs Hit a  Pivot  Amid Reports of New Buyer Surge,Bitcoin ETFs Hit a  Pivot  Amid Reports of New Buyer Surge,https://cointelegraph.com/news/bitcoin-etf-86k-break-even-level-us-wirehouse-influx,cointelegraph.com,58,11
2026-01-28,"Coinbase Backs Trump Accounts , Explores Bitcoin For Kids","Coinbase Backs Trump Accounts , Explores Bitcoin For Kids",https://bitcoinmagazine.com/news/coinbase-to-join-trump-accounts-push,bitcoinmagazine.com,57,9
2026-01-28,Tom Lee BitMine Corners 3 . 5 % of Ethereum Supply as Treasury Tops With 4 . 24M ETH Buy,Tom Lee BitMine Corners 3 . 5 % of Ethereum Supply as Treasury Tops With 4 . 24M ETH Buy,https://finance.yahoo.com/news/tom-lee-bitmine-corners-3-163439225.html,finance.yahoo.com,88,20
2026-01-28,Bitcoin Breaks Into State Policy As South Dakota Weighs 10 % Allocation,Bitcoin Breaks Into State Policy As South Dakota Weighs 10 % Allocation,https://www.newsbtc.com/news/bitcoin/bitcoin-breaks-into-state-policy-as-south-dakota-weighs-10-allocation/,newsbtc.com,71,12
2026-01-28,Bitcoin Wont Break Out Until The Fed Steps Into Yen / JGB Chaos,Bitcoin Wont Break Out Until The Fed Steps Into Yen / JGB Chaos,https://www.newsbtc.com/bitcoin-news/bitcoin-break-out-fed-yen-jgb-chaos-arthur-hayes/,newsbtc.com,63,13
2026-01-28,Here are the winners and losers ( so far ) in bitcoin mining from Nvidia $2 billion CoreWeave investment,Here are the winners and losers ( so far ) in bitcoin mining from Nvidia $2 billion CoreWeave investment,https://finance.yahoo.com/news/winners-losers-far-bitcoin-mining-160650834.html,finance.yahoo.com,104,19
2026-01-28,Gold is winning the fear trade as crypto bleeds,Gold is winning the fear trade as crypto bleeds,https://finance.yahoo.com/news/gold-winning-fear-trade-crypto-171454019.html,finance.yahoo.com,47,9
2026-01-28,Best Blockchain Stocks To Watch Now – January 28th,Best Blockchain Stocks To Watch Now – January 28th,https://www.themarketsdaily.com/2026/01/28/best-blockchain-stocks-to-watch-now-january-28th.html,themarketsdaily.com,50,9
2026-01-28,Balaji Warning : Silicon Valley Zero Hour and Crypto Rise,Balaji Warning : Silicon Valley Zero Hour and Crypto Rise,https://www.webpronews.com/balajis-warning-silicon-valleys-zero-hour-and-cryptos-rise/,webpronews.com,57,10
2026-01-28,$7B Leaves Crypto Markets : Can Bitcoin Still See A Real Bounce ?,$7B Leaves Crypto Markets : Can Bitcoin Still See A Real Bounce ?,https://www.finanznachrichten.de/nachrichten-2026-01/67551271-dollar-7b-leaves-crypto-markets-can-bitcoin-still-see-a-real-bounce-385.htm,finanznachrichten.de,65,13
2026-01-28,How Winter Storm Fern Slowed Down the Bitcoin Network,How Winter Storm Fern Slowed Down the Bitcoin Network,https://gizmodo.com/how-winter-storm-fern-slowed-down-the-bitcoin-network-2000715094,gizmodo.com,53,9
2026-01-28,Largest U . S . crypto exchange announces support for Trump Accounts,Largest U . S . crypto exchange announces support for Trump Accounts,https://finance.yahoo.com/news/largest-u-crypto-exchange-announces-232650940.html,finance.yahoo.com,68,12
2026-01-28,"Crypto markets cautious as Bitcoin nears $89 , 000 , Ethereum eyes $3 , 000","Crypto markets cautious as Bitcoin nears $89 , 000 , Ethereum eyes $3 , 000",https://economictimes.indiatimes.com/markets/cryptocurrency/crypto-markets-cautious-as-bitcoin-nears-89000-ethereum-eyes-3000/articleshow/127680320.cms,economictimes.indiatimes.com,75,15
2026-01-28,The Fed has an interest rate announcement today crypto traders think it will be boring,The Fed has an interest rate announcement today crypto traders think it will be boring,https://www.coindesk.com/daybook-us/2026/01/28/traders-bet-on-calm-as-fed-rate-cut-looms,coindesk.com,86,15
2026-01-28,"Altcoin strength builds as HYPE , JTO climb , BTC price consolidates , dollar falls : Crypto Markets Today","Altcoin strength builds as HYPE , JTO climb , BTC price consolidates , dollar falls : Crypto Markets Today",https://www.coindesk.com/markets/2026/01/28/altcoins-jump-as-dollar-slides-bitcoin-holds-steady-crypto-markets-today,coindesk.com,106,19
2026-01-28,Is Bitcoin a Buy Right Now ?,Is Bitcoin a Buy Right Now ?,https://finance.yahoo.com/news/bitcoin-buy-now-122000688.html,finance.yahoo.com,28,7
2026-01-28,Just a Mild Crypto Winter - ActionForex,Just a Mild Crypto Winter - ActionForex,https://www.actionforex.com/contributors/fundamental-analysis/627392-just-a-mild-crypto-winter/,actionforex.com,39,7
2026-01-28,"Grand Forks detective says if someone online asks for bitcoin or gift cards ,  youre being scammed","Grand Forks detective says if someone online asks for bitcoin or gift cards ,  youre being scammed",https://www.grandforksherald.com/news/local/grand-forks-detective-says-if-someone-online-asks-for-bitcoin-or-gift-cards-youre-being-scammed,grandforksherald.com,98,17
2026-01-28,Bullish bitcoin ( BTC ) traders grab crash protection as Friday $8 . 9 billion expiry nears,Bullish bitcoin ( BTC ) traders grab crash protection as Friday $8 . 9 billion expiry nears,https://www.coindesk.com/markets/2026/01/28/bullish-bitcoin-traders-grab-crash-protection-as-friday-s-usd8-9b-expiry-nears,coindesk.com,91,17
2026-01-28,Compass Mining Energizes New 10 MW Bitcoin Mining Site in Texas,Compass Mining Energizes New 10 MW Bitcoin Mining Site in Texas,https://www.thailand-business-news.com/pr-news/compass-mining-energizes-new-10-mw-bitcoin-mining-site-in-texas,thailand-business-news.com,63,11
2026-01-28,Risk Ratings : DeFi Maturity Test,Risk Ratings : DeFi Maturity Test,https://www.coindesk.com/coindesk-indices/2026/01/28/crypto-long-and-short-risk-ratings-defi-s-maturity-test,coindesk.com,33,6
2026-01-28,"Trump family - backed American Bitcoin lifts bitcoin holdings to nearly 5 , 900 coins","Trump family - backed American Bitcoin lifts bitcoin holdings to nearly 5 , 900 coins",https://finance.yahoo.com/news/trump-family-backed-american-bitcoin-133406493.html,finance.yahoo.com,85,15
2026-01-28,Why is the Market Down ? Bitcoin Struggles While Digitap ( $TAP ) Gains Traction,Why is the Market Down ? Bitcoin Struggles While Digitap ( $TAP ) Gains Traction,https://bravenewcoin.com/sponsored/article/why-is-the-market-down-bitcoin-struggles-while-digitap-tap-gains-traction,bravenewcoin.com,80,15
2026-01-28,Bitcoin Price Prediction : BTC Price Must Reclaim $94K Golden Pocket to Avoid Further Drop,Bitcoin Price Prediction : BTC Price Must Reclaim $94K Golden Pocket to Avoid Further Drop,https://bravenewcoin.com/insights/bitcoin-price-prediction-btc-price-must-reclaim-94k-golden-pocket-to-avoid-further-drop,bravenewcoin.com,90,15
2026-01-28,"EQS - News : Citrea startet Mainnet - Bitcoin kann nun für Kredite , Handel und USD - Abrechnungen verwendet werden ( deutsch ) ()","EQS - News : Citrea startet Mainnet - Bitcoin kann nun für Kredite , Handel und USD - Abrechnungen verwendet werden ( deutsch ) ()",https://www.aktiencheck.de/analysen/Artikel-EQS_News_Citrea_startet_Mainnet_Bitcoin_kann_nun_fuer_Kredite_Handel_und_USD_Abrechnungen_verwendet_werden_deutsch-19410799,aktiencheck.de,130,25
2026-01-29,Bitcoin Risks a Trip to  Bearadise  at the Hands of a Manipulative Entity,Bitcoin Risks a Trip to  Bearadise  at the Hands of a Manipulative Entity,https://cointelegraph.com/news/single-bitcoin-entity-keeping-btc-price-suppressed-below-90k-analysis,cointelegraph.com,73,13
2026-01-29,South Korea Digital Asset Basic Act : A Major Step Toward Regulated Crypto Growth,South Korea Digital Asset Basic Act : A Major Step Toward Regulated Crypto Growth,http://www.econotimes.com/South-Koreas-Digital-Asset-Basic-Act-A-Major-Step-Toward-Regulated-Crypto-Growth-1732099,econotimes.com,81,14
2026-01-29,"BTC not gold , and it falling short for payments , too : Crypto Daybook Americas","BTC not gold , and it falling short for payments , too : Crypto Daybook Americas",https://www.coindesk.com/daybook-us/2026/01/29/bitcoin-s-no-gold-and-it-s-falling-short-for-payments-too,coindesk.com,80,16
2026-01-29,"Tom Lee Urges Investors Not To Ignore Ethereum While Metals Surge , as BitMine Stakes Another $440 . 5M ETH","Tom Lee Urges Investors Not To Ignore Ethereum While Metals Surge , as BitMine Stakes Another $440 . 5M ETH",https://finance.yahoo.com/news/tom-lee-urges-investors-not-092823952.html,finance.yahoo.com,107,20
2026-01-29,"So entwickeln sich Bitcoin , Ripple & Co am Mittag am Kryptomarkt","So entwickeln sich Bitcoin , Ripple & Co am Mittag am Kryptomarkt",https://www.finanzen.ch/nachrichten/devisen/so-entwickeln-sich-bitcoin-ripple-&-co-am-mittag-am-kryptomarkt-1035760663,finanzen.ch,65,12
2026-01-29,Börse Express - Strategy Aktie : Bitcoin - Hunger,Börse Express - Strategy Aktie : Bitcoin - Hunger,https://www.boerse-express.com/news/articles/strategy-aktie-bitcoin-hunger-862006,boerse-express.com,49,9
2026-01-29,Strive Vaults Into Bitcoin Big Leagues With Billion ‑ Dollar Treasury Bet,Strive Vaults Into Bitcoin Big Leagues With Billion ‑ Dollar Treasury Bet,http://www.econotimes.com/Strive-Vaults-Into-Bitcoin-Big-Leagues-With-BillionDollar-Treasury-Bet-1732207,econotimes.com,73,12
2026-01-29,"Ethereum leads cryptocurrency ETF inflows as Bitcoin , XRP and SOL lag","Ethereum leads cryptocurrency ETF inflows as Bitcoin , XRP and SOL lag",https://thearabianpost.com/ethereum-leads-cryptocurrency-etf-inflows-as-bitcoin-xrp-and-sol-lag/,thearabianpost.com,70,12
2026-01-29,"Bitcoin climbs above $89 , 000 as U . S . dollar tumbles on President Trump remarks","Bitcoin climbs above $89 , 000 as U . S . dollar tumbles on President Trump remarks",https://finance.yahoo.com/news/bitcoin-climbs-above-89-000-212355066.html,finance.yahoo.com,83,17
2026-01-29,"Bitcoin price news : BTC falls back to $85 , 200 alongside selloffs in stocks and precious metals","Bitcoin price news : BTC falls back to $85 , 200 alongside selloffs in stocks and precious metals",https://www.coindesk.com/markets/2026/01/29/bitcoin-tumbles-to-2026-low-of-usd85-200-as-gold-reverses-big-gains-microsoft-leads-nasdaq-lower,coindesk.com,97,18
2026-01-29,Can Bitcoin Replace the Dollar ? Tucker Carlson Challenges Peter Schiff in Fiery Crypto Debate,Can Bitcoin Replace the Dollar ? Tucker Carlson Challenges Peter Schiff in Fiery Crypto Debate,https://finance.yahoo.com/news/bitcoin-replace-dollar-tucker-carlson-193638926.html,finance.yahoo.com,94,15
2026-01-29,Fidelity moves towards issuing proprietary crypto stablecoin,Fidelity moves towards issuing proprietary crypto stablecoin,https://thearabianpost.com/fidelity-moves-towards-issuing-proprietary-crypto-stablecoin/,thearabianpost.com,60,7
2026-01-29,"Bitpanda Launches All - In - One App For Crypto , Stocks & ETFs","Bitpanda Launches All - In - One App For Crypto , Stocks & ETFs",https://insidebitcoins.com/press-releases/bitpanda-launches-all-in-one-app-for-crypto-stocks-etfs,insidebitcoins.com,63,14
2026-01-29,BTC price analysis : Bitcoin trader warns of downside as gold rally continues,BTC price analysis : Bitcoin trader warns of downside as gold rally continues,https://www.coindesk.com/markets/2026/01/29/bitcoin-trader-warns-of-downside-as-gold-rally-continues-to-pull-focus-from-btc,coindesk.com,77,13
2026-01-29,Ken Sim  pivot from park board and bitcoin ; pushes safety and affordability in re - election bid,Ken Sim  pivot from park board and bitcoin ; pushes safety and affordability in re - election bid,https://www.cbc.ca/news/canada/british-columbia/ken-sim-interview-reelection-bid-january-2026-9.7065945,cbc.ca,97,18
2026-01-29,"Russia To Roll Out Bitcoin , Crypto Rules In July","Russia To Roll Out Bitcoin , Crypto Rules In July",https://bitcoinmagazine.com/news/russia-to-roll-out-bitcoin-and-crypto,bitcoinmagazine.com,49,10
2026-01-29,"Bitcoin Price Surges as Realized Cap Records All - Time High , Targets $110K","Bitcoin Price Surges as Realized Cap Records All - Time High , Targets $110K",https://www.el-balad.com/6836961,el-balad.com,76,14
2026-01-29,"Citrea Bitcoin Rollup Launches Mainnet , ctUSD Stablecoin","Citrea Bitcoin Rollup Launches Mainnet , ctUSD Stablecoin",https://cointelegraph.com/news/citrea-bitcoin-rollup-is-stress-testing-block-space,cointelegraph.com,57,8
2026-01-29,Bitcoin Could Catch Up to Gold Rally Due to These Key Differences,Bitcoin Could Catch Up to Gold Rally Due to These Key Differences,https://cointelegraph.com/news/bitcoin-vs-gold-key-differences-that-could-position-btc-for-a-big-rally,cointelegraph.com,65,12
2026-01-29,"Coinbase Brian Armstrong Vows To Support TrumpAccounts Program By Matching $1 , 000 Contribution For Employee Kids He Wants To Do This In Bitcoin - Coinbase Global ( NASDAQ : COIN )","Coinbase Brian Armstrong Vows To Support TrumpAccounts Program By Matching $1 , 000 Contribution For Employee Kids He Wants To Do This In Bitcoin - Coinbase Global ( NASDAQ : COIN )",https://www.benzinga.com/crypto/cryptocurrency/26/01/50217551/coinbases-brian-armstrong-vows-to-support-trumpaccounts-program-by-matching-1000-contribution-for-employees-kids-he-wants-to-do-this-in-bitcoin,benzinga.com,181,32
2026-01-29,Thinking About Investing in Crypto in 2026 ? Here Are My Top Picks,Thinking About Investing in Crypto in 2026 ? Here Are My Top Picks,https://finance.yahoo.com/news/thinking-investing-crypto-2026-top-113000712.html,finance.yahoo.com,66,13
2026-01-29,"Bitcoin is becoming a wealth - building tool for a generation locked out of housing , SALT exec says","Bitcoin is becoming a wealth - building tool for a generation locked out of housing , SALT exec says",https://finance.yahoo.com/news/bitcoin-becoming-wealth-building-tool-000900446.html,finance.yahoo.com,100,19
2026-01-29,How Much Bitcoin Do You Need to Retire by 35 ?,How Much Bitcoin Do You Need to Retire by 35 ?,https://www.fool.com/investing/2026/01/28/how-much-bitcoin-do-you-need-to-retire-by-35/?source=iedfolrf0000001,fool.com,46,11
2026-01-29,Fed Pauses Interest Rate Cuts as Bitcoin Falls Below $88K,Fed Pauses Interest Rate Cuts as Bitcoin Falls Below $88K,https://insidebitcoins.com/news/fed-pauses-interest-rate-cuts-as-bitcoin-falls-below-88k,insidebitcoins.com,57,10
2026-01-29,Bitcoin makes fresh 2026 low below $85K in wider market rout ( BTC - USD : Cryptocurrency ),Bitcoin makes fresh 2026 low below $85K in wider market rout ( BTC - USD : Cryptocurrency ),https://seekingalpha.com/news/4544312-bitcoin-makes-fresh-2026-low-below-85k-in-wider-market-rout,seekingalpha.com,91,18
2026-01-29,"Bitcoin Holds at $89 , 000 Amid Gold Record Surge","Bitcoin Holds at $89 , 000 Amid Gold Record Surge",https://www.el-balad.com/6836481,el-balad.com,49,10
2026-01-29,"Banknotes , bitcoin and the battle for value","Banknotes , bitcoin and the battle for value",https://www.thebanker.com/content/ae6904c3-dd92-4d84-a156-ca6e983ac99f,thebanker.com,44,8
2026-01-29,"Gold Hits New Highs , While Bitcoin , Ethereum , Dogecoin Move Sideways After Fed Keeps Rates Steady : Analyst Sees BTC Move To $95 , 000 If This Happens - Grayscale Bitcoin Mini Trust ( BTC ) ( ARCA : BTC )","Gold Hits New Highs , While Bitcoin , Ethereum , Dogecoin Move Sideways After Fed Keeps Rates Steady : Analyst Sees BTC Move To $95 , 000 If This Happens - Grayscale Bitcoin Mini Trust ( BTC ) ( ARCA : BTC )",https://www.benzinga.com/crypto/cryptocurrency/26/01/50214685/gold-hits-new-highs-while-bitcoin-ethereum-dogecoin-move-sideways-after-fed-keeps-rates-steady-analyst-sees-btcs-move-to-95000-if-this-happens,benzinga.com,207,43
2026-01-29,NASDAQ - Wert Strategy - Aktie im Vergleich : Ist Metaplanet die attraktivere Bitcoin - Alternative ?,NASDAQ - Wert Strategy - Aktie im Vergleich : Ist Metaplanet die attraktivere Bitcoin - Alternative ?,https://www.finanzen.net/nachricht/devisen/der-yen-vorteil-metaplanet-vs-strategy-welche-bitcoin-aktie-ist-die-bessere-wahl-00-15419510,finanzen.net,101,17
2026-01-29,Bitcoin Hasnt Had a Bad Day Yet in 2026 . Is the Leading Crypto Set to Bounce Back in 2026 ?,Bitcoin Hasnt Had a Bad Day Yet in 2026 . Is the Leading Crypto Set to Bounce Back in 2026 ?,https://finance.yahoo.com/news/bitcoin-hasnt-had-bad-day-022500649.html,finance.yahoo.com,92,21
2026-01-29,"Bitcoin price news : BTC stuck at $89 , 000 as gold surges to fresh record","Bitcoin price news : BTC stuck at $89 , 000 as gold surges to fresh record",https://www.coindesk.com/markets/2026/01/28/bitcoin-remains-subdued-as-gold-races-to-new-record-above-usd5-400-following-jerome-powell-remarks,coindesk.com,74,16
2026-01-29,"First gold and silver , now oil starting to rally and that not good news for bitcoin","First gold and silver , now oil starting to rally and that not good news for bitcoin",https://www.coindesk.com/markets/2026/01/29/first-gold-and-silver-now-oil-s-starting-to-rally-and-that-s-bad-news-for-bitcoin,coindesk.com,84,17
2026-01-29,Ethereum am Weg zur KI - Dominanz : Prognosen überschlagen sich,Ethereum am Weg zur KI - Dominanz : Prognosen überschlagen sich,https://www.finanzen.net/nachricht/devisen/ethereum-am-weg-zur-ki-dominanz-prognosen-ueberschlagen-sich-15445632,finanzen.net,63,11
2026-01-29,"Exclusive : Michael Saylor Pioneered Crypto Treasury Firms , But This Ethereum - Centric Company CEO Says Their Model Unlocks More Potential : Here Why","Exclusive : Michael Saylor Pioneered Crypto Treasury Firms , But This Ethereum - Centric Company CEO Says Their Model Unlocks More Potential : Here Why",https://finance.yahoo.com/news/exclusive-michael-saylor-pioneered-crypto-183109249.html,finance.yahoo.com,151,25
2026-01-29,"Fed Pauses Rates as Weak Dollar Shapes Bitcoin , Crypto Outlook","Fed Pauses Rates as Weak Dollar Shapes Bitcoin , Crypto Outlook",https://cointelegraph.com/news/fed-holds-rates-weak-dollar-bitcoin-crypto-outlook,cointelegraph.com,63,11
2026-01-29,Bitcoin mining stock prices open Tuesday with mixed returns,Bitcoin mining stock prices open Tuesday with mixed returns,https://finance.yahoo.com/news/bitcoin-mining-stock-prices-open-161113531.html,finance.yahoo.com,59,9
2026-01-29,Börse Express - Bitcoin : Richtungssuche hält an,Börse Express - Bitcoin : Richtungssuche hält an,https://www.boerse-express.com/news/articles/bitcoin-richtungssuche-haelt-an-861840,boerse-express.com,48,8
2026-01-29,"JAMIE CARR : Guns boom , and Trump special crypto crashes","JAMIE CARR : Guns boom , and Trump special crypto crashes",https://www.financialmail.businessday.co.za/news-and-fox/2026-01-29-jamie-carr-guns-boom-and-trumps-special-crypto-crashes/,financialmail.businessday.co.za,57,11
2026-01-29,Bitcoin Price Backs Off Resistance Breakdown Or Brief Pause ?,Bitcoin Price Backs Off Resistance Breakdown Or Brief Pause ?,https://www.newsbtc.com/analysis/btc/bitcoin-price-backs-off-90k/,newsbtc.com,61,10
2026-01-29,Why Is Gold Beating Bitcoin ? Tom Lee Explains What Really Happening,Why Is Gold Beating Bitcoin ? Tom Lee Explains What Really Happening,https://finance.yahoo.com/news/why-gold-beating-bitcoin-tom-232552649.html,finance.yahoo.com,68,12
2026-01-29,"Tesla Didnt Sell Any Bitcoin In Q4 , But The Elon Musk - Led Company Paper Losses Amounted To Millions","Tesla Didnt Sell Any Bitcoin In Q4 , But The Elon Musk - Led Company Paper Losses Amounted To Millions",https://www.benzinga.com/crypto/cryptocurrency/26/01/50214901/tesla-didnt-sell-any-bitcoin-in-q4-but-the-elon-musk-led-companys-paper-losses-amounted-to-,benzinga.com,102,20
2026-01-29,"Solana News : SOL Slides on Shutdown Fears , Ondo Launches Stock Tokens , Coinbase Adds On - Chain Trading , and More","Solana News : SOL Slides on Shutdown Fears , Ondo Launches Stock Tokens , Coinbase Adds On - Chain Trading , and More",https://finance.yahoo.com/news/solana-news-sol-slides-shutdown-155002508.html,finance.yahoo.com,117,23
2026-01-29,Analysts Say This Must Happen for Bitcoin to Take Out $90K Resistance,Analysts Say This Must Happen for Bitcoin to Take Out $90K Resistance,https://cointelegraph.com/news/bitcoin-price-rejected-at-90k-again-what-will-trigger-breakout,cointelegraph.com,69,12
2026-01-29,"Bitcoin slips below $88 , 000 after Fed holds rates ; $2 . 9 trillion wiped from crypto market","Bitcoin slips below $88 , 000 after Fed holds rates ; $2 . 9 trillion wiped from crypto market",https://www.moneycontrol.com/news/business/personal-finance/bitcoin-falls-below-88000-following-feds-decision-to-keep-rates-unchanged-wiped-2-9-trillion-from-crypto-market-13795618.html,moneycontrol.com,94,19
2026-01-29,Bitcoin Investor Week 2026 - Coinspeaker,Bitcoin Investor Week 2026 - Coinspeaker,https://www.coinspeaker.com/events/bitcoin-investor-week-2026/,coinspeaker.com,40,6
2026-01-29,Arthur Hayes Sees Government Money Printer Going  BRRR  If US Intervenes To Bolster The Japanese Yen And That Could Be Good For Bitcoin,Arthur Hayes Sees Government Money Printer Going  BRRR  If US Intervenes To Bolster The Japanese Yen And That Could Be Good For Bitcoin,https://finance.yahoo.com/news/arthur-hayes-sees-government-money-130118643.html,finance.yahoo.com,135,23
2026-01-29,"Bitcoin price analysis : BTC could retest April tariff tantrum lows below $80 , 000","Bitcoin price analysis : BTC could retest April tariff tantrum lows below $80 , 000",https://www.coindesk.com/markets/2026/01/29/here-are-key-levels-to-watch-as-bitcoin-plunges-to-usd84-000,coindesk.com,83,15
2026-01-29,Japan Biggest Bitcoin Treasury Firm Just Raised $137 Million to Buy Even More BTC,Japan Biggest Bitcoin Treasury Firm Just Raised $137 Million to Buy Even More BTC,https://finance.yahoo.com/news/japans-biggest-bitcoin-treasury-firm-193845515.html,finance.yahoo.com,81,14
2026-01-29,"Bitcoin Price Prediction : BTC Price Reclaims 10 - Day SMA , Wedge Pattern Points to Possible $100K Move","Bitcoin Price Prediction : BTC Price Reclaims 10 - Day SMA , Wedge Pattern Points to Possible $100K Move",https://bravenewcoin.com/insights/bitcoin-price-prediction-btc-price-reclaims-10-day-sma-wedge-pattern-points-to-possible-100k-move,bravenewcoin.com,104,19
2026-01-29,"Senators Accuse Todd Blanche of  Glaring  Crypto Conflict , Cite ProPublica Report ProPublica","Senators Accuse Todd Blanche of  Glaring  Crypto Conflict , Cite ProPublica Report ProPublica",https://www.propublica.org/article/todd-blanche-crypto-conflict-senator-letter,propublica.org,93,13
2026-01-29,Cryptohack Roundup : Probe Into Missing Seized Bitcoin,Cryptohack Roundup : Probe Into Missing Seized Bitcoin,https://www.govinfosecurity.com/cryptohack-roundup-probe-into-missing-seized-bitcoin-a-30625,govinfosecurity.com,54,8
2026-01-29,Gold and Silver Crash . So do Stocks and Bitcoin,Gold and Silver Crash . So do Stocks and Bitcoin,https://bravenewcoin.com/insights/gold-and-silver-crash-so-do-stocks-and-bitcoin,bravenewcoin.com,48,10
2026-01-29,"Bitcoin steadies near $90 , 000 as Federal Reserve hits pause on rate cuts – NaturalNews . com","Bitcoin steadies near $90 , 000 as Federal Reserve hits pause on rate cuts – NaturalNews . com",https://www.naturalnews.com/2026-01-29-bitcoin-federal-reserve-pause-rate-cuts.html,naturalnews.com,94,18
2026-01-29,Swiss Digital Bank Sygnum Raises 750 Bitcoin ( $65M ) for BTC Alpha Fund,Swiss Digital Bank Sygnum Raises 750 Bitcoin ( $65M ) for BTC Alpha Fund,https://www.coinspeaker.com/sygnum-starboard-bitcoin-alpha-fund-65m-seed-funding/,coinspeaker.com,72,14
2026-01-29,"Ethereum Price Prediction : ETH Reclaims $3 , 000 With Bullish Engulfing , $3 , 200 Breakout in Sight","Ethereum Price Prediction : ETH Reclaims $3 , 000 With Bullish Engulfing , $3 , 200 Breakout in Sight",https://bravenewcoin.com/insights/ethereum-price-prediction-eth-reclaims-3000-with-bullish-engulfing-3200-breakout-in-sight,bravenewcoin.com,101,19
2026-01-29,BSP may tighten oversight on cryptocurrency - BusinessWorld Online,BSP may tighten oversight on cryptocurrency - BusinessWorld Online,https://www.bworldonline.com/top-stories/2026/01/30/727435/bsp-may-tighten-oversight-on-cryptocurrency/,bworldonline.com,66,9
2026-01-29,Bitcoin Needs Deeper Liquidity Before Recovery Takes Shape,Bitcoin Needs Deeper Liquidity Before Recovery Takes Shape,https://www.newsbtc.com/news/bitcoin/bitcoin-needs-deeper-liquidity-before-a-real-recovery-takes-shape-analysts/,newsbtc.com,58,8
2026-01-29,Bit Digital CEO talks Bitcoin mining to Ethereum and AI Infrastructure,Bit Digital CEO talks Bitcoin mining to Ethereum and AI Infrastructure,https://www.proactiveinvestors.com/companies/news/1086511/bit-digital-ceo-talks-bitcoin-mining-to-ethereum-and-ai-infrastructure.html,proactiveinvestors.com,70,11
2026-01-29,Ku mund të ndalet rënia e Bitcoin ?,Ku mund të ndalet rënia e Bitcoin ?,https://telegrafi.com/ku-mund-te-ndalet-renia-e-bitcoin/,telegrafi.com,35,8
2026-01-29,Here Why The Bitcoin And Ethereum Prices Are Still Trading Sideways,Here Why The Bitcoin And Ethereum Prices Are Still Trading Sideways,https://www.newsbtc.com/news/bitcoin/bitcoin-ethereum-trading-sideways/,newsbtc.com,67,11
2026-01-29,Inside the bitcoin ATM scams costing victims millions and Maine crackdown,Inside the bitcoin ATM scams costing victims millions and Maine crackdown,https://wgme.com/news/i-team/inside-the-bitcoin-atm-scams-costing-victims-millions-and-maines-crackdown,wgme.com,73,11
2026-01-29,"Chaos : Bitcoin , Gold , Silber & Aktien crashen ! 6 Billionen Dollar Marktkapitalisierung weg","Chaos : Bitcoin , Gold , Silber & Aktien crashen ! 6 Billionen Dollar Marktkapitalisierung weg",https://www.finanzen.net/nachricht/devisen/chaos-bitcoin-gold-silber-aktien-crashen-6-billionen-dollar-marktkapitalisierung-weg-15447489,finanzen.net,94,16
2026-01-29,Binance Founder CZ Fires Back at FUD Over  Buy and Hold  Tweet Here What He Really Meant,Binance Founder CZ Fires Back at FUD Over  Buy and Hold  Tweet Here What He Really Meant,https://finance.yahoo.com/news/binance-founder-cz-fires-back-151310083.html,finance.yahoo.com,88,17
2026-01-29,"Bitcoin Slides Toward $85 , 000 Despite Progress On US Crypto Market Structure Bill","Bitcoin Slides Toward $85 , 000 Despite Progress On US Crypto Market Structure Bill",https://www.newsbtc.com/breaking-news-ticker/bitcoin-slides-toward-85000-despite-progress-on-us-crypto-market-structure-bill/,newsbtc.com,83,14
2026-01-29,Droht jetzt der große Bitcoin - Absturz ? Experten schlagen Alarm,Droht jetzt der große Bitcoin - Absturz ? Experten schlagen Alarm,https://www.trend.at/invest/bitcoin-droht-absturz-rp4,trend.at,65,11
2026-01-29,Bitcoin technical outlook January 29 : BTC crash today : Why is crypto down today ? Bitcoin price slips as Fed holds rates and geopolitics heat up here Bitcoin technical outlook,Bitcoin technical outlook January 29 : BTC crash today : Why is crypto down today ? Bitcoin price slips as Fed holds rates and geopolitics heat up here Bitcoin technical outlook,https://economictimes.indiatimes.com/news/international/us/btc-usd-crash-today-why-is-crypto-down-today-bitcoin-price-slips-as-fed-holds-rates-and-geopolitics-heat-up-heres-bitcoin-technical-outlook/articleshow/127780941.cms,economictimes.indiatimes.com,177,31
2026-01-29,"Bitcoin Hits 2026 Low of $84 , 300 as Gold Ends Record Rally","Bitcoin Hits 2026 Low of $84 , 300 as Gold Ends Record Rally",https://propakistani.pk/2026/01/29/bitcoin-hits-2026-low-of-84300-as-gold-ends-record-rally/,propakistani.pk,60,13
2026-01-29,BTC Slips to Yearly Low as Leverage Unwinds Below $85K,BTC Slips to Yearly Low as Leverage Unwinds Below $85K,https://cointelegraph.com/news/bitcoin-falls-to-dollar83-4k-as-gold-bugs-take-profit-and-ai-stocks-sell-off,cointelegraph.com,54,10
2026-01-29,BlackRock New Covered Call Bitcoin ETF Is Another Red Flag for a Dangerous Investing Trend,BlackRock New Covered Call Bitcoin ETF Is Another Red Flag for a Dangerous Investing Trend,https://finance.yahoo.com/news/blackrock-covered-call-bitcoin-etf-150002653.html,finance.yahoo.com,90,15
2026-01-29,How January Sharp Decline in Spot Volume Is Threatening the Crypto Market Structure,How January Sharp Decline in Spot Volume Is Threatening the Crypto Market Structure,https://finance.yahoo.com/news/january-sharp-decline-spot-volume-093311296.html,finance.yahoo.com,83,13
2026-01-29,US CFTC to Partner with SEC on Agency  Project Crypto,US CFTC to Partner with SEC on Agency  Project Crypto,https://cointelegraph.com/news/us-cftc-sec-agency-project-crypto-regulation,cointelegraph.com,53,10
2026-01-29,"For Corporate Legal Teams , Crypto Assets Are Now Part of Their Remit","For Corporate Legal Teams , Crypto Assets Are Now Part of Their Remit",https://www.pymnts.com/cpi-posts/for-corporate-legal-teams-crypto-assets-are-now-part-of-their-remit/,pymnts.com,69,13
2026-01-29,Strategy Stock Sees Selling Pressure As Bitcoin Dives - Strategy ( NASDAQ : MSTR ),Strategy Stock Sees Selling Pressure As Bitcoin Dives - Strategy ( NASDAQ : MSTR ),https://www.benzinga.com/trading-ideas/movers/26/01/50243033/strategy-stock-sees-selling-pressure-as-bitcoin-dives,benzinga.com,82,15
2026-01-29,"Bitcoin , Ethereum Perform Terrible Compared To Gold , Silver And That Totally Ok","Bitcoin , Ethereum Perform Terrible Compared To Gold , Silver And That Totally Ok",https://www.benzinga.com/crypto/cryptocurrency/26/01/50237628/bitcoin-ethereum-perform-terrible-compared-to-gold-silver-and-thats-totally-ok,benzinga.com,81,14
2026-01-29,Coinbase Crumbles : Is The Downgrade Justified ?,Coinbase Crumbles : Is The Downgrade Justified ?,https://www.forbes.com/sites/greatspeculations/2026/01/29/coinbase-crumbles-is-the-downgrade-justified/,forbes.com,48,8
2026-01-29,"Bitcoin Upside Hinges On Liquidity Rising Above This Level , Glassnode Says","Bitcoin Upside Hinges On Liquidity Rising Above This Level , Glassnode Says",https://www.newsbtc.com/bitcoin-news/bitcoin-liquidity-rising/,newsbtc.com,75,12
2026-01-29,Bitcoin Stocks To Watch Today – January 29th,Bitcoin Stocks To Watch Today – January 29th,https://www.themarketsdaily.com/2026/01/29/bitcoin-stocks-to-watch-today-january-29th.html,themarketsdaily.com,44,8
2026-01-29,"Bitcoin Tests $90 , 000 , Yet Downside Protection Stays Bid Into Fed and Funding Risk","Bitcoin Tests $90 , 000 , Yet Downside Protection Stays Bid Into Fed and Funding Risk",https://finance.yahoo.com/news/bitcoin-tests-90-000-yet-120126170.html,finance.yahoo.com,85,16
2026-01-29,"U . S . SEC , CFTC chiefs push united front on paving the way for crypto","U . S . SEC , CFTC chiefs push united front on paving the way for crypto",https://www.coindesk.com/policy/2026/01/29/u-s-sec-cftc-chiefs-push-united-front-on-paving-the-way-for-crypto,coindesk.com,72,17
2026-01-29,"Coinbase ( COIN ), Circle ( CRCL ) and Bullish ( BLSH ) among crypto names sharply lower as BTC tumbles","Coinbase ( COIN ), Circle ( CRCL ) and Bullish ( BLSH ) among crypto names sharply lower as BTC tumbles",https://www.coindesk.com/markets/2026/01/29/crypto-linked-stocks-continue-2026-plunge-but-bitcoin-miners-with-ai-pivots-outperform,coindesk.com,103,21
2026-01-29,"BTC USD Bitcoin price crash reason : Bitcoin price today falls to $84 , 000 : Why $800 million was wiped out amid crypto market sell - off as tech stocks slide - will BTC USD crash to $80 , 000","BTC USD Bitcoin price crash reason : Bitcoin price today falls to $84 , 000 : Why $800 million was wiped out amid crypto market sell - off as tech stocks slide - will BTC USD crash to $80 , 000",https://economictimes.indiatimes.com/news/international/us/bitcoin-price-today-falls-to-84000-why-800-million-was-wiped-out-amid-crypto-market-sell-off-as-tech-stocks-slide-will-btc-usd-crash-to-80000/articleshow/127785343.cms,economictimes.indiatimes.com,193,41
2026-01-29,Arthur Hayes Predicts Bitcoin Upside amid US Fed Intervention in Japan Bond Market,Arthur Hayes Predicts Bitcoin Upside amid US Fed Intervention in Japan Bond Market,https://finance.yahoo.com/news/arthur-hayes-predicts-bitcoin-upside-121656974.html,finance.yahoo.com,82,13
2026-01-29,Something Interesting Is Forming Around Bitcoin Infrastructure And Bitcoin Everlight Is Part of It,Something Interesting Is Forming Around Bitcoin Infrastructure And Bitcoin Everlight Is Part of It,https://bravenewcoin.com/sponsored/article/something-interesting-is-forming-around-bitcoin-infrastructure-and-bitcoin-everlight-is-part-of-it,bravenewcoin.com,98,14
2026-01-29,"BTC price prediction : Bitcoin major safety net just snapped . Why a drop below $85 , 000 might risk more selloff","BTC price prediction : Bitcoin major safety net just snapped . Why a drop below $85 , 000 might risk more selloff",https://www.coindesk.com/markets/2026/01/29/bitcoin-s-major-safety-net-just-snapped-after-falling-below-usd85-000-here-s-how-low-it-can-go,coindesk.com,113,22
2026-01-29,Blockchain Stocks Worth Watching – January 29th,Blockchain Stocks Worth Watching – January 29th,https://www.tickerreport.com/banking-finance/13329900/blockchain-stocks-worth-watching-january-29th.html,tickerreport.com,47,7
2026-01-29,Why Bitcoin Pullback May Be Setting Up A Rotation From Gold,Why Bitcoin Pullback May Be Setting Up A Rotation From Gold,https://www.forbes.com/sites/aliceliu/2026/01/29/why-bitcoins-pullback-may-be-setting-up-a-rotation-from-gold/,forbes.com,59,11
2026-01-29,ProShares Ultra Bitcoin ETF ( NYSEARCA : BITU ) Shares Down 10 . 5 % – Time to Sell ?,ProShares Ultra Bitcoin ETF ( NYSEARCA : BITU ) Shares Down 10 . 5 % – Time to Sell ?,https://www.tickerreport.com/banking-finance/13329895/proshares-ultra-bitcoin-etf-nysearcabitu-shares-down-10-5-time-to-sell.html,tickerreport.com,85,20
2026-01-29,Crypto Part VII : De Minimis | ASKramer Law,Crypto Part VII : De Minimis | ASKramer Law,https://www.jdsupra.com/legalnews/crypto-part-vii-de-minimis-2127848/,jdsupra.com,43,9
2026-01-29,"Why Is Crypto Up Today ? – January 28 , 2026","Why Is Crypto Up Today ? – January 28 , 2026",https://finance.yahoo.com/news/why-crypto-today-january-28-123259036.html,finance.yahoo.com,44,11
2026-01-29,Three reasons gold outshines Bitcoin price as threat of US government shutdown looms,Three reasons gold outshines Bitcoin price as threat of US government shutdown looms,https://finance.yahoo.com/news/three-reasons-gold-outshines-bitcoin-093751497.html,finance.yahoo.com,84,13
2026-01-29,"Bitcoin Drops Below $84 , 000 As Ethereum , XRP , Dogecoin Plummet 7 %","Bitcoin Drops Below $84 , 000 As Ethereum , XRP , Dogecoin Plummet 7 %",https://www.benzinga.com/crypto/cryptocurrency/26/01/50246188/bitcoin-drops-below-84000-as-ethereum-xrp-dogecoin-plummet-7,benzinga.com,70,15
2026-01-30,"Top 3 Price Prediction : Bitcoin , Ethereum , Ripple – BTC , ETH and XRP deepen sell - off as bears take control of momentum","Top 3 Price Prediction : Bitcoin , Ethereum , Ripple – BTC , ETH and XRP deepen sell - off as bears take control of momentum",https://www.fxstreet.com/cryptocurrencies/news/top-3-price-prediction-bitcoin-ethereum-ripple-btc-eth-and-xrp-deepen-sell-off-as-bears-take-control-of-momentum-202601300346,fxstreet.com,124,26
2026-01-30,"Crypto Market Crash : Bitcoin breaks $82 , 000 – Worldcoin , Chiliz , Hyperliquid lead sell - off","Crypto Market Crash : Bitcoin breaks $82 , 000 – Worldcoin , Chiliz , Hyperliquid lead sell - off",https://www.fxstreet.com/cryptocurrencies/news/top-crypto-losers-worldcoin-chiliz-hyperliquid-lead-losses-as-market-bleeds-175-billion-202601300335,fxstreet.com,97,19
2026-01-30,"Bitcoin Crashes To Nine - Month Low On Tariffs , Liquidations","Bitcoin Crashes To Nine - Month Low On Tariffs , Liquidations",https://cointelegraph.com/news/bitcoin-falls-to-81k-causing-billions-in-liquidations,cointelegraph.com,61,11
2026-01-30,Bybit Rebounds After Hack as Crypto Trading Volumes Climb in 2025,Bybit Rebounds After Hack as Crypto Trading Volumes Climb in 2025,https://cointelegraph.com/news/bybit-slow-steady-comeback-after-2025-hack-coingecko,cointelegraph.com,65,11
2026-01-30,Bitcoin - Treasury - Check : Aktien von Metaplanet und MicroStrategy im Vergleich,Bitcoin - Treasury - Check : Aktien von Metaplanet und MicroStrategy im Vergleich,https://www.finanzen.ch/nachrichten/devisen/bitcoin-treasury-check-aktien-von-metaplanet-und-microstrategy-im-vergleich-1035759892,finanzen.ch,81,13
2026-01-30,Bitcoin slips to 2 - month low as Fed chair speculation hits risky assets,Bitcoin slips to 2 - month low as Fed chair speculation hits risky assets,https://economictimes.indiatimes.com/markets/cryptocurrency/bitcoin-slips-to-2-month-low-as-fed-chair-speculation-hits-risky-assets/articleshow/127791660.cms,economictimes.indiatimes.com,73,14
2026-01-30,Institutional Adoption and the Mainstreaming of Crypto Investments :,Institutional Adoption and the Mainstreaming of Crypto Investments :,https://www.hedgeco.net/news/01/2026/institutional-adoption-and-the-mainstreaming-of-crypto-investments.html,hedgeco.net,68,9
2026-01-30,"Trump Reportedly To Announce Kevin Warsh Next Fed Chair Friday Morning ; Bitcoin , Gold Tumble , Dollar Soars","Trump Reportedly To Announce Kevin Warsh Next Fed Chair Friday Morning ; Bitcoin , Gold Tumble , Dollar Soars",https://www.zerohedge.com/markets/trump-reportedly-announce-kevin-warsh-next-fed-chair-friday-morning-bitcoin-gold-tumble,zerohedge.com,109,19
2026-01-30,Bitcoin 81 bin dolara kadar geriledi ! Son 70 günün en düşük seviyesi,Bitcoin 81 bin dolara kadar geriledi ! Son 70 günün en düşük seviyesi,https://finans.mynet.com/haber/detay/kripto-para/bitcoin-81-bin-dolara-kadar-geriledi-son-70-gunun-en-dusuk-seviyesi/533275/,finans.mynet.com,69,13
2026-01-30,Peter Schiff Asks Michael Saylor What Funding Dividend Payouts On Strategy Preferred Stock :  MSTR Is Losing Money  - Strategy ( NASDAQ : MSTR ),Peter Schiff Asks Michael Saylor What Funding Dividend Payouts On Strategy Preferred Stock :  MSTR Is Losing Money  - Strategy ( NASDAQ : MSTR ),https://www.benzinga.com/crypto/cryptocurrency/26/01/50256548/peter-schiff-asks-michael-saylor-whats-funding-dividend-payouts-on-strategys-preferred-stock-mstr-is-losing-money,benzinga.com,144,25
2026-01-30,Here why Fed contender Kevin Warsh is seen as bearish for bitcoin,Here why Fed contender Kevin Warsh is seen as bearish for bitcoin,https://www.coindesk.com/markets/2026/01/30/here-s-why-fed-contender-kevin-warsh-is-seen-as-bearish-for-bitcoin,coindesk.com,65,12
2026-01-30,Bitcoin syöksyi alle 83 000 dollarin,Bitcoin syöksyi alle 83 000 dollarin,https://www.salkunrakentaja.fi/2026/01/bitcoin-syoksyi-alle-83-000-dollarin/,salkunrakentaja.fi,36,6
2026-01-30,"Bitcoin slips below $82 , 000 after gold and silver pullback ; $1 . 7 billion wiped out","Bitcoin slips below $82 , 000 after gold and silver pullback ; $1 . 7 billion wiped out",https://www.moneycontrol.com/news/business/personal-finance/bitcoin-slips-below-84-000-after-gold-and-silver-pullback-1-7-billion-wiped-out-13798426.html,moneycontrol.com,87,18
2026-01-30,Bitcoin 81 bin dolara kadar geriledi ! Son 70 günün ...,Bitcoin 81 bin dolara kadar geriledi ! Son 70 günün ...,https://www.bursahakimiyet.com.tr/ekonomi/bitcoin-81-bin-dolara-kadar-geriledi-son-70-gunun-1570127,bursahakimiyet.com.tr,55,11
2026-01-30,"Gubi li bitcoin status  digitalnog zlata ? Rasprodaja se nastavlja , vlada pesimizam","Gubi li bitcoin status  digitalnog zlata ? Rasprodaja se nastavlja , vlada pesimizam",https://www.index.hr/vijesti/clanak/bitcoin-pao-na-dvomjesecni-minimum/2755561.aspx,index.hr,84,13
2026-01-30,"Budget 2026 : Crypto markets expect regulated , transparent , compliance - driven framework","Budget 2026 : Crypto markets expect regulated , transparent , compliance - driven framework",https://economictimes.indiatimes.com/markets/cryptocurrency/budget-2026-crypto-markets-expect-regulated-transparent-compliance-driven-framework/articleshow/127793056.cms,economictimes.indiatimes.com,91,14
2026-01-30,"Strive Enters Top 10 Publicly Traded Bitcoin Holders , Pays Off Debt After Semler Acquisition","Strive Enters Top 10 Publicly Traded Bitcoin Holders , Pays Off Debt After Semler Acquisition",https://finance.yahoo.com/news/strive-enters-top-10-publicly-185047817.html,finance.yahoo.com,93,15
2026-01-30,"Bitcoin crasht weiter , aber auf morgen müssen wir besonders aufpassen","Bitcoin crasht weiter , aber auf morgen müssen wir besonders aufpassen",https://www.boersennews.de/nachrichten/partner/clickout-media/bitcoin-crasht-weiter-aber-auf-morgen-muessen-wir-besonders-aufpassen/5025063/,boersennews.de,70,11
2026-01-30,"Bitcoin price prediction : BTC options flash troubling signs as traders eye $70 , 000","Bitcoin price prediction : BTC options flash troubling signs as traders eye $70 , 000",https://www.coindesk.com/markets/2026/01/30/bitcoin-options-flash-troubling-signs-as-dvol-spikes-most-since-november,coindesk.com,85,15
2026-01-30,"Bitcoin , Ethereum , XRP , Dogecoin Tank Amid Tech Rout ; Gold Also Cools : Analyst Flags Key BTC Support , Resistance Levels","Bitcoin , Ethereum , XRP , Dogecoin Tank Amid Tech Rout ; Gold Also Cools : Analyst Flags Key BTC Support , Resistance Levels",https://www.benzinga.com/crypto/cryptocurrency/26/01/50255079/bitcoin-ethereum-xrp-dogecoin-tank-amid-tech-rout-gold-also-cools-analyst-flags-key-btc-support-resistance-levels,benzinga.com,125,24
2026-01-30,Metaplanet Doubles Down : Japan  MicroStrategy  Targets 1 % of All Bitcoin,Metaplanet Doubles Down : Japan  MicroStrategy  Targets 1 % of All Bitcoin,http://www.econotimes.com/Metaplanet-Doubles-Down-Japans-MicroStrategy-Targets-1-of-All-Bitcoin-1732328,econotimes.com,74,12
2026-01-30,"Bitcoin slips to month low , falls 2 . 5 % as US Fed chair weighs on risk assets","Bitcoin slips to month low , falls 2 . 5 % as US Fed chair weighs on risk assets",https://www.livemint.com/market/cryptocurrency/bitcoin-slips-to-month-low-falls-2-5-as-us-fed-chair-weighs-on-risk-assets-11769752260868.html,livemint.com,80,19
2026-01-30,"BloFin Research Analysis : Market Outlook 2026 Across Crypto Majors , Perp DEXs , and Forecasting Markets","BloFin Research Analysis : Market Outlook 2026 Across Crypto Majors , Perp DEXs , and Forecasting Markets",https://finance.yahoo.com/news/blofin-research-analysis-market-outlook-130000178.html,finance.yahoo.com,105,17
2026-01-30,Bitcoin price news : BTC hits fresh 2026 low as day plunge continues,Bitcoin price news : BTC hits fresh 2026 low as day plunge continues,https://www.coindesk.com/markets/2026/01/29/bitcoin-pulls-back-to-usd81-000-as-horrendous-day-continues,coindesk.com,68,13
2026-01-30,Bybit and Block Scholes Report Notes Short - Term Crypto Volatility Spike as Markets Reprice Fed Outlook,Bybit and Block Scholes Report Notes Short - Term Crypto Volatility Spike as Markets Reprice Fed Outlook,http://www.prnewswire.com/news-releases/bybit-and-block-scholes-report-notes-short-term-crypto-volatility-spike-as-markets-reprice-fed-outlook-302675160.html,prnewswire.com,104,17
2026-01-30,Senate GOP Advances Crypto Bill Over Democratic Objections,Senate GOP Advances Crypto Bill Over Democratic Objections,https://www.forbes.com/sites/jasonbrett/2026/01/29/senate-gop-advances-crypto-bill-over-democratic-objections/,forbes.com,58,8
2026-01-30,Bitcoin Is The Money Of The AI - Economy : CryptoQuant CEO,Bitcoin Is The Money Of The AI - Economy : CryptoQuant CEO,https://www.newsbtc.com/bitcoin-news/bitcoin-money-of-ai-economy-cryptoquant-ceo/,newsbtc.com,58,12
2026-01-30,Candlestick Patterns in Crypto Trading : A Practical Guide for Smarter Market Decisions,Candlestick Patterns in Crypto Trading : A Practical Guide for Smarter Market Decisions,https://www.webpronews.com/candlestick-patterns-crypto-trading/,webpronews.com,87,13
2026-01-30,Bitcoin Price 10 % Tumble Sparks Fears Of $80K Give - Way,Bitcoin Price 10 % Tumble Sparks Fears Of $80K Give - Way,https://www.newsbtc.com/analysis/btc/bitcoin-price-10-tumble-80k/,newsbtc.com,57,12
2026-01-30,"Ethereum Price Dumps To $2 , 700 , Bulls Scramble To Defend Support","Ethereum Price Dumps To $2 , 700 , Bulls Scramble To Defend Support",https://www.newsbtc.com/analysis/eth/ethereum-price-dumps-to-2700/,newsbtc.com,67,13
2026-01-30,Maine Reaches Agreement to Recover Bitcoin Lost in Fraud,Maine Reaches Agreement to Recover Bitcoin Lost in Fraud,https://www.webpronews.com/maine-recover-bitcoin/,webpronews.com,56,9
2026-01-30,"Banks , Crypto Firms Back At The Table As CLARITY Talks Restart","Banks , Crypto Firms Back At The Table As CLARITY Talks Restart",https://www.newsbtc.com/altcoin/banks-and-crypto-firms-back-at-the-table-as-clarity-talks-restart/,newsbtc.com,63,12
2026-01-30,Is Kevin Warsh  Bitcoin friendly ? Trump rumored Fed chair pick comments on crypto resurface,Is Kevin Warsh  Bitcoin friendly ? Trump rumored Fed chair pick comments on crypto resurface,https://www.hindustantimes.com/world-news/us-news/is-kevin-warsh-bitcoin-friendly-trumps-rumored-fed-chair-picks-comments-on-crypto-resurface-101769737133553.html,hindustantimes.com,92,15
2026-01-30,Long - term bitcoin holders resume selling as price lags behind traditional markets,Long - term bitcoin holders resume selling as price lags behind traditional markets,https://finance.yahoo.com/news/long-term-bitcoin-holders-resume-131431129.html,finance.yahoo.com,83,13
2026-01-30,"Gold Price Rise Could Be Far From Over . Bitcoin , Meanwhile , Is Stumbling .","Gold Price Rise Could Be Far From Over . Bitcoin , Meanwhile , Is Stumbling .",https://www.investopedia.com/gold-prices-rise-could-be-far-from-over-bitcoin-meanwhile-is-stumbling-11895545,investopedia.com,77,16
2026-01-30,Bitcoin Fails to Rally Despite Dollar Weakness,Bitcoin Fails to Rally Despite Dollar Weakness,https://insidebitcoins.com/news/bitcoin-fails-to-rally-as-jpmorgan-says-short-term-sentiment-overrides-dollar-weakness,insidebitcoins.com,46,7
2026-01-30,Is Bitcoin digital gold ? It seems investors prefer the real thing,Is Bitcoin digital gold ? It seems investors prefer the real thing,https://www.fool.com.au/2026/01/30/is-bitcoin-digital-gold-it-seems-investors-prefer-the-real-thing/,fool.com.au,66,12
2026-01-30,El Salvador Doubles Down on Dips : $50M Gold Buy Boosts Reserves Alongside Bitcoin Stack,El Salvador Doubles Down on Dips : $50M Gold Buy Boosts Reserves Alongside Bitcoin Stack,http://www.econotimes.com/El-Salvador-Doubles-Down-on-Dips-50M-Gold-Buy-Boosts-Reserves-Alongside-Bitcoin-Stack-1732375,econotimes.com,88,15
2026-01-30,"Elon Musk Companies Treat Bitcoin Like Digital Gold , Even as It Bites into Profits","Elon Musk Companies Treat Bitcoin Like Digital Gold , Even as It Bites into Profits",https://finance.yahoo.com/news/elon-musk-companies-treat-bitcoin-084356599.html,finance.yahoo.com,83,15
2026-01-30,Will Bitcoin Price  Keep Bleeding ? Analyst Warns of Further Declines as Tom Lee Faces Backlash Over Missed Targets,Will Bitcoin Price  Keep Bleeding ? Analyst Warns of Further Declines as Tom Lee Faces Backlash Over Missed Targets,https://finance.yahoo.com/news/bitcoin-price-keep-bleeding-analyst-091020914.html,finance.yahoo.com,115,19
2026-01-30,"273 , 000 traders liquidated as Bitcoin crashes to $81K amid Iran tensions","273 , 000 traders liquidated as Bitcoin crashes to $81K amid Iran tensions",https://insurancenewsnet.com/oarticle/273000-traders-liquidated-as-bitcoin-crashes-to-81k-amid-iran-tensions,insurancenewsnet.com,74,13
2026-01-30,Why Is Bitcoin Down While Gold Rallies ? The Bitcoin Slump Explained,Why Is Bitcoin Down While Gold Rallies ? The Bitcoin Slump Explained,https://www.forbes.com/sites/davidbirnbaum/2026/01/30/why-is-bitcoin-down-while-gold-rallies-the-bitcoin-slump-explained/,forbes.com,68,12
2026-01-30,Why Is Bitcoin Crashing Today ? The BTC USD Experiment Is Over As It Crashes to $81K,Why Is Bitcoin Crashing Today ? The BTC USD Experiment Is Over As It Crashes to $81K,https://finance.yahoo.com/news/why-bitcoin-crashing-today-btc-110002615.html,finance.yahoo.com,84,17
2026-01-30,Bitcoin - Kurs & Digitalwährungen : Das ist der Stand am Nachmittag,Bitcoin - Kurs & Digitalwährungen : Das ist der Stand am Nachmittag,https://www.finanzen.net/nachricht/devisen/so-entwickeln-sich-bitcoin-ripple-co-am-freitagnachmittag-am-kryptomarkt-15450191,finanzen.net,67,12
2026-01-30,"Bitcoin Is Massively Undervalued , Hits  Fire Sale  Zone","Bitcoin Is Massively Undervalued , Hits  Fire Sale  Zone",https://bitcoinmagazine.com/markets/bitcoin-rainbow-chart-fire-sale,bitcoinmagazine.com,56,9
2026-01-30,Amboss Unveils RailsX : The First Lightning - Native DEX for P2P Bitcoin and Stablecoin Trading,Amboss Unveils RailsX : The First Lightning - Native DEX for P2P Bitcoin and Stablecoin Trading,https://www.financial-news.co.uk/amboss-unveils-railsx-the-first-lightning-native-dex-for-p2p-bitcoin-and-stablecoin-trading/,financial-news.co.uk,95,16
2026-01-30,"Bitcoin tanks further , falls to two - month low in Singapore , investor rush to Gold amid volatility","Bitcoin tanks further , falls to two - month low in Singapore , investor rush to Gold amid volatility",https://www.cnbctv18.com/market/cryptocurrency/bitcoin-tanks-further-falls-to-two-month-low-in-singapore-investor-rush-to-gold-amid-volatility-ws-l-19836990.htm,cnbctv18.com,101,19
2026-01-30,Tesla made no changes to bitcoin holdings in Q4 as it booked $239 million digital asset loss,Tesla made no changes to bitcoin holdings in Q4 as it booked $239 million digital asset loss,https://finance.yahoo.com/news/tesla-made-no-changes-bitcoin-211115919.html,finance.yahoo.com,92,17
2026-01-30,Bitcoin  Massive Rotation  Is On The Rocks : Benjamin Cowen,Bitcoin  Massive Rotation  Is On The Rocks : Benjamin Cowen,https://cointelegraph.com/news/bitcoin-rotation-gold-silver-btc-price-crypto-analyst,cointelegraph.com,59,10
2026-01-30,Is Bitcoin Still  Digital Gold ? | The Motley Fool,Is Bitcoin Still  Digital Gold ? | The Motley Fool,https://www.fool.com/investing/2026/01/30/is-bitcoin-still-digital-gold/?source=iedfolrf0000001,fool.com,50,10
2026-01-30,"The Bitcoin Sell - Off Is Getting Worse , but That Wont Stop Me From Buying Even More","The Bitcoin Sell - Off Is Getting Worse , but That Wont Stop Me From Buying Even More",https://www.fool.com/investing/2026/01/30/the-bitcoin-sell-off-is-getting-worse-but-it-wont/?source=iedfolrf0000001,fool.com,85,18
2026-01-30,Crypto Investors Are Wondering When Bitcoin Prices Will Fall Into the  Value Zone,Crypto Investors Are Wondering When Bitcoin Prices Will Fall Into the  Value Zone,https://www.investopedia.com/crypto-investors-are-wondering-when-bitcoin-prices-will-fall-into-the-value-zone-btc-11896119,investopedia.com,81,13
2026-01-30,Börse Express - Bitcoin : Fundamentale Faktoren im Blick,Börse Express - Bitcoin : Fundamentale Faktoren im Blick,https://www.boerse-express.com/news/articles/bitcoin-fundamentale-faktoren-im-blick-862527,boerse-express.com,56,9
2026-01-30,"If Bitcoin Crashes To $55 , 000 This Year , These Two Crypto Stocks May Get Hammered","If Bitcoin Crashes To $55 , 000 This Year , These Two Crypto Stocks May Get Hammered",https://www.benzinga.com/markets/prediction-markets/26/01/50278417/if-bitcoin-crashes-to-55000-this-year-these-two-crypto-stocks-may-get-hammered,benzinga.com,84,17
2026-01-30,"Bitcoin Could Find Next Bottom Near $50 , 000 Based On Gold Ratio , Expert Warns","Bitcoin Could Find Next Bottom Near $50 , 000 Based On Gold Ratio , Expert Warns",https://www.newsbtc.com/bitcoin-news/bitcoin-could-find-next-bottom-near-50000-based-on-gold-ratio-expert-warns/,newsbtc.com,80,16
2026-01-30,Bitcoin Miner Fees Remain Near Cycle Lows : What Does This Signal ?,Bitcoin Miner Fees Remain Near Cycle Lows : What Does This Signal ?,https://www.newsbtc.com/bitcoin-news/bitcoin-miner-fees-remain-near-cycle-lows-what-does-this-signal/,newsbtc.com,67,13
2026-01-30,Bitcoin Slide To $82K Sets Off A $1 . 7 Billion Chain Reaction,Bitcoin Slide To $82K Sets Off A $1 . 7 Billion Chain Reaction,https://www.newsbtc.com/news/bitcoin/bitcoins-slide-to-82k-sets-off-a-1-7-billion-chain-reaction/,newsbtc.com,62,13
2026-01-30,Bitcoin Mining Profits Hit 14 - Month Low After Winter Storm Rocks Miners : CryptoQuant,Bitcoin Mining Profits Hit 14 - Month Low After Winter Storm Rocks Miners : CryptoQuant,https://finance.yahoo.com/news/bitcoin-mining-profits-hit-14-220219506.html,finance.yahoo.com,87,15
2026-01-30,The crypto industry used to store Bitcoin in Swiss vaults . Now one firm is using vaults to hold gold instead,The crypto industry used to store Bitcoin in Swiss vaults . Now one firm is using vaults to hold gold instead,https://www.aol.com/finance/crypto-industry-used-store-bitcoin-175330055.html,aol.com,109,21
2026-01-30,Top Bitcoin Stocks To Follow Today – January 30th,Top Bitcoin Stocks To Follow Today – January 30th,https://www.dailypolitical.com/2026/01/30/top-bitcoin-stocks-to-follow-today-january-30th.html,dailypolitical.com,49,9
2026-01-30,Minadoras De Bitcoin Bitcoins Miner USB NerdMiner V2 ESP32 Hashrate 56K / S 2 . 8 7x Nerdminer 2 Usb Solo Bitcoin Miner Combo,Minadoras De Bitcoin Bitcoins Miner USB NerdMiner V2 ESP32 Hashrate 56K / S 2 . 8 7x Nerdminer 2 Usb Solo Bitcoin Miner Combo,https://roarmag.org/ESP32-Hashrate-56K-S-2-b-1325267,roarmag.org,125,24
2026-01-30,Bitcoin Retreats as Hawkish Fed and Outflows Pressure Market : Analyst,Bitcoin Retreats as Hawkish Fed and Outflows Pressure Market : Analyst,https://finance.yahoo.com/news/bitcoin-retreats-hawkish-fed-outflows-111111518.html,finance.yahoo.com,70,11
2026-01-30,Ex - directors of firm linked to Satoshi Nakamoto imposter sue over whistleblowing retaliation claims,Ex - directors of firm linked to Satoshi Nakamoto imposter sue over whistleblowing retaliation claims,https://www.computerweekly.com/news/366638009/Ex-directors-of-firm-linked-to-Satoshi-Nakamoto-imposter-sue-over-whistleblowing-retaliation-claims,computerweekly.com,101,15
2026-01-30,Athena Bitcoin to Attend Plan ₿ Forum El Salvador 2026 ; Country Manager ...,Athena Bitcoin to Attend Plan ₿ Forum El Salvador 2026 ; Country Manager ...,https://www.pr-inside.com/athena-bitcoin-to-attend-plan-forum-el-salvador-2026-country-manager-r5165834.htm,pr-inside.com,76,14
2026-01-30,Bitcoin On the Edge of Falling Out of the World Top 10 Assets,Bitcoin On the Edge of Falling Out of the World Top 10 Assets,https://bravenewcoin.com/insights/bitcoin-on-the-edge-of-falling-out-of-the-worlds-top-10-assets,bravenewcoin.com,61,13
2026-01-30,"Ethereum ( ETH ) Price Prediction : Ethereum Dip to $2 , 700 May Offer Strategic Entry for Long - Term Bulls","Ethereum ( ETH ) Price Prediction : Ethereum Dip to $2 , 700 May Offer Strategic Entry for Long - Term Bulls",https://bravenewcoin.com/insights/ethereum-eth-price-prediction-ethereum-dip-to-2700-may-offer-strategic-entry-for-long-term-bulls,bravenewcoin.com,108,22
2026-01-30,Binance Goes All - In : Exchange Swaps $1 Billion Safety Fund,Binance Goes All - In : Exchange Swaps $1 Billion Safety Fund,https://techstory.in/binance-goes-all-in-exchange-swaps-1-billion-safety-fund-from-stablecoins-to-bitcoin/,techstory.in,61,12
2026-01-30,Athena Bitcoin to Attend Plan Forum El Salvador 2026 ; Country Manager Fernando Cordova to Represent the Company in San Salvador,Athena Bitcoin to Attend Plan Forum El Salvador 2026 ; Country Manager Fernando Cordova to Represent the Company in San Salvador,http://www.californiatelegraph.com/news/278840368/athena-bitcoin-to-attend-plan-forum-el-salvador-2026-country-manager-fernando-cordova-to-represent-the-company-in-san-salvador,californiatelegraph.com,128,21
2026-01-30,Binance Shifts $1B SAFU Fund from Stablecoins into Bitcoin,Binance Shifts $1B SAFU Fund from Stablecoins into Bitcoin,https://cointelegraph.com/news/binance-to-convert-1-billion-safu-fund-btc,cointelegraph.com,58,9
2026-01-30,Ripple CEO Says Crypto Will Hit All - Time Highs in 2026 So Why Is XRP Still Down 50 %?,Ripple CEO Says Crypto Will Hit All - Time Highs in 2026 So Why Is XRP Still Down 50 %?,https://finance.yahoo.com/news/ripple-ceo-says-crypto-hit-155744636.html,finance.yahoo.com,87,20
2026-01-30,DOJ Finalizes $400M Helix Forfeiture in Early Bitcoin Darknet Case,DOJ Finalizes $400M Helix Forfeiture in Early Bitcoin Darknet Case,https://cointelegraph.com/news/doj-finalizes-helix-forfeiture-early-bitcoin-darknet-case,cointelegraph.com,66,10
2026-01-30,Binance Plans $1B SAFU Move to Bitcoin,Binance Plans $1B SAFU Move to Bitcoin,https://www.coinspeaker.com/binance-to-allocate-1b-safu-fund-into-bitcoin-amid-price-dips/,coinspeaker.com,38,7
2026-01-30,Investors Shift Attention Toward Early - Stage Bitcoin Infrastructure Projects Including Bitcoin Everlight,Investors Shift Attention Toward Early - Stage Bitcoin Infrastructure Projects Including Bitcoin Everlight,https://www.manilatimes.net/2026/01/30/tmt-newswire/globenewswire/investors-shift-attention-toward-early-stage-bitcoin-infrastructure-projects-including-bitcoin-everlight/2268535,manilatimes.net,106,13
2026-01-30,Gold Has Been Acting More Like Bitcoin Lately,Gold Has Been Acting More Like Bitcoin Lately,https://gizmodo.com/gold-has-been-acting-more-like-bitcoin-lately-2000715946,gizmodo.com,45,8
2026-01-30,Nayib Bukele Says  We Bought The Other Dip  As El Salvador Loads Up On Gold And Bitcoin,Nayib Bukele Says  We Bought The Other Dip  As El Salvador Loads Up On Gold And Bitcoin,https://www.benzinga.com/crypto/cryptocurrency/26/01/50257081/nayib-bukele-says-we-bought-the-other-dip-as-el-salvador-loads-up-on-gold-and-bitcoin,benzinga.com,87,17
2026-01-30,Bitget : Volatilitate și ajustări de preț . Ce urmează pentru Bitcoin ?,Bitget : Volatilitate și ajustări de preț . Ce urmează pentru Bitcoin ?,https://www.piatafinanciara.ro/bitget-volatilitate-si-ajustari-de-pret-ce-urmeaza-pentru-bitcoin/,piatafinanciara.ro,71,13
2026-01-30,London BTC moves into gold ventures as its hedging strategy get underway,London BTC moves into gold ventures as its hedging strategy get underway,https://www.proactiveinvestors.com/companies/news/1086555/london-btc-moves-into-gold-ventures-as-its-hedging-strategy-get-underway-1086555.html,proactiveinvestors.com,72,12
2026-01-30,HTX Hot Listings Weekly Recap ( Jan 19 - 25 ): RIVER Soars 393 % as Multi - Sector Momentum Rises with DeFi Surge and Memecoin Breakout,HTX Hot Listings Weekly Recap ( Jan 19 - 25 ): RIVER Soars 393 % as Multi - Sector Momentum Rises with DeFi Surge and Memecoin Breakout,https://www.manilatimes.net/2026/01/30/tmt-newswire/pr-newswire/htx-hot-listings-weekly-recap-jan-19-25-river-soars-393-as-multi-sector-momentum-rises-with-defi-surge-and-memecoin-breakout/2268498,manilatimes.net,135,27
2026-01-30,Polymarket Odds for Bitcoin Ally Kevin Warsh Jump to 94 %,Polymarket Odds for Bitcoin Ally Kevin Warsh Jump to 94 %,https://insidebitcoins.com/news/polymarket-odds-for-bitcoin-friendly-kevin-warsh-as-fed-chair-jump-to-94-ahead-of-trump-decision,insidebitcoins.com,57,11
2026-01-30,The Phnom Penh Post | ​Preparing Cambodia for the Rise of BTC and USDT Wallet - to - Wallet Scam Networks,The Phnom Penh Post | ​Preparing Cambodia for the Rise of BTC and USDT Wallet - to - Wallet Scam Networks,https://www.phnompenhpost.com/opinion/preparing-cambodia-for-the-rise-of-btc-and-usdt-wallet-to-wallet-scam-networks,phnompenhpost.com,105,21
2026-01-30,"Bitcoin hits 2 - month low , local experts say crypto boom looms","Bitcoin hits 2 - month low , local experts say crypto boom looms",https://www.investordaily.com.au/bitcoin-hits-2-month-low-local-experts-say-crypto-boom-looms/,investordaily.com.au,64,13
2026-01-30,How ethereum became the backbone of decentralized finance,How ethereum became the backbone of decentralized finance,https://news.az/news/how-ethereum-became-the-backbone-of-decentralized-finance,news.az,57,8
2026-01-30,MSTR Stock Hits 52 - Week Low as Bitcoin Slides Toward $80K,MSTR Stock Hits 52 - Week Low as Bitcoin Slides Toward $80K,https://www.coinspeaker.com/mstr-stock-hits-52-week-low-as-bitcoin-slides-toward-80k/,coinspeaker.com,59,12
2026-01-30,Bitcoin - Kurs aktuell : Bitcoin im Minus : Kursrückgang vor dem Wochenende – Was jetzt tun ? - 30 . 01 . 26,Bitcoin - Kurs aktuell : Bitcoin im Minus : Kursrückgang vor dem Wochenende – Was jetzt tun ? - 30 . 01 . 26,https://www.wallstreet-online.de/nachricht/20437091-bitcoin-kurs-aktuell-bitcoin-minus-kursrueckgang-wochenende-tun-30-01-26,wallstreet-online.de,108,24
2026-01-30,Bitcoin Breaks Key Support Level - ActionForex,Bitcoin Breaks Key Support Level - ActionForex,https://www.actionforex.com/contributors/technical-analysis/627663-bitcoin-breaks-key-support-level/,actionforex.com,46,7
2026-01-30,"Further to the notice dated 23 January regarding the 10 : 1 share split for the Virtune Bitcoin Prime ETP ( VIRBTCP ), there has been a Potential Adjustment Event .","Further to the notice dated 23 January regarding the 10 : 1 share split for the Virtune Bitcoin Prime ETP ( VIRBTCP ), there has been a Potential Adjustment Event .",https://www.manilatimes.net/2026/01/30/tmt-newswire/globenewswire/further-to-the-notice-dated-23-january-regarding-the-101-share-split-for-the-virtune-bitcoin-prime-etp-virbtcp-there-has-been-a-potential-adjustment-event/2268623,manilatimes.net,164,31
2026-01-30,Bitcoin Depot Inc . ( NASDAQ : BTMWW ) Sees Large Increase in Short Interest,Bitcoin Depot Inc . ( NASDAQ : BTMWW ) Sees Large Increase in Short Interest,https://www.themarketsdaily.com/2026/01/30/bitcoin-depot-inc-nasdaqbtmww-sees-large-increase-in-short-interest.html,themarketsdaily.com,76,15
2026-01-30,The Best Cryptocurrency to Buy With $500 Right Now,The Best Cryptocurrency to Buy With $500 Right Now,https://www.fool.com/investing/2026/01/30/the-best-cryptocurrency-to-buy-with-500-right-now/?source=iedfolrf0000001,fool.com,50,9
2026-01-30,Bitcoin Plunge Deep – Mass Crypto Exodus,Bitcoin Plunge Deep – Mass Crypto Exodus,https://athens-times.com/bitcoin-plunge-deep-mass-crypto-market-exodus/,athens-times.com,40,7
2026-01-30,Bitcoin Tests A Critical $80900 Floor As The Weekly Cloud Break,Bitcoin Tests A Critical $80900 Floor As The Weekly Cloud Break,https://www.riotimesonline.com/bitcoin-tests-a-critical-80900-floor-as-the-weekly-cloud-break-turns-the-tape-bearish/,riotimesonline.com,63,11
2026-01-30,Fintech Stock SoFi Technologies Just Proved That the Ultimate Cryptocurrency Has a Clear Use Case,Fintech Stock SoFi Technologies Just Proved That the Ultimate Cryptocurrency Has a Clear Use Case,https://www.fool.com/investing/2026/01/30/fintech-stock-sofi-technologies-ultimate-crypto/,fool.com,97,15
2026-01-30,Armstrong Wall Street War : Coinbase CEO Ignites Stablecoin Showdown,Armstrong Wall Street War : Coinbase CEO Ignites Stablecoin Showdown,https://www.webpronews.com/armstrongs-wall-street-war-coinbase-ceo-ignites-stablecoin-showdown/,webpronews.com,68,10
2026-01-31,Binance to shift $1 billion user protection fund into bitcoin amid market rout,Binance to shift $1 billion user protection fund into bitcoin amid market rout,https://finance.yahoo.com/news/binance-shift-1-billion-user-063021451.html,finance.yahoo.com,78,13
2026-01-31,So bewegen sich Bitcoin & Co . heute,So bewegen sich Bitcoin & Co . heute,https://www.finanzen.ch/nachrichten/devisen/so-bewegen-sich-bitcoin-&-co-heute-1035769124,finanzen.ch,36,8
2026-01-31,Silver 35 % plunge ends up beating bitcoin in a rare crypto liquidation shock,Silver 35 % plunge ends up beating bitcoin in a rare crypto liquidation shock,https://www.coindesk.com/markets/2026/01/31/silver-s-35-plunge-ends-up-beating-bitcoin-in-a-rare-crypto-liquidation-shock,coindesk.com,77,14
2026-01-31,Missed the Early Ethereum ICO ? The Gaming Era is Here and DOGEBALL,Missed the Early Ethereum ICO ? The Gaming Era is Here and DOGEBALL,https://www.openpr.com/news/4371904/missed-the-early-ethereum-ico-the-gaming-era-is-here-and-dogeball,openpr.com,67,13
2026-01-31,"Binance pins crypto worst - ever liquidation day on macro risks , not exchange failure","Binance pins crypto worst - ever liquidation day on macro risks , not exchange failure",https://www.coindesk.com/markets/2026/01/31/binance-pins-crypto-s-worst-ever-liquidation-day-on-macro-risks-not-exchange-failure,coindesk.com,86,15
2026-01-31,Bitcoin And Ether ETFs Post $1 . 82B Outflows Across Trading Week,Bitcoin And Ether ETFs Post $1 . 82B Outflows Across Trading Week,https://cointelegraph.com/news/crypto-etf-bitcoin-ether-outflows-metals-sentiment-down,cointelegraph.com,65,12
2026-01-31,"Coinbase Insider Trading Lawsuit Against Armstrong , Andreessen Move Forward","Coinbase Insider Trading Lawsuit Against Armstrong , Andreessen Move Forward",https://cointelegraph.com/news/coinbase-insider-trading-lawsuit-against-armstrong-directors-moves-forward,cointelegraph.com,76,10
2026-01-31,"A po e humb Bitcoin statusin e  arit digjital  – shitjet masive vazhdojnë , mbizotëron pesimizmi","A po e humb Bitcoin statusin e  arit digjital  – shitjet masive vazhdojnë , mbizotëron pesimizmi",https://gazetainfokus.com/a-po-e-humb-bitcoin-statusin-e-arit-digjital-shitjet-masive-vazhdojne-mbizoteron-pesimizmi/,gazetainfokus.com,96,16
2026-01-31,"Web3 games shuttered , Axie Infinity founder warns more will  die : Web3 Gamer","Web3 games shuttered , Axie Infinity founder warns more will  die : Web3 Gamer",https://cointelegraph.com/magazine/axie-infinity-games-scottie-pippen-ball-foundation-psa-skale-labs-web3-gamer/,cointelegraph.com,78,14
2026-01-31,Statistikat / A po e humb Bitcoin statusin e  arit digjital ? – Abc News,Statistikat / A po e humb Bitcoin statusin e  arit digjital ? – Abc News,https://abcnews.al/statistikat-a-po-e-humb-bitcoin-statusin-e-arit-digjital/,abcnews.al,72,15
2026-01-31,Crypto  digital gold  myth exposed as traders pivot to metals,Crypto  digital gold  myth exposed as traders pivot to metals,https://economictimes.indiatimes.com/markets/cryptocurrency/crypto-news/cryptos-digital-gold-myth-exposed-as-traders-pivot-to-metals/articleshow/127815706.cms,economictimes.indiatimes.com,61,10
2026-01-31,"Dogecoin , XRP and Cardano Hit Lowest Prices Since 2024 as Altcoins Fall Harder Than Bitcoin","Dogecoin , XRP and Cardano Hit Lowest Prices Since 2024 as Altcoins Fall Harder Than Bitcoin",https://finance.yahoo.com/news/dogecoin-xrp-cardano-hit-lowest-203252290.html,finance.yahoo.com,92,16
2026-01-31,Crypto scam warning : Queenslanders lose millions in weeks,Crypto scam warning : Queenslanders lose millions in weeks,https://www.cairnspost.com.au/news/queensland/queensland-police-warn-of-crypto-scam-surge-as-millions-lost-in-seconds/news-story/d6fc2dbd42c574b6a63b9df125b35a3c?nk=58c2f5d24a135a9bc191ab08594bb78f-1769849215,cairnspost.com.au,58,9
2026-01-31,BTC Price Prediction : What does Bitcoin Hold next ?,BTC Price Prediction : What does Bitcoin Hold next ?,https://www.openpr.com/news/4371901/btc-price-prediction-what-does-bitcoin-hold-next,openpr.com,52,10
2026-01-31,Bitcoin Everlight Introduces Transaction Infrastructure Model as Bitcoin Market Conditions Remain Volatile,Bitcoin Everlight Introduces Transaction Infrastructure Model as Bitcoin Market Conditions Remain Volatile,https://www.manilatimes.net/2026/01/31/tmt-newswire/globenewswire/bitcoin-everlight-introduces-transaction-infrastructure-model-as-bitcoin-market-conditions-remain-volatile/2269083,manilatimes.net,106,12
2026-01-31,Worst - Case Scenario  Bitcoin Price Crash Fears Suddenly Surge After Stark $1 Trillion Warning,Worst - Case Scenario  Bitcoin Price Crash Fears Suddenly Surge After Stark $1 Trillion Warning,https://www.forbes.com/sites/digital-assets/2026/01/31/worst-case-scenario-crypto-suddenly-braced-for-massive-1-trillion-bitcoin-price-crash/,forbes.com,95,15
2026-01-31,"AE Wealth Management LLC Acquires 53 , 490 Shares of iShares Bitcoin Trust ETF $IBIT","AE Wealth Management LLC Acquires 53 , 490 Shares of iShares Bitcoin Trust ETF $IBIT",https://www.dailypolitical.com/2026/01/31/ae-wealth-management-llc-acquires-53490-shares-of-ishares-bitcoin-trust-etf-ibit.html,dailypolitical.com,84,15
2026-01-31,Here Why Ethereum Price is Crashing Despite Soaring Network Metric,Here Why Ethereum Price is Crashing Despite Soaring Network Metric,https://www.banklesstimes.com/articles/2026/01/31/heres-why-ethereum-price-is-crashing-despite-soaring-network-metric/,banklesstimes.com,66,10
2026-01-31,Crypto Selloff Explained : Bitcoin vs . Gold and 275K Traders Affected,Crypto Selloff Explained : Bitcoin vs . Gold and 275K Traders Affected,https://finance.yahoo.com/news/crypto-selloff-explained-bitcoin-vs-095316670.html,finance.yahoo.com,70,12
2026-01-31,Crypto Billionaires Target California Wealth Tax With $40M Political Push,Crypto Billionaires Target California Wealth Tax With $40M Political Push,https://cointelegraph.com/news/crypto-larsen-draper-40m-california-politics-wealth-tax-unions,cointelegraph.com,73,10
2026-01-31,Where is the Bottom ? Why Buying Digitap ( $TAP ) Now is Like Buying XRP Near $0 . 10 Best Banking Altcoin to Buy This Year,Where is the Bottom ? Why Buying Digitap ( $TAP ) Now is Like Buying XRP Near $0 . 10 Best Banking Altcoin to Buy This Year,https://bravenewcoin.com/sponsored/article/where-is-the-bottom-why-buying-digitap-tap-now-is-like-buying-xrp-near-0-10-best-banking-altcoin-to-buy-this-year,bravenewcoin.com,123,27
2026-01-31,"U . S . government enters partial shutdown , here how it impacts bitcoin and ether","U . S . government enters partial shutdown , here how it impacts bitcoin and ether",https://www.coindesk.com/markets/2026/01/31/bitcoin-ether-fall-as-shutdown-clock-hits-and-markets-brace-for-a-messy-monday,coindesk.com,82,16
2026-01-31,October 10 Crypto Crash : Binance Releases Post - Mortem Findings,October 10 Crypto Crash : Binance Releases Post - Mortem Findings,https://www.banklesstimes.com/articles/2026/01/31/october-10-crypto-crash-binance-releases-post-mortem-findings/,banklesstimes.com,65,11
2026-01-31,Eric Trump Says American Bitcoin Is  Leading The Charge  In BTC Accumulation But Company Stock Has Cratered 75 % Since Debut,Eric Trump Says American Bitcoin Is  Leading The Charge  In BTC Accumulation But Company Stock Has Cratered 75 % Since Debut,https://finance.yahoo.com/news/eric-trump-says-american-bitcoin-230138094.html,finance.yahoo.com,124,21
2026-01-31,Gold and silver crash puts crypto back in focus,Gold and silver crash puts crypto back in focus,https://finance.yahoo.com/news/gold-silver-crash-puts-crypto-235010977.html,finance.yahoo.com,47,9
2026-01-31,Tennessee Lawmakers Weigh Strategic Bitcoin Reserve Bill,Tennessee Lawmakers Weigh Strategic Bitcoin Reserve Bill,https://bitcoinmagazine.com/news/tennessee-strategic-bitcoin-reserve,bitcoinmagazine.com,56,7
2026-01-31,"Trump newly nominated Fed Chair reportedly sees bitcoin as a strategic tool , not threat","Trump newly nominated Fed Chair reportedly sees bitcoin as a strategic tool , not threat",https://yellowhammernews.com/trumps-newly-nominated-fed-chair-reportedly-sees-bitcoin-as-a-strategic-tool-not-threat/,yellowhammernews.com,88,15
2026-01-31,"Strategy , BitMine Stock Prices Dive as Bitcoin and Ethereum Sink","Strategy , BitMine Stock Prices Dive as Bitcoin and Ethereum Sink",https://finance.yahoo.com/news/strategy-bitmine-stock-prices-dive-231919136.html,finance.yahoo.com,65,11
2026-01-31,"US - Iran Tension , Government Shutdown , Winter Crisis : Bitcoin Heading For a Bloodbath ?","US - Iran Tension , Government Shutdown , Winter Crisis : Bitcoin Heading For a Bloodbath ?",https://finance.yahoo.com/news/us-iran-tension-government-shutdown-211314166.html,finance.yahoo.com,91,17
2026-01-31,Bitcoin mining stock prices pummeled in broader market sell off,Bitcoin mining stock prices pummeled in broader market sell off,https://finance.yahoo.com/news/bitcoin-mining-stock-prices-pummeled-165907966.html,finance.yahoo.com,63,10
2026-01-31,Gold to a Million : Why the World Oldest Money Gets There Before Bitcoin Does,Gold to a Million : Why the World Oldest Money Gets There Before Bitcoin Does,https://www.wealthdaily.com/gold-to-a-million-why-the-worlds-oldest-money-gets-there-before-bitcoin-does/,wealthdaily.com,77,15
2026-01-31,Plan B Network Launches CypherTank Bitcoin Pitch Series,Plan B Network Launches CypherTank Bitcoin Pitch Series,https://bitcoinmagazine.com/news/plan-b-network-cyphertank-bitcoin,bitcoinmagazine.com,55,8
2026-01-31,"Here are key levels to watch as bitcoin plunges to $84 , 000","Here are key levels to watch as bitcoin plunges to $84 , 000",https://finance.yahoo.com/news/key-levels-watch-bitcoin-plunges-165615709.html,finance.yahoo.com,60,13
2026-01-31,Bitcoin price dips fast as crypto joins Big Tech in market dive,Bitcoin price dips fast as crypto joins Big Tech in market dive,https://finance.yahoo.com/news/bitcoin-price-dips-fast-crypto-184706268.html,finance.yahoo.com,63,12
2026-01-31,"Bit Digital spins out AI unit as banks shy away from crypto exposure , CEO says","Bit Digital spins out AI unit as banks shy away from crypto exposure , CEO says",https://finance.yahoo.com/news/bit-digital-spins-ai-unit-225801878.html,finance.yahoo.com,79,16
2026-01-31,"Gold und Silber fallen in sich zusammen , Bitcoin vergleichsweise stabil","Gold und Silber fallen in sich zusammen , Bitcoin vergleichsweise stabil",https://www.finanzen.net/nachricht/devisen/gold-und-silber-fallen-in-sich-zusammen-bitcoin-vergleichsweise-stabil-15451866,finanzen.net,72,11
2026-01-31,Better Crypto Buy : Bitcoin vs . Ethereum,Better Crypto Buy : Bitcoin vs . Ethereum,https://finance.yahoo.com/news/better-crypto-buy-bitcoin-vs-103500722.html,finance.yahoo.com,41,8
2026-01-31,Bitcoin Digital Gold Thesis Faces Reality As Gold Surges Ahead,Bitcoin Digital Gold Thesis Faces Reality As Gold Surges Ahead,https://www.newsbtc.com/bitcoin-news/bitcoins-digital-gold-thesis/,newsbtc.com,62,10
2026-01-31,Why Gold & Silver All - Time Highs Are Very Bullish For Bitcoin And Altcoins,Why Gold & Silver All - Time Highs Are Very Bullish For Bitcoin And Altcoins,https://www.newsbtc.com/altcoin/gold-silver-bitcoin-altcoins/,newsbtc.com,76,15
2026-01-31,"Ethereum Bulls Defend $2 , 600 While Bears Eye A Deeper Macro Flush","Ethereum Bulls Defend $2 , 600 While Bears Eye A Deeper Macro Flush",https://www.newsbtc.com/news/ethereum/ethereum-bulls-and-bears/,newsbtc.com,67,13
2026-01-31,Head - To - Head Survey : American Bitcoin ( NASDAQ : ABTC ) and Abrdn ( OTCMKTS : SLFPY ),Head - To - Head Survey : American Bitcoin ( NASDAQ : ABTC ) and Abrdn ( OTCMKTS : SLFPY ),https://www.themarketsdaily.com/2026/01/31/head-to-head-survey-american-bitcoin-nasdaqabtc-and-abrdn-otcmktsslfpy.html,themarketsdaily.com,90,21
2026-01-31,Bit Digital CEO discusses pivot to AI and Ethereum - ICYMI,Bit Digital CEO discusses pivot to AI and Ethereum - ICYMI,https://www.proactiveinvestors.com.au/companies/news/1086607/bit-digital-ceo-discusses-pivot-to-ai-and-ethereum-icymi-1086607.html,proactiveinvestors.com.au,58,11
2026-01-31,London BTC : A leader among small - cap crypto treasuries,London BTC : A leader among small - cap crypto treasuries,https://www.proactiveinvestors.com.au/companies/news/1074237/london-btc-a-leader-among-small-cap-crypto-treasuries-1074237.html,proactiveinvestors.com.au,57,11
2026-01-31,Bitcoin Deleveraging Finally Over ? What Derivatives Data Says,Bitcoin Deleveraging Finally Over ? What Derivatives Data Says,https://www.newsbtc.com/bitcoin-news/bitcoin-deleveraging-finally-over-derivatives-data/,newsbtc.com,62,9
2026-01-31,"Elon Musk SpaceX - Tesla Merger : Impact on 20 , 000 Bitcoin ( BTC )","Elon Musk SpaceX - Tesla Merger : Impact on 20 , 000 Bitcoin ( BTC )",https://www.el-balad.com/6838434,el-balad.com,68,16
2026-01-31,"The Great Digital Asset Unraveling : Inside Bitcoin $78 , 000 Collapse and What It Means for Institutional Investors","The Great Digital Asset Unraveling : Inside Bitcoin $78 , 000 Collapse and What It Means for Institutional Investors",https://www.webpronews.com/the-great-digital-asset-unraveling-inside-bitcoins-78000-collapse-and-what-it-means-for-institutional-investors/,webpronews.com,116,19
2026-01-31,Extreme Unterbezahlung : Bitcoin - Mining rutscht auf 14 - Monats - Tief,Extreme Unterbezahlung : Bitcoin - Mining rutscht auf 14 - Monats - Tief,https://www.boersennews.de/nachrichten/partner/cryptopr/extreme-unterbezahlung-bitcoin-mining-rutscht-auf-14-monats-tief/5026332/,boersennews.de,72,13
2026-01-31,Crypto CEO who has become the No 1 enemy of America biggest banks,Crypto CEO who has become the No 1 enemy of America biggest banks,https://timesofindia.indiatimes.com/technology/tech-news/crypto-ceo-who-has-become-the-no-1-enemy-of-americas-biggest-banks/articleshow/127812350.cms,timesofindia.indiatimes.com,65,13
2026-01-31,Strategy Inc . ( MSTR ) Bolsters Bitcoin Holdings after Shares Sale,Strategy Inc . ( MSTR ) Bolsters Bitcoin Holdings after Shares Sale,https://finance.yahoo.com/news/strategy-inc-mstr-bolsters-bitcoin-205113152.html,finance.yahoo.com,67,12
2026-01-31,Short Interest in Bitcoin Depot Inc . ( NASDAQ : BTM ) Drops By 33 . 0 %,Short Interest in Bitcoin Depot Inc . ( NASDAQ : BTM ) Drops By 33 . 0 %,https://www.themarketsdaily.com/2026/01/31/short-interest-in-bitcoin-depot-inc-nasdaqbtm-drops-by-33-0.html,themarketsdaily.com,72,18
2026-01-31,Nach Gold und Silber : Jetzt crasht Bitcoin ! Das steckt dahinter,Nach Gold und Silber : Jetzt crasht Bitcoin ! Das steckt dahinter,https://www.wallstreet-online.de/nachricht/20439956-gold-silber-crasht-bitcoin-steckt-dahinter,wallstreet-online.de,65,12
2026-01-31,Bitcoin Price Crashes as Risk - Off Trade Hits Crypto Markets,Bitcoin Price Crashes as Risk - Off Trade Hits Crypto Markets,https://www.banklesstimes.com/articles/2026/01/31/bitcoin-price-crashes-as-risk-off-trade-hits-crypto-markets/,banklesstimes.com,61,11
2026-01-31,Fixygen February forecast for cryptocurrency market,Fixygen February forecast for cryptocurrency market,https://www.fixygen.ua/news/20260131/fixygens-february-forecast-for-cryptocurrency-market.html,fixygen.ua,51,6
2026-01-31,Krpytowährungen : Bitcoin fällt unter 80 . 000 Dollar – auch Ether gibt nach,Krpytowährungen : Bitcoin fällt unter 80 . 000 Dollar – auch Ether gibt nach,https://www.handelsblatt.com/finanzen/maerkte/devisen-rohstoffe/krpytowaehrungen-bitcoin-faellt-unter-80.000-dollar-auch-ether-gibt-nach/100196430.html,handelsblatt.com,76,14
2026-01-31,XRP price news : Ripple - linked token falls 7 % as bitcoin tumbles,XRP price news : Ripple - linked token falls 7 % as bitcoin tumbles,https://www.coindesk.com/markets/2026/01/31/xrp-slides-7-as-liquidation-cascade-breaks-major-usd1-79-support,coindesk.com,67,14
2026-01-31,BitMine Faces $6B Unrealized Ether Loss as Crypto Sell - Off Deepens,BitMine Faces $6B Unrealized Ether Loss as Crypto Sell - Off Deepens,https://cointelegraph.com/news/bitmine-immersion-technologies-ether-losses-crypto-liquidation,cointelegraph.com,68,12
2026-01-31,Bitcoin breaks key support level as Glassnode warns of further price breakdown,Bitcoin breaks key support level as Glassnode warns of further price breakdown,https://www.coindesk.com/markets/2026/01/31/bitcoin-breakdown-opens-path-to-usd80-000-true-market-mean-glassnode-says,coindesk.com,78,12
2026-01-31,The crypto CEO who become enemy no . 1 on Wall Street,The crypto CEO who become enemy no . 1 on Wall Street,https://www.livemint.com/global/the-crypto-ceo-who-s-become-enemy-no-1-on-wall-street-11769770521852.html,livemint.com,53,12
2026-01-31,"Binance CZ : Metals Drop Proves Any Asset Vulnerable To Swings , Bitcoin Is  Still Early  - Gold . com ( NYSE : GOLD )","Binance CZ : Metals Drop Proves Any Asset Vulnerable To Swings , Bitcoin Is  Still Early  - Gold . com ( NYSE : GOLD )",https://www.benzinga.com/crypto/cryptocurrency/26/01/50286810/binances-cz-metals-drop-proves-any-asset-vulnerable-to-swings-bitcoin-is-still-early,benzinga.com,118,25
2026-01-31,"Bitcoin Falls Below $80 , 000 , Down 5 % Over Past 24 Hours","Bitcoin Falls Below $80 , 000 , Down 5 % Over Past 24 Hours",https://www.benzinga.com/crypto/cryptocurrency/26/01/50286880/bitcoin-falls-below-80000-down-5-over-past-24-hours,benzinga.com,59,14
2026-01-31,"Bitcoin , ether fall as shutdown clock hits and markets brace for a messy Monday","Bitcoin , ether fall as shutdown clock hits and markets brace for a messy Monday",https://finance.yahoo.com/news/bitcoin-ether-fall-shutdown-clock-072947310.html,finance.yahoo.com,80,15
2026-01-31,"Bitcoin ( BTC ) price : Fear hits a 2026 high as traders panic at $81 , 000 level","Bitcoin ( BTC ) price : Fear hits a 2026 high as traders panic at $81 , 000 level",https://www.coindesk.com/markets/2026/01/31/bitcoin-fear-sentiment-hits-a-2026-high-as-price-lingers-under-usd83-000,coindesk.com,81,19
2026-01-31,Bitcoin rutscht unter 80  000 Dollar : Schwäche am Kryptomarkt hält an,Bitcoin rutscht unter 80  000 Dollar : Schwäche am Kryptomarkt hält an,https://www.finanzen.ch/nachrichten/devisen/bitcoin-rutscht-unter-80000-dollar-schwache-am-kryptomarkt-halt-an-1035769234,finanzen.ch,70,12
2026-01-31,Bitcoin ( BTC ) Price Prediction : Can BTC Hold Above $84K and Target $94K on Improving Technicals ?,Bitcoin ( BTC ) Price Prediction : Can BTC Hold Above $84K and Target $94K on Improving Technicals ?,https://bravenewcoin.com/insights/bitcoin-btc-price-prediction-can-btc-hold-above-84k-and-target-94k-on-improving-technicals,bravenewcoin.com,100,19
2026-01-31,"Bitcoin Drops Below $78 , 000 After Trump Taps Kevin Warsh To Lead Federal Reserve","Bitcoin Drops Below $78 , 000 After Trump Taps Kevin Warsh To Lead Federal Reserve",https://www.forbes.com/sites/mikestunson/2026/01/31/bitcoin-is-dropping-fast-heres-why-it-dropped-below-78000/,forbes.com,82,15
2026-01-31,Cathie Wood sends blunt message after Bitcoin crashes,Cathie Wood sends blunt message after Bitcoin crashes,https://finance.yahoo.com/news/cathie-wood-sends-blunt-message-231032593.html,finance.yahoo.com,53,8
2026-01-31,Prediction : This Ultimate Cryptocurrency Price Will 10X in 10 Years if This Happens,Prediction : This Ultimate Cryptocurrency Price Will 10X in 10 Years if This Happens,https://www.fool.com/investing/2026/01/31/prediction-ultimate-crypto-price-10x-10-years/?source=iedfolrf0000001,fool.com,84,14
2026-01-31,Bitcoin Crashes To Nov 2024 Lows Amid $1 . 5 Billion In Levered Liquidations,Bitcoin Crashes To Nov 2024 Lows Amid $1 . 5 Billion In Levered Liquidations,https://www.zerohedge.com/markets/bitcoin-crashes-nov-2024-lows-amid-15-billion-levered-liquidations,zerohedge.com,76,14
2026-01-31,Visa Confirms Shift to Ethereum for Stablecoin Settlements,Visa Confirms Shift to Ethereum for Stablecoin Settlements,https://techstory.in/visa-confirms-shift-to-ethereum-for-stablecoin-settlements-in-major-blockchain-push/,techstory.in,58,8
2026-01-31,"Bitcoin plunges below $80 , 000 as the crypto slide deepens","Bitcoin plunges below $80 , 000 as the crypto slide deepens",https://www.seattletimes.com/business/bitcoin-plunges-below-80000-today-as-the-crypto-slide-deepens/,seattletimes.com,59,11
2026-01-31,"Bitcoin falls below $80 , 000 , continuing decline as liquidity worries mount","Bitcoin falls below $80 , 000 , continuing decline as liquidity worries mount",https://finance.yahoo.com/news/bitcoin-falls-below-80-000-180248860.html,finance.yahoo.com,77,13
2026-01-31,Another crypto platform gets hacked as market plunges,Another crypto platform gets hacked as market plunges,https://finance.yahoo.com/news/another-crypto-platform-gets-hacked-223431155.html,finance.yahoo.com,53,8
2026-01-31,Bitcoin z gwałtownym spadkiem . Pod koniec stycznia 2026 roku kryptowaluta straciła kilkanaście procent na wartości,Bitcoin z gwałtownym spadkiem . Pod koniec stycznia 2026 roku kryptowaluta straciła kilkanaście procent na wartości,https://www.purepc.pl/kryptowaluta-bitcoin-kurs-spadek-styczen-2026,purepc.pl,115,16
2026-01-31,"Strategy BTC Holdings Flip Red as Bitcoin Crashes to as Low as $75 , 500","Strategy BTC Holdings Flip Red as Bitcoin Crashes to as Low as $75 , 500",https://cointelegraph.com/news/bitcoin-crashes-76k-strategy-cost-basis-2b-liquidation,cointelegraph.com,72,15
2026-01-31,Digitalwährungen im Fokus : Bitcoin & Co . Kursbewegungen am Nachmittag,Digitalwährungen im Fokus : Bitcoin & Co . Kursbewegungen am Nachmittag,https://www.finanzen.net/nachricht/devisen/so-entwickeln-sich-bitcoin-ripple-co-am-nachmittag-am-kryptomarkt-15452016,finanzen.net,71,11
2026-01-31,"Down 28 %, Should You Buy the Dip on This Glorious Cryptocurrency That Up 23 , 000 % in 10 Years ?","Down 28 %, Should You Buy the Dip on This Glorious Cryptocurrency That Up 23 , 000 % in 10 Years ?",https://finance.yahoo.com/news/down-28-buy-dip-glorious-192000490.html,finance.yahoo.com,98,22
2026-01-31,"So entwickeln sich Bitcoin , Ripple & Co am Nachmittag am Kryptomarkt","So entwickeln sich Bitcoin , Ripple & Co am Nachmittag am Kryptomarkt",https://www.finanzen.ch/nachrichten/devisen/so-entwickeln-sich-bitcoin-ripple-&-co-am-nachmittag-am-kryptomarkt-1035769234,finanzen.ch,69,12
2026-01-31,Kryptowährungen weiter im Sinkflug - Bitcoin fällt unter 80 . 000 Dollar,Kryptowährungen weiter im Sinkflug - Bitcoin fällt unter 80 . 000 Dollar,https://www.finanzen.net/nachricht/devisen/krypto-marktbericht-talfahrt-der-kryptowaehrungen-setzt-sich-fort-bitcoin-faellt-unter-80-000-dollar-15452016,finanzen.net,72,12
2026-01-31,"Bitcoin Kurs fällt stark , Anleger reagieren auf globale Unsicherheit","Bitcoin Kurs fällt stark , Anleger reagieren auf globale Unsicherheit",https://www.finanznachrichten.de/nachrichten-2026-01/67579672-bitcoin-kurs-faellt-stark-anleger-reagieren-auf-globale-unsicherheit-303.htm,finanznachrichten.de,69,10
2026-01-31,"Trump Announces Kevin Warsh As Fed Chair Nominee Why Did Bitcoin Dump To $83 , 000 ?","Trump Announces Kevin Warsh As Fed Chair Nominee Why Did Bitcoin Dump To $83 , 000 ?",https://finance.yahoo.com/news/trump-announces-kevin-warsh-fed-153214039.html,finance.yahoo.com,84,17
2026-01-31,"Our opinion : From bitcoin to jury duty and even romance , scams are everywhere","Our opinion : From bitcoin to jury duty and even romance , scams are everywhere",https://www.grandforksherald.com/opinion/editorials/our-opinion-from-bitcoin-to-jury-duty-and-even-romance-scams-are-everywhere,grandforksherald.com,79,15
2026-01-31,"Ethereum Price Prediction : Bearish Technicals Keep $ETH Under Pressure Near $2 , 700","Ethereum Price Prediction : Bearish Technicals Keep $ETH Under Pressure Near $2 , 700",https://insidebitcoins.com/news/ethereum-price-prediction-bearish-technicals-keep-eth-under-pressure-near-2700,insidebitcoins.com,85,14
2026-01-31,A po e humb Bitcoin statusin e  arit digjital ? – Portalb,A po e humb Bitcoin statusin e  arit digjital ? – Portalb,https://portalb.mk/a-po-e-humb-bitcoin-statusin-e-arit-digjital/,portalb.mk,57,12
2026-01-31,"Bitcoin scade sub 80 . 000 de dolari , continuând declinul","Bitcoin scade sub 80 . 000 de dolari , continuând declinul",https://www.mediafax.ro/economic/bitcoin-scade-sub-80-000-de-dolari-continuand-declinul-23679699,mediafax.ro,58,11
2026-01-31,Bitcoin long arc points to a radically higher price Arabian Post,Bitcoin long arc points to a radically higher price Arabian Post,https://thearabianpost.com/bitcoins-long-arc-points-to-a-radically-higher-price/,thearabianpost.com,64,11
2026-01-31,"ETH , SOL , DOGE price news : Tokens drop 6 % as weekend liquidations hit crypto majors","ETH , SOL , DOGE price news : Tokens drop 6 % as weekend liquidations hit crypto majors",https://www.coindesk.com/markets/2026/01/31/eth-sol-and-doge-slide-7-as-usd850-million-bullish-bets-end-up-liquidated,coindesk.com,87,18
2026-01-31,Tether $10 Billion Profit Reveals the Quiet Money Machine Behind Crypto Largest Stablecoin,Tether $10 Billion Profit Reveals the Quiet Money Machine Behind Crypto Largest Stablecoin,https://www.webpronews.com/tethers-10-billion-profit-reveals-the-quiet-money-machine-behind-cryptos-largest-stablecoin/,webpronews.com,90,13
2026-01-31,Binance attributes record crypto liquidations to global risk shock,Binance attributes record crypto liquidations to global risk shock,https://thearabianpost.com/binance-attributes-record-crypto-liquidations-to-global-risk-shock/,thearabianpost.com,66,9
2026-01-31,Better Investment to Make in 2026 and Beyond : Bitcoin vs . iShares Bitcoin Trust,Better Investment to Make in 2026 and Beyond : Bitcoin vs . iShares Bitcoin Trust,https://www.fool.com/investing/2026/01/31/better-investment-2026-beyond-bitcoin-ibit/?source=iedfolrf0000001,fool.com,81,15
2026-01-31,JPMorgan Just Called The Silver Price Top And Issued A Massive Gold And Bitcoin Prediction,JPMorgan Just Called The Silver Price Top And Issued A Massive Gold And Bitcoin Prediction,https://www.forbes.com/sites/digital-assets/2026/01/31/jpmorgan-just-called-the-silver-price-top-and-issued-a-massive-gold-and-bitcoin-prediction/,forbes.com,90,15
2026-01-31,Trump Pick for Fed Chair Points to Growing Bitcoin - Dollar Synthesis,Trump Pick for Fed Chair Points to Growing Bitcoin - Dollar Synthesis,https://gizmodo.com/trumps-pick-for-fed-chair-points-to-growing-bitcoin-dollar-synthesis-2000716347,gizmodo.com,69,12
2026-01-31,"Bitcoin plunges under $81 , 000 where is the world top crypto heading ?","Bitcoin plunges under $81 , 000 where is the world top crypto heading ?",https://economictimes.indiatimes.com/news/international/us/bitcoin-plunges-under-81000-where-is-the-worlds-top-crypto-heading/articleshow/127824852.cms,economictimes.indiatimes.com,71,14
2026-01-31,Bitcoin Adjusted SOPR Shows Market At Pivotal Junction What Next ?,Bitcoin Adjusted SOPR Shows Market At Pivotal Junction What Next ?,https://www.newsbtc.com/news/bitcoin/bitcoin-adjusted-sopr-shows-market-at-pivotal-junction-whats-next/,newsbtc.com,66,11
2026-01-31,Investors Pull Nearly $818 Million From Bitcoin ETFs as Cryptocurrency Tanks,Investors Pull Nearly $818 Million From Bitcoin ETFs as Cryptocurrency Tanks,https://finance.yahoo.com/news/investors-pull-nearly-818-million-174640067.html,finance.yahoo.com,76,11
2026-01-31,Here Are Bitcoin 5 Biggest Risks That Investors Cant Ignore,Here Are Bitcoin 5 Biggest Risks That Investors Cant Ignore,https://www.fool.com/investing/2026/01/31/bitcoin-5-biggest-risks-investors-cant-ignore/?source=iedfolrf0000001,fool.com,59,10
2026-01-31,Crypto Funds Bleed $1 . 80 Billion As Metals Rally Heats Up,Crypto Funds Bleed $1 . 80 Billion As Metals Rally Heats Up,https://www.newsbtc.com/news/bitcoin/crypto-funds-bleed-1-80-billion-as-metals-rally-heats-up/,newsbtc.com,59,12
2026-01-31,Solana Addresses Surge 115 %; 40 % of Merchants Embrace Bitcoin : Chart Highlights,Solana Addresses Surge 115 %; 40 % of Merchants Embrace Bitcoin : Chart Highlights,https://www.el-balad.com/6838981,el-balad.com,82,14
2026-01-31,"Binance CZ : Metals Drop Proves Any Asset Vulnerable To Swings , Bitcoin Is  Still Early","Binance CZ : Metals Drop Proves Any Asset Vulnerable To Swings , Bitcoin Is  Still Early",https://finance.yahoo.com/news/binances-cz-metals-drop-proves-183110086.html,finance.yahoo.com,88,16
2026-01-31,Bitcoin Historical Performance Shows How Low The Price Will Go Before A Bottom,Bitcoin Historical Performance Shows How Low The Price Will Go Before A Bottom,https://www.newsbtc.com/news/bitcoin/bitcoin-historical-performance/,newsbtc.com,78,13
2026-02-01,Bitcoin Latinum Price Tops $0 . 41 ( LTNM ),Bitcoin Latinum Price Tops $0 . 41 ( LTNM ),https://www.themarketsdaily.com/2026/02/01/bitcoin-latinum-price-tops-0-41-ltnm.html,themarketsdaily.com,43,10
2026-02-01,"What next as bitcoin drops to $78 , 000 and Saylor bet faces pressure","What next as bitcoin drops to $78 , 000 and Saylor bet faces pressure",https://www.coindesk.com/markets/2026/02/01/bitcoin-drops-to-usd78-000-as-microstrategy-fueled-rally-runs-out-of-buyers-traders-say,coindesk.com,69,14
2026-02-01,Krypto - Blutbad am Wochenende : Bitcoin fällt unter 80 . 000 Dollar,Krypto - Blutbad am Wochenende : Bitcoin fällt unter 80 . 000 Dollar,https://www.deraktionaer.de/artikel/krypto/krypto-blutbad-am-wochenende-bitcoin-faellt-unter-80000-dollar-20394620.html,deraktionaer.de,68,13
2026-02-01,Krypto - Blutbad am Wochenende : Bitcoin fällt unter 80 . 000 Dollar (),Krypto - Blutbad am Wochenende : Bitcoin fällt unter 80 . 000 Dollar (),https://www.aktiencheck.de/analysen/Artikel-Krypto_Blutbad_am_Wochenende_Bitcoin_faellt_unter_80_000_Dollar-19424353,aktiencheck.de,71,14
2026-02-01,"Gold , Silver , and Bitcoin : Metal Bubble Bursts Pave Way for Crypto King","Gold , Silver , and Bitcoin : Metal Bubble Bursts Pave Way for Crypto King",https://www.el-balad.com/6839848,el-balad.com,74,15
2026-02-01,APENFT Price Reaches $0 . 0000 on Major Exchanges ( NFT ),APENFT Price Reaches $0 . 0000 on Major Exchanges ( NFT ),https://www.themarketsdaily.com/2026/02/01/apenft-price-reaches-0-0000-on-major-exchanges-nft.html,themarketsdaily.com,57,12
2026-02-01,Bitcoin ETFs See $6 Billion Exit as Institutional Demand Cools,Bitcoin ETFs See $6 Billion Exit as Institutional Demand Cools,https://finance.yahoo.com/news/bitcoin-etfs-see-6-billion-144855237.html,finance.yahoo.com,62,10
2026-02-01,Ethereum Classic 1 - Day Trading Volume Hits $136 . 94 Million ( ETC ),Ethereum Classic 1 - Day Trading Volume Hits $136 . 94 Million ( ETC ),https://www.dailypolitical.com/2026/02/01/ethereum-classic-1-day-trading-volume-hits-136-94-million-etc.html,dailypolitical.com,70,15
2026-02-01,"AI , crypto and Trump super PAC emerge as big spenders ahead of 2026 US midterms","AI , crypto and Trump super PAC emerge as big spenders ahead of 2026 US midterms",https://indianexpress.com/article/world/the-richest-2026-players-ai-crypto-pro-israel-groups-and-trump-10507490/,indianexpress.com,80,16
2026-02-01,"Krypto - Marktbericht : Bitcoin , Ether und Ripple Kurse aktuell","Krypto - Marktbericht : Bitcoin , Ether und Ripple Kurse aktuell",https://www.finanzen.net/nachricht/devisen/bitcoin-dogecoin-ethereum-co-am-mittag-15452907,finanzen.net,64,11
2026-02-01,"Bitcoin cade sub 80 . 000 de dolari . Investitorii îşi pierd încrederea , iar revenirea ...","Bitcoin cade sub 80 . 000 de dolari . Investitorii îşi pierd încrederea , iar revenirea ...",https://www.zf.ro/business-international/bitcoin-cade-sub-80-000-de-dolari-investitorii-isi-pierd-increderea-23034134,zf.ro,91,17
2026-02-01,"Bitcoin coboară sub 80 . 000 de dolari , la minimul de după şocul tarifar din 2025 ....","Bitcoin coboară sub 80 . 000 de dolari , la minimul de după şocul tarifar din 2025 ....",https://www.zf.ro/business-international/bitcoin-coboara-sub-80-000-de-dolari-la-minimul-de-dupa-socul-23034136,zf.ro,87,18
2026-02-01,Trump  ın Fed tercihi kriptoyu karıştırdı : Bitcoin – dolar dengesi yeniden mi kuruluyor ?,Trump  ın Fed tercihi kriptoyu karıştırdı : Bitcoin – dolar dengesi yeniden mi kuruluyor ?,https://www.tgrthaber.com/ekonomi/trumpin-fed-tercihi-kriptoyu-karistirdi-bitcoindolar-dengesi-yeniden-mi-kuruluyor-3279658,tgrthaber.com,90,15
2026-02-01,Bitcoin falls to lowest level since April 2025 amid liquidity fears and geopolitical tensions,Bitcoin falls to lowest level since April 2025 amid liquidity fears and geopolitical tensions,https://www.thenationalnews.com/business/money/2026/02/01/bitcoin-prices-cryptocurrency/,thenationalnews.com,93,14
2026-02-01,Panik an den Märkten : Bitcoin stürzt massiv ab – Experte gibt düstere Prognose,Panik an den Märkten : Bitcoin stürzt massiv ab – Experte gibt düstere Prognose,http://www.hna.de/wirtschaft/bitcoin-faellt-auf-neues-tief-doch-kein-digitales-gold-94149155.html,hna.de,79,14
2026-02-01,"Bitcoin Below $80 , 000 9 - Month Low","Bitcoin Below $80 , 000 9 - Month Low",https://athens-times.com/bitcoin-drops-below-80000-lowest-in-9-months/,athens-times.com,37,9
2026-02-01,"Bitcoin , Ripple & Co .: Die Kursentwicklungen am Sonntagvormittag","Bitcoin , Ripple & Co .: Die Kursentwicklungen am Sonntagvormittag",https://www.finanzen.net/nachricht/devisen/bitcoin-ethereum-ripple-co-wie-sich-die-kryptokurse-am-vormittag-entwickeln-15452785,finanzen.net,66,10
2026-02-01,"If you bought just $1 of Bitcoin when it launched 17 years ago , how rich would you be today ? | Business","If you bought just $1 of Bitcoin when it launched 17 years ago , how rich would you be today ? | Business",https://timesofindia.indiatimes.com/business/if-you-bought-just-1-of-bitcoin-when-it-launched-17-years-ago-how-rich-would-you-be-today/articleshow/127841336.cms,timesofindia.indiatimes.com,105,23
2026-02-01,Bitcoin a scăzut sub 80 000 de dolari . Piața crypto s - a prăbușit,Bitcoin a scăzut sub 80 000 de dolari . Piața crypto s - a prăbușit,https://www.dcnews.ro/bitcoin-a-scazut-sub-80-000-de-dolari-piata-crypto-s-a-prabusit_1032366.html,dcnews.ro,67,15
2026-02-01,Kryptowährungen brechen ein : Bitcoin fällt unter 80 . 000 Dollar,Kryptowährungen brechen ein : Bitcoin fällt unter 80 . 000 Dollar,https://taz.de/Kryptowaehrungen-brechen-ein/!6150224/,taz.de,65,11
2026-02-01,"The richest 2026 players : AI , crypto , pro - Israel groups , and Trump","The richest 2026 players : AI , crypto , pro - Israel groups , and Trump",https://www.bostonglobe.com/2026/02/01/nation/richest-2026-players-ai-crypto-pro-israel-groups-trump/,bostonglobe.com,72,16
2026-02-01,"Here Why Bitcoin Fall Below $80 , 000 Could Be A Deep Pit","Here Why Bitcoin Fall Below $80 , 000 Could Be A Deep Pit",https://www.newsbtc.com/news/bitcoin/heres-why-bitcoin-fall-below-80000-could-be-a-deep-pit-analyst/,newsbtc.com,57,13
2026-02-01,How Japan Bond Crisis is Crashing Crypto,How Japan Bond Crisis is Crashing Crypto,https://techstory.in/the-end-of-cheap-yen-how-japans-bond-crisis-is-crashing-crypto/,techstory.in,40,7
2026-02-01,Bitcoin  hopium  for bulls is over and this weekend slide may be just the beginning,Bitcoin  hopium  for bulls is over and this weekend slide may be just the beginning,https://www.coindesk.com/markets/2026/02/01/bitcoin-s-hopium-for-bulls-may-be-over-and-this-weekend-s-slide-could-be-just-the-beginning,coindesk.com,83,15
2026-02-01,Is the YieldMax MSTR Option Income Strategy ETF an Underrated Crypto Play ?,Is the YieldMax MSTR Option Income Strategy ETF an Underrated Crypto Play ?,https://www.fool.com/investing/2026/02/01/is-the-yieldmax-mstr-option-income-strategy-etf-an/?source=iedfolrf0000001,fool.com,75,13
2026-02-01,Bitcoin rutscht unter 80 . 000 Dollar : Was hinter dem Krypto - Einbruch steckt,Bitcoin rutscht unter 80 . 000 Dollar : Was hinter dem Krypto - Einbruch steckt,https://t3n.de/news/bitcoin-krypto-einbruch-1727687/,t3n.de,79,15
2026-02-01,Huobi BTC Reaches 1 - Day Trading Volume of $35 . 42 Thousand ( HBTC ),Huobi BTC Reaches 1 - Day Trading Volume of $35 . 42 Thousand ( HBTC ),https://www.themarketsdaily.com/2026/02/01/huobi-btc-reaches-1-day-trading-volume-of-35-42-thousand-hbtc.html,themarketsdaily.com,70,16
2026-02-01,Bitcoin Bullish Hopes Fade as Weekend Decline Signals a Deeper Drop,Bitcoin Bullish Hopes Fade as Weekend Decline Signals a Deeper Drop,https://www.el-balad.com/6840175,el-balad.com,67,11
2026-02-01,"Bitcoin falls below US$80 , 000 , sparking new crisis of confidence","Bitcoin falls below US$80 , 000 , sparking new crisis of confidence",https://www.freemalaysiatoday.com/category/business/2026/02/02/bitcoin-falls-below-us80000-sparking-new-crisis-of-confidence,freemalaysiatoday.com,67,12
2026-02-01,Best AI Crypto in 2026 : Top Artificial Intelligence Cryptocurrencies,Best AI Crypto in 2026 : Top Artificial Intelligence Cryptocurrencies,https://www.coinspeaker.com/guides/best-ai-crypto/,coinspeaker.com,69,10
2026-02-01,Binance set to convert $1 billion stablecoin reserve to Bitcoin to support ecosystem growth,Binance set to convert $1 billion stablecoin reserve to Bitcoin to support ecosystem growth,https://www.fxstreet.com/cryptocurrencies/news/binance-set-to-convert-1-billion-stablecoin-reserve-to-bitcoin-to-support-ecosystem-growth-202601310651,fxstreet.com,91,14
2026-02-01,"Bitcoin se recupera de caída y vuelve a superar los US$ 78 , 500 | MUNDO","Bitcoin se recupera de caída y vuelve a superar los US$ 78 , 500 | MUNDO",https://gestion.pe/mundo/bitcoin-se-recupera-de-caida-y-vuelve-a-superar-los-us-78500-noticia/,gestion.pe,72,16
2026-02-01,Efecto Warsh sacude a bitcoin : qué significa en tu inversión,Efecto Warsh sacude a bitcoin : qué significa en tu inversión,https://laverdadnoticias.com/dinero-inteligente/cripto-y-web3/efecto-warsh-bitcoin,laverdadnoticias.com,61,11
2026-02-01,Bitcoin LTH Supply Rises Again Amid Bearish Market Dynamics,Bitcoin LTH Supply Rises Again Amid Bearish Market Dynamics,https://www.newsbtc.com/news/bitcoin/bitcoin-lth-supply-rises-again-amid-bearish-market-dynamics/,newsbtc.com,59,9
2026-02-01,Bitcoin Sell - Off Reveals Deep Market Divides : Opportunity or Structural Vulnerability ?,Bitcoin Sell - Off Reveals Deep Market Divides : Opportunity or Structural Vulnerability ?,https://finance.yahoo.com/news/bitcoin-sell-off-reveals-deep-203521133.html,finance.yahoo.com,90,14
2026-02-01,Coinbase Wrapped BTC ( CBBTC ) Hits 24 - Hour Trading Volume of $579 . 29 Million,Coinbase Wrapped BTC ( CBBTC ) Hits 24 - Hour Trading Volume of $579 . 29 Million,https://www.themarketsdaily.com/2026/02/01/coinbase-wrapped-btc-cbbtc-hits-24-hour-trading-volume-of-579-29-million.html,themarketsdaily.com,81,17
2026-02-01,Promising Blockchain Stocks To Watch Now – February 1st,Promising Blockchain Stocks To Watch Now – February 1st,https://www.themarketsdaily.com/2026/02/01/promising-blockchain-stocks-to-watch-now-february-1st.html,themarketsdaily.com,55,9
2026-02-01,Crypto Snack Trading Down 12 . 6 % Over Last 7 Days ( SNACK ),Crypto Snack Trading Down 12 . 6 % Over Last 7 Days ( SNACK ),https://www.dailypolitical.com/2026/02/01/crypto-snack-trading-down-12-6-over-last-7-days-snack.html,dailypolitical.com,61,15
2026-02-01,Bitcoin ( BTC ) Price Prediction : Bitcoin Defends $76K Support as Analysts Weigh $79 . 6K Rebound or $67K Correction,Bitcoin ( BTC ) Price Prediction : Bitcoin Defends $76K Support as Analysts Weigh $79 . 6K Rebound or $67K Correction,https://bravenewcoin.com/insights/bitcoin-btc-price-prediction-bitcoin-defends-76k-support-as-analysts-weigh-79-6k-rebound-or-67k-correction,bravenewcoin.com,117,21
2026-02-02,Crypto Crash Today : Is it Safe to Buy the Dip as Fear and Greed Index Slips ?,Crypto Crash Today : Is it Safe to Buy the Dip as Fear and Greed Index Slips ?,https://www.banklesstimes.com/articles/2026/02/02/crypto-crash-today-is-it-safe-to-buy-the-dip-as-fear-and-greed-index-slips/,banklesstimes.com,78,18
2026-02-02,Huge Shock as UAE Firm Buys Secret $500M Stake in Trump Crypto Firm,Huge Shock as UAE Firm Buys Secret $500M Stake in Trump Crypto Firm,https://finance.yahoo.com/news/huge-shock-uae-firm-buys-133514981.html,finance.yahoo.com,67,13
2026-02-02,American Bitcoin ( NASDAQ : ABTC ) Coverage Initiated by Analysts at HC Wainwright,American Bitcoin ( NASDAQ : ABTC ) Coverage Initiated by Analysts at HC Wainwright,https://www.tickerreport.com/banking-finance/13333553/american-bitcoin-nasdaqabtc-coverage-initiated-by-analysts-at-hc-wainwright.html,tickerreport.com,82,14
2026-02-02,"Bitcoin rapidně padá . Ale i ropa , zlato a stříbro . Trhy jsou nepokojné","Bitcoin rapidně padá . Ale i ropa , zlato a stříbro . Trhy jsou nepokojné",https://www.tyden.cz/bitcoin-rapidne-pada-ale-i-ropa-zlato-a-stribro-trhy-jsou-nepokojne,tyden.cz,73,15
2026-02-02,Bitcoin suffers from panic speculative liquidity while whales accumulate - London Business News,Bitcoin suffers from panic speculative liquidity while whales accumulate - London Business News,https://londonlovesbusiness.com/bitcoin-suffers-from-panic-speculative-liquidity-while-whales-accumulate/,londonlovesbusiness.com,95,13
2026-02-02,"Bitcoin Plunges Below $78 , 000 As Ethereum , XRP , Dogecoin See Weekend Fire Sale","Bitcoin Plunges Below $78 , 000 As Ethereum , XRP , Dogecoin See Weekend Fire Sale",https://www.benzinga.com/crypto/cryptocurrency/26/02/50293960/bitcoin-plunges-below-78000-as-ethereum-xrp-dogecoin-see-weekend-fire-sale,benzinga.com,82,16
2026-02-02,"Fondatorul celei mai mari companii de minat bitcoin din Rusia a fost arestat , la Moscova . Cine e Igor Runets","Fondatorul celei mai mari companii de minat bitcoin din Rusia a fost arestat , la Moscova . Cine e Igor Runets",https://www.libertatea.ro/stiri/fondator-cea-mai-mare-companie-minat-bitcoin-rusia-igor-runets-arestat-5609424,libertatea.ro,110,21
2026-02-02,Bitcoin Contributor Adam Back Faces Backlash While Distancing from Jeffrey Epstein,Bitcoin Contributor Adam Back Faces Backlash While Distancing from Jeffrey Epstein,https://www.coinspeaker.com/bitcoin-contributor-adam-back-faces-backlash-while-distancing-from-jeffrey-epstein/,coinspeaker.com,82,11
2026-02-02,Bitcoin pao na 75 . 000 dolara prvi put nakon deset mjeseci - Kriptovalute @ Bug . hr,Bitcoin pao na 75 . 000 dolara prvi put nakon deset mjeseci - Kriptovalute @ Bug . hr,https://www.bug.hr/kriptovalute/bitcoin-pao-na-75000-dolara-prvi-put-nakon-deset-mjeseci-57208,bug.hr,85,18
2026-02-02,"Bitcoin , Ethereum ETF Investments Flip Negative for 2026 as Crypto Funds Shed $1 . 7B","Bitcoin , Ethereum ETF Investments Flip Negative for 2026 as Crypto Funds Shed $1 . 7B",https://finance.yahoo.com/news/bitcoin-ethereum-etf-investments-flip-170701711.html,finance.yahoo.com,86,16
2026-02-02,"Bitcoin Price to $65 , 000 ? Polymarket Odd Jumps to 72 %","Bitcoin Price to $65 , 000 ? Polymarket Odd Jumps to 72 %",https://www.coinspeaker.com/bitcoin-price-to-65000-polymarket-odd-jumps-to-72/,coinspeaker.com,57,13
2026-02-02,Crypto Products Recorded Net Outflow of $1 . 7B Last Week,Crypto Products Recorded Net Outflow of $1 . 7B Last Week,https://www.coinspeaker.com/crypto-products-recorded-net-outflow-of-1-7b-last-week/,coinspeaker.com,57,11
2026-02-02,"Barry Silbert Sees Latest Slump As  Gift From Crypto Gods , Drops His Top Bets Even As Bitcoin Sinks Under $75 , 000","Barry Silbert Sees Latest Slump As  Gift From Crypto Gods , Drops His Top Bets Even As Bitcoin Sinks Under $75 , 000",https://www.benzinga.com/crypto/cryptocurrency/26/02/50292186/barry-silbert-sees-latest-slump-as-gift-from-crypto-gods-drops-his-top-bets-even-as-bitcoin-sinks-under-75000,benzinga.com,116,23
2026-02-02,"Why Is Bitcoin Dropping : Slipping Below $80 , 000 Signals a Deep Crisis of Belief","Why Is Bitcoin Dropping : Slipping Below $80 , 000 Signals a Deep Crisis of Belief",https://www.ibtimes.co.uk/why-bitcoin-dropping-slipping-below-80000-signals-deep-crisis-belief-1775569,ibtimes.co.uk,82,16
2026-02-02,Bitcoin hafta sonu dibi gördü ! İşte kriptoda pazartesinin ilk rakamları,Bitcoin hafta sonu dibi gördü ! İşte kriptoda pazartesinin ilk rakamları,https://www.tgrthaber.com/ekonomi/bitcoin-hafta-sonu-dibi-gordu-iste-kriptoda-pazartesinin-ilk-rakamlari-3279799,tgrthaber.com,72,11
2026-02-02,"Stock Market Today : S & P 500 , Dow Futures Decline Amid Kevin Warsh Fed Chair Nomination Walt Disney , Strategy , GameStop In Focus - State Street SPDR S & P 500 ETF Trust ( ARCA : SPY )","Stock Market Today : S & P 500 , Dow Futures Decline Amid Kevin Warsh Fed Chair Nomination Walt Disney , Strategy , GameStop In Focus - State Street SPDR S & P 500 ETF Trust ( ARCA : SPY )",https://www.benzinga.com/markets/equities/26/02/50292206/stock-market-today-sp-500-dow-futures-decline-amid-kevin-warshs-fed-chair-nomination-walt-disney-strategy-gamestop-in-focus,benzinga.com,188,41
2026-02-02,Bitcoin Bets On Polymarket Signal Sharp 2026 Downside Risk,Bitcoin Bets On Polymarket Signal Sharp 2026 Downside Risk,https://cointelegraph.com/news/polymarket-odds-bitcoin-below-65k-72-percent,cointelegraph.com,58,9
2026-02-02,Epstein Files Renew Crypto Speculation as Ripple Schwartz Denies Links,Epstein Files Renew Crypto Speculation as Ripple Schwartz Denies Links,https://www.moroccoworldnews.com/2026/02/277224/epstein-files-renew-crypto-speculation-as-ripples-schwartz-denies-links/,moroccoworldnews.com,70,10
2026-02-02,Maine energy grid needs help . Crypto mining might offer it .,Maine energy grid needs help . Crypto mining might offer it .,https://www.pressherald.com/2026/02/02/maines-energy-grid-needs-help-crypto-mining-might-offer-it-opinion/,pressherald.com,61,12
2026-02-02,Crypto - Aktie BTCS S . A . setzt auf Megatrend - Europas Antwort auf Strategy ( MSTR ) und BitMine ( BMNR ) ( Aktiencheck EXKLUSIV ),Crypto - Aktie BTCS S . A . setzt auf Megatrend - Europas Antwort auf Strategy ( MSTR ) und BitMine ( BMNR ) ( Aktiencheck EXKLUSIV ),https://www.aktiencheck.de/exklusiv/Artikel-Crypto_Aktie_BTCS_S_A_setzt_auf_Megatrend_Europas_Antwort_auf_Strategy_MSTR_und_BitMine_BMNR-19425971,aktiencheck.de,133,28
2026-02-02,"Bitcoin dips nearly 5 %, breaking below key psychological threshold","Bitcoin dips nearly 5 %, breaking below key psychological threshold",https://www.azernews.az/business/253809.html,azernews.az,67,10
2026-02-02,Bitcoin Breaks Into The Mid - $70000s As Charts Flash Extreme,Bitcoin Breaks Into The Mid - $70000s As Charts Flash Extreme,https://www.riotimesonline.com/bitcoin-breaks-into-the-mid-70000s-as-charts-flash-extreme-oversold-stress/,riotimesonline.com,61,11
2026-02-02,The  Warsh Shock : How A Hawkish Fed Nominee Triggered A $1 . 6bn Weekend Liquidity Trap For Bitcoin,The  Warsh Shock : How A Hawkish Fed Nominee Triggered A $1 . 6bn Weekend Liquidity Trap For Bitcoin,https://www.ibtimes.co.uk/warsh-shock-how-hawkish-fed-nominee-triggered-16bn-weekend-liquidity-trap-bitcoin-1775533,ibtimes.co.uk,100,19
2026-02-02,Cardano looks set to hit two - year lows as crypto crash extends,Cardano looks set to hit two - year lows as crypto crash extends,https://www.fxstreet.com/cryptocurrencies/news/cardano-price-forecast-ada-dips-below-028-as-bears-eye-october-2023-lows-202602020734,fxstreet.com,64,13
2026-02-02,"Stablecoins , Regulation , and the Structural Debate Shaking Cryptocurrency","Stablecoins , Regulation , and the Structural Debate Shaking Cryptocurrency",https://www.hedgeco.net/news/02/2026/stablecoins-regulation-and-the-structural-debate-shaking-cryptocurrency.html,hedgeco.net,75,10
2026-02-02,Hyperscale Data Reaffirms Digital Asset Treasury Policy Amid Bitcoin Volatility ; Continues Weekly Dollar - Cost - Averaging Purchases,Hyperscale Data Reaffirms Digital Asset Treasury Policy Amid Bitcoin Volatility ; Continues Weekly Dollar - Cost - Averaging Purchases,https://www.prnewswire.com/news-releases/hyperscale-data-reaffirms-digital-asset-treasury-policy-amid-bitcoin-volatility-continues-weekly-dollar-cost-averaging-purchases-302675963.html,prnewswire.com,134,19
2026-02-02,6 Milliarden verloren : Krypto - Crash erschüttert BitMine und Strategy,6 Milliarden verloren : Krypto - Crash erschüttert BitMine und Strategy,https://www.finanznachrichten.de/nachrichten-2026-02/67586585-6-milliarden-verloren-krypto-crash-erschuettert-bitmine-und-strategy-049.htm,finanznachrichten.de,71,11
2026-02-02,"Biggest stock movers Monday : ORCL , crypto stocks , and more ( NYSE : ORCL )","Biggest stock movers Monday : ORCL , crypto stocks , and more ( NYSE : ORCL )",https://seekingalpha.com/news/4545227-biggest-stock-movers-monday-orcl-crypto-stocks-and-more,seekingalpha.com,77,17
2026-02-02,Unter Wasser : Bitcoin - Dip drückt Strategy ins Rote,Unter Wasser : Bitcoin - Dip drückt Strategy ins Rote,https://www.deraktionaer.de/artikel/aktien/unter-wasser-bitcoin-dip-drueckt-strategy-ins-rote-20394634.html,deraktionaer.de,53,10
2026-02-02,Nomura Q3 Profit Drop Prompts Crypto Exposure Reduction,Nomura Q3 Profit Drop Prompts Crypto Exposure Reduction,https://cointelegraph.com/news/nomura-temporarily-reducing-crypto-risk-exposure-after-q4-profit-drop,cointelegraph.com,55,8
2026-02-02,"Bitcoin Bear Control Solidifies : $84K Support Broken , Price Eyes $68K – $60K Zone","Bitcoin Bear Control Solidifies : $84K Support Broken , Price Eyes $68K – $60K Zone",https://bitcoinmagazine.com/markets/bitcoin-breaks-84k-support-drops-13-weekly-to-confirm-bear-market-below-100-week-sma,bitcoinmagazine.com,83,15
2026-02-02,"Bitcoin , Ethereum , Ripple : BTC , ETH , XRP Recover After Key Support Retest","Bitcoin , Ethereum , Ripple : BTC , ETH , XRP Recover After Key Support Retest",https://www.el-balad.com/6840699,el-balad.com,78,16
2026-02-02,Metals Meltdown Sends Bitcoin To A 10 - Month Low,Metals Meltdown Sends Bitcoin To A 10 - Month Low,https://www.finanznachrichten.de/nachrichten-2026-02/67593288-metals-meltdown-sends-bitcoin-to-a-10-month-low-what-s-next-385.htm,finanznachrichten.de,49,10
2026-02-02,Cryptocurrency ATM scams subject of AG warning,Cryptocurrency ATM scams subject of AG warning,https://ktar.com/arizona-news/cryptocurrency-atm-scams/5816164/,ktar.com,46,7
2026-02-02,Strategy Faces $900M Paper Loss as Bitcoin Slides Below Average Cost,Strategy Faces $900M Paper Loss as Bitcoin Slides Below Average Cost,https://www.banklesstimes.com/articles/2026/02/02/strategy-faces-900m-paper-loss-as-bitcoin-slides-below-average-cost/,banklesstimes.com,68,11
2026-02-02,Japan biggest wealth manager reduces crypto positions after Q3 losses,Japan biggest wealth manager reduces crypto positions after Q3 losses,https://finance.yahoo.com/news/japan-biggest-wealth-manager-reduces-130726640.html,finance.yahoo.com,69,10
2026-02-02,"If Ethereum Becomes A Treasury Asset , These Stocks Could Benefit - BitMine Immersion ( AMEX : BMNR ), CME Group ( NASDAQ : CME )","If Ethereum Becomes A Treasury Asset , These Stocks Could Benefit - BitMine Immersion ( AMEX : BMNR ), CME Group ( NASDAQ : CME )",https://www.benzinga.com/Opinion/26/02/50308746/if-ethereum-becomes-a-treasury-asset-these-stocks-could-benefit,benzinga.com,129,26
2026-02-02,"Wall Street rallies despite meltdown in gold , silver , bitcoin","Wall Street rallies despite meltdown in gold , silver , bitcoin",http://www.bignewsnetwork.com/news/278845303/wall-street-rallies-despite-meltdown-in-gold-silver-bitcoin,bignewsnetwork.com,63,11
2026-02-02,Bitcoin Diplerden Yükselirken Kripto Odaklı Hisseler Değer Kaybetti,Bitcoin Diplerden Yükselirken Kripto Odaklı Hisseler Değer Kaybetti,https://www.avrupabulteni.com/bitcoin-diplerden-yukselirken-kripto-odakli-hisseler-deger-kaybetti/,avrupabulteni.com,67,8
2026-02-02,"Bitcoin breaks $80 , 000 ! Altcoins suffer – BTC , ETH and SOL Outlook","Bitcoin breaks $80 , 000 ! Altcoins suffer – BTC , ETH and SOL Outlook",https://www.marketpulse.com/markets/bitcoin-breaks-80k-altcoins-suffer/,marketpulse.com,70,15
2026-02-02,Why Did Bitcoin Drop More Than 6 % This Weekend ?,Why Did Bitcoin Drop More Than 6 % This Weekend ?,https://www.fool.com/investing/2026/02/02/why-did-bitcoin-drop-more-than-6-this-weekend/?source=iedfolrf0000001,fool.com,49,11
2026-02-02,Why Bitcoin Miners Are Winning The AI Data Center Arms Race,Why Bitcoin Miners Are Winning The AI Data Center Arms Race,https://www.forbes.com/sites/greatspeculations/2026/02/02/why-bitcoin-miners-are-winning-the-ai-data-center-arms-race/,forbes.com,59,11
2026-02-02,Why Bitcoin Miners Are Winning the AI Data Center Arms Race,Why Bitcoin Miners Are Winning the AI Data Center Arms Race,https://www.investing.com/analysis/why-bitcoin-miners-are-winning-the-ai-data-center-arms-race-200674307,investing.com,59,11
2026-02-02,"BTC Surges to $79 , 000 ; HOOD , COIN , MSTR Still Lagging","BTC Surges to $79 , 000 ; HOOD , COIN , MSTR Still Lagging",https://www.el-balad.com/6841322,el-balad.com,58,14
2026-02-02,ProShares Bitcoin ETF ( NYSEARCA : BITO ) Shares Gap Down – What Next ?,ProShares Bitcoin ETF ( NYSEARCA : BITO ) Shares Gap Down – What Next ?,https://www.themarketsdaily.com/2026/02/02/proshares-bitcoin-etf-nysearcabito-shares-gap-down-whats-next.html,themarketsdaily.com,71,15
2026-02-02,Why Bitcoin Deserves a Careful Look Today - LEO Weekly | Louisville Eccentric Observer,Why Bitcoin Deserves a Careful Look Today - LEO Weekly | Louisville Eccentric Observer,https://www.leoweekly.com/news/why-bitcoin-deserves-a-careful-look-today/,leoweekly.com,86,14
2026-02-02,"Baystreet . ca - Bitcoin Falls To $74 , 000 As Investors Head For The Exits","Baystreet . ca - Bitcoin Falls To $74 , 000 As Investors Head For The Exits",http://baystreet.ca/cryptonews/1235/Bitcoin-Falls-To-74000-As-Investors-Head-For-The-Exits,baystreet.ca,75,16
2026-02-02,Michael Saylor and Strategy Go Under the Microscope as Bitcoin Price Drops,Michael Saylor and Strategy Go Under the Microscope as Bitcoin Price Drops,https://www.investopedia.com/michael-saylor-and-strategy-go-under-the-microscope-as-bitcoin-s-price-drops-btc-mstr-11897429,investopedia.com,74,12
2026-02-02,"Bitcoin Identity Crisis in 2026 : 4 Paths Forward and the Road to $150 , 000","Bitcoin Identity Crisis in 2026 : 4 Paths Forward and the Road to $150 , 000",https://www.investing.com/analysis/bitcoins-identity-crisis-in-2026-4-paths-forward-and-the-road-to-150000-200674299,investing.com,76,16
2026-02-02,"Bitcoin can still fall further . Historical data shows $60 , 000 will be the bottom","Bitcoin can still fall further . Historical data shows $60 , 000 will be the bottom",https://finance.yahoo.com/news/bitcoin-still-fall-further-historical-163816017.html,finance.yahoo.com,83,16
2026-02-02,Grayscale Bitcoin Trust ETF ( NYSEARCA : GBTC ) Shares Gap Down – Should You Sell ?,Grayscale Bitcoin Trust ETF ( NYSEARCA : GBTC ) Shares Gap Down – Should You Sell ?,https://www.tickerreport.com/banking-finance/13333870/grayscale-bitcoin-trust-etf-nysearcagbtc-shares-gap-down-should-you-sell.html,tickerreport.com,83,17
2026-02-02,"Bitcoin cade la minimele din aprilie anul trecut . Presiune puternică pe piața cripto , pe fondul ieșirilor masive din ETF - uri și al schimbărilor de la Fed","Bitcoin cade la minimele din aprilie anul trecut . Presiune puternică pe piața cripto , pe fondul ieșirilor masive din ETF - uri și al schimbărilor de la Fed",https://www.capital.ro/bitcoin-cade-la-minimele-din-aprilie-anul-trecut-presiune-puternica-pe-piata-cripto-pe-fondul-iesirilor-masive-din-etf-uri-si-al-schimbarilor-de-la-fed.html,capital.ro,157,29
2026-02-02,"Michael Saylor signals another bitcoin buy as BTC price slumps to $78 , 000","Michael Saylor signals another bitcoin buy as BTC price slumps to $78 , 000",https://finance.yahoo.com/news/michael-saylor-signals-another-bitcoin-150357394.html,finance.yahoo.com,75,14
2026-02-02,Top Blockchain Stocks To Research – February 2nd,Top Blockchain Stocks To Research – February 2nd,https://www.themarketsdaily.com/2026/02/02/top-blockchain-stocks-to-research-february-2nd.html,themarketsdaily.com,48,8
2026-02-02,Crypto Fugitive With $56M In Bitcoin Arrested In Venezuela,Crypto Fugitive With $56M In Bitcoin Arrested In Venezuela,https://bitcoinmagazine.com/news/crypto-fugitive-arrested-in-venezuela,bitcoinmagazine.com,58,9
2026-02-02,"The $80K Question : Bitcoin  What Am I , Really ? Identity Crisis Cost Investors 15 % in One Day","The $80K Question : Bitcoin  What Am I , Really ? Identity Crisis Cost Investors 15 % in One Day",https://www.benzinga.com/Opinion/26/02/50314167/80k-question-bitcoin-what-am-i-really-identity-crisis-cost-investors-15-percent-in-one-day,benzinga.com,96,20
2026-02-02,"FinancialContent - Bitcoin $97 , 000 Ceiling : The Intersection of Trade Wars and Fed Shifts","FinancialContent - Bitcoin $97 , 000 Ceiling : The Intersection of Trade Wars and Fed Shifts",https://markets.financialcontent.com/stocks/article/marketminute-2026-2-2-bitcoins-97000-ceiling-the-intersection-of-trade-wars-and-fed-shifts,markets.financialcontent.com,92,16
2026-02-02,"Stock market today : Dow , S & P 500 , Nasdaq jump to kick off February as gold , silver , bitcoin remain volatile","Stock market today : Dow , S & P 500 , Nasdaq jump to kick off February as gold , silver , bitcoin remain volatile",https://finance.yahoo.com/news/live/stock-market-today-dow-sp-500-nasdaq-jump-to-kick-off-february-as-gold-silver-bitcoin-remain-volatile-210457932.html,finance.yahoo.com,114,25
2026-02-02,Beyond Crypto : How Arkansas Businesses Are Using Blockchain Today,Beyond Crypto : How Arkansas Businesses Are Using Blockchain Today,https://www.arkansasbusiness.com/article/beyond-crypto-how-arkansas-businesses-are-using-blockchain-today/,arkansasbusiness.com,66,10
2026-02-02,MicroStrategy Adds More Bitcoin - Brave New Coin,MicroStrategy Adds More Bitcoin - Brave New Coin,https://bravenewcoin.com/insights/microstrategy-adds-more-bitcoin,bravenewcoin.com,48,8
2026-02-02,"Blockchain Adoption Statistics - Growth , Users , and Market Trends","Blockchain Adoption Statistics - Growth , Users , and Market Trends",https://www.sci-tech-today.com/stats/blockchain-adoption-statistics/,sci-tech-today.com,67,11
2026-02-02,Saylor  Strategy  Doubles Down On Bitcoin,Saylor  Strategy  Doubles Down On Bitcoin,https://techstory.in/saylors-strategy-doubles-down-on-bitcoin-855-btc-added-as-holdings-briefly-dip-underwater/,techstory.in,41,6
2026-02-02,"Jim Cramer issues blunt warning , predicts next Bitcoin bottom","Jim Cramer issues blunt warning , predicts next Bitcoin bottom",https://finance.yahoo.com/news/jim-cramer-issues-blunt-warning-193735655.html,finance.yahoo.com,62,10
2026-02-02,Was The Bitcoin Bottom $75K ?: Here 4 Supporting Data Points,Was The Bitcoin Bottom $75K ?: Here 4 Supporting Data Points,https://cointelegraph.com/news/4-reasons-why-75k-may-have-been-bitcoin-s-2026-price-bottom,cointelegraph.com,60,11
2026-02-02,"Ethereum Price Forecast : ETH bounces off $2 , 150 as Bitmine stretches holdings above 4 . 28 million ETH","Ethereum Price Forecast : ETH bounces off $2 , 150 as Bitmine stretches holdings above 4 . 28 million ETH",https://www.fxstreet.com/cryptocurrencies/news/ethereum-price-forecast-eth-bounces-off-2-150-as-bitmine-stretches-holdings-above-428-million-eth-202602021736,fxstreet.com,105,20
2026-02-02,Analyst warns Bitcoin could drop to $60K next,Analyst warns Bitcoin could drop to $60K next,https://finance.yahoo.com/news/analyst-warns-bitcoin-could-drop-192528247.html,finance.yahoo.com,45,8
2026-02-02,"Relief Rally Leads To Green Bitcoin , Altcoin Charts , But Will It Last ?","Relief Rally Leads To Green Bitcoin , Altcoin Charts , But Will It Last ?",https://cointelegraph.com/news/price-predictions-2-2-spx-dxy-btc-eth-bnb-xrp-sol-doge-ada-bch,cointelegraph.com,73,15
2026-02-02,"Bitcoin slumps below $80K as rout deepens , investors flee","Bitcoin slumps below $80K as rout deepens , investors flee",https://www.dallasnews.com/business/2026/02/02/bitcoin-slumps-below-80k-as-rout-deepens-investors-flee/,dallasnews.com,58,10
2026-02-02,Bitcoin Rebounds After Dropping Below $75k,Bitcoin Rebounds After Dropping Below $75k,https://www.rttnews.com/3616240/bitcoin-rebounds-after-dropping-below-75k.aspx,rttnews.com,42,6
2026-02-03,Bitcoin ( BTC ) Price Prediction : Bitcoin Tests $74K Demand as $80K Resistance Caps Relief Rally Amid ETF Liquidity Reset,Bitcoin ( BTC ) Price Prediction : Bitcoin Tests $74K Demand as $80K Resistance Caps Relief Rally Amid ETF Liquidity Reset,https://bravenewcoin.com/insights/bitcoin-btc-price-prediction-bitcoin-tests-74k-demand-as-80k-resistance-caps-relief-rally-amid-etf-liquidity-reset,bravenewcoin.com,122,21
2026-02-03,Bitcoin Prognose : Deshalb bleibt der Kurs nicht lange unter 80 . 000 USD,Bitcoin Prognose : Deshalb bleibt der Kurs nicht lange unter 80 . 000 USD,https://www.finanzen.ch/nachrichten/devisen/bitcoin-prognose-deshalb-bleibt-der-kurs-nicht-lange-unter-80-000-usd-1035777702,finanzen.ch,73,14
2026-02-03,"Bitcoin price news : What next as BTC , ETH , SOL rally 8 % from weekly lows","Bitcoin price news : What next as BTC , ETH , SOL rally 8 % from weekly lows",https://www.coindesk.com/markets/2026/02/03/bitcoin-ether-and-major-tokens-stage-relief-rally-after-weekend-bloodbath,coindesk.com,76,18
2026-02-03,What happens to SpaceX $650 million bitcoin after mega deal with Elon Musk xAI,What happens to SpaceX $650 million bitcoin after mega deal with Elon Musk xAI,https://www.coindesk.com/markets/2026/02/03/musk-s-spacex-xai-mega-deal-sharpens-focus-on-bitcoin-accounting-ahead-of-ipo,coindesk.com,78,14
2026-02-03,ProShares Ultra Short Bitcoin ETF ( NYSEARCA : SBIT ) Sees Large Decline in Short Interest,ProShares Ultra Short Bitcoin ETF ( NYSEARCA : SBIT ) Sees Large Decline in Short Interest,https://www.tickerreport.com/banking-finance/13334167/proshares-ultra-short-bitcoin-etf-nysearcasbit-sees-large-decline-in-short-interest.html,tickerreport.com,90,16
2026-02-03,70 % Bitcoin Crash Incoming ? CryptoQuant CEO Says It Depends,70 % Bitcoin Crash Incoming ? CryptoQuant CEO Says It Depends,https://www.newsbtc.com/bitcoin-news/70-bitcoin-crash-incoming-cryptoquant-ceo/,newsbtc.com,61,11
2026-02-03,"Crypto bear market is nearing end , with $60K as key bitcoin ( BTC ) floor , Compass Point analysts say","Crypto bear market is nearing end , with $60K as key bitcoin ( BTC ) floor , Compass Point analysts say",https://www.coindesk.com/markets/2026/02/02/crypto-bear-market-is-nearing-end-with-usd60k-as-key-bitcoin-floor-compass-point-analysts-say,coindesk.com,103,21
2026-02-03,"Ethereum Price Struggles At Resistance , Opening Door To Renewed Losses","Ethereum Price Struggles At Resistance , Opening Door To Renewed Losses",https://www.newsbtc.com/analysis/eth/ethereum-price-struggles-at-2365/,newsbtc.com,71,11
2026-02-03,Elon Musk xAI Recruits Specialists to Train AI Models on Crypto,Elon Musk xAI Recruits Specialists to Train AI Models on Crypto,https://cointelegraph.com/news/xai-hiring-crypto-expert-train-ai-markets,cointelegraph.com,63,11
2026-02-03,"Bitcoin Price Attempts A Comeback , But Follow - Through Remains Thin","Bitcoin Price Attempts A Comeback , But Follow - Through Remains Thin",https://www.newsbtc.com/analysis/btc/bitcoin-price-attempts-comeback-80k/,newsbtc.com,69,12
2026-02-03,Bitcoin Falls to Pre - Trump Levels,Bitcoin Falls to Pre - Trump Levels,https://www.el-balad.com/6841715,el-balad.com,35,7
2026-02-03,Bitcoin Price Prediction : Plunge to $40k Could Happen in Next 6 Months,Bitcoin Price Prediction : Plunge to $40k Could Happen in Next 6 Months,https://www.businessinsider.com/bitcoin-price-prediction-btc-40k-bear-market-crypto-winter-mstr-2026-2,businessinsider.com,71,13
2026-02-03,Bitcoin : Große US - Bank erklärt jetzt das Worst - Case - Szenario,Bitcoin : Große US - Bank erklärt jetzt das Worst - Case - Szenario,https://www.boersennews.de/nachrichten/partner/clickout-media/bitcoin-grosse-us-bank-erklaert-jetzt-das-worst-case-szenario/5028934/,boersennews.de,67,14
2026-02-03,Bitcoin și - a pierdut toate câștigurile de după ce Donald Trump a redevenit președinte : „ Fiecare bulă are nevoie de un ac care să o spargă,Bitcoin și - a pierdut toate câștigurile de după ce Donald Trump a redevenit președinte : „ Fiecare bulă are nevoie de un ac care să o spargă,https://hotnews.ro/bitcoin-si-a-pierdut-toate-castigurile-de-cand-donald-trump-a-redevenit-presedinte-fiecare-bula-are-nevoie-de-un-ac-care-sa-o-sparga-2163708,hotnews.ro,141,28
2026-02-03,"Elon Musk xAI Is Hiring Crypto Experts , Here Why","Elon Musk xAI Is Hiring Crypto Experts , Here Why",https://www.coinspeaker.com/elon-musks-xai-is-hiring-crypto-experts-heres-why/,coinspeaker.com,49,10
2026-02-03,Indian crypto exchanges see 30 - 90 % surge in bargain hunting as geopolitical tensions drag Bitcoin lower,Indian crypto exchanges see 30 - 90 % surge in bargain hunting as geopolitical tensions drag Bitcoin lower,https://www.moneycontrol.com/news/business/startup/indian-crypto-exchanges-see-30-90-surge-in-bargain-hunting-as-geopolitical-tensions-drag-bitcoin-lower-13807935.html,moneycontrol.com,106,18
2026-02-03,"Ethereum Faces High - Stakes Moment at $2 , 200 as Whale Longs Clash With Bearish Flow Data","Ethereum Faces High - Stakes Moment at $2 , 200 as Whale Longs Clash With Bearish Flow Data",https://www.newsbtc.com/news/ethereum/ethereum-faces-high-stakes-moment-at-2200-as-whale-longs-clash-with-bearish-flow-data/,newsbtc.com,91,18
2026-02-03,"Bitcoin ETF Investors Pull $2 . 8B In 2 Weeks , Pushing Average Buy Below Water","Bitcoin ETF Investors Pull $2 . 8B In 2 Weeks , Pushing Average Buy Below Water",https://www.newsbtc.com/news/bitcoin/bitcoin-etf-investors-pull-2-8b-in-2-weeks-pushing-average-buy-below-water/,newsbtc.com,79,16
2026-02-03,Bitcoin slides back to pre - Trump levels,Bitcoin slides back to pre - Trump levels,https://www.freemalaysiatoday.com/category/business/2026/02/03/bitcoin-slides-back-to-pre-trump-levels,freemalaysiatoday.com,41,8
2026-02-03,Best Automated Cloud Mining 2026 : Bitcoin & Dogecoin ( Free Trial ),Best Automated Cloud Mining 2026 : Bitcoin & Dogecoin ( Free Trial ),https://ventureburn.com/safe-automated-cloud-mining-2026-bitcoin-dogecoin/,ventureburn.com,68,13
2026-02-03,Nomura to tighten risk controls at Laser Digital after crypto - related losses,Nomura to tighten risk controls at Laser Digital after crypto - related losses,https://finance.yahoo.com/news/nomura-tighten-risk-controls-laser-124221286.html,finance.yahoo.com,78,13
2026-02-03,Institutional Endowments and Large Funds Are Increasing Crypto & Alternative Holdings :,Institutional Endowments and Large Funds Are Increasing Crypto & Alternative Holdings :,https://www.hedgeco.net/news/02/2026/institutional-endowments-and-large-funds-are-increasing-crypto-alternative-holdings.html,hedgeco.net,87,12
2026-02-03,Will GameStop Dump Its Bitcoin ? CEO Says  Way More Compelling  Move Ahead,Will GameStop Dump Its Bitcoin ? CEO Says  Way More Compelling  Move Ahead,https://finance.yahoo.com/news/gamestop-dump-bitcoin-ceo-says-231004575.html,finance.yahoo.com,74,13
2026-02-03,Tether Releases Open - Source Mining Software to Broaden Bitcoin Access,Tether Releases Open - Source Mining Software to Broaden Bitcoin Access,https://www.banklesstimes.com/articles/2026/02/02/tether-releases-open-source-mining-software-to-broaden-bitcoin-access/,banklesstimes.com,71,11
2026-02-03,CME Gap Up Offers BTC Bulls Hope – CoinDesk,CME Gap Up Offers BTC Bulls Hope – CoinDesk,https://www.el-balad.com/6841483,el-balad.com,43,9
2026-02-03,How instant gratification is sucking the air out of the bitcoin market,How instant gratification is sucking the air out of the bitcoin market,https://finance.yahoo.com/news/instant-gratification-sucking-air-bitcoin-160000477.html,finance.yahoo.com,70,12
2026-02-03,Bitcoin trụ vững quanh mốc 78 . 000 USD / BTC,Bitcoin trụ vững quanh mốc 78 . 000 USD / BTC,https://baotintuc.vn/thi-truong-tien-te/bitcoin-tru-vung-quanh-moc-78000-usdbtc-20260203092138228.htm,baotintuc.vn,45,11
2026-02-03,From Fragmented Liquidity to Unified Execution : Why LiquidChain ( $LIQUID ) Is Being Compared to Early Ethereum,From Fragmented Liquidity to Unified Execution : Why LiquidChain ( $LIQUID ) Is Being Compared to Early Ethereum,https://insidebitcoins.com/press-releases/from-fragmented-liquidity-to-unified-execution-why-liquidchain-liquid-is-being-compared-to-early-ethereum,insidebitcoins.com,112,18
2026-02-03,Americas Cardroom Expands Cryptocurrency Network Integrations to Support Faster Poker Payment Settlement,Americas Cardroom Expands Cryptocurrency Network Integrations to Support Faster Poker Payment Settlement,https://www.webwire.com/ViewPressRel.asp?aId=350039,webwire.com,104,12
2026-02-03,Krypto News : Starker ISM - Index treibt Hoffnung auf Bitcoin - Rallye,Krypto News : Starker ISM - Index treibt Hoffnung auf Bitcoin - Rallye,https://www.wallstreet-online.de/nachricht/20446787-krypto-news-starker-ism-index-treibt-hoffnung-bitcoin-rallye,wallstreet-online.de,70,13
2026-02-03,"Why Bitcoin is in a bear market : Analyst points to 3 factors after currency swoons below $75 , 000","Why Bitcoin is in a bear market : Analyst points to 3 factors after currency swoons below $75 , 000",https://fortune.com/2026/02/02/why-bitcoin-is-in-a-bear-market/,fortune.com,99,20
2026-02-03,"US close : Dow turns in solid performance as markets look past crypto , metals rout","US close : Dow turns in solid performance as markets look past crypto , metals rout",https://www.sharecast.com/news/market-report-us-close/us-close-dow-turns-in-solid-performance-as-markets-look-past-crypto-metals-rout--21595660.html,sharecast.com,83,16
2026-02-03,"Gold , Silver Rebound ; Bitcoin , Ethereum , Dogecoin Also Trim Losses : Why This Analyst Sees 1 - 2 Years Of  Strong Bull Market  Ahead - Grayscale Bitcoin Mini Trust ( BTC ) ( ARCA : BTC )","Gold , Silver Rebound ; Bitcoin , Ethereum , Dogecoin Also Trim Losses : Why This Analyst Sees 1 - 2 Years Of  Strong Bull Market  Ahead - Grayscale Bitcoin Mini Trust ( BTC ) ( ARCA : BTC )",https://www.benzinga.com/crypto/cryptocurrency/26/02/50321213/gold-silver-rebound-bitcoin-ethereum-dogecoin-also-trim-losses-why-this-analyst-sees-1-2-ye,benzinga.com,190,40
2026-02-03,Arizona Introduces New Tool to Combat Crypto ATM Scams,Arizona Introduces New Tool to Combat Crypto ATM Scams,https://www.el-balad.com/6841713,el-balad.com,54,9
2026-02-03,"Cryptocurrencies price prediction : Cryptos , AI & Bitcoin – American Wrap 03 February","Cryptocurrencies price prediction : Cryptos , AI & Bitcoin – American Wrap 03 February",https://www.fxstreet.com/cryptocurrencies/news/cryptocurrencies-price-prediction-cryptos-ai-bitcoin-american-wrap-03-february-202602032205,fxstreet.com,86,14
2026-02-03,Here Why the Stock and Crypto Markets are Crashing Today ( Feb . 3 ),Here Why the Stock and Crypto Markets are Crashing Today ( Feb . 3 ),https://www.banklesstimes.com/articles/2026/02/03/heres-why-the-stock-and-crypto-markets-are-tanking-today-feb-3/,banklesstimes.com,68,15
2026-02-03,Short Interest in ProShares Bitcoin ETF ( NYSEARCA : BITO ) Drops By 25 . 1 %,Short Interest in ProShares Bitcoin ETF ( NYSEARCA : BITO ) Drops By 25 . 1 %,https://www.tickerreport.com/banking-finance/13334114/short-interest-in-proshares-bitcoin-etf-nysearcabito-drops-by-25-1.html,tickerreport.com,77,17
2026-02-03,A story of the unknown : Whatever happened to NFT art ?,A story of the unknown : Whatever happened to NFT art ?,https://www.dailysabah.com/arts/a-story-of-the-unknown-whatever-happened-to-nft-art/news,dailysabah.com,55,12
2026-02-03,Bitcoin izbrisao sve dobitke od Trumpove pobjede na izborima,Bitcoin izbrisao sve dobitke od Trumpove pobjede na izborima,https://www.index.hr/vijesti/clanak/cijena-bitcoina-pala-na-najnizu-razinu-u-vise-od-godinu-dana/2757158.aspx,index.hr,60,9
2026-02-03,"Trump :  Ich helfe Krypto mehr , als jeder andere , während Kapital in Bitcoin Layer - 2 fließt","Trump :  Ich helfe Krypto mehr , als jeder andere , während Kapital in Bitcoin Layer - 2 fließt",https://www.boersennews.de/nachrichten/partner/clickout-media/trump-ich-helfe-krypto-mehr-als-jeder-andere-waehrend-kapital-in-bitcoin-layer-2-fliesst/5029462/,boersennews.de,95,19
2026-02-03,"Moscow Exchange to add SOL , XRP , and TRX futures contracts to crypto derivatives lineup","Moscow Exchange to add SOL , XRP , and TRX futures contracts to crypto derivatives lineup",https://www.coindesk.com/markets/2026/02/03/moscow-exchange-to-add-sol-xrp-and-trx-futures-contracts-to-crypto-derivatives-lineup,coindesk.com,89,16
2026-02-03,Baystreet . ca - Cathie Wood Buys $72 Million Of Crypto Stocks As Prices Crash,Baystreet . ca - Cathie Wood Buys $72 Million Of Crypto Stocks As Prices Crash,http://baystreet.ca/cryptonews/1236/Cathie-Wood-Buys-72-Million-Of-Crypto-Stocks-As-Prices-Crash,baystreet.ca,78,15
2026-02-03,Bitcoin news : whale sells $9 billion over quantum concerns,Bitcoin news : whale sells $9 billion over quantum concerns,https://www.coindesk.com/markets/2026/02/03/why-a-usd9-billion-bitcoin-sale-by-single-galaxy-client-reignites-quantum-threat-debate,coindesk.com,59,10
2026-02-03,Bitwise Bitcoin ETF ( NYSEARCA : BITB ) Hits New 52 - Week Low – Time to Sell ?,Bitwise Bitcoin ETF ( NYSEARCA : BITB ) Hits New 52 - Week Low – Time to Sell ?,https://www.themarketsdaily.com/2026/02/03/bitwise-bitcoin-etf-nysearcabitb-hits-new-52-week-low-time-to-sell.html,themarketsdaily.com,79,19
2026-02-03,"MicroStrategy Is Trading Below NAV Again . Should You Buy MSTR Stock Here or Stay Far , Far Away ?","MicroStrategy Is Trading Below NAV Again . Should You Buy MSTR Stock Here or Stay Far , Far Away ?",https://finance.yahoo.com/news/microstrategy-trading-below-nav-again-153424981.html,finance.yahoo.com,98,20
2026-02-03,"Bitcoin price news : BTC falls back to $75 , 000 as Nasdaq sinks 2 %","Bitcoin price news : BTC falls back to $75 , 000 as Nasdaq sinks 2 %",https://www.coindesk.com/markets/2026/02/03/bitcoin-nears-weekend-low-of-usd74-600-as-stock-selloff-adds-to-crypto-s-woes,coindesk.com,68,16
2026-02-03,"Bitcoin Hits Year - To - Date Low Amid Heavy Outflows , Signs Of Spot Buying Emerge","Bitcoin Hits Year - To - Date Low Amid Heavy Outflows , Signs Of Spot Buying Emerge",https://www.newsbtc.com/news/bitcoin-hits-year-to-date-low-amid-heavy-outflows-signs-of-spot-buying-emerge/,newsbtc.com,83,17
2026-02-03,Strategy ( $MSTR ) Plummets 8 % As Bitcoin Hits One ‑ Year Lows,Strategy ( $MSTR ) Plummets 8 % As Bitcoin Hits One ‑ Year Lows,https://bitcoinmagazine.com/markets/strategy-stock-plummets-8-percent,bitcoinmagazine.com,63,14
2026-02-03,"Bitcoin Price Plunges To $74 , 000 And One Year Lows","Bitcoin Price Plunges To $74 , 000 And One Year Lows",https://bitcoinmagazine.com/markets/bitcoin-price-plunges-to-74000-range,bitcoinmagazine.com,52,11
2026-02-03,"Curaçao Chronicle | Crypto Market Correction Erased 11 , 849 Bitcoin Millionaires Within Weeks","Curaçao Chronicle | Crypto Market Correction Erased 11 , 849 Bitcoin Millionaires Within Weeks",https://www.curacaochronicle.com/post/local/crypto-market-correction-erased-11849-bitcoin-millionaires-within-weeks,curacaochronicle.com,94,14
2026-02-03,Michael Burry Sees  Sickening  Scenarios If Bitcoin Keeps Dropping,Michael Burry Sees  Sickening  Scenarios If Bitcoin Keeps Dropping,https://www.businessinsider.com/big-short-michael-burry-bitcoin-price-prediction-consequences-2026-2,businessinsider.com,66,9
2026-02-03,Strategy adds 855 BTC as portfolio briefly dips below cost basis,Strategy adds 855 BTC as portfolio briefly dips below cost basis,https://finance.yahoo.com/news/strategy-adds-855-btc-portfolio-141159923.html,finance.yahoo.com,64,11
2026-02-03,HNO International Advances Mid - Range Bitcoin Mining and Data Centers with Ultra - Low - Cost Power and Rapid Deployment,HNO International Advances Mid - Range Bitcoin Mining and Data Centers with Ultra - Low - Cost Power and Rapid Deployment,http://www.tennesseedaily.com/news/278846374/hno-international-advances-mid-range-bitcoin-mining-and-data-centers-with-ultra-low-cost-power-and-rapid-deployment,tennesseedaily.com,121,21
2026-02-03,"Vjedhje e energjisë në Butel , dëmi 260 mijë euro nga minimi i bitcoin","Vjedhje e energjisë në Butel , dëmi 260 mijë euro nga minimi i bitcoin",https://alsat.mk/vjedhje-e-energjise-ne-butel-demi-260-mije-euro-nga-minimi-i-bitcoin/,alsat.mk,70,14
2026-02-03,"Bitcoin Plummets to 15 - Month Low as Crypto , Stock Prices Tumble","Bitcoin Plummets to 15 - Month Low as Crypto , Stock Prices Tumble",https://finance.yahoo.com/news/bitcoin-plummets-15-month-low-193343176.html,finance.yahoo.com,66,13
2026-02-03,iShares Bitcoin Trust ETF ( NASDAQ : IBIT ) Sets New 1 - Year Low – Here What Happened,iShares Bitcoin Trust ETF ( NASDAQ : IBIT ) Sets New 1 - Year Low – Here What Happened,https://www.themarketsdaily.com/2026/02/03/ishares-bitcoin-trust-etf-nasdaqibit-sets-new-1-year-low-heres-what-happened.html,themarketsdaily.com,86,19
2026-02-03,"Gold Is Skyrocketing , While Bitcoin Is Down 33 %. Should Investors of the Leading Crypto Be Worried ?","Gold Is Skyrocketing , While Bitcoin Is Down 33 %. Should Investors of the Leading Crypto Be Worried ?",https://www.fool.com/investing/2026/02/03/gold-skyrocketing-bitcoin-down-investor-worry/?source=iedfolrf0000001,fool.com,102,19
2026-02-03,"Baystreet . ca - Watch Strategy , Disney , Robinhood , and More","Baystreet . ca - Watch Strategy , Disney , Robinhood , and More",http://baystreet.ca/stockstowatch/22614/Watch-Strategy-Disney-Robinhood-and-More,baystreet.ca,63,13
2026-02-03,"Oct . 10 Started The Bitcoin Bear Market , On - Chain Data Shows","Oct . 10 Started The Bitcoin Bear Market , On - Chain Data Shows",https://www.newsbtc.com/bitcoin-news/oct-10-started-bitcoin-bear-market-on-chain-data/,newsbtc.com,64,14
2026-02-03,More Corruption Allegations Levied at Trump Over Newly Revealed UAE Crypto Deal,More Corruption Allegations Levied at Trump Over Newly Revealed UAE Crypto Deal,https://gizmodo.com/more-corruption-allegations-levied-at-trump-over-newly-revealed-uae-crypto-deal-2000716952,gizmodo.com,79,12
2026-02-03,Big Short  investor Michael Burry details the  sickening scenario possible if bitcoin continues to fall,Big Short  investor Michael Burry details the  sickening scenario possible if bitcoin continues to fall,https://finance.yahoo.com/news/big-short-investor-michael-burry-144035586.html,finance.yahoo.com,103,15
2026-02-03,Crypto Currents : Markets face liquidity strain amid regulatory shifts,Crypto Currents : Markets face liquidity strain amid regulatory shifts,https://finance.yahoo.com/news/crypto-currents-markets-face-liquidity-161521325.html,finance.yahoo.com,70,10
2026-02-03,"Amazon layoff strategy 2026 explained : Amazon layoffs : 30 , 000 jobs cut in four months - here what employees were just told about future layoff strategy","Amazon layoff strategy 2026 explained : Amazon layoffs : 30 , 000 jobs cut in four months - here what employees were just told about future layoff strategy",https://economictimes.indiatimes.com/news/international/us/amazon-layoffs-30000-jobs-cut-in-four-months-heres-what-employees-were-just-told-about-future-layoff-strategy/articleshow/127889998.cms,economictimes.indiatimes.com,155,28
2026-02-03,Why crypto AI segment may never catch up to mainstream AI boom ?,Why crypto AI segment may never catch up to mainstream AI boom ?,https://www.fxstreet.com/cryptocurrencies/news/global-ai-market-could-soar-to-376-billion-in-2026-as-crypto-ai-falls-behind-202602031726,fxstreet.com,64,13
2026-02-03,"Bitcoin ETF holders , sitting on paper losses , may throw in the towel","Bitcoin ETF holders , sitting on paper losses , may throw in the towel",https://finance.yahoo.com/news/bitcoin-etf-holders-sitting-paper-085820036.html,finance.yahoo.com,70,14
2026-02-03,ProShares Ultra Bitcoin ETF ( NYSEARCA : BITU ) Sees Significant Increase in Short Interest,ProShares Ultra Bitcoin ETF ( NYSEARCA : BITU ) Sees Significant Increase in Short Interest,https://www.tickerreport.com/banking-finance/13334930/proshares-ultra-bitcoin-etf-nysearcabitu-sees-significant-increase-in-short-interest.html,tickerreport.com,91,15
2026-02-03,Why Strategy ( MicroStrategy ) stock is falling faster than Bitcoin .,Why Strategy ( MicroStrategy ) stock is falling faster than Bitcoin .,https://slate.com/technology/2026/02/bitcoin-crypto-treasury-wall-street-microstrategy.html,slate.com,69,12
2026-02-03,"Crypto winter began in January 2025 , but end is near : Bitwise","Crypto winter began in January 2025 , but end is near : Bitwise",https://www.fxstreet.com/cryptocurrencies/news/crypto-winter-began-in-january-2025-but-end-is-near-bitwise-202602031855,fxstreet.com,63,13
2026-02-03,How Banking - Grade Crypto Is Replacing Bitcoin Cowboy Finance,How Banking - Grade Crypto Is Replacing Bitcoin Cowboy Finance,https://www.pymnts.com/cryptocurrency/2026/how-banking-grade-crypto-is-replacing-bitcoins-cowboy-finance/,pymnts.com,62,10
2026-02-03,Elon Musk xAI Recruiting Crypto Specialists To Train Next - Generation AI Models,Elon Musk xAI Recruiting Crypto Specialists To Train Next - Generation AI Models,https://www.benzinga.com/crypto/cryptocurrency/26/02/50343223/elon-musks-xai-recruiting-crypto-specialists-to-train-next-generation-ai-models,benzinga.com,80,13
2026-02-03,Secret Emails Reveal Jeffrey Epstein Was Early Coinbase Investor,Secret Emails Reveal Jeffrey Epstein Was Early Coinbase Investor,https://techstory.in/secret-emails-reveal-jeffrey-epstein-was-early-coinbase-investor/,techstory.in,64,9
2026-02-03,Bitcoin - Treasury Smarter Web Company Debuts On LSE,Bitcoin - Treasury Smarter Web Company Debuts On LSE,https://bitcoinmagazine.com/news/smarter-web-company-listed-on-london,bitcoinmagazine.com,52,9
2026-02-03,Tether Launches Open - Source Bitcoin Mining Operating System,Tether Launches Open - Source Bitcoin Mining Operating System,https://bitcoinmagazine.com/news/tether-launches-open-bitcoin-mining-system,bitcoinmagazine.com,61,9
2026-02-03,ING Deutschland Opens Retail Access To Bitcoin ETPs,ING Deutschland Opens Retail Access To Bitcoin ETPs,https://bitcoinmagazine.com/news/ing-opens-retail-access-to-bitcoin-etps,bitcoinmagazine.com,51,8
2026-02-03,"These crypto - tied stocks are rallying YTD even as bitcoin , ether dive ( BTC - USD : Cryptocurrency )","These crypto - tied stocks are rallying YTD even as bitcoin , ether dive ( BTC - USD : Cryptocurrency )",https://seekingalpha.com/news/4545797-these-crypto-tied-stocks-are-rallying-ytd-even-as-bitcoin-ether-dive,seekingalpha.com,103,21
2026-02-03,Ripple CEO says crypto a great investment for the  next ten years,Ripple CEO says crypto a great investment for the  next ten years,https://www.cantechletter.com/2026/02/ripple-ceo-says-crypto-a-great-investment-for-the-next-ten-years/,cantechletter.com,65,12
2026-02-04,"BTC thinnest price zone between $70 , 000 and $80 , 000","BTC thinnest price zone between $70 , 000 and $80 , 000",https://www.coindesk.com/markets/2026/02/04/bitcoin-s-thinnest-price-zone-hints-at-extended-stay-between-usd70-000-and-usd80-000,coindesk.com,55,12
2026-02-04,Börse Express - Strategy Inc . Aktie : Unter massivem Druck,Börse Express - Strategy Inc . Aktie : Unter massivem Druck,https://www.boerse-express.com/news/articles/strategy-inc-aktie-unter-massivem-druck-864060,boerse-express.com,59,11
2026-02-04,"5 things to know for Feb . 4 : Shutdown ends , Assassination attempt , Jill Biden ex - husband , Nuclear talks , Bitcoin | National","5 things to know for Feb . 4 : Shutdown ends , Assassination attempt , Jill Biden ex - husband , Nuclear talks , Bitcoin | National",https://www.kten.com/news/national/5-things-to-know-for-feb-4-shutdown-ends-assassination-attempt-jill-biden-s-ex/article_2ab088b3-f0f9-5d61-b7bb-dac978506edd.html,kten.com,131,27
2026-02-04,Michael Burry Bitcoin Warning : Death Spiral Risk,Michael Burry Bitcoin Warning : Death Spiral Risk,https://athens-times.com/michael-burry-warns-bitcoin-faces-a-death-spiral/,athens-times.com,49,8
2026-02-04,Nancy Guthrie Abduction : Bitcoin Ransom Demanded,Nancy Guthrie Abduction : Bitcoin Ransom Demanded,https://athens-times.com/savannah-guthries-mother-nancy-guthrie-abducted-in-arizona-thriller/,athens-times.com,49,7
2026-02-04,Big Short  Michael Burry sends chilling warning after Bitcoin plunge,Big Short  Michael Burry sends chilling warning after Bitcoin plunge,https://finance.yahoo.com/news/big-short-michael-burry-sends-112532383.html,finance.yahoo.com,68,10
2026-02-04,"Bitcoin At $76 , 000 As Ethereum , XRP , Dogecoin Reel From  Extreme Fear  Sentiment","Bitcoin At $76 , 000 As Ethereum , XRP , Dogecoin Reel From  Extreme Fear  Sentiment",https://www.benzinga.com/crypto/cryptocurrency/26/02/50365288/bitcoin-at-76000-as-ethereum-xrp-dogecoin-reel-from-extreme-fear-sentiment,benzinga.com,84,16
2026-02-04,"5 things to know for Feb . 4 : Shutdown ends , Assassination attempt , Jill Biden ex - husband , Nuclear talks , Bitcoin","5 things to know for Feb . 4 : Shutdown ends , Assassination attempt , Jill Biden ex - husband , Nuclear talks , Bitcoin",https://krdo.com/news/2026/02/04/5-things-to-know-for-feb-4-shutdown-ends-assassination-attempt-jill-bidens-ex-husband-nuclear-talks-bitcoin/,krdo.com,120,25
2026-02-04,"Fold Holdings , Inc .: Fold Launches Unified App Experience to Bring Bitcoin Rewards and Everyday Spending Into One Financial Home","Fold Holdings , Inc .: Fold Launches Unified App Experience to Bring Bitcoin Rewards and Everyday Spending Into One Financial Home",https://www.finanznachrichten.de/nachrichten-2026-02/67612910-fold-holdings-inc-fold-launches-unified-app-experience-to-bring-bitcoin-rewards-and-everyday-spending-into-one-financial-home-399.htm,finanznachrichten.de,130,21
2026-02-04,Michael Burry Predicts Ripple Effects from Bitcoin ( BTC ) Crash,Michael Burry Predicts Ripple Effects from Bitcoin ( BTC ) Crash,https://www.el-balad.com/6842654,el-balad.com,64,11
2026-02-04,TRM Labs hits unicorn status in $70 million raise as crypto crime - fighting needs grow,TRM Labs hits unicorn status in $70 million raise as crypto crime - fighting needs grow,https://www.coindesk.com/business/2026/02/04/trm-labs-hits-unicorn-status-in-usd70-million-fund-raise-with-goldman-s-participation,coindesk.com,87,16
2026-02-04,"Bitcoin ( BTC ) price nears pre - election floor as ETF flows stall , Citi says","Bitcoin ( BTC ) price nears pre - election floor as ETF flows stall , Citi says",https://www.coindesk.com/markets/2026/02/04/bitcoin-nears-pre-election-floor-as-etf-flows-stall-citi-says,coindesk.com,79,17
2026-02-04,Bitcoin ( BTC ) mining stocks rallied in January despite softer BTC prices : JPMorgan,Bitcoin ( BTC ) mining stocks rallied in January despite softer BTC prices : JPMorgan,https://www.coindesk.com/markets/2026/02/04/january-rally-bolsters-near-term-outlook-for-bitcoin-mining-stocks-jpmorgan-says,coindesk.com,85,15
2026-02-04,Phishing News : Buy Bitcoin With PayPal Safely,Phishing News : Buy Bitcoin With PayPal Safely,https://www.webpronews.com/bitcoin-paypal/,webpronews.com,46,8
2026-02-04,Bitcoin - Led Crypto Crash Wipes Out Nearly $500 Billion in a Week,Bitcoin - Led Crypto Crash Wipes Out Nearly $500 Billion in a Week,https://www.el-balad.com/6842655,el-balad.com,66,13
2026-02-04,"Serious $50 , 000 Bitcoin Price Warning Ignites Crypto Crash Fears","Serious $50 , 000 Bitcoin Price Warning Ignites Crypto Crash Fears",https://www.forbes.com/sites/digital-assets/2026/02/04/binance-founder-suddenly-flips-as-bitcoin-price-plummet-sparks-crash-fears/,forbes.com,66,11
2026-02-04,ARK Invest goes on $19 million buying spree as crypto stocks nurse losses,ARK Invest goes on $19 million buying spree as crypto stocks nurse losses,https://www.coindesk.com/markets/2026/02/04/ark-invest-goes-on-usd19m-buying-spree-as-crypto-stocks-nurse-losses,coindesk.com,73,13
2026-02-04,"Has Bitcoin Entered Pro - Longed Bear Market ? Peter Schiff Slams BTC Price Decline As Gold Surges Back Above $5 , 000","Has Bitcoin Entered Pro - Longed Bear Market ? Peter Schiff Slams BTC Price Decline As Gold Surges Back Above $5 , 000",https://finance.yahoo.com/news/bitcoin-entered-pro-longed-bear-140227888.html,finance.yahoo.com,118,23
2026-02-04,Michael Burry Warns Bitcoin Selloff Risking a  Death Spiral,Michael Burry Warns Bitcoin Selloff Risking a  Death Spiral,https://www.el-balad.com/6842619,el-balad.com,59,9
2026-02-04,"Bitcoin falls below $73 , 000 , hitting its lowest level since November 2024","Bitcoin falls below $73 , 000 , hitting its lowest level since November 2024",https://www.marketscreener.com/news/bitcoin-falls-below-73-000-hitting-its-lowest-level-since-november-2024-ce7e5adad98ff523,marketscreener.com,76,14
2026-02-04,Bitcoin stürzt ab ? Cloud - Mining liefert eine alternative Antwort auf tägliche Erträge – am Beispiel von LoyalMiner,Bitcoin stürzt ab ? Cloud - Mining liefert eine alternative Antwort auf tägliche Erträge – am Beispiel von LoyalMiner,https://www.wallstreet-online.de/nachricht/20453474-bitcoin-stuerzt-ab-cloud-mining-liefert-alternative-antwort-taegliche-ertraege-beispiel-loyalminer,wallstreet-online.de,117,19
2026-02-04,"Bitcoin Dips Below $73K Amid 50 , 000 BTC Whale Sell - Off","Bitcoin Dips Below $73K Amid 50 , 000 BTC Whale Sell - Off",https://www.coinspeaker.com/bitcoin-dips-below-73k-amid-50000-btc-whale-sell-off-can-the-end-of-the-us-shutdown-boost-the-market/,coinspeaker.com,58,13
2026-02-04,LBank Launches 15th BoostHub Campaign Featuring Bitcoin with 1 BTC in Rewards,LBank Launches 15th BoostHub Campaign Featuring Bitcoin with 1 BTC in Rewards,https://www.benzinga.com/pressreleases/26/02/50364548/lbank-launches-15th-boosthub-campaign-featuring-bitcoin-with-1-btc-in-rewards,benzinga.com,77,12
2026-02-04,South Korea to Build Crypto Tracking System to Combat Dark Web Drug Trade,South Korea to Build Crypto Tracking System to Combat Dark Web Drug Trade,http://koreabizwire.com/south-korea-to-build-crypto-tracking-system-to-combat-dark-web-drug-trade/343614,koreabizwire.com,73,13
2026-02-04,Quantum Blockchain seen as  forerunner  in AI - driven Bitcoin mining technology,Quantum Blockchain seen as  forerunner  in AI - driven Bitcoin mining technology,https://www.proactiveinvestors.co.uk/companies/news/1086794/quantum-blockchain-seen-as-forerunner-in-ai-driven-bitcoin-mining-technology-1086794.html,proactiveinvestors.co.uk,80,12
2026-02-04,Bitcoin 14 ayın dibinde | NTV Haber,Bitcoin 14 ayın dibinde | NTV Haber,https://www.ntv.com.tr/ntvpara/bitcoin-14-ayin-dibinde-1710362,ntv.com.tr,35,7
2026-02-04,Zeta Network Group ( NASDAQ : ZNB ) Evaluates Real - World Asset Tokenisation for Institutional Treasury Strategy,Zeta Network Group ( NASDAQ : ZNB ) Evaluates Real - World Asset Tokenisation for Institutional Treasury Strategy,https://www.manilatimes.net/2026/02/04/tmt-newswire/globenewswire/zeta-network-group-nasdaq-znb-evaluates-real-world-asset-tokenisation-for-institutional-treasury-strategy/2271564,manilatimes.net,113,18
2026-02-04,Crypto market volatility triggers $2 . 5 billion in bitcoin liquidations,Crypto market volatility triggers $2 . 5 billion in bitcoin liquidations,https://finance.yahoo.com/news/crypto-market-volatility-triggers-2-202412904.html,finance.yahoo.com,72,11
2026-02-04,Bitcoin Traders Swing Bearish as BTC Price Languishes Below $80K,Bitcoin Traders Swing Bearish as BTC Price Languishes Below $80K,https://finance.yahoo.com/news/bitcoin-traders-swing-bearish-btc-192044576.html,finance.yahoo.com,64,10
2026-02-04,FxWirePro - Key Crypto Updates - EconoTimes,FxWirePro - Key Crypto Updates - EconoTimes,http://www.econotimes.com/FxWirePro-Key-Crypto-Updates-1732722,econotimes.com,43,7
2026-02-04,"Bitcoin rebounds to $76 , 000 after dip on weak US sentiment","Bitcoin rebounds to $76 , 000 after dip on weak US sentiment",https://economictimes.indiatimes.com/markets/bitcoin-rebounds-to-76000-after-dip-on-weak-us-sentiment/articleshow/127901304.cms,economictimes.indiatimes.com,60,12
2026-02-04,Der Gamechanger : Bitcoin arbeitet - statt nur zu liegen . Europas Antwort auf Strategy ( MSTR ) und BitMine ( BMNR ) ( Aktiencheck EXKLUSIV ),Der Gamechanger : Bitcoin arbeitet - statt nur zu liegen . Europas Antwort auf Strategy ( MSTR ) und BitMine ( BMNR ) ( Aktiencheck EXKLUSIV ),https://www.aktiencheck.de/exklusiv/Artikel-Gamechanger_Bitcoin_arbeitet_statt_nur_liegen_Europas_Antwort_auf_Strategy_MSTR_und_BitMine_BMNR-19435989,aktiencheck.de,142,27
2026-02-04,Crypto Market Updates Local Lows - ActionForex,Crypto Market Updates Local Lows - ActionForex,https://www.actionforex.com/contributors/fundamental-analysis/628185-crypto-market-updates-local-lows/,actionforex.com,46,7
2026-02-04,Crypto Crash : Is Bitcoin a Buy After Its 40 % Plunge ?,Crypto Crash : Is Bitcoin a Buy After Its 40 % Plunge ?,https://www.fool.com/investing/2026/02/04/crypto-crash-is-bitcoin-a-buy-after-its-40-plunge/,fool.com,55,13
2026-02-04,"Crypto Winter Started Early 2025 , Says Bitwise Hougan","Crypto Winter Started Early 2025 , Says Bitwise Hougan",https://www.coinspeaker.com/crypto-winter-began-in-january-2025-but-there-are-signs-of-recovery/,coinspeaker.com,54,9
2026-02-04,"Bitcoin cade sub 73 . 000 de dolari , la cel mai redus nivel din noiembrie 2024","Bitcoin cade sub 73 . 000 de dolari , la cel mai redus nivel din noiembrie 2024",https://www.stiripesurse.ro/bitcoin-cade-sub-73000-de-dolari-la-cel-mai-redus-nivel-din-noiembrie-2024-pe-fondul-reluarii-vanzarilor-masive_3855675,stiripesurse.ro,79,17
2026-02-04,Crypto crime - fighting startup TRM Labs notches $1 billion valuation with $70 million funding round,Crypto crime - fighting startup TRM Labs notches $1 billion valuation with $70 million funding round,https://fortune.com/2026/02/04/trm-labs-blockchain-analytics-funding-round-series-c-unicorn-goldman/,fortune.com,100,16
2026-02-04,Krypto - Alarm : Kommt die nächste Bitcoin - Abwärtswelle ?,Krypto - Alarm : Kommt die nächste Bitcoin - Abwärtswelle ?,https://www.boersennews.de/nachrichten/artikel/boersennews/krypto-alarm-kommt-die-naechste-bitcoin-abwaertswelle/5030914/,boersennews.de,59,11
2026-02-04,Bitcoin : Das ist kein Dip mehr ! Das ist der Krypto - Winter,Bitcoin : Das ist kein Dip mehr ! Das ist der Krypto - Winter,https://www.finanznachrichten.de/nachrichten-2026-02/67610286-bitcoin-das-ist-kein-dip-mehr-das-ist-der-krypto-winter-486.htm,finanznachrichten.de,61,14
2026-02-04,Bitcoin Dropped to Prices Last Seen in 2024 as Crypto - Linked Stocks Extended Falls,Bitcoin Dropped to Prices Last Seen in 2024 as Crypto - Linked Stocks Extended Falls,https://www.investopedia.com/bitcoin-dropped-to-prices-last-seen-in-2024-as-crypto-linked-stocks-extended-falls-11898663,investopedia.com,84,15
2026-02-04,$55B in BTC Futures Positions Unwound In 30 Days : Will Bitcoin Recover ?,$55B in BTC Futures Positions Unwound In 30 Days : Will Bitcoin Recover ?,https://cointelegraph.com/news/bitcoin-open-interest-falls-by-dollar55b-in-30-days-what-s-next-for-btc-price,cointelegraph.com,73,14
2026-02-04,Bitcoin Crashes Below $76K to $72K Lows MicroStrategy Feels the Heat,Bitcoin Crashes Below $76K to $72K Lows MicroStrategy Feels the Heat,http://www.econotimes.com/Bitcoin-Crashes-Below-76K-to-72K-Lows--MicroStrategy-Feels-the-Heat-1732736,econotimes.com,68,11
2026-02-04,Ethereum Kurs Prognose : Wie geht es weiter ?,Ethereum Kurs Prognose : Wie geht es weiter ?,https://www.finanzen.net/nachricht/devisen/ethereum-kurs-prognose-wie-geht-es-weiter-15461336,finanzen.net,45,9
2026-02-04,Mohamed El - Erian Says Gold Has Outperformed Bitcoin Over 5 Years Says It Happening Again In 2026,Mohamed El - Erian Says Gold Has Outperformed Bitcoin Over 5 Years Says It Happening Again In 2026,https://www.benzinga.com/crypto/cryptocurrency/26/02/50363230/mohamed-el-erian-says-gold-has-outperformed-bitcoin-over-5-years-says-its-happening-again-i,benzinga.com,98,18
2026-02-04,"Crypto steadies after selloff as bitcoin , ether rebound from multiyear lows : Crypto Markets Today","Crypto steadies after selloff as bitcoin , ether rebound from multiyear lows : Crypto Markets Today",https://www.coindesk.com/markets/2026/02/04/crypto-steadies-after-selloff-as-bitcoin-ether-rebound-from-multiyear-lows,coindesk.com,99,16
2026-02-04,How your brain may drive the price of bitcoin ( BTC ) higher : Crypto Daybook Americas,How your brain may drive the price of bitcoin ( BTC ) higher : Crypto Daybook Americas,https://www.coindesk.com/daybook-us/2026/02/04/how-your-brain-may-drive-bitcoin-higher,coindesk.com,86,17
2026-02-04,Sharia Coin ? Epstein Ties To Crypto Get Weirder | The Daily Caller,Sharia Coin ? Epstein Ties To Crypto Get Weirder | The Daily Caller,https://dailycaller.com/2026/02/04/sharia-coin-epstein-crypto/,dailycaller.com,67,13
2026-02-04,Bitcoin ( BTC ) Price Prediction : Bitcoin Poised for Volatile $80K – $100K Breakout Amid Compression and Liquidity Sweeps,Bitcoin ( BTC ) Price Prediction : Bitcoin Poised for Volatile $80K – $100K Breakout Amid Compression and Liquidity Sweeps,https://bravenewcoin.com/insights/bitcoin-btc-price-prediction-bitcoin-poised-for-volatile-80k-100k-breakout-amid-compression-and-liquidity-sweeps,bravenewcoin.com,122,20
2026-02-04,Crypto Market in Shambles as Bitcoin Price Down 40 % Since October High,Crypto Market in Shambles as Bitcoin Price Down 40 % Since October High,https://gizmodo.com/crypto-market-in-shambles-as-bitcoin-price-down-40-since-october-high-2000717957,gizmodo.com,71,13
2026-02-04,"Bhutan Continues Bitcoin Selling As Price Hits $72 , 000","Bhutan Continues Bitcoin Selling As Price Hits $72 , 000",https://bitcoinmagazine.com/markets/bhutan-continues-bitcoin-sales,bitcoinmagazine.com,56,10
2026-02-04,"Bitcoin Exchange Reserve Surges , Market Needs Fresh Demand","Bitcoin Exchange Reserve Surges , Market Needs Fresh Demand",https://finance.yahoo.com/news/bitcoin-exchange-surges-market-needs-104647111.html,finance.yahoo.com,59,9
2026-02-04,Bitcoin ETFs see cash rush as traders hunt bargains,Bitcoin ETFs see cash rush as traders hunt bargains,https://finance.yahoo.com/news/bitcoin-etfs-see-cash-rush-102829839.html,finance.yahoo.com,51,9
2026-02-04,"ASX 200 LIVE : ASX to retreat ; Beach Energy profit slides 8pc , bitcoin below $US65k","ASX 200 LIVE : ASX to retreat ; Beach Energy profit slides 8pc , bitcoin below $US65k",https://www.afr.com/markets/equity-markets/asx-to-retreat-beach-energy-profit-slides-8pc-bitcoin-below-us65k-20260205-p5nzp6,afr.com,85,17
2026-02-04,"Strategist Reaffirms $45 , 000 Bitcoin Target Despite Bearish Signal","Strategist Reaffirms $45 , 000 Bitcoin Target Despite Bearish Signal",https://www.el-balad.com/6843091,el-balad.com,68,10
2026-02-04,Baie de sânge pe piața crypto ! Bitcoin se prăbușește și reapare spectrul „ iernii criptomonedelor,Baie de sânge pe piața crypto ! Bitcoin se prăbușește și reapare spectrul „ iernii criptomonedelor,https://www.cancan.ro/baie-de-sange-pe-piata-crypto-bitcoin-se-prabuseste-si-reapare-spectrul-iernii-criptomonedelor-21360322,cancan.ro,98,16
2026-02-04,Top 5 Best Bitcoin Transaction Accelerators in 2026,Top 5 Best Bitcoin Transaction Accelerators in 2026,https://www.openpr.com/news/4377189/top-5-best-bitcoin-transaction-accelerators-in-2026,openpr.com,51,8
2026-02-04,Alleged ransom note in Nancy Guthrie disappearance demands Bitcoin,Alleged ransom note in Nancy Guthrie disappearance demands Bitcoin,https://www.macombdaily.com/2026/02/04/nancy-guthrie-ransom-note-demands-bitcoin/,macombdaily.com,66,9
2026-02-04,Crypto ETPs hold steady despite January market slump : Fineqia,Crypto ETPs hold steady despite January market slump : Fineqia,https://www.proactiveinvestors.com/companies/news/1086825/crypto-etps-hold-steady-despite-january-market-slump-fineqia-1086825.html,proactiveinvestors.com,62,10
2026-02-04,Tom Lee : All Signs Point to a Crypto Bottom,Tom Lee : All Signs Point to a Crypto Bottom,https://wallstreetpit.com/128341-tom-lee-all-signs-point-to-a-crypto-bottom/,wallstreetpit.com,44,10
2026-02-04,Bitcoin speculators escape while on - chain hodlers accumulate quietly - London Business News,Bitcoin speculators escape while on - chain hodlers accumulate quietly - London Business News,https://londonlovesbusiness.com/bitcoin-speculators-escape-while-on-chain-hodlers-accumulate-quietly/,londonlovesbusiness.com,93,14
2026-02-04,DappsFirm Empowers Entrepreneurs with Gamdom Clone Script for Crypto Betting Platforms,DappsFirm Empowers Entrepreneurs with Gamdom Clone Script for Crypto Betting Platforms,https://whatech.com/og/markets-research/it/1009743-dappsfirm-empowers-entrepreneurs-with-gamdom-clone-script-for-crypto-betting-platforms.html,whatech.com,86,11
2026-02-04,Fireblocks and Stacks Bring Institutional Access to Bitcoin DeFi,Fireblocks and Stacks Bring Institutional Access to Bitcoin DeFi,https://www.financial-news.co.uk/fireblocks-and-stacks-bring-institutional-access-to-bitcoin-defi/,financial-news.co.uk,64,9
2026-02-04,Nomura pushes back on crypto retreat concerns as it tightens risk controls,Nomura pushes back on crypto retreat concerns as it tightens risk controls,https://www.coindesk.com/business/2026/02/04/nomura-defends-crypto-strategy-as-it-limits-short-term-volatility-at-laser-digital,coindesk.com,74,12
2026-02-04,U . S . Treasury : US Government Cannot  Bail Out  Bitcoin,U . S . Treasury : US Government Cannot  Bail Out  Bitcoin,https://bitcoinmagazine.com/news/government-cannot-to-bail-out-bitcoin,bitcoinmagazine.com,58,12
2026-02-04,The Bitcoin Epstein Files : Is This Why Crypto Is Really Crashing ?,The Bitcoin Epstein Files : Is This Why Crypto Is Really Crashing ?,https://finance.yahoo.com/news/bitcoin-epstein-files-why-crypto-092631819.html,finance.yahoo.com,67,13
2026-02-04,Bitcoin Faces the Quantum Countdown,Bitcoin Faces the Quantum Countdown,https://www.investing.com/analysis/bitcoin-faces-the-quantum-countdown-200674443,investing.com,35,5
2026-02-04,"Bitcoin Hits 15 - Month Low As Fear - Driven Selling Drags Ethereum , XRP , Dogecoin Lower","Bitcoin Hits 15 - Month Low As Fear - Driven Selling Drags Ethereum , XRP , Dogecoin Lower",https://www.benzinga.com/crypto/cryptocurrency/26/02/50392352/bitcoin-hits-15-month-low-as-fear-driven-selling-drags-ethereum-xrp-dogecoin-lower,benzinga.com,90,18
2026-02-04,Michael Saylor Loses $47 Billion Unrealized Profit As Bitcoin Dumps Below Strategy Cost Basis - Strategy ( NASDAQ : MSTR ),Michael Saylor Loses $47 Billion Unrealized Profit As Bitcoin Dumps Below Strategy Cost Basis - Strategy ( NASDAQ : MSTR ),https://www.benzinga.com/crypto/cryptocurrency/26/02/50383828/michael-saylor-loses-47-billion-unrealized-profit-as-bitcoin-dumps-below-strategys-cost-basis,benzinga.com,122,21
2026-02-04,Michael Burry warns of cascading effects from Bitcoin plunge,Michael Burry warns of cascading effects from Bitcoin plunge,https://www.dailynews.com/2026/02/04/michael-burry-warns-of-cascading-effects-from-bitcoin-plunge/,dailynews.com,60,9
2026-02-04,"UBS Building Digital - Asset Infrastructure , Eyes Bitcoin Services","UBS Building Digital - Asset Infrastructure , Eyes Bitcoin Services",https://bitcoinmagazine.com/news/ubs-digital-assets-eyes-bitcoin,bitcoinmagazine.com,67,10
2026-02-04,Börse Express - Bitcoin : Krypto - Winter ist da !,Börse Express - Bitcoin : Krypto - Winter ist da !,https://www.boerse-express.com/news/articles/bitcoin-krypto-winter-ist-da-864130,boerse-express.com,50,11
2026-02-04,"Bitcoin High - Yield - Bond : Nakiki - Anleihe mit 9 , 875 - Prozent - Kupon jetzt in Frankfurt an der Börse handelbar","Bitcoin High - Yield - Bond : Nakiki - Anleihe mit 9 , 875 - Prozent - Kupon jetzt in Frankfurt an der Börse handelbar",https://www.mittelstandcafe.de/bitcoin-high-yield-bond-nakiki-anleihe-mit-9-875-prozent-kupon-jetzt-in-frankfurt-an-der-b-rse-handelbar-2229351.html,mittelstandcafe.de,118,25
2026-02-04,"Jim Cramer Sets Bitcoin  Line In The Sand , Urges Michael Saylor To Act Before Strategy Q4 Earnings - Strategy ( NASDAQ : MSTR )","Jim Cramer Sets Bitcoin  Line In The Sand , Urges Michael Saylor To Act Before Strategy Q4 Earnings - Strategy ( NASDAQ : MSTR )",https://www.benzinga.com/crypto/cryptocurrency/26/02/50362593/jim-cramer-sets-bitcoin-line-in-the-sand-urges-michael-saylor-to-act-before-strategys-q4-earnings,benzinga.com,128,25
2026-02-04,Bitcoin Falls To Lowest Since 2024 As Multiple Headwinds Fuel Declines,Bitcoin Falls To Lowest Since 2024 As Multiple Headwinds Fuel Declines,https://www.forbes.com/sites/digital-assets/2026/02/04/bitcoin-falls-to-lowest-since-2024-as-multiple-headwinds-fuel-declines/,forbes.com,70,11
2026-02-04,Cum Poți Câștiga Venit Pasiv pe Crypto,Cum Poți Câștiga Venit Pasiv pe Crypto,https://www.bihon.ro/stirile-judetului-bihor/cum-poti-castiga-venit-pasiv-pe-crypto-5177485/,bihon.ro,38,7
2026-02-05,Godinu dana kasnije : kako je nekima ulaganje u bitcoin završilo u minusu,Godinu dana kasnije : kako je nekima ulaganje u bitcoin završilo u minusu,https://www.monitor.hr/godinu-dana-kasnije-kako-je-nekima-ulaganje-u-bitcoin-zavrsilo-u-minusu/,monitor.hr,73,13
2026-02-05,"Bitcoin price falls below pre - Trump second term levels , now hovering below $67 , 000","Bitcoin price falls below pre - Trump second term levels , now hovering below $67 , 000",https://www.news4jax.com/business/2026/02/05/bitcoins-monthslong-slide-continues-hitting-fresh-15-month-low-of-67000/,news4jax.com,87,17
2026-02-05,Crypto crash accelerates as investors flee risky assets,Crypto crash accelerates as investors flee risky assets,https://www.nbcnews.com/business/markets/crypto-crash-bitcoin-gold-rcna257556,nbcnews.com,55,8
2026-02-05,Solana Foundation Lily Liu urges focus on finance as crypto prices slide,Solana Foundation Lily Liu urges focus on finance as crypto prices slide,https://www.coindesk.com/tech/2026/02/05/solana-foundation-s-liu-urges-refocus-on-finance-as-crypto-slides-and-narratives-narrow,coindesk.com,72,12
2026-02-05,The Software - Crypto Trade Is Crumbling – Could Strategy Be Forced to Dump Bitcoin ? - BitMine Immersion ( AMEX : BMNR ),The Software - Crypto Trade Is Crumbling – Could Strategy Be Forced to Dump Bitcoin ? - BitMine Immersion ( AMEX : BMNR ),https://www.benzinga.com/crypto/cryptocurrency/26/02/50426872/the-software-crypto-link-trade-could-strategy-be-forced-to-sell-bitcoin,benzinga.com,121,24
2026-02-05,Big Tech and dour data on the US job market hit Wall Street as bitcoin tumbles,Big Tech and dour data on the US job market hit Wall Street as bitcoin tumbles,https://www.union-bulletin.com/news/national/big-tech-and-dour-data-on-the-us-job-market-hit-wall-street-as-bitcoin/article_c9657415-b178-5124-8a64-d2cc67df03f4.html,union-bulletin.com,78,16
2026-02-05,Ether price analysis : Why ETH is underperforming during this crypto plunge,Ether price analysis : Why ETH is underperforming during this crypto plunge,https://www.coindesk.com/markets/2026/02/04/everyone-is-selling-eth-apart-from-tom-lee-s-bitmine,coindesk.com,75,12
2026-02-05,Michael Saylor Strategy BTC losses grow to $6 . 5 billion,Michael Saylor Strategy BTC losses grow to $6 . 5 billion,https://www.coindesk.com/markets/2026/02/05/strategy-has-usd6-5-billion-loss-on-btc-but-continues-trading-at-premium-to-value-of-its-assets,coindesk.com,57,11
2026-02-05,"Bitcoin monthslong slide continues , hits fresh 15 - month low of $67k","Bitcoin monthslong slide continues , hits fresh 15 - month low of $67k",https://www.timesherald.com/2026/02/05/bitcoin-drop/,timesherald.com,70,13
2026-02-05,"US stocks down again ; Bitcoin drops below US$67 , 000","US stocks down again ; Bitcoin drops below US$67 , 000",https://www.nbr.co.nz/morning-brew/us-stocks-down-again-bitcoin-drops-below-us67000/,nbr.co.nz,54,11
2026-02-05,Investors are broadening their crypto horizons,Investors are broadening their crypto horizons,https://www.coindesk.com/coindesk-indices/2026/02/04/crypto-for-advisors-rethinking-crypto-diversification,coindesk.com,46,6
2026-02-05,Bitcoin news : Leveraged long positions on Bitfinex at highest level in two years as prices crash,Bitcoin news : Leveraged long positions on Bitfinex at highest level in two years as prices crash,https://www.coindesk.com/markets/2026/02/05/bitcoin-s-rising-leveraged-position-points-to-continued-dip-buying-but-may-not-yet-signal-price-bottom,coindesk.com,97,17
2026-02-05,Çmimi i Bitcoin bie për  tokë  - Gazeta Enigma,Çmimi i Bitcoin bie për  tokë  - Gazeta Enigma,https://gazetaenigma.com/cmimi-i-bitcoin-bie-per-toke/,gazetaenigma.com,46,9
2026-02-05,The problem with the bitcoin drop is that it reminds everyone they can lose money quickly,The problem with the bitcoin drop is that it reminds everyone they can lose money quickly,https://investinglive.com:443/stocks/the-problem-with-the-bitcoin-drop-is-that-it-reminds-everyone-they-can-lose-money-quickly-20260205/,investinglive.com,89,16
2026-02-05,"Bitcoin price analysis : What next as BTC falls through $70 , 000","Bitcoin price analysis : What next as BTC falls through $70 , 000",https://www.coindesk.com/markets/2026/02/05/here-is-what-industry-veterans-are-saying-as-bitcoin-tumbles-below-usd70-000,coindesk.com,65,13
2026-02-05,"Bitcoin Is Maturing , Not Broken As Deutsche Bank Says  Tinkerbell Effect  Phase Is Over","Bitcoin Is Maturing , Not Broken As Deutsche Bank Says  Tinkerbell Effect  Phase Is Over",https://www.zerohedge.com/crypto/bitcoin-set-mature-deutsche-bank-says-tinkerbell-effect-phase-over,zerohedge.com,88,15
2026-02-05,"BTC price : What next as Bitcoin falls under $68 , 000 with move to low - $60 , 000s likely","BTC price : What next as Bitcoin falls under $68 , 000 with move to low - $60 , 000s likely",https://www.coindesk.com/markets/2026/02/05/bitcoin-falls-under-usd69-000-with-retail-traders-betting-on-ever-lower-prices,coindesk.com,91,21
2026-02-05,Sentiment Shifts on Strategy Bitcoin Bid as Crypto Market Selloff Deepens,Sentiment Shifts on Strategy Bitcoin Bid as Crypto Market Selloff Deepens,https://finance.yahoo.com/news/sentiment-shifts-strategys-bitcoin-bid-130950829.html,finance.yahoo.com,73,11
2026-02-05,Sovcombank launches bitcoin - backed loans for Russian miners and businesses,Sovcombank launches bitcoin - backed loans for Russian miners and businesses,https://www.coindesk.com/business/2026/02/05/sovcombank-says-it-s-the-first-russian-bank-to-offer-bitcoin-backed-loans-to-public,coindesk.com,76,11
2026-02-05,"Markets today : Wall Street falls , bitcoin tumbles ; ASX set to retreat","Markets today : Wall Street falls , bitcoin tumbles ; ASX set to retreat",https://www.brisbanetimes.com.au/business/markets/asx-set-to-slide-as-wall-street-falls-bitcoin-tumbles-20260206-p5o00u.html,brisbanetimes.com.au,72,14
2026-02-05,"Bitcoin , Ethereum , XRP Plunge 10 % In $1 . 5 Billion Liquidation Tsunami","Bitcoin , Ethereum , XRP Plunge 10 % In $1 . 5 Billion Liquidation Tsunami",https://www.benzinga.com/crypto/cryptocurrency/26/02/50427852/bitcoin-ethereum-xrp-plunge-10-in-1-5-billion-liquidation-tsunami,benzinga.com,74,15
2026-02-05,"BItcoin price analysis : BTC could be poised for major rise , based on the RSI indicator","BItcoin price analysis : BTC could be poised for major rise , based on the RSI indicator",https://www.coindesk.com/markets/2026/02/05/bitcoin-is-the-third-most-oversold-ever-says-one-indicator-and-violent-upside-could-be-next,coindesk.com,88,17
2026-02-05,"Bitcoin Drops Below $70 , 000 as Silver Hit With Fresh Selloff","Bitcoin Drops Below $70 , 000 as Silver Hit With Fresh Selloff",https://www.marketscreener.com/news/bitcoin-drops-below-70-000-as-silver-s-hit-with-fresh-selloff-ce7e5ad8da81fe25,marketscreener.com,62,12
2026-02-05,"SCHD ETF Stock is Thriving in 2026 as QQQ , VOO , and Crypto Crash","SCHD ETF Stock is Thriving in 2026 as QQQ , VOO , and Crypto Crash",https://www.banklesstimes.com/articles/2026/02/05/schd-etf-stock-is-thriving-in-2026-as-qqq-voo-and-crypto-crash/,banklesstimes.com,66,15
2026-02-05,"Rout Deepens on Wall Street as Tech , Crypto Slide : Markets Wrap","Rout Deepens on Wall Street as Tech , Crypto Slide : Markets Wrap",https://www.swissinfo.ch/eng/rout-deepens-on-wall-street-as-tech%2c-crypto-slide%3a-markets-wrap/90892084,swissinfo.ch,65,13
2026-02-05,Bitcoin slides after Treasury Secretary states government cannot direct banks to buy crypto – NaturalNews . com,Bitcoin slides after Treasury Secretary states government cannot direct banks to buy crypto – NaturalNews . com,https://www.naturalnews.com/2026-02-05-bitcoin-treasury-government-direct-banks-crypto.html,naturalnews.com,111,17
2026-02-05,"Bitcoin falls below $70 , 000 , losing gains since election of Trump","Bitcoin falls below $70 , 000 , losing gains since election of Trump",https://www.thetimes.com/business/companies-markets/article/bitcoin-falls-below-70000-losing-gains-since-election-of-trump-bgqrj0g30,thetimes.com,68,13
2026-02-05,"Bitcoin : Bie nën 67 . 000 dollarë , niveli më i ulët që nga nëntori i vitit 2024","Bitcoin : Bie nën 67 . 000 dollarë , niveli më i ulët që nga nëntori i vitit 2024",https://shenja.tv/bitcoin-bie-nen-67-000-dollare-niveli-me-i-ulet-qe-nga-nentori-i-vitit-2024/,shenja.tv,81,19
2026-02-05,Bhutan Offloads $22 . 4M in Bitcoin as Portfolio Shrinks,Bhutan Offloads $22 . 4M in Bitcoin as Portfolio Shrinks,https://techstory.in/himalayan-hodl-no-more-bhutan-offloads-22-4m-in-bitcoin-as-portfolio-shrinks/,techstory.in,56,10
2026-02-05,Ethereum Reaches 24 - Hour Volume of $52 . 81 Billion ( ETH ),Ethereum Reaches 24 - Hour Volume of $52 . 81 Billion ( ETH ),https://www.tickerreport.com/banking-finance/13337546/ethereum-reaches-24-hour-volume-of-52-81-billion-eth.html,tickerreport.com,61,14
2026-02-05,Bitcoin price plummets further . Is crypto crashing ?,Bitcoin price plummets further . Is crypto crashing ?,https://mashable.com/article/bitcoin-cryptocurrency-crashing-new-lows-feb-5-2026,mashable.com,53,9
2026-02-05,Bitcoin humb të gjitha fitimet që nga zgjedhja e Trumpit,Bitcoin humb të gjitha fitimet që nga zgjedhja e Trumpit,https://www.aa.com.tr/sq/ekonomi/bitcoin-humb-t%c3%ab-gjitha-fitimet-q%c3%ab-nga-zgjedhja-e-trumpit/3821627,aa.com.tr,56,10
2026-02-05,Why Crypto Casinos Dominate Cross - Border Boxing Bets,Why Crypto Casinos Dominate Cross - Border Boxing Bets,https://www.thespread.com/betting-articles/cross-border-boxing-bets-why-crypto-casinos-win-over-fiat-platforms/,thespread.com,54,9
2026-02-05,Bitcoin Market Capitalization Achieves $1 . 41 trillion ( BTC ),Bitcoin Market Capitalization Achieves $1 . 41 trillion ( BTC ),https://www.themarketsdaily.com/2026/02/05/bitcoin-market-capitalization-achieves-1-41-trillion-btc.html,themarketsdaily.com,63,11
2026-02-05,"Bitcoin price under $70 , 000 : Seriously , what going on ?","Bitcoin price under $70 , 000 : Seriously , what going on ?",https://us.cnn.com/2026/02/05/investing/bitcoin-price,us.cnn.com,59,13
2026-02-05,Ethereum - ETH - Stock Price & News | The Motley Fool,Ethereum - ETH - Stock Price & News | The Motley Fool,https://www.fool.com/quote/crypto/eth/,fool.com,53,12
2026-02-05,El bitcoin encadena tres días de caídas y ya baja de los 70 . 000 dólares,El bitcoin encadena tres días de caídas y ya baja de los 70 . 000 dólares,https://www.larazon.es/economia/bitcoin-encadena-tres-dias-caidas-baja-70000-dolares_202602056984d4d69243cc133c354b46.html,larazon.es,73,16
2026-02-05,Analistul Radu Georgescu a investit în Bitcoin echivalentul prețului unui apartament din București :  Posibil să fie cea mai proastă investiție a mea,Analistul Radu Georgescu a investit în Bitcoin echivalentul prețului unui apartament din București :  Posibil să fie cea mai proastă investiție a mea,https://www.dcnews.ro/analistul-radu-georgescu-a-investit-in-bitcoin-echivalentul-pretului-unui-apartament-din-bucuresti-posibil-sa-fie-cea-mai-proasta-investitie-a-mea_1033227.html,dcnews.ro,149,23
2026-02-05,Cryptocurrency and Stablecoins Move Closer to Mainstream Finance Amid Regulatory Clarity,Cryptocurrency and Stablecoins Move Closer to Mainstream Finance Amid Regulatory Clarity,https://www.itnewsonline.com/PRNewswire/Cryptocurrency-and-Stablecoins-Move-Closer-to-Mainstream-Finance-Amid-Regulatory-Clarity/1110032,itnewsonline.com,88,11
2026-02-05,Vazhdon rënia e Bitcoin - it | Gazeta Lajm,Vazhdon rënia e Bitcoin - it | Gazeta Lajm,https://lajmpress.org/vazhdon-renia-e-bitcoin-it/,lajmpress.org,42,9
2026-02-05,"Stock market today : Dow , S & P 500 , Nasdaq sell - off builds as tech rout continues , bitcoin plunges","Stock market today : Dow , S & P 500 , Nasdaq sell - off builds as tech rout continues , bitcoin plunges",https://finance.yahoo.com/news/live/stock-market-today-dow-sp-500-nasdaq-sell-off-builds-as-tech-rout-continues-bitcoin-plunges-210019775.html,finance.yahoo.com,104,23
2026-02-05,Drops for tech stocks and bad news on the US job market hit Wall Street as bitcoin plunges,Drops for tech stocks and bad news on the US job market hit Wall Street as bitcoin plunges,https://www.mtairynews.com/ap/business/drops-for-tech-stocks-and-bad-news-on-the-us-job-market-hit-wall-street/article_112e76bc-ae34-540b-933d-a96451e60613.html,mtairynews.com,90,18
2026-02-05,What Bitcoin Price Visibility Says About Changing Financial Curiosity on the North Shore,What Bitcoin Price Visibility Says About Changing Financial Curiosity on the North Shore,https://itemlive.com/sponsored-content/what-bitcoin-price-visibility-says-about-changing-financial-curiosity-on-the-north-shore/,itemlive.com,88,13
2026-02-05,Hays man loses thousands of dollars in Bitcoin - related scam,Hays man loses thousands of dollars in Bitcoin - related scam,https://hayspost.com/posts/a07cab81-c9ce-4541-89cf-839a73779ab6,hayspost.com,61,11
2026-02-05,"Bitcoin  floor  price to arrive  relatively soon  after suffering enormous losses over past six months , analyst predicts","Bitcoin  floor  price to arrive  relatively soon  after suffering enormous losses over past six months , analyst predicts",https://www.skynews.com.au/business/finance/bitcoins-floor-price-to-arrive-relatively-soon-after-suffering-enormous-losses-over-past-six-months-analyst-predicts/news-story/bed349fecba282c39a9f690f4a11bb30?nk=bf7b6b833cb72fa2d0a38c4280d12284-1770319951,skynews.com.au,121,18
2026-02-05,Coinbase Wrapped BTC Trading 19 . 8 % Lower This Week ( CBBTC ),Coinbase Wrapped BTC Trading 19 . 8 % Lower This Week ( CBBTC ),https://www.themarketsdaily.com/2026/02/05/coinbase-wrapped-btc-trading-19-8-lower-this-week-cbbtc.html,themarketsdaily.com,63,14
2026-02-05,"Bitcoin price falls below pre - Trump second term levels , now hovering below $67K","Bitcoin price falls below pre - Trump second term levels , now hovering below $67K",https://www.eastidahonews.com/2026/02/bitcoin-price-falls-below-pre-trump-second-term-levels-now-hovering-below-67k/,eastidahonews.com,82,15
2026-02-05,"Bitcoin dips under $US70 , 000 - down 20 per cent in 2026","Bitcoin dips under $US70 , 000 - down 20 per cent in 2026",https://www.easternriverinachronicle.com.au/story/9169163/bitcoin-dips-under-us70000-down-20-per-cent-in-2026/,easternriverinachronicle.com.au,57,13
2026-02-05,MicroStrategy - Crash : Wie tief es noch geht und was das für Bitcoin bedeutet,MicroStrategy - Crash : Wie tief es noch geht und was das für Bitcoin bedeutet,https://www.boersennews.de/nachrichten/partner/clickout-media/microstrategy-crash-wie-tief-es-noch-geht-und-was-das-fuer-bitcoin-bedeutet/5032561/,boersennews.de,78,15
2026-02-05,Wall Street Traders Game Out How Far the Bitcoin Charts Break,Wall Street Traders Game Out How Far the Bitcoin Charts Break,https://www.bloomberg.com/news/articles/2026-02-05/wall-street-traders-game-out-how-far-the-bitcoin-charts-break,bloomberg.com,61,11
2026-02-05,Bitcoin rutscht unter 70 . 000 US - Dollar nach Tech - Schock und Makrodaten,Bitcoin rutscht unter 70 . 000 US - Dollar nach Tech - Schock und Makrodaten,https://www.boersennews.de/nachrichten/partner/clickout-media/bitcoin-rutscht-unter-70-000-us-dollar-nach-tech-schock-und-makrodaten/5032564/,boersennews.de,76,15
2026-02-05,Ethereum fällt erstmals seit April 2025 unter 2 . 000 US - Dollar,Ethereum fällt erstmals seit April 2025 unter 2 . 000 US - Dollar,https://www.boersennews.de/nachrichten/partner/clickout-media/ethereum-faellt-erstmals-seit-april-2025-unter-2-000-us-dollar/5032555/,boersennews.de,65,13
2026-02-05,crypto : Why this crypto winter feels worse than ever 10 red flags rocking the market,crypto : Why this crypto winter feels worse than ever 10 red flags rocking the market,https://economictimes.indiatimes.com/news/international/us/why-this-crypto-winter-feels-worse-than-ever-10-red-flags-rocking-the-market/articleshow/127950722.cms,economictimes.indiatimes.com,85,16
2026-02-05,"Bitcoin Falls Below $70 , 000 as Forced Deleveraging Hits Crypto Markets","Bitcoin Falls Below $70 , 000 as Forced Deleveraging Hits Crypto Markets",https://www.bloomberg.com:443/news/articles/2026-02-05/bitcoin-drops-below-70-000-as-forced-deleveraging-accelerates,bloomberg.com,72,12
2026-02-05,"Wall Street extends losing streak , bitcoin plunges","Wall Street extends losing streak , bitcoin plunges",http://www.bignewsnetwork.com/news/278851504/wall-street-extends-losing-streak-bitcoin-plunges,bignewsnetwork.com,51,8
2026-02-05,On Your Side : Missouri State Highway Patrol warns of cryptocurrency fraud surge,On Your Side : Missouri State Highway Patrol warns of cryptocurrency fraud surge,https://www.ky3.com/2026/02/05/your-side-missouri-state-highway-patrol-warns-cryptocurrency-fraud-surge/,ky3.com,80,13
2026-02-05,"CleanSpark produces 573 bitcoin in January , sells $14 . 55 million worth of BTC to fund operations","CleanSpark produces 573 bitcoin in January , sells $14 . 55 million worth of BTC to fund operations",https://finance.yahoo.com/news/cleanspark-produces-573-bitcoin-january-151233322.html,finance.yahoo.com,99,18
2026-02-05,Bitcoin 70 bin dolar sınırını kaybetti : Kripto piyasası geriledi,Bitcoin 70 bin dolar sınırını kaybetti : Kripto piyasası geriledi,https://www.hurhaber.com/ekonomi-haberleri/bitcoin-70-bin-dolar-sinirini-kaybetti-kripto-piyasasi-geriledi-494847,hurhaber.com,65,10
2026-02-05,Bitcoin plunges up to 8 % and South Korea Kospi sinks nearly 4 % in the latest tech - led sell - off,Bitcoin plunges up to 8 % and South Korea Kospi sinks nearly 4 % in the latest tech - led sell - off,https://coast1009.com/uncategorized/bitcoin-plunges-up-to-8-and-south-koreas-kospi-sinks-nearly-4-in-the-latest-tech-led-sell-off/,coast1009.com,100,23
2026-02-05,Falling tech stocks and a plunge for bitcoin hit Wall Street,Falling tech stocks and a plunge for bitcoin hit Wall Street,https://krmg.com/2026/02/05/big-tech-and-dour-data-on-the-us-job-market-hit-wall-street-as-bitcoin-tumbles/,krmg.com,60,11
2026-02-05,FBI Arrests L . A . Man Who Allegedly Sent Nancy Guthrie Family Bitcoin Texts,FBI Arrests L . A . Man Who Allegedly Sent Nancy Guthrie Family Bitcoin Texts,https://www.tmz.com/2026/02/05/nancy-guthrie-kidnapping-fbi-arrest-text-messages/,tmz.com,77,15
2026-02-05,"Rënia e madhe e Bitcoin , Deutsche Bank zbulon faktorët që po e dobësojnë","Rënia e madhe e Bitcoin , Deutsche Bank zbulon faktorët që po e dobësojnë",https://albeu.com/teknologji/renia-e-madhe-e-bitcoin-deutsche-bank-zbulo-faktoret-qe-po-e-dobesojne/856684/,albeu.com,73,14
2026-02-05,Bitcoin loses half its value in three months amid crypto crunch,Bitcoin loses half its value in three months amid crypto crunch,https://www.aol.co.uk/articles/bitcoin-loses-half-value-three-223055006.html,aol.co.uk,63,11
2026-02-05,Losses continue to mount on Wall Street as bitcoin dives,Losses continue to mount on Wall Street as bitcoin dives,http://www.calcuttanews.net/news/278851504/losses-continue-to-mount-on-wall-street-as-bitcoin-dives,calcuttanews.net,56,10
2026-02-05,Bitcoin plunges to lowest level since October 2024,Bitcoin plunges to lowest level since October 2024,https://abcnews.go.com/Business/bitcoin-plunges-lowest-level-october-2024/story?id=129891298,abcnews.go.com,50,8
2026-02-05,"Bitcoin Falls Below $70 , 000 , Erasing All Post - Election Gains","Bitcoin Falls Below $70 , 000 , Erasing All Post - Election Gains",https://article.wn.com/view/2026/02/05/Bitcoin_Falls_Below_70000_Erasing_All_PostElection_Gains/,article.wn.com,65,13
2026-02-05,"Bitcoin falls below $67 , 000 , down more than 7 % on the day","Bitcoin falls below $67 , 000 , down more than 7 % on the day",https://investinglive.com:443/news/bitcoin-falls-below-67000-down-more-than-7-on-the-day-20260205/,investinglive.com,61,15
2026-02-05,"Heads Up ! Bitcoin Enters Capitulation Mode , Trades In a  Phase That Rewards Discipline Over Prediction","Heads Up ! Bitcoin Enters Capitulation Mode , Trades In a  Phase That Rewards Discipline Over Prediction",https://finance.yahoo.com/news/heads-bitcoin-enters-capitulation-mode-184809250.html,finance.yahoo.com,104,17
2026-02-05,Why Is Bitcoin Dropping in Price ? What We Know,Why Is Bitcoin Dropping in Price ? What We Know,https://hollywoodlife.com/2026/02/05/why-is-bitcoin-dropping-in-price/,hollywoodlife.com,47,10
2026-02-05,Teens arrested in Arizona crypto home invasion plot amid Nancy Guthrie search,Teens arrested in Arizona crypto home invasion plot amid Nancy Guthrie search,https://www.foxnews.com/us/teens-charged-66m-crypto-home-invasion-plot-scottsdale-search-nancy-guthrie-continues-tucson,foxnews.com,77,12
2026-02-05,Derek Callella allegedly demanded bitcoin from Savannah Guthrie family,Derek Callella allegedly demanded bitcoin from Savannah Guthrie family,https://www.foxnews.com/us/california-man-arrested-sending-texts-guthrie-family-asking-bitcoin-during-missing-mother-case,foxnews.com,70,9
2026-02-05,"Earnings live : Strategy gets caught in bitcoin crash , Amazon stock plunges , Roblox surges","Earnings live : Strategy gets caught in bitcoin crash , Amazon stock plunges , Roblox surges",https://finance.yahoo.com/news/live/earnings-live-strategy-gets-caught-in-bitcoin-crash-amazon-stock-plunges-roblox-surges-213043924.html,finance.yahoo.com,92,16
2026-02-05,Torrance man arrested for demanding Bitcoin ransom from Guthrie family,Torrance man arrested for demanding Bitcoin ransom from Guthrie family,https://www.yahoo.com/news/articles/california-man-arrested-demanding-bitcoin-224615695.html,yahoo.com,70,10
2026-02-05,Wall Streetin lasku jatkui − Bitcoin alle 64 000 dollarin,Wall Streetin lasku jatkui − Bitcoin alle 64 000 dollarin,https://www.kauppalehti.fi/uutiset/a/bd38fac1-31fe-45e4-8b46-26ef16d322d1,kauppalehti.fi,57,10
2026-02-05,"Earnings live : Strategy gets caught in bitcoin crash , Amazon stock plunges , Reddit wavers","Earnings live : Strategy gets caught in bitcoin crash , Amazon stock plunges , Reddit wavers",https://finance.yahoo.com/news/live/earnings-live-strategy-gets-caught-in-bitcoin-crash-amazon-stock-plunges-reddit-wavers-213043638.html,finance.yahoo.com,92,16
2026-02-05,Promising Cryptocurrency Stocks To Consider – February 5th,Promising Cryptocurrency Stocks To Consider – February 5th,https://www.themarketsdaily.com/2026/02/05/promising-cryptocurrency-stocks-to-consider-february-5th.html,themarketsdaily.com,58,8
2026-02-05,Is bitcoin worth holding amid sell - off ? What financial advisors say,Is bitcoin worth holding amid sell - off ? What financial advisors say,https://www.cnbc.com/2026/02/05/is-bitcoin-worth-holding-amid-sell-off-what-experts-say.html,cnbc.com,70,13
2026-02-05,Strategy Stock Stalls On Q4 Earnings Beat As Bitcoin Remains In Freefall - Strategy ( NASDAQ : MSTR ),Strategy Stock Stalls On Q4 Earnings Beat As Bitcoin Remains In Freefall - Strategy ( NASDAQ : MSTR ),https://www.benzinga.com/markets/earnings/26/02/50433915/strategy-stock-stalls-on-q4-earnings-beat-as-bitcoin-remains-in-freefall,benzinga.com,101,19
2026-02-05,JPMorgan revisits Bitcoin forecast after crash,JPMorgan revisits Bitcoin forecast after crash,https://finance.yahoo.com/news/jpmorgan-revisits-bitcoin-forecast-crash-232826260.html,finance.yahoo.com,46,6
2026-02-05,"Stocks , Bitcoin , Silver Drop Sharply","Stocks , Bitcoin , Silver Drop Sharply",https://www.newser.com/story/383241/stocks-bitcoin-silver-drop-sharply.html,newser.com,38,7
2026-02-05,"Trading Day : AI , crypto routs deepen | MarketScreener","Trading Day : AI , crypto routs deepen | MarketScreener",https://www.marketscreener.com/news/trading-day-ai-crypto-routs-deepen-ce7e5ad8dc89f027,marketscreener.com,55,10
2026-02-05,"Bitcoin Slides Into the Mid - $60 , 000s as Forced Liquidations and Risk - Off Trading Hit Crypto Again","Bitcoin Slides Into the Mid - $60 , 000s as Forced Liquidations and Risk - Off Trading Hit Crypto Again",https://www.el-balad.com/6843979,el-balad.com,103,20
2026-02-05,Bitcoin Breaks Support as Crypto Enter Full Risk - Off Mode,Bitcoin Breaks Support as Crypto Enter Full Risk - Off Mode,https://smallcapnetwork.com/investing_ideas/bitcoin-breaks-key-support-as-crypto-markets-enter-full-risk-off-mode/,smallcapnetwork.com,59,11
2026-02-05,Wall Street hit by falling tech stocks and a plunge for bitcoin,Wall Street hit by falling tech stocks and a plunge for bitcoin,https://www.reviewjournal.com/business/falling-tech-stocks-and-a-plunge-for-bitcoin-hit-wall-street-3616492/,reviewjournal.com,63,12
2026-02-05,Bitcoin se desploma hasta los 70 . 000 dólares en medio de las tensiones ocasionadas por Trump,Bitcoin se desploma hasta los 70 . 000 dólares en medio de las tensiones ocasionadas por Trump,https://www.economiadigital.es/economia/bitcoin-desploma-tensiones-geopoliticas.html,economiadigital.es,94,17
2026-02-05,"Dollar climbs as stock volatility hits pound , crypto","Dollar climbs as stock volatility hits pound , crypto",http://virginiabusiness.com/dollar-hits-nearly-two-week-high-as-stocks-wobble-pound-slides-after-boe-holds/,virginiabusiness.com,53,9
2026-02-05,Why bitcoin is falling and what it signals for the market,Why bitcoin is falling and what it signals for the market,https://www.statesman.com/business/economy/article/bitcoin-price-drop-below-66000-crypto-selloff-21336110.php,statesman.com,57,11
2026-02-05,Winklevoss twin Gemini crypto exchange cuts 25 % of workforce as bitcoin slumps,Winklevoss twin Gemini crypto exchange cuts 25 % of workforce as bitcoin slumps,https://nypost.com/2026/02/05/business/winklevoss-twins-gemini-crypto-exchange-cuts-25-of-workforce-as-bitcoin-slumps/,nypost.com,79,13
2026-02-06,Bitcoin Rallies After Disastrous Week Knocked It To 2024 Levels,Bitcoin Rallies After Disastrous Week Knocked It To 2024 Levels,https://www.forbes.com/sites/mikestunson/2026/02/06/bitcoin-surges-past-70000-as-investors-buy-the-dip-from-historic-free-fall/,forbes.com,63,10
2026-02-06,"Silver , crypto , tech stocks … is the price bubble bursting ?","Silver , crypto , tech stocks … is the price bubble bursting ?",https://www.firstpost.com/business/silver-crypto-tech-stocks-is-the-price-bubble-bursting-13977083.html,firstpost.com,62,13
2026-02-06,"Inevitable  $1 Milllion Bitcoin : Why Saylor Doubles Down At $64 , 000","Inevitable  $1 Milllion Bitcoin : Why Saylor Doubles Down At $64 , 000",https://www.forbes.com/sites/boazsobrado/2026/02/06/inevitable-1-milllion-bitcoin-why-saylor-doubles-down-at-64000/,forbes.com,70,13
2026-02-06,"Bitcoin climbs back above $71 , 000 as tech selloff pauses","Bitcoin climbs back above $71 , 000 as tech selloff pauses",https://finance.yahoo.com/news/bitcoin-climbs-back-above-71-085216495.html,finance.yahoo.com,58,11
2026-02-06,Galaxy Authorizes $200M Share Buyback Amid Crypto Market Downturn,Galaxy Authorizes $200M Share Buyback Amid Crypto Market Downturn,https://cointelegraph.com/news/galaxy-approves-buyback-class-a-shares,cointelegraph.com,65,9
2026-02-06,How to Find the Best Platforms for Real Money Crypto Gaming,How to Find the Best Platforms for Real Money Crypto Gaming,https://bromsgrovestandard.co.uk/lifestyle/how-to-find-the-best-platforms-for-real-money-crypto-gaming/,bromsgrovestandard.co.uk,59,11
2026-02-06,"Bitcoin Weekly Forecast : Is $60 , 000 the bottom for BTC ?","Bitcoin Weekly Forecast : Is $60 , 000 the bottom for BTC ?",https://www.fxstreet.com/cryptocurrencies/news/bitcoin-weekly-forecast-the-worst-may-be-behind-us-202602061140,fxstreet.com,59,13
2026-02-06,¿ Por qué bajó el bitcoin ? Las razones detrás de la caída de más del 50 % en solo cuatro meses,¿ Por qué bajó el bitcoin ? Las razones detrás de la caída de más del 50 % en solo cuatro meses,https://www.elpais.com.uy/negocios/noticias/por-que-bajo-el-bitcoin-las-razones-detras-de-la-caida-de-mas-del-50-en-solo-cuatro-meses,elpais.com.uy,95,22
2026-02-06,"Rënie e madhe e Bitcoin - it , çfarë po ndodh ?","Rënie e madhe e Bitcoin - it , çfarë po ndodh ?",https://alsat.mk/renie-e-madhe-e-bitcoin-it-cfare-po-ndodh/,alsat.mk,47,12
2026-02-06,Bitcoin - Crash : Kommt jetzt der Krypto - Winter ?,Bitcoin - Crash : Kommt jetzt der Krypto - Winter ?,https://www.nzz.ch/finanzen/panik-beim-bitcoin-die-krypto-waehrung-ist-stuerzt-weiter-ab-und-die-anleger-verlieren-den-glauben-an-die-bitcoin-story-ld.1923732,nzz.ch,51,11
2026-02-06,"Bitcoin - Absturz immer drastischer , Experte wagt eine Aussicht","Bitcoin - Absturz immer drastischer , Experte wagt eine Aussicht",https://www.focus.de/finanzen/boerse/bitcoin-absturz-immer-drastischer-experte-wagt-eine-aussicht_8ab889c8-2a7f-4549-adff-3b01a84ff21f.html,focus.de,64,10
2026-02-06,Digitalwährungen im Fokus : So bewegen sich Bitcoin & Co . am Nachmittag,Digitalwährungen im Fokus : So bewegen sich Bitcoin & Co . am Nachmittag,https://www.finanzen.ch/nachrichten/devisen/digitalwahrungen-im-fokus-so-bewegen-sich-bitcoin-&-co-am-nachmittag-1035796269,finanzen.ch,72,13
2026-02-06,Wall Street bounces back as tech stocks recover and bitcoin stops plunging,Wall Street bounces back as tech stocks recover and bitcoin stops plunging,https://www.springfieldnewssun.com/news/nation-world/wall-street-bounces-back-as-tech-stocks-recover-and-bitcoin-stops-plunging/ZFVXDIQEUZNH3LU6F6XNECWRYA/,springfieldnewssun.com,74,12
2026-02-06,Bitcoin test lies in liquidity not rivalry with gold Arabian Post,Bitcoin test lies in liquidity not rivalry with gold Arabian Post,https://thearabianpost.com/bitcoins-test-lies-in-liquidity-not-rivalry-with-gold/,thearabianpost.com,65,11
2026-02-06,Wall Street Hits Record High Amid Tech & Bitcoin Rally,Wall Street Hits Record High Amid Tech & Bitcoin Rally,https://athens-times.com/wall-street-rallies-as-tech-stocks-and-bitcoin-rebound/,athens-times.com,54,10
2026-02-06,No Reasonable Scenario  Forces Strategy To Sell Bitcoin As $440 Target Stands : TD Cowen - Strategy ( NASDAQ : MSTR ),No Reasonable Scenario  Forces Strategy To Sell Bitcoin As $440 Target Stands : TD Cowen - Strategy ( NASDAQ : MSTR ),https://www.benzinga.com/crypto/cryptocurrency/26/02/50455191/strategy-bitcoin-mstr-stock-price-target,benzinga.com,117,22
2026-02-06,"US stocks soar to their best day since May as the Dow tops 50 , 000 and bitcoin stops plunging","US stocks soar to their best day since May as the Dow tops 50 , 000 and bitcoin stops plunging",https://www.ktbs.com/news/business/us-stocks-soar-to-their-best-day-since-may-as-the-dow-tops-50-000/article_f05e2a86-f6a1-5d80-975c-c454026b095c.html,ktbs.com,94,20
2026-02-06,France Judge Hostage Crypto Ransom,France Judge Hostage Crypto Ransom,https://athens-times.com/france-judge-and-mother-held-hostage-demanded-crypto-ransom-both-escaped-unharmed/,athens-times.com,34,5
2026-02-06,How Bitcoin plunge could trigger a financial crash,How Bitcoin plunge could trigger a financial crash,https://www.dailymail.co.uk/money/mailplus/article-15535801/Bitcoin-plunge-financial-crash-experts-HUGO-DUNCAN-Titanic.html,dailymail.co.uk,50,8
2026-02-06,Purported ransom note for Savannah Guthrie mom demanded payment in bitcoin . Could it be tracked ?,Purported ransom note for Savannah Guthrie mom demanded payment in bitcoin . Could it be tracked ?,https://www.cbsnews.com/news/savannah-guthrie-mom-nancy-ransom-note-bitcoin-what-to-know/,cbsnews.com,98,17
2026-02-06,"Dow soars 1 , 000 points as tech stocks recover while bitcoin stops plunging","Dow soars 1 , 000 points as tech stocks recover while bitcoin stops plunging",https://www.journal-news.com/news/nation-world/wall-street-bounces-back-as-tech-stocks-recover-and-bitcoin-stops-plunging/ZFVXDIQEUZNH3LU6F6XNECWRYA/,journal-news.com,76,14
2026-02-06,Why did Bitcoin crash ? The answer may be trouble at Hong Kong hedge funds,Why did Bitcoin crash ? The answer may be trouble at Hong Kong hedge funds,https://fortune.com/2026/02/06/what-caused-the-massive-bitcoin-crash-clues-point-to-a-blow-up-at-hong-kong-hedge-funds/,fortune.com,74,15
2026-02-06,"Bitcoin Miner MARA Moves 1 , 318 BTC in 10 Hours , Traders Wary of Forced Miner Selling","Bitcoin Miner MARA Moves 1 , 318 BTC in 10 Hours , Traders Wary of Forced Miner Selling",https://finance.yahoo.com/news/bitcoin-miner-mara-moves-1-063436054.html,finance.yahoo.com,87,18
2026-02-06,"Bitcoin Crashes Below $67K , Erasing All Gains Since Trump Election Win","Bitcoin Crashes Below $67K , Erasing All Gains Since Trump Election Win",https://finance.yahoo.com/news/bitcoin-crashes-below-67k-erasing-154158584.html,finance.yahoo.com,71,12
2026-02-06,"US stocks soar to their best day since May as the Dow tops 50 , 000 and bitcoin stops plunging | Business News","US stocks soar to their best day since May as the Dow tops 50 , 000 and bitcoin stops plunging | Business News",https://www.wfmz.com/business/us-stocks-soar-to-their-best-day-since-may-as-the-dow-tops-50-000/article_f45a8fdb-153c-5385-a425-28458d398833.html,wfmz.com,110,23
2026-02-06,"Proposed crypto data center wont raise electric rates in Madison , city says","Proposed crypto data center wont raise electric rates in Madison , city says",https://www.mitchellrepublic.com/news/south-dakota/proposed-cryptocurrency-data-center-wont-raise-electric-rates-in-madison-city-says,mitchellrepublic.com,76,13
2026-02-06,Bitcoin : Is the Bottom In After the Elliott Wave Target Was Reached ?,Bitcoin : Is the Bottom In After the Elliott Wave Target Was Reached ?,https://www.investing.com/analysis/bitcoin-is-the-bottom-in-after-the-elliott-wave-target-was-reached-200674617,investing.com,70,14
2026-02-06,"US stocks soar to their best day since May as the Dow tops 50 , 000 and bitcoin stops plunging - WSVN 7News | Miami News , Weather , Sports","US stocks soar to their best day since May as the Dow tops 50 , 000 and bitcoin stops plunging - WSVN 7News | Miami News , Weather , Sports",https://wsvn.com/news/us-world/us-stocks-soar-to-their-best-day-since-may-as-the-dow-tops-50000-and-bitcoin-stops-plunging/,wsvn.com,139,30
2026-02-06,Crypto stocks rally up to 25 % after big relief,Crypto stocks rally up to 25 % after big relief,https://finance.yahoo.com/news/crypto-stocks-rally-25-big-223013996.html,finance.yahoo.com,47,10
2026-02-06,"Dow Jones tops 50 , 000 for first time ; bitcoin stabilizes","Dow Jones tops 50 , 000 for first time ; bitcoin stabilizes",https://www.wishtv.com/news/business/us-stocks-roar-toward-their-best-day-since-may-as-dow-surges-1000-points-and-bitcoin-stops-plunging/,wishtv.com,59,12
2026-02-06,Mike Benz : The Best Way To Understand Bitcoin Is As A Tool For Intel - Related Money Laundering,Mike Benz : The Best Way To Understand Bitcoin Is As A Tool For Intel - Related Money Laundering,https://freerepublic.com/focus/f-chat/4365728/posts,freerepublic.com,96,19
2026-02-06,Kripto tržište nakon velikog pada : što je srušilo bitcoin i je li dno blizu,Kripto tržište nakon velikog pada : što je srušilo bitcoin i je li dno blizu,https://www.monitor.hr/kripto-trziste-nakon-velikog-pada-sto-je-srusilo-bitcoin-i-je-li-dno-blizu/,monitor.hr,76,15
2026-02-06,"US stocks roar toward their best day since May as Dow surges 1 , 000 points and bitcoin stops plunging","US stocks roar toward their best day since May as Dow surges 1 , 000 points and bitcoin stops plunging",https://www.castanetkamloops.net/news/Business/598155/US-stocks-roar-toward-their-best-day-since-May-as-Dow-surges-1-000-points-and-bitcoin-stops-plunging,castanetkamloops.net,102,20
2026-02-06,Litecoin Gains As Bitcoin Recovery Lifts Altcoins,Litecoin Gains As Bitcoin Recovery Lifts Altcoins,https://www.benzinga.com/trading-ideas/movers/26/02/50460205/litecoin-gains-as-bitcoin-recovery-lifts-altcoins,benzinga.com,49,7
2026-02-06,"Bithumb mistake sent BTC price to $55 , 000 on that exchange","Bithumb mistake sent BTC price to $55 , 000 on that exchange",https://www.coindesk.com/business/2026/02/06/bitcoin-crashed-to-usd55-000-on-bithumb-after-exchange-accidentally-airdropped-users-2-000-btc,coindesk.com,60,12
2026-02-06,"Dow soars 1 , 000 points as tech stocks recover while bitcoin stops plunge","Dow soars 1 , 000 points as tech stocks recover while bitcoin stops plunge",https://www.republicanherald.com/2026/02/06/wall-street-tech-bitcoin-recover/,republicanherald.com,74,14
2026-02-06,Tracking Ethereum Evolution : What You Should Know | Long Island Business News,Tracking Ethereum Evolution : What You Should Know | Long Island Business News,https://libn.com/2026/02/06/tracking-ethereums-evolution-what-you-should-know/,libn.com,78,13
2026-02-06,"Stocks , bitcoin regain some ground along with precious metals","Stocks , bitcoin regain some ground along with precious metals",https://thefrontierpost.com/stocks-bitcoin-regain-some-ground-along-with-precious-metals/,thefrontierpost.com,62,10
2026-02-06,"Bitcoin Cash Surges As Bitcoin Reclaims $70 , 000","Bitcoin Cash Surges As Bitcoin Reclaims $70 , 000",https://www.benzinga.com/trading-ideas/movers/26/02/50465064/bitcoin-cash-surges-as-bitcoin-reclaims-70000,benzinga.com,49,9
2026-02-06,CRYPTO CARNAGE : Why Bitcoin Proof of Work is Incompatible with the Power Needs of AI Data Centers – NaturalNews . com,CRYPTO CARNAGE : Why Bitcoin Proof of Work is Incompatible with the Power Needs of AI Data Centers – NaturalNews . com,https://www.naturalnews.com/2026-02-06-bitcoins-proof-of-work-incompatible-with-power-needs-of-ai-data-centers.html,naturalnews.com,118,22
2026-02-06,"Bitcoin tops $70 , 000 as risk assets level out","Bitcoin tops $70 , 000 as risk assets level out",https://www.bnnbloomberg.ca/markets/crypto/2026/02/06/bitcoin-rallies-tops-us70000-as-risk-assets-stabilize/,bnnbloomberg.ca,47,10
2026-02-07,Crypto firm apologises for sending bitcoin users $40 BILLION by mistake when they were only supposed to get $1 . 37 each,Crypto firm apologises for sending bitcoin users $40 BILLION by mistake when they were only supposed to get $1 . 37 each,https://www.dailymail.co.uk/news/article-15537819/Crypto-firm-apologises-bitcoin-users-mistake.html,dailymail.co.uk,120,22
2026-02-07,"41 milyar dolarlık hata ! Kullanıcılara 1 , 37 dolar yerine 2 bin Bitcoin gönderdi !","41 milyar dolarlık hata ! Kullanıcılara 1 , 37 dolar yerine 2 bin Bitcoin gönderdi !",https://www.turkiyegazetesi.com.tr/teknoloji/41-milyar-dolarlik-hata-kullanicilara-137-dolar-yerine-2-bin-bitcoin-gonderdi-1769289,turkiyegazetesi.com.tr,84,16
2026-02-07,"CZ , Brian Armstrong , Michael Saylor : These 10 Billionaires Have Lost The Most In The Crypto Crash","CZ , Brian Armstrong , Michael Saylor : These 10 Billionaires Have Lost The Most In The Crypto Crash",https://www.forbes.com/sites/kirkogunrinde/2026/02/07/crypto-crash-these-10-billionaires-have-lost-60-billion/,forbes.com,100,19
2026-02-07,"Panic Mode  $10 , 000 Bitcoin Price Crash Warning Suddenly Triggers Huge BlackRock Earthquake","Panic Mode  $10 , 000 Bitcoin Price Crash Warning Suddenly Triggers Huge BlackRock Earthquake",https://www.forbes.com/sites/digital-assets/2026/02/07/panic-mode-10000-bitcoin-price-crash-warning-suddenly-triggers-huge-blackrock-earthquake/,forbes.com,93,14
2026-02-07,Bitcoin loses Trump - era gains as crypto market volatility signals uncertainty – Channel Africa,Bitcoin loses Trump - era gains as crypto market volatility signals uncertainty – Channel Africa,https://www.channelafrica.co.za/channelafrica/news/bitcoin-loses-trump-era-gains-as-crypto-market-volatility-signals-uncertainty/,channelafrica.co.za,96,15
2026-02-07,"Market surge aided by bitcoin , tech stocks | Northwest Arkansas Democrat - Gazette","Market surge aided by bitcoin , tech stocks | Northwest Arkansas Democrat - Gazette",https://www.nwaonline.com/news/2026/feb/07/markets-surge-aided-by-bitcoin-tech-stocks/,nwaonline.com,83,14
2026-02-07,Strategy ( NASDAQ : MSTR ) Posts Earnings Results,Strategy ( NASDAQ : MSTR ) Posts Earnings Results,https://www.tickerreport.com/banking-finance/13339534/strategy-nasdaqmstr-posts-earnings-results.html,tickerreport.com,49,9
2026-02-07,Bitcoin 50 % plunge from highs  hurts a little  - but it isnt shaking these investor conviction,Bitcoin 50 % plunge from highs  hurts a little  - but it isnt shaking these investor conviction,https://www.morningstar.com/news/marketwatch/20260207133/bitcoins-50-plunge-from-highs-hurts-a-little-but-it-isnt-shaking-these-investors-conviction,morningstar.com,95,17
2026-02-07,Bitcoin Fiyatýnda D Süryor - Memurlar . Net,Bitcoin Fiyatýnda D Süryor - Memurlar . Net,https://www.memurlar.net/haber/1159127/bitcoin-fiyatinda-dusus-suruyor.html,memurlar.net,43,8
2026-02-07,The Most Surprising Bitcoin and Crypto Stories in the Epstein Files,The Most Surprising Bitcoin and Crypto Stories in the Epstein Files,https://finance.yahoo.com/news/most-surprising-bitcoin-crypto-stories-203814083.html,finance.yahoo.com,67,11
2026-02-07,South Korean Bithumb accidentally gives away $40B in bitcoin,South Korean Bithumb accidentally gives away $40B in bitcoin,https://dailytimes.com.pk/1447612/south-korean-bithumb-accidentally-gives-away-40b-in-bitcoin/,dailytimes.com.pk,60,9
2026-02-07,Bithumb $44 Billion Bitcoin Blunder : Crypto Glitch Shakes Markets,Bithumb $44 Billion Bitcoin Blunder : Crypto Glitch Shakes Markets,https://gulfnews.com/business/markets/crypto-glitch-sends-44-billion-in-bitcoin-to-users-by-mistake-1.500435326,gulfnews.com,66,10
2026-02-07,Milionari pentru 40 de minute : O platformă crypto a trimis din greșeală 44 de miliarde de dolari clienților săi,Milionari pentru 40 de minute : O platformă crypto a trimis din greșeală 44 de miliarde de dolari clienților săi,https://hotnews.ro/milionari-pentru-40-de-minute-o-platforma-crypto-a-trimis-din-greseala-44-de-miliarde-de-dolari-clientilor-sai-2166762,hotnews.ro,112,20
2026-02-07,Blockchain Stocks To Watch Now – February 4th,Blockchain Stocks To Watch Now – February 4th,https://www.themarketsdaily.com/2026/02/07/blockchain-stocks-to-watch-now-february-4th.html,themarketsdaily.com,45,8
2026-02-07,Strategy to initiate a bitcoin security program addressing quantum uncertainty,Strategy to initiate a bitcoin security program addressing quantum uncertainty,https://finance.yahoo.com/news/strategy-initiate-bitcoin-security-program-102153710.html,finance.yahoo.com,78,10
2026-02-07,Is APEMARS the Top 1000x Crypto Ready to Skyrocket Past Avalanche,Is APEMARS the Top 1000x Crypto Ready to Skyrocket Past Avalanche,https://www.openpr.com/news/4381292/is-apemars-the-top-1000x-crypto-ready-to-skyrocket-past-avalanche,openpr.com,65,11
2026-02-07,Bitcoin unter 60 . 000 US - Dollar – Chance für Anleger,Bitcoin unter 60 . 000 US - Dollar – Chance für Anleger,https://www.focus.de/finanzen/boerse/bitcoin-unter-60-000-us-dollar-chance-fuer-anleger_8ab889c8-2a7f-4549-adff-3b01a84ff21f.html,focus.de,55,12
2026-02-07,Krypto News : Bitcoin aktuell im freien Fall - was steckt hinter dem Crash ?,Krypto News : Bitcoin aktuell im freien Fall - was steckt hinter dem Crash ?,https://www.finanznachrichten.de/nachrichten-2026-02/67642365-krypto-news-bitcoin-aktuell-im-freien-fall-was-steckt-hinter-dem-crash-232.htm,finanznachrichten.de,76,15
2026-02-07,Krypto : Milliarden - Panne bei Bithumb löste kurzzeitigen Bitcoin - Kurssturz aus,Krypto : Milliarden - Panne bei Bithumb löste kurzzeitigen Bitcoin - Kurssturz aus,https://www.handelsblatt.com/finanzen/maerkte/devisen-rohstoffe/krypto-milliarden-panne-bei-bithumb-loeste-kurzzeitigen-bitcoin-kurssturz-aus/100198329.html,handelsblatt.com,82,13
2026-02-07,"Market surge aided by bitcoin , tech stocks | The Arkansas Democrat - Gazette","Market surge aided by bitcoin , tech stocks | The Arkansas Democrat - Gazette",https://www.arkansasonline.com/news/2026/feb/07/markets-surge-aided-by-bitcoin-tech-stocks/,arkansasonline.com,77,14
2026-02-07,Bitcoin Is Crashing Again : Is It Finally Time to Buy This Top Cryptocurrency ?,Bitcoin Is Crashing Again : Is It Finally Time to Buy This Top Cryptocurrency ?,https://finance.yahoo.com/news/bitcoin-crashing-again-finally-time-111800216.html,finance.yahoo.com,79,15
2026-02-07,Ethereum and Solana Are Getting Hit Hard . Are These Top Cryptocurrencies Buys on the Dip ?,Ethereum and Solana Are Getting Hit Hard . Are These Top Cryptocurrencies Buys on the Dip ?,https://finance.yahoo.com/news/ethereum-solana-getting-hit-hard-121600990.html,finance.yahoo.com,91,17
2026-02-07,Crypto firm accidentally sends $40 bn in bitcoin to users,Crypto firm accidentally sends $40 bn in bitcoin to users,https://finance.yahoo.com/news/crypto-firm-accidentally-sends-40-055054321.html,finance.yahoo.com,57,10
2026-02-07,Eroarea brokerului a prăbușit bitcoin cu 20 % și a făcut multi - milionari,Eroarea brokerului a prăbușit bitcoin cu 20 % și a făcut multi - milionari,https://news.yam.md/ro/story/18593536,news.yam.md,74,14
2026-02-07,"Tertiary Minerals , Rome Resources , EMV Capital , Connecting Excellence , RC Fornax , Quantum Blockchain - Small Cap Week in Review","Tertiary Minerals , Rome Resources , EMV Capital , Connecting Excellence , RC Fornax , Quantum Blockchain - Small Cap Week in Review",https://www.proactiveinvestors.co.uk/companies/news/1086968/tertiary-minerals-rome-resources-emv-capital-connecting-excellence-rc-fornax-quantum-blockchain-small-cap-week-in-review-1086968.html,proactiveinvestors.co.uk,132,23
2026-02-07,Trump promised a crypto revolution . Why is bitcoin crashing ? : NPR,Trump promised a crypto revolution . Why is bitcoin crashing ? : NPR,https://www.npr.org/transcripts/nx-s1-5704279,npr.org,68,13
2026-02-07,CFTC Expands Crypto Collateral Pilot to Include National Trust Bank Stablecoins,CFTC Expands Crypto Collateral Pilot to Include National Trust Bank Stablecoins,https://finance.yahoo.com/news/cftc-expands-crypto-collateral-pilot-114500440.html,finance.yahoo.com,79,11
2026-02-07,Trump promised a crypto revolution . So why is bitcoin crashing ?,Trump promised a crypto revolution . So why is bitcoin crashing ?,https://www.kzyx.org/npr-news/2026-02-07/trump-promised-a-crypto-revolution-so-why-is-bitcoin-crashing,kzyx.org,65,12
2026-02-07,International Business : Cryptocurrency firm accidentally gives away $40 billion in bitcoin,International Business : Cryptocurrency firm accidentally gives away $40 billion in bitcoin,https://www.gdnonline.com:443/Details/1375480/Cryptocurrency-firm-accidentally-gives-away-$40-billion-in-bitcoin,gdnonline.com,91,12
2026-02-07,Habervitrini . com | 41 milyar dolarlık hata Kullanıcılara 2 bin Bitcoin gönderdi,Habervitrini . com | 41 milyar dolarlık hata Kullanıcılara 2 bin Bitcoin gönderdi,https://www.habervitrini.com/41-milyar-dolarlik-hata-kullanicilara-2-bin-bitcoin-gonderdi/1157446,habervitrini.com,81,13
2026-02-07,Student Forgotten  Fun  Bitcoin Bet From 2009 Delivered A Windfall And A Home In A Posh Neighborhood,Student Forgotten  Fun  Bitcoin Bet From 2009 Delivered A Windfall And A Home In A Posh Neighborhood,https://www.benzinga.com/crypto/cryptocurrency/26/02/50467832/students-forgotten-fun-bitcoin-bet-from-2009-delivered-a-windfall-and-a-home-in-a-posh-neig,benzinga.com,100,17
2026-02-07,"Altın ve Bitcoin ayrışıyor : Dev bankalardan  altın mı , bitcoin mi ? analizi","Altın ve Bitcoin ayrışıyor : Dev bankalardan  altın mı , bitcoin mi ? analizi",https://mansethaber.com/altin-ve-bitcoin-ayrisiyor-dev-bankalardan-altin-mi-bitcoin-mi-analizi,mansethaber.com,77,14
2026-02-07,Best Cryptocurrency Stocks To Keep An Eye On – February 6th,Best Cryptocurrency Stocks To Keep An Eye On – February 6th,https://www.themarketsdaily.com/2026/02/07/best-cryptocurrency-stocks-to-keep-an-eye-on-february-6th.html,themarketsdaily.com,59,11
2026-02-07,Can Bitcoin Benefit From Artificial Intelligence ?,Can Bitcoin Benefit From Artificial Intelligence ?,https://finance.yahoo.com/news/bitcoin-benefit-artificial-intelligence-192500403.html,finance.yahoo.com,50,7
2026-02-07,How Low Can Bitcoin Fall This Month ? Prediction Markets See BTC Touching A Level Which Michael Burry Says Will Make Miners  Bankrupt,How Low Can Bitcoin Fall This Month ? Prediction Markets See BTC Touching A Level Which Michael Burry Says Will Make Miners  Bankrupt,https://finance.yahoo.com/news/low-bitcoin-fall-month-prediction-223144822.html,finance.yahoo.com,133,23
2026-02-07,"As Crypto Momentum Builds , Traders Turn to an AI - Driven DeFi","As Crypto Momentum Builds , Traders Turn to an AI - Driven DeFi",https://www.openpr.com/news/4381339/as-crypto-momentum-builds-traders-turn-to-an-ai-driven-defi,openpr.com,63,13
2026-02-07,"Forget A Bitcoin Yearly Top , BTC Price Might Have Hit A 16 - Year Cyclical Peak","Forget A Bitcoin Yearly Top , BTC Price Might Have Hit A 16 - Year Cyclical Peak",https://www.newsbtc.com/news/bitcoin/forget-a-bitcoin-yearly-top/,newsbtc.com,80,17
2026-02-07,"Bitcoin price analysis : BTC is seeing accumulation across all cohorts , according to Glassnode","Bitcoin price analysis : BTC is seeing accumulation across all cohorts , according to Glassnode",https://www.coindesk.com/markets/2026/02/06/broad-based-bitcoin-accumulation-emerges-after-sharp-capitulation,coindesk.com,95,15
2026-02-07,Bitcoin Mining Difficulty Drops by 11 % Amid Steep Market Downturn,Bitcoin Mining Difficulty Drops by 11 % Amid Steep Market Downturn,https://cointelegraph.com/news/bitcoin-difficulty-drops-11-worst-2021-china-ban,cointelegraph.com,66,11
2026-02-07,"Cine e în spatele Bitcoin ? Trilionarul Dan Peña spune că , dacă am ști , am vinde rapid","Cine e în spatele Bitcoin ? Trilionarul Dan Peña spune că , dacă am ști , am vinde rapid",https://www.stiripesurse.ro/cine-e-in-spatele-bitcoin-trilionarul-dan-pena-spune-ca-daca-am-sti-am-vinde-rapid_3856872,stiripesurse.ro,88,19
2026-02-07,Why bitcoin is losing its luster after stratospheric rise,Why bitcoin is losing its luster after stratospheric rise,https://japantoday.com/category/business/why-bitcoin-is-losing-its-luster-after-stratospheric-rise,japantoday.com,57,9
2026-02-07,Küresel Piyasalarda Altın ve Bitcoin Dalgası,Küresel Piyasalarda Altın ve Bitcoin Dalgası,https://www.haberaktuel.com/kuresel-piyasalarda-altin-ve-bitcoin-dalgasi-3417089,haberaktuel.com,44,6
2026-02-07,Bitcoin Taker Buy Ratio Signals Peak Bearish Sentiment Relief Soon ?,Bitcoin Taker Buy Ratio Signals Peak Bearish Sentiment Relief Soon ?,https://www.newsbtc.com/news/bitcoin/bitcoin-taker-buy-ratio-signals-peak-bearish-sentiment/,newsbtc.com,68,11
2026-02-07,Firma koreano - jugore e kriptomonedhave paguan aksidentalisht 40 miliardë dollarë në Bitcoin,Firma koreano - jugore e kriptomonedhave paguan aksidentalisht 40 miliardë dollarë në Bitcoin,https://kohajone.com/bota/firma-koreano-jugore-e-kriptomonedhave-paguan-aksidentalisht-40-miliarde-dollare-ne-bitcoin/,kohajone.com,93,13
2026-02-07,What Crashed Bitcoin ? 3 Theories Behind BTC 40 % Price Dip in a Month,What Crashed Bitcoin ? 3 Theories Behind BTC 40 % Price Dip in a Month,https://cointelegraph.com/news/what-crashed-bitcoin-three-theories-btc-trip-below-60k,cointelegraph.com,70,15
2026-02-07,Was Jeffrey Epstein Behind Bitcoin Creation As Newly Released Documents Show Early Crypto Developer Meetings,Was Jeffrey Epstein Behind Bitcoin Creation As Newly Released Documents Show Early Crypto Developer Meetings,https://www.ibtimes.co.uk/was-jeffrey-epstein-behind-bitcoin-creation-newly-released-documents-show-early-crypto-developer-1777174,ibtimes.co.uk,108,15
2026-02-07,"Bitcoin crash impact on crypto billionaires : Bitcoin ( BTC USD ) crash wipes out billions from crypto billionaires : Binance , Coinbase , and MicroStrategy leaders take huge losses","Bitcoin crash impact on crypto billionaires : Bitcoin ( BTC USD ) crash wipes out billions from crypto billionaires : Binance , Coinbase , and MicroStrategy leaders take huge losses",https://economictimes.indiatimes.com/news/international/us/bitcoin-btc-usd-crash-wipes-out-billions-from-crypto-billionaires-binance-coinbase-and-microstrategy-leaders-take-huge-losses/articleshow/128044048.cms,economictimes.indiatimes.com,181,30
2026-02-07,Pundit Sounds Major Alarm : Is It Time To Get Your XRP Off Crypto Exchanges ?,Pundit Sounds Major Alarm : Is It Time To Get Your XRP Off Crypto Exchanges ?,https://www.newsbtc.com/altcoin/pundit-sounds-major-alarm-is-it-time-to-get-your-xrp-off-crypto-exchanges/,newsbtc.com,77,16
2026-02-07,Bitcoin Crash Linked To BlackRock IBIT Hedging : Arthur Hayes,Bitcoin Crash Linked To BlackRock IBIT Hedging : Arthur Hayes,https://www.newsbtc.com/news/bitcoin/bitcoin-crash-linked-to-blackrock-ibit-hedging-arthur-hayes-claims/,newsbtc.com,61,10
2026-02-07,Bitcoin MVRV Falls Into 0 – 10 % Zone Is A Recovery Underway ?,Bitcoin MVRV Falls Into 0 – 10 % Zone Is A Recovery Underway ?,https://www.newsbtc.com/news/bitcoin/bitcoin-mvrv-falls-into-0-10-zone-is-a-recovery-underway/,newsbtc.com,62,14
2026-02-07,South Korean crypto firm sends users $44 bln in bitcoins in error,South Korean crypto firm sends users $44 bln in bitcoins in error,https://www.marketscreener.com/news/south-korean-crypto-firm-sends-users-44-bln-in-bitcoins-in-error-ce7e5adedb89fe27,marketscreener.com,65,12
2026-02-07,"Bitcoin price analysis : BTC downside volatility is a feature , not a crisis , says hedge funder","Bitcoin price analysis : BTC downside volatility is a feature , not a crisis , says hedge funder",https://www.coindesk.com/markets/2026/02/07/bitcoin-s-50-drop-isn-t-a-crisis-says-hedge-fund-veteran-gary-bode,coindesk.com,96,18
2026-02-07,Bitcoin - Wale akkumulieren trotz Seitwärtsbewegung,Bitcoin - Wale akkumulieren trotz Seitwärtsbewegung,https://www.boersennews.de/nachrichten/partner/clickout-media/bitcoin-wale-akkumulieren-trotz-seitwaertsbewegung/5034046/,boersennews.de,51,6
2026-02-07,Bitcoin Wild Ride : Inside the Cryptocurrency Rebound That Has Wall Street Rethinking Digital Assets in 2026,Bitcoin Wild Ride : Inside the Cryptocurrency Rebound That Has Wall Street Rethinking Digital Assets in 2026,https://www.webpronews.com/bitcoins-wild-ride-inside-the-cryptocurrency-rebound-that-has-wall-street-rethinking-digital-assets-in-2026/,webpronews.com,108,17
2026-02-07,Hesabına bakan gözlerine inanamadı ! 44 milyar dolar değerinde Bitcoin gönderdiler : Piyasa altüst oldu,Hesabına bakan gözlerine inanamadı ! 44 milyar dolar değerinde Bitcoin gönderdiler : Piyasa altüst oldu,https://finans.mynet.com/haber/detay/kripto-para/hesabina-bakan-gozlerine-inanamadi-44-milyar-dolar-degerinde-bitcoin-gonderdiler-piyasa-altust-oldu/534998/,finans.mynet.com,103,15
2026-02-07,Bitcoin & crypto ? Pt . 3 : Economics & Finance - Page 28 - Peak Oil News and Message Boards,Bitcoin & crypto ? Pt . 3 : Economics & Finance - Page 28 - Peak Oil News and Message Boards,https://peakoil.com/forums/viewtopic.php?p=1501652,peakoil.com,92,21
2026-02-09,Week Ahead : Will Capital Flood Into Gold Or Flee To Bitcoin ?,Week Ahead : Will Capital Flood Into Gold Or Flee To Bitcoin ?,https://www.finanznachrichten.de/nachrichten-2026-02/67653758-week-ahead-will-capital-flood-into-gold-or-flee-to-bitcoin-385.htm,finanznachrichten.de,62,13
2026-02-09,Coinbase CEO says LIVE on Fox that major banks are actively working behind the scenes to undermine the President pro - crypto agenda . – Investment Watch Blog,Coinbase CEO says LIVE on Fox that major banks are actively working behind the scenes to undermine the President pro - crypto agenda . – Investment Watch Blog,https://www.investmentwatchblog.com/coinbase-ceo-says-live-on-fox-that-major-banks-are-actively-working-behind-the-scenes-to-undermine-the-presidents-pro-crypto-agenda/,investmentwatchblog.com,158,28
2026-02-09,Elizabeth Warren warns crypto risks could cost workers  big  in their 401 ( k ) s . How to be safe if you decide to invest,Elizabeth Warren warns crypto risks could cost workers  big  in their 401 ( k ) s . How to be safe if you decide to invest,https://finance.yahoo.com/news/elizabeth-warren-warns-crypto-risks-201500636.html,finance.yahoo.com,122,26
2026-02-09,Strategy news : MSTR purchased $90 million of bitcoin last week,Strategy news : MSTR purchased $90 million of bitcoin last week,https://www.coindesk.com/markets/2026/02/09/michael-saylor-s-strategy-made-modest-bitcoin-acquisition-during-last-week-s-crypto-crash,coindesk.com,63,11
2026-02-09,Nancy Guthrie kidnapping ransom : Can bitcoin be traced ? What we know about the $6 million demand,Nancy Guthrie kidnapping ransom : Can bitcoin be traced ? What we know about the $6 million demand,https://www.hindustantimes.com/world-news/us-news/nancy-guthrie-kidnapping-ransom-can-bitcoin-be-traced-what-we-know-about-the-6-million-demand-101770663850738.html,hindustantimes.com,98,18
2026-02-09,"Ill Buy 100 % Guaranteed , Says Trader If Bitcoin Reaches $40 , 000 Or Major Political Shock Unfolds","Ill Buy 100 % Guaranteed , Says Trader If Bitcoin Reaches $40 , 000 Or Major Political Shock Unfolds",https://finance.yahoo.com/news/ill-buy-100-guaranteed-says-193120161.html,finance.yahoo.com,100,19
2026-02-09,Binance Coin Price Falls & Hyperliquid Consolidates While BlockDAG Prepares for Public Launch with 200× Surge Ramp,Binance Coin Price Falls & Hyperliquid Consolidates While BlockDAG Prepares for Public Launch with 200× Surge Ramp,https://www.theportugalnews.com/news/2026-02-09/binance-coin-price-falls-hyperliquid-consolidates-while-blockdag-prepares-for-public-launch-with-200-surge-ramp/957034,theportugalnews.com,114,17
2026-02-09,"Bitcoin value investors move in as BTC price drops ,  capitulation  searches rise : Crypto Daybook Americas","Bitcoin value investors move in as BTC price drops ,  capitulation  searches rise : Crypto Daybook Americas",https://www.coindesk.com/daybook-us/2026/02/09/bitcoin-value-investors-move-in-as-price-drops-capitulation-searches-rise,coindesk.com,107,17
2026-02-09,"Bitcoin price news : BTC climbs above $70 , 000 as Bernstein makes bull case","Bitcoin price news : BTC climbs above $70 , 000 as Bernstein makes bull case",https://www.coindesk.com/markets/2026/02/09/bitcoin-shakes-off-early-decline-returns-to-usd70-000-as-bernstein-reiterates-usd150-000-outlook,coindesk.com,76,15
2026-02-09,South Korea Eyes Stricter Crypto Oversight After $40B Error,South Korea Eyes Stricter Crypto Oversight After $40B Error,https://www.pymnts.com/cryptocurrency/2026/south-korea-eyes-stricter-crypto-oversight-after-bithumb-40-billion-dollar-error/,pymnts.com,59,9
2026-02-09,"BTC , Gold , and Silver : Are Their Secrets Revealed ?","BTC , Gold , and Silver : Are Their Secrets Revealed ?",https://www.el-balad.com/6847639,el-balad.com,54,12
2026-02-09,Strategy Aktie : Kursziel - Crash ! ( BTIG ),Strategy Aktie : Kursziel - Crash ! ( BTIG ),https://www.aktiencheck.de/exklusiv/Artikel-Strategy_Aktie_Kursziel_Crash-19454225,aktiencheck.de,44,10
2026-02-09,"U . S . government isnt poised to sweep in with bitcoin buys , despite Jim Cramer rumor","U . S . government isnt poised to sweep in with bitcoin buys , despite Jim Cramer rumor",https://www.coindesk.com/news-analysis/2026/02/09/u-s-government-isn-t-poised-to-sweep-in-with-bitcoin-buys-despite-jim-cramer-rumor,coindesk.com,87,18
2026-02-09,Expert Guide to Choosing Between Blik and Crypto for Casino Bonuses,Expert Guide to Choosing Between Blik and Crypto for Casino Bonuses,https://www.thesuburban.com/blogs/entertainment/expert-guide-to-choosing-between-blik-and-crypto-for-casino-bonuses/article_35eb3e03-b7ef-4b3e-97ac-99acf9e5a7c2.html,thesuburban.com,67,11
2026-02-09,Bitcoin Secured Put And Covered Call Strategies Are A Trainwreck,Bitcoin Secured Put And Covered Call Strategies Are A Trainwreck,https://www.forbes.com/sites/alexanderblume/2026/02/09/bitcoin-secured-put-and-covered-call-strategies-are-a-trainwreck/,forbes.com,64,10
2026-02-09,Cango ( CANG ) stock news : BTC miner sold more than half of its holdings,Cango ( CANG ) stock news : BTC miner sold more than half of its holdings,https://www.coindesk.com/markets/2026/02/09/bitcoin-miner-cango-sells-usd305-million-of-btc-during-market-slump-to-fund-ai-shift,coindesk.com,73,16
2026-02-09,Nancy Guthrie Kidnappers Demand $6 Million in Bitcoin For Her Safe Return : Report,Nancy Guthrie Kidnappers Demand $6 Million in Bitcoin For Her Safe Return : Report,https://www.thehollywoodgossip.com/2026/02/nancy-guthrie-kidnappers-demand-6-million-in-bitcoin-for-her-safe-return-report/,thehollywoodgossip.com,82,14
2026-02-09,"Bitcoin Rebounds From $60K Capitulation Low , Eyes $74 , 500 Resistance This Week","Bitcoin Rebounds From $60K Capitulation Low , Eyes $74 , 500 Resistance This Week",https://bitcoinmagazine.com/markets/bitcoin-rebounds-from-60k-capitulation-low-eyes-74500-resistance-this-week,bitcoinmagazine.com,81,14
2026-02-09,"US stocks drift higher as gold , silver and bitcoin stabilize","US stocks drift higher as gold , silver and bitcoin stabilize",https://www.idahostatejournal.com/news/world/us-stocks-drift-higher-as-gold-silver-and-bitcoin-stabilize/article_b4010aa4-0896-5bac-b153-465bc8626804.html,idahostatejournal.com,61,11
2026-02-09,Nancy Guthrie family faces $6 million Bitcoin ransom demand : How such a payment would take place,Nancy Guthrie family faces $6 million Bitcoin ransom demand : How such a payment would take place,https://fortune.com/2026/02/09/nancy-guthries-family-faces-6-million-bitcoin-ransom-demand/,fortune.com,97,17
2026-02-09,"Cointelegraph : Bitcoin , Ethereum , Crypto News & Price Indexes","Cointelegraph : Bitcoin , Ethereum , Crypto News & Price Indexes",https://cointelegraph.com/news/bernstein-says-bitcoin-selloff-reflects-weakest-bear-case-on-record-keeps-150k-2026-target,cointelegraph.com,64,11
2026-02-09,Trump Stablecoin USD1 : Binance Holds 87 % After Founder Pardon,Trump Stablecoin USD1 : Binance Holds 87 % After Founder Pardon,https://www.forbes.com/sites/zacheverson/2026/02/09/trump-stablecoin-usd1-binance-holds-87-percent/,forbes.com,63,11
2026-02-09,Cryptocurrency Stocks To Add to Your Watchlist – February 9th,Cryptocurrency Stocks To Add to Your Watchlist – February 9th,https://www.themarketsdaily.com/2026/02/09/cryptocurrency-stocks-to-add-to-your-watchlist-february-9th.html,themarketsdaily.com,61,10
2026-02-09,"US stocks drift as gold , silver and bitcoin stabilize","US stocks drift as gold , silver and bitcoin stabilize",https://krmg.com/2026/02/09/us-stocks-drift-as-gold-silver-and-bitcoin-stabilize/,krmg.com,54,10
2026-02-09,Crypto Venture Capital Hits a Reality Check as Speculation Fades,Crypto Venture Capital Hits a Reality Check as Speculation Fades,https://www.banklesstimes.com/articles/2026/02/09/crypto-venture-capital-hits-a-reality-check-as-speculation-fades/,banklesstimes.com,64,10
2026-02-09,"Bitcoin Funds Shed $264M Last Week , Alts Reverse Negative Trend","Bitcoin Funds Shed $264M Last Week , Alts Reverse Negative Trend",https://finance.yahoo.com/news/bitcoin-funds-shed-264m-last-181657118.html,finance.yahoo.com,64,11
2026-02-09,The Backstreet Bowl : Behind the T - Mobile - Coinbase Pop Showdown at Super Bowl 60,The Backstreet Bowl : Behind the T - Mobile - Coinbase Pop Showdown at Super Bowl 60,https://www.adweek.com/brand-marketing/the-backstreet-bowl-behind-the-t-mobile-coinbase-pop-showdown-at-super-bowl-60/,adweek.com,84,17
2026-02-09,Arthur Hayes Attributes Bitcoin Crash to ETF - Linked Dealer Hedging,Arthur Hayes Attributes Bitcoin Crash to ETF - Linked Dealer Hedging,https://finance.yahoo.com/news/arthur-hayes-attributes-bitcoin-crash-141307323.html,finance.yahoo.com,68,11
2026-02-09,Nancy Guthrie alleged Bitcoin ransom could be paid in minutes as Monday deadline approaches : expert,Nancy Guthrie alleged Bitcoin ransom could be paid in minutes as Monday deadline approaches : expert,https://www.wfmd.com/2026/02/09/nancy-guthries-alleged-bitcoin-ransom-could-be-paid-in-minutes-as-monday-deadline-approaches-expert/,wfmd.com,100,16
2026-02-09,Crypto Crash Tests Advisor Caution as Allocations Stay Low,Crypto Crash Tests Advisor Caution as Allocations Stay Low,https://www.wealthmanagement.com/crypto/ria-s-show-low-exposure-to-the-latest-crypto-crash,wealthmanagement.com,58,9
2026-02-09,The Trump family crypto portfolio is getting battered with the rest of the industry,The Trump family crypto portfolio is getting battered with the rest of the industry,https://fortune.com/2026/02/09/trump-family-crypto-portfolio-american-bitcoin-melania-memecoin-world-liberty-financial/,fortune.com,83,14
2026-02-09,"Analyst Calls Bitcoin Bear Case  Weak , Keeps $150K Target","Analyst Calls Bitcoin Bear Case  Weak , Keeps $150K Target",https://bitcoinmagazine.com/markets/bernstein-calls-bitcoin-selloff-weak,bitcoinmagazine.com,58,10
2026-02-09,Experts Warn that the Bitcoin Slump Isnt Over Yet,Experts Warn that the Bitcoin Slump Isnt Over Yet,https://techstory.in/experts-warn-that-the-bitcoin-slump-isnt-over-yet/,techstory.in,49,9
2026-02-10,Mantle Traders Discover Wealth Secret : Bitcoin Everlight App Astronomical Bitcoin Rewards Program,Mantle Traders Discover Wealth Secret : Bitcoin Everlight App Astronomical Bitcoin Rewards Program,https://bravenewcoin.com/sponsored/article/mantle-traders-discover-wealth-secret-bitcoin-everlight-apps-astronomical-bitcoin-rewards-program,bravenewcoin.com,98,13
2026-02-10,"Bitcoin At $69 , 000 Ethereum , XRP , Dogecoin Hold As Markets Await US - Iran Progress","Bitcoin At $69 , 000 Ethereum , XRP , Dogecoin Hold As Markets Await US - Iran Progress",https://www.benzinga.com/crypto/cryptocurrency/26/02/50523671/bitcoin-at-69000-ethereum-xrp-dogecoin-hold-as-markets-await-us-iran-progress,benzinga.com,87,18
2026-02-10,Nancy Guthrie Ransom Deadline Passed Without Bitcoin Transaction,Nancy Guthrie Ransom Deadline Passed Without Bitcoin Transaction,https://radaronline.com/p/savannah-guthrie-missing-mom-nancy-ransom-deadline-passed-no-bitcoin-transactions-found/,radaronline.com,64,8
2026-02-10,Bernstein : Bitcoin Drop Is Just Fear - $150K Still on Deck,Bernstein : Bitcoin Drop Is Just Fear - $150K Still on Deck,https://wallstreetpit.com/128439-bernstein-bitcoins-drop-is-just-fear-150k-still-on-deck/,wallstreetpit.com,59,12
2026-02-10,Weekly global crypto ETP outflows slow to $187 million amid early stabilization signals : CoinShares,Weekly global crypto ETP outflows slow to $187 million amid early stabilization signals : CoinShares,https://finance.yahoo.com/news/weekly-global-crypto-etp-outflows-094518949.html,finance.yahoo.com,100,15
2026-02-10,Lynch Protege Slams Cramer $60K Bitcoin Claim,Lynch Protege Slams Cramer $60K Bitcoin Claim,https://www.benzinga.com/crypto/cryptocurrency/26/02/50521648/peter-lynchs-protege-calls-cramers-60k-bitcoin-reserve-theory-complete-nonsense,benzinga.com,45,7
2026-02-10,"Interactive Brokers Expands Bitcoin , Ethereum Trading With Coinbase Cooperation - Interactive Brokers Group ( NASDAQ : IBKR )","Interactive Brokers Expands Bitcoin , Ethereum Trading With Coinbase Cooperation - Interactive Brokers Group ( NASDAQ : IBKR )",https://www.benzinga.com/crypto/cryptocurrency/26/02/50521623/interactive-brokers-expands-bitcoin-ethereum-trading-with-coinbase-cooperation,benzinga.com,126,19
2026-02-10,Mother and daughter captives rescued by passerby in France latest crypto - linked kidnapping,Mother and daughter captives rescued by passerby in France latest crypto - linked kidnapping,https://kvia.com/news/us-world/cnn-world/2026/02/10/mother-and-daughter-captives-rescued-by-passerby-in-frances-latest-crypto-linked-kidnapping/,kvia.com,92,14
2026-02-10,Best Cryptocurrency Stocks To Follow Now – February 10th,Best Cryptocurrency Stocks To Follow Now – February 10th,https://www.themarketsdaily.com/2026/02/10/best-cryptocurrency-stocks-to-follow-now-february-10th.html,themarketsdaily.com,56,9
2026-02-10,Bitcoin in Focus as State Street Warns Dollar Could Fall 10 % on Fed Cuts,Bitcoin in Focus as State Street Warns Dollar Could Fall 10 % on Fed Cuts,https://cointelegraph.com/news/state-street-us-dollar-decline-fed-rate-cuts,cointelegraph.com,73,15
2026-02-10,"CYBER HORNET ETFs Broadens Suite of S & P 500® and Crypto Blended ETFs With the Launch of Three New Funds , Expanding Access to Digital Assets for Investors and Advisors","CYBER HORNET ETFs Broadens Suite of S & P 500® and Crypto Blended ETFs With the Launch of Three New Funds , Expanding Access to Digital Assets for Investors and Advisors",https://www.manilatimes.net/2026/02/11/tmt-newswire/globenewswire/cyber-hornet-etfs-broadens-suite-of-sp-500-and-crypto-blended-etfs-with-the-launch-of-three-new-funds-expanding-access-to-digital-assets-for-investors-and-advisors/2275620,manilatimes.net,169,31
2026-02-10,Grant Cardone Lists Oceanfront Mansion for 700 BTC,Grant Cardone Lists Oceanfront Mansion for 700 BTC,https://techstory.in/real-estate-tycoon-bets-big-on-bitcoin-grant-cardone-lists-oceanfront-mansion-for-700-btc/,techstory.in,50,8
2026-02-10,Mother and daughter captives rescued by passerby in France latest crypto - linked kidnapping - LocalNews8 . com,Mother and daughter captives rescued by passerby in France latest crypto - linked kidnapping - LocalNews8 . com,https://localnews8.com/news/national-world/cnn-world/2026/02/10/mother-and-daughter-captives-rescued-by-passerby-in-frances-latest-crypto-linked-kidnapping/,localnews8.com,111,18
2026-02-10,Şanlıurfada kaçak elektrikle Bitcoin üretimi yapan tesise baskın - Güncel Son Dakika Haberleri,Şanlıurfada kaçak elektrikle Bitcoin üretimi yapan tesise baskın - Güncel Son Dakika Haberleri,https://www.ensonhaber.com/gundem/sanliurfada-kacak-elektrikle-bitcoin-uretimi-yapan-tesise-baskin,ensonhaber.com,94,13
2026-02-10,"Strategy acquires 1 , 142 bitcoin as portfolio drops below cost basis","Strategy acquires 1 , 142 bitcoin as portfolio drops below cost basis",https://finance.yahoo.com/news/strategy-acquires-1-142-bitcoin-151342576.html,finance.yahoo.com,69,12
2026-02-10,Bitcoin ( BTC ) Price Prediction : Bitcoin Holds Key $70K Support as Cycle Signals Point to Transitional Phase,Bitcoin ( BTC ) Price Prediction : Bitcoin Holds Key $70K Support as Cycle Signals Point to Transitional Phase,https://bravenewcoin.com/insights/bitcoin-btc-price-prediction-bitcoin-holds-key-70k-support-as-cycle-signals-point-to-transitional-phase,bravenewcoin.com,110,19
2026-02-10,Ethereum becomes rail of choice for crypto - curious bankers,Ethereum becomes rail of choice for crypto - curious bankers,https://www.americanbanker.com/news/ethereum-becomes-rail-of-choice-for-crypto-curious-bankers,americanbanker.com,60,10
2026-02-10,Coinbase CEO falls from list of world richest as crypto slides,Coinbase CEO falls from list of world richest as crypto slides,https://www.businesstimes.com.sg/international/coinbase-ceo-falls-list-worlds-richest-crypto-slides,businesstimes.com.sg,62,11
2026-02-10,Bitcoin Top Traders Hold Tight Despite 14 % Price Recovery,Bitcoin Top Traders Hold Tight Despite 14 % Price Recovery,https://cointelegraph.com/news/top-bitcoin-traders-refuse-to-turn-bullish-despite-btc-s-14-rebound-here-s-why,cointelegraph.com,58,10
2026-02-10,"Breaking : Michael Saylor Strategy Buys 1 , 142 BTC Amid $5B Unrealized Loss On Bitcoin Holdings","Breaking : Michael Saylor Strategy Buys 1 , 142 BTC Amid $5B Unrealized Loss On Bitcoin Holdings",https://finance.yahoo.com/news/breaking-michael-saylor-strategy-buys-130839480.html,finance.yahoo.com,96,17
2026-02-10,Mother and daughter captives rescued by passerby in France latest crypto - linked kidnapping | International News,Mother and daughter captives rescued by passerby in France latest crypto - linked kidnapping | International News,https://www.wxow.com/news/international/mother-and-daughter-captives-rescued-by-passerby-in-france-s-latest-crypto-linked-kidnapping/article_4a567d83-34d8-5442-aa83-c7484022fb7b.html,wxow.com,113,17
2026-02-12,Bitcoin - Miner boost : Kurspotenzial von über 150 Prozent bei Cipher Mining und TeraWulf ?,Bitcoin - Miner boost : Kurspotenzial von über 150 Prozent bei Cipher Mining und TeraWulf ?,https://www.finanznachrichten.de/nachrichten-2026-02/67687954-bitcoin-miner-boost-kurspotenzial-von-ueber-150-prozent-bei-cipher-mining-und-terawulf-049.htm,finanznachrichten.de,91,16
2026-02-12,Howard Lutnick Epstein Island Visit Puts Spotlight on His Past Crypto Ties,Howard Lutnick Epstein Island Visit Puts Spotlight on His Past Crypto Ties,https://gizmodo.com/howard-lutnicks-epstein-island-visit-puts-spotlight-on-his-past-crypto-ties-2000720867,gizmodo.com,74,12
2026-02-12,FinancialContent - Crypto Chill : Robinhood Shares Tumble 8 . 8 % as Retail Trading Volumes Evaporate,FinancialContent - Crypto Chill : Robinhood Shares Tumble 8 . 8 % as Retail Trading Volumes Evaporate,https://markets.financialcontent.com/stocks/article/marketminute-2026-2-12-crypto-chill-robinhood-shares-tumble-88-as-retail-trading-volumes-evaporate,markets.financialcontent.com,101,17
2026-02-12,"Despite Bitcoin Plunge , These Crypto IPOs Are Seen on Deck for 2026","Despite Bitcoin Plunge , These Crypto IPOs Are Seen on Deck for 2026",https://www.morningstar.com/markets/despite-bitcoins-plunge-these-crypto-ipos-are-seen-deck-2026,morningstar.com,68,13
2026-02-12,"Can Ethereum , XRP extend recovery as Bitcoin struggles to find upside strength ?","Can Ethereum , XRP extend recovery as Bitcoin struggles to find upside strength ?",https://www.fxstreet.com/cryptocurrencies/news/crypto-today-ethereum-xrp-hold-baseline-support-as-bitcoin-struggles-to-find-upside-strength-202602121211,fxstreet.com,81,14
2026-02-12,"Fintech Alinea Invest Launches Crypto , Requires Education First","Fintech Alinea Invest Launches Crypto , Requires Education First",https://www.forbes.com/sites/nicolecasperson/2026/02/12/fintech-alinea-invest-launches-crypto-requires-education-first/,forbes.com,64,9
2026-02-12,"Addentax Group Corp . Advances Sovereign - Aligned Stablecoin Initiative in Southeast Asia with Strategic Bitcoin Investor , Within Plan to Pursue up to 12 , 000 Bitcoins Acquistion","Addentax Group Corp . Advances Sovereign - Aligned Stablecoin Initiative in Southeast Asia with Strategic Bitcoin Investor , Within Plan to Pursue up to 12 , 000 Bitcoins Acquistion",https://www.prnewswire.com/news-releases/addentax-group-corp-advances-sovereign-aligned-stablecoin-initiative-in-southeast-asia-with-strategic-bitcoin-investor-within-plan-to-pursue-up-to-12-000-bitcoins-acquistion-302686466.html,prnewswire.com,181,29
2026-02-12,Bitcoin - Absturz : Was sind die Gründe für die Talfahrt und welche Rolle spielt Donald Trump dabei ?,Bitcoin - Absturz : Was sind die Gründe für die Talfahrt und welche Rolle spielt Donald Trump dabei ?,https://www.gmx.at/magazine/wirtschaft/bitcoin-absturz-gruende-talfahrt-rolle-spielt-donald-trump-41890644,gmx.at,101,19
2026-02-12,Coinbase takes fresh blows with the crypto rout deepening,Coinbase takes fresh blows with the crypto rout deepening,https://windsorstar.com:443/fp-finance/cryptocurrency/coinbase-crypto-rout-deepening,windsorstar.com,57,9
2026-02-12,"Strategy CEO Calls Bitcoin Sell - Off  Extremely Unlikely , Aims To Double BTC Per Share In 7 Years - Strategy ( NASDAQ : MSTR )","Strategy CEO Calls Bitcoin Sell - Off  Extremely Unlikely , Aims To Double BTC Per Share In 7 Years - Strategy ( NASDAQ : MSTR )",https://www.benzinga.com/crypto/cryptocurrency/26/02/50578166/strategy-ceo-calls-bitcoin-sell-off-extremely-unlikely-aims-to-double-btc-per-share-in-7-years,benzinga.com,128,26
2026-02-12,Michael Saylor Says  We Will Not Be Selling  As Strategy ( MSTR ) Price Breaks Out,Michael Saylor Says  We Will Not Be Selling  As Strategy ( MSTR ) Price Breaks Out,https://finance.yahoo.com/news/michael-saylor-says-not-selling-133105092.html,finance.yahoo.com,82,16
2026-02-12,"Stock market today : Dow , S & P 500 , Nasdaq sink as tech gets hit as AI disruption fears grow ; gold , bitcoin sink","Stock market today : Dow , S & P 500 , Nasdaq sink as tech gets hit as AI disruption fears grow ; gold , bitcoin sink",https://finance.yahoo.com/news/live/stock-market-today-dow-sp-500-nasdaq-sink-as-tech-gets-hit-as-ai-disruption-fears-grow-gold-bitcoin-sink-210353533.html,finance.yahoo.com,117,27
2026-02-12,How Many iShares Bitcoin Trust ETF Shares You Need to Own the Equivalent of 1 Bitcoin,How Many iShares Bitcoin Trust ETF Shares You Need to Own the Equivalent of 1 Bitcoin,https://www.fool.com/investing/2026/02/12/how-many-ishares-bitcoin-trust-etf-shares-you-need/?source=iedfolrf0000001,fool.com,85,16
2026-02-12,CEO sentenced in Virginia to 20 years for $200M international bitcoin Ponzi scheme,CEO sentenced in Virginia to 20 years for $200M international bitcoin Ponzi scheme,https://www.wusa9.com/article/news/crime/alexandria-virginia-bitcoin-ponzi-scheme/65-675cdc9e-7e62-41b2-8cd0-a70ccfe2a0ef,wusa9.com,82,13
2026-02-12,Strategy Accounted For 97 . 5 % Of January Corporate Bitcoin Buying,Strategy Accounted For 97 . 5 % Of January Corporate Bitcoin Buying,https://bitcoinmagazine.com/news/strategy-mstr-accounted-corporate-bitcoin,bitcoinmagazine.com,67,12
2026-02-12,Bitcoin Price Stuck Under $72K As Consolidation Looms : New Research .,Bitcoin Price Stuck Under $72K As Consolidation Looms : New Research .,https://cointelegraph.com/news/bitcoin-analysts-predict-prolonged-consolidation-phase-for-btc-price,cointelegraph.com,70,12
2026-02-12,"Former Ripple CTO Claims Bitcoin Is a  Technological Dead End , as JP Morgan Turns Bullish Despite  Extreme Fear  Fall","Former Ripple CTO Claims Bitcoin Is a  Technological Dead End , as JP Morgan Turns Bullish Despite  Extreme Fear  Fall",https://finance.yahoo.com/news/former-ripple-cto-claims-bitcoin-114215964.html,finance.yahoo.com,118,20
2026-02-12,Bitcoin Exchanges Point To  Early Signs  Of Recovery Amid Sentiment Crash,Bitcoin Exchanges Point To  Early Signs  Of Recovery Amid Sentiment Crash,https://cointelegraph.com/news/crypto-sentiment-sees-record-low-as-binance-teases-bitcoin-stabilization,cointelegraph.com,73,11
2026-02-12,"Will BTC revisit the $60 , 000 low before rebounding ?","Will BTC revisit the $60 , 000 low before rebounding ?",https://www.fxstreet.com/cryptocurrencies/news/bitcoin-price-forecast-btc-stalls-near-67-300-resistance-as-downside-risks-linger-202602121130,fxstreet.com,54,11
2026-02-12,Nancy Guthrie : TMZ reports second contact demanding bitcoin for kidnapper info,Nancy Guthrie : TMZ reports second contact demanding bitcoin for kidnapper info,https://www.foxnews.com/us/tmz-reports-second-letter-demanding-bitcoin-exchange-name-guthrie-kidnapper,foxnews.com,79,12
2026-02-12,Bitcoin drawdown hit 50 %. History shows it may have further to go,Bitcoin drawdown hit 50 %. History shows it may have further to go,https://www.cnbc.com/2026/02/12/bitcoins-drawdown-hit-50percent-history-shows-it-may-have-further-to-go.html,cnbc.com,66,13
2026-02-12,Bloomberg stratejistinden korkutan tahmin : Bitcoin fiyatı bu rakama kadar gerileyebilir,Bloomberg stratejistinden korkutan tahmin : Bitcoin fiyatı bu rakama kadar gerileyebilir,https://ogunhaber.com/ekonomi/bloomberg-stratejistinden-korkutan-tahmin-bitcoin-fiyati-bu-rakama-kadar-gerileyebilir-2998023h.html,ogunhaber.com,88,11
2026-02-12,"Bitcoin news : BTC set to thrive amid AI and other innovations , says Cathie Wood","Bitcoin news : BTC set to thrive amid AI and other innovations , says Cathie Wood",https://www.coindesk.com/markets/2026/02/12/ark-invest-s-cathie-wood-says-bitcoin-will-thrive-amid-deflationary-chaos-created-by-ai-and-innovation,coindesk.com,81,16
2026-02-12,Best Cryptocurrency Stocks To Follow Today – February 11th,Best Cryptocurrency Stocks To Follow Today – February 11th,https://www.dailypolitical.com/2026/02/12/best-cryptocurrency-stocks-to-follow-today-february-11th.html,dailypolitical.com,58,9
2026-02-12,FBI Expert Questions Legitimacy of $6 Million Bitcoin Demand in Guthrie Case,FBI Expert Questions Legitimacy of $6 Million Bitcoin Demand in Guthrie Case,https://www.ktsa.com/fbi-expert-questions-legitimacy-of-6-million-bitcoin-demand-in-guthrie-case/,ktsa.com,76,12
2026-02-12,Coinbase slides ahead of Q4 earnings amid crypto market turmoil,Coinbase slides ahead of Q4 earnings amid crypto market turmoil,https://www.livemint.com/market/stock-market-news/coinbase-slides-ahead-of-q4-earnings-amid-crypto-market-turmoil-11770930577378.html,livemint.com,63,10
2026-02-12,Florida man from Connecticut indicted for $950K cryptocurrency fraud scheme,Florida man from Connecticut indicted for $950K cryptocurrency fraud scheme,https://www.yahoo.com/news/articles/florida-man-connecticut-indicted-950k-221933332.html,yahoo.com,75,10
2026-02-12,"Bitcoin price tipped to fall to $30 , 000 amid investor fears | united kingdom | News","Bitcoin price tipped to fall to $30 , 000 amid investor fears | united kingdom | News",https://www.express.co.uk/news/uk/2170333/bitcoin-price-crash-down-30000,express.co.uk,85,17
2026-02-12,Führender Krypto - Experte sieht in Ethereum die Chance des Jahrzehnts,Führender Krypto - Experte sieht in Ethereum die Chance des Jahrzehnts,https://www.wallstreet-online.de/nachricht/20494599-fuehrender-krypto-experte-ethereum-chance-jahrzehnts,wallstreet-online.de,70,11
2026-02-12,Bit Digital ( BTBT ) Shifts to Ethereum Treasury and AI Infrastructure Strategy,Bit Digital ( BTBT ) Shifts to Ethereum Treasury and AI Infrastructure Strategy,https://finance.yahoo.com/news/bit-digital-btbt-shifts-ethereum-162100300.html,finance.yahoo.com,79,13
2026-02-12,How Bitcoin Became a Criminal Favorite Currency,How Bitcoin Became a Criminal Favorite Currency,https://finance.yahoo.com/news/bitcoin-became-criminal-favorite-currency-175615098.html,finance.yahoo.com,47,7
2026-02-12,"Denmark Danske Bank Reverses 8 - Year Crypto Ban , Opens Doors to Bitcoin and Ethereum ETPs","Denmark Danske Bank Reverses 8 - Year Crypto Ban , Opens Doors to Bitcoin and Ethereum ETPs",https://finance.yahoo.com/news/denmark-danske-bank-reverses-8-154028463.html,finance.yahoo.com,91,17
2026-02-12,Online Poker Tournament Player Wins Three CoinMasters Bitcoin Events,Online Poker Tournament Player Wins Three CoinMasters Bitcoin Events,https://insidebitcoins.com/news/online-poker-tournament-player-wins-three-coinmasters-bitcoin-events,insidebitcoins.com,68,9
2026-02-12,Best Bitcoin Stocks To Keep An Eye On – February 12th,Best Bitcoin Stocks To Keep An Eye On – February 12th,https://www.themarketsdaily.com/2026/02/12/best-bitcoin-stocks-to-keep-an-eye-on-february-12th.html,themarketsdaily.com,53,11
2026-02-12,Bitcoin Crash Continues Experts Weigh In on Whether You Should Sell,Bitcoin Crash Continues Experts Weigh In on Whether You Should Sell,https://finance.yahoo.com/news/bitcoin-crash-continues-experts-weigh-160855194.html,finance.yahoo.com,67,11
2026-02-12,Blockchain Stocks To Consider – February 12th,Blockchain Stocks To Consider – February 12th,https://www.tickerreport.com/banking-finance/13344565/blockchain-stocks-to-consider-february-12th.html,tickerreport.com,45,7
2026-02-12,Standard Chartereddan Kritik 2026 Bitcoin Tahmini,Standard Chartereddan Kritik 2026 Bitcoin Tahmini,https://www.avrupabulteni.com/standard-chartereddan-kritik-2026-bitcoin-tahmini/,avrupabulteni.com,49,6
2026-02-12,Big Short  Investor Who Predicted the 2008 Market Crash Has Stark Warning for Bitcoin : What Investors Should Do Next,Big Short  Investor Who Predicted the 2008 Market Crash Has Stark Warning for Bitcoin : What Investors Should Do Next,https://finance.yahoo.com/news/big-short-investor-predicted-2008-150121806.html,finance.yahoo.com,117,20
2026-02-12,Bitcoin L2 builders pitch BTCFi as the next institutional unlock,Bitcoin L2 builders pitch BTCFi as the next institutional unlock,https://www.coindesk.com/business/2026/02/12/bitcoin-layer-2-builders-pitch-btcfi-as-the-next-institutional-unlock,coindesk.com,64,10
2026-02-12,"Bitcoin hovers near $65 , 000 as investor frustration grows over  disconnect  with gold","Bitcoin hovers near $65 , 000 as investor frustration grows over  disconnect  with gold",https://finance.yahoo.com/news/bitcoin-hovers-near-65000-as-investor-frustration-grows-over-disconnect-with-gold-183451704.html,finance.yahoo.com,87,14
2026-02-12,"IRS Warns Crypto Traders : Bitcoin , NFTs and Stablecoin Income Is Taxable","IRS Warns Crypto Traders : Bitcoin , NFTs and Stablecoin Income Is Taxable",https://www.hngn.com/articles/269634/20260212/irs-warns-crypto-traders-bitcoin-nfts-stablecoin-income-taxable.htm,hngn.com,74,13
2026-02-13,Who was sentenced in bitcoin Ponzi ?,Who was sentenced in bitcoin Ponzi ?,https://alltoc.com/tech/who-was-sentenced-in-bitcoin-ponzi,alltoc.com,36,7
2026-02-13,Fastest Bitcoin Withdrawal : How to Get Your BTC Instantly,Fastest Bitcoin Withdrawal : How to Get Your BTC Instantly,https://thenationonlineng.net/fastest-bitcoin-withdrawal-how-to-get-your-btc-instantly/,thenationonlineng.net,58,10
2026-02-13,CFTC Forms Innovation Committee with Crypto and Finance Executives,CFTC Forms Innovation Committee with Crypto and Finance Executives,https://www.banklesstimes.com/articles/2026/02/13/cftc-forms-innovation-committee-with-crypto-and-finance-executives/,banklesstimes.com,66,9
2026-02-13,Bitcoin Weekly Forecast : BTC bears arent done yet,Bitcoin Weekly Forecast : BTC bears arent done yet,https://www.fxstreet.com/cryptocurrencies/news/bitcoin-weekly-forecast-btc-bears-arent-done-yet-202602131025,fxstreet.com,50,9
2026-02-13,"JPMorgan ( JPM ) cuts Coinbase ( COIN ) target to $252 after 4Q miss , keeps overweight rating","JPMorgan ( JPM ) cuts Coinbase ( COIN ) target to $252 after 4Q miss , keeps overweight rating",https://www.coindesk.com/markets/2026/02/13/wall-street-analysts-cut-coinbase-price-targets-following-q4-earnings-miss,coindesk.com,94,19
2026-02-13,Ark Invest buys $18 million of crypto stocks including 10th consecutive Bullish ( BLSH ) purchase,Ark Invest buys $18 million of crypto stocks including 10th consecutive Bullish ( BLSH ) purchase,https://www.coindesk.com/markets/2026/02/13/ark-invest-buys-usd18-million-of-crypto-stocks-including-10th-consecutive-bullish-purchase,coindesk.com,97,16
2026-02-13,The coldest crypto winter yet,The coldest crypto winter yet,https://www.hindustantimes.com/world-news/the-coldest-crypto-winter-yet-101770976574179.html,hindustantimes.com,29,5
2026-02-13,Coinbase CEO projects confidence despite crypto crash,Coinbase CEO projects confidence despite crypto crash,https://www.americanbanker.com/payments/news/coinbases-ceo-projects-confidence-despite-crypto-crash,americanbanker.com,53,7
2026-02-13,"Strategy Keeps Buying Bitcoin as Crypto , MSTR Stock Prices Plunge . How Should You Play It Here ?","Strategy Keeps Buying Bitcoin as Crypto , MSTR Stock Prices Plunge . How Should You Play It Here ?",https://finance.yahoo.com/news/strategy-keeps-buying-bitcoin-crypto-182024038.html,finance.yahoo.com,98,19
2026-02-13,Ross Gerber Slams Trump And Melania Memecoin Hype For Spooking Crypto Investors :  Money Doesnt Come Back,Ross Gerber Slams Trump And Melania Memecoin Hype For Spooking Crypto Investors :  Money Doesnt Come Back,https://www.benzinga.com/crypto/26/02/50604819/ross-gerber-slams-trump-and-melania-memecoin-hype-for-spooking-crypto-investors-money-doesnt-come-back,benzinga.com,105,17
2026-02-13,Peter Lynch Protege Calls Cramer $60K Bitcoin Reserve Theory  Complete Nonsense,Peter Lynch Protege Calls Cramer $60K Bitcoin Reserve Theory  Complete Nonsense,https://finance.yahoo.com/news/peter-lynchs-protege-calls-cramers-003650613.html,finance.yahoo.com,79,11
2026-02-13,Bitcoin Price Prediction as Crypto Fear and Greed Index Slips as Risks Rise,Bitcoin Price Prediction as Crypto Fear and Greed Index Slips as Risks Rise,https://www.banklesstimes.com/articles/2026/02/13/bitcoin-price-prediction-as-crypto-fear-and-greed-index-slips-as-risks-rise/,banklesstimes.com,75,13
2026-02-13,"Bitcoin - Kurs aktuell : Bitcoin - Kurs steigt vor dem Wochenende : Plus von 1 , 24 % auf 67 . 042 , 38 USD ! - 13 . 02 . 26","Bitcoin - Kurs aktuell : Bitcoin - Kurs steigt vor dem Wochenende : Plus von 1 , 24 % auf 67 . 042 , 38 USD ! - 13 . 02 . 26",https://www.wallstreet-online.de/nachricht/20497314-bitcoin-kurs-aktuell-bitcoin-kurs-wochenende-plus-1-24-67-042-38-usd-13-02-26,wallstreet-online.de,124,33
2026-02-13,Bitcoin - Kurs unter 70 . 000 Dollar : Großinvestoren kehren zurück – hilft das ?,Bitcoin - Kurs unter 70 . 000 Dollar : Großinvestoren kehren zurück – hilft das ?,https://deutsche-wirtschafts-nachrichten.de/719029/bitcoin-kurs-unter-70000-dollar-grossinvestoren-kehren-nach-verkaufsphase-zurueck,deutsche-wirtschafts-nachrichten.de,81,16
2026-02-13,Bitwise Bradley Duke on whether Bitcoin pullback presents a buying opportunity,Bitwise Bradley Duke on whether Bitcoin pullback presents a buying opportunity,https://www.proactiveinvestors.com/companies/news/1087332/bitwise-s-bradley-duke-on-whether-bitcoin-s-pullback-presents-a-buying-opportunity-1087332.html,proactiveinvestors.com,78,11
2026-02-13,Bitcoin Leads a Fresh Crypto Slide : Here What It Means for Ethereum and Solana Investors,Bitcoin Leads a Fresh Crypto Slide : Here What It Means for Ethereum and Solana Investors,https://www.fool.com/investing/2026/02/12/bitcoin-leads-a-fresh-crypto-slide-heres-what-it-m/?source=iedfolrf0000001,fool.com,89,16
2026-02-13,Brian Armstrong Explains Why Coinbase Made The Poorly Received Karaoke Super Bowl Ad :  The First Step Is Even Being Noticed ...,Brian Armstrong Explains Why Coinbase Made The Poorly Received Karaoke Super Bowl Ad :  The First Step Is Even Being Noticed ...,https://www.benzinga.com/crypto/cryptocurrency/26/02/50601755/brian-armstrong-explains-why-coinbase-made-the-poorly-received-karaoke-super-bowl-ad-the-first-step-is-even-being-noticed,benzinga.com,128,22
2026-02-13,Thailand SEC Approves Bitcoin and Crypto Assets for Regulated Futures and Options Trading,Thailand SEC Approves Bitcoin and Crypto Assets for Regulated Futures and Options Trading,https://blockonomi.com/thailand-sec-approves-bitcoin-and-crypto-assets-for-regulated-futures-and-options-trading/,blockonomi.com,89,13
2026-02-13,Bitcoin ( BTC ) Under Pressure in Asia After Standard Chartered Warning,Bitcoin ( BTC ) Under Pressure in Asia After Standard Chartered Warning,https://www.bloomberg.com/news/articles/2026-02-13/bitcoin-btc-under-pressure-in-asia-after-standard-chartered-warning,bloomberg.com,71,12
2026-02-13,Bitcoin security system is due for an upgrade,Bitcoin security system is due for an upgrade,https://www.michigandaily.com/opinion/columns/bitcoins-security-system-is-due-for-an-upgrade/,michigandaily.com,45,8
2026-02-13,$3 Billion Options Expiry Looms Over Bitcoin and Ethereum Calm Before the Next Shock ?,$3 Billion Options Expiry Looms Over Bitcoin and Ethereum Calm Before the Next Shock ?,https://finance.yahoo.com/news/3-billion-options-expiry-looms-055314144.html,finance.yahoo.com,86,15
2026-02-13,Coinbase Aktie : Gewinnserie reißt ab,Coinbase Aktie : Gewinnserie reißt ab,https://www.stock-world.de/coinbase-aktie-gewinnserie-reisst-ab/,stock-world.de,37,6
2026-02-13,Crypto Market Crash Today : Reasons Why BTC and Altcoins are Going Down,Crypto Market Crash Today : Reasons Why BTC and Altcoins are Going Down,https://www.banklesstimes.com/articles/2026/02/13/crypto-market-crash-today-reasons-why-btc-and-altcoins-are-going-down/,banklesstimes.com,71,13
2026-02-13,Ce poți cumpăra cu Bitcoin în România . Exemple de magazine,Ce poți cumpăra cu Bitcoin în România . Exemple de magazine,https://cursdeguvernare.ro/ce-poti-cumpara-cu-bitcoin-in-romania-exemple-de-magazine.html,cursdeguvernare.ro,59,11
2026-02-13,PGI CEO Gets 20 Years Over $200M Crypto Investment Scheme,PGI CEO Gets 20 Years Over $200M Crypto Investment Scheme,https://cointelegraph.com/news/pgi-ceo-20-year-sentence-200m-crypto-scheme,cointelegraph.com,57,10
2026-02-13,BitMine Stock Forms Bullish Pattern as Tom Lee Insists This is No Crypto Winter,BitMine Stock Forms Bullish Pattern as Tom Lee Insists This is No Crypto Winter,https://www.banklesstimes.com/articles/2026/02/13/bitmine-stock-forms-bullish-pattern-as-tom-lee-insists-this-is-no-crypto-winter/,banklesstimes.com,79,14
2026-02-13,Coinbase CEO Brian Armstrong Offloads $550 Million in Stock,Coinbase CEO Brian Armstrong Offloads $550 Million in Stock,https://techstory.in/coinbase-ceo-brian-armstrong-offloads-550-million-in-stock-as-crypto-market-spirals-into-extreme-fear/,techstory.in,59,9
2026-02-13,Pete Davidson Bitcoin Biopic  Killing Satoshi  Employs AI - Generated Locations,Pete Davidson Bitcoin Biopic  Killing Satoshi  Employs AI - Generated Locations,https://www.el-balad.com/6850978,el-balad.com,79,11
2026-02-13,"Bitcoin On The Brink But Will In Any Case Survive As A Niche , Collectible Asset , Founder Says","Bitcoin On The Brink But Will In Any Case Survive As A Niche , Collectible Asset , Founder Says",https://www.benzinga.com/crypto/cryptocurrency/26/02/50630374/bitcoin-on-the-brink-but-will-in-any-case-survive-as-a-niche-collectible-asset-founder-says,benzinga.com,95,19
2026-02-13,"Brazil Proposes National Bitcoin Reserve , Targets 1 Million BTC Over Five Years","Brazil Proposes National Bitcoin Reserve , Targets 1 Million BTC Over Five Years",https://www.zerohedge.com/crypto/brazil-proposes-national-bitcoin-reserve-targets-1-million-btc-over-five-years,zerohedge.com,80,13
2026-02-13,4 Signs That Bitcoin Is in the Early Stages of a Bear Market : How Long Could It Last ?,4 Signs That Bitcoin Is in the Early Stages of a Bear Market : How Long Could It Last ?,https://finance.yahoo.com/news/4-signs-bitcoin-early-stages-105119377.html,finance.yahoo.com,87,20
2026-02-13,White House Staff : Trillions Are Waiting To Enter Crypto,White House Staff : Trillions Are Waiting To Enter Crypto,https://bitcoinmagazine.com/news/white-house-trillions-waiting-crypto,bitcoinmagazine.com,57,10
2026-02-13,BlackRock Signals $257M Bitcoin and Ethereum Sell - Off Ahead of Partial U . S . Government Shutdown,BlackRock Signals $257M Bitcoin and Ethereum Sell - Off Ahead of Partial U . S . Government Shutdown,https://finance.yahoo.com/news/blackrock-signals-257m-bitcoin-ethereum-125929308.html,finance.yahoo.com,100,18
2026-02-13,Lightning Labs Releases AI Tools To Help Bitcoin Payments,Lightning Labs Releases AI Tools To Help Bitcoin Payments,https://bitcoinmagazine.com/news/lightning-labs-rolls-out-ai-agent-tools,bitcoinmagazine.com,57,9
2026-02-13,Wall Street analysts slash Coinbase ( COIN ) price targets after Q4 miss but shares still rally,Wall Street analysts slash Coinbase ( COIN ) price targets after Q4 miss but shares still rally,https://www.coindesk.com/markets/2026/02/13/wall-street-analysts-slash-coinbase-price-targets-after-q4-miss-but-shares-still-rally,coindesk.com,95,17
2026-02-13,"BlackRock Enters DeFi Via UniSwap , Bitcoin Stages Modest Recovery","BlackRock Enters DeFi Via UniSwap , Bitcoin Stages Modest Recovery",https://cointelegraph.com/news/blackrock-enters-defi-institutional-crypto-push-finance-redefined,cointelegraph.com,66,10
2026-02-13,2 Cryptocurrency Investments to Buy Hand Over Fist in February,2 Cryptocurrency Investments to Buy Hand Over Fist in February,https://finance.yahoo.com/news/2-cryptocurrency-investments-buy-hand-105300908.html,finance.yahoo.com,62,10
2026-02-13,CryptoMondays to Host Featured Event at ETHDenver and Conduct Curated Studio Interviews with Web3 Innovators,CryptoMondays to Host Featured Event at ETHDenver and Conduct Curated Studio Interviews with Web3 Innovators,https://www.itnewsonline.com/GlobeNewswire/CryptoMondays-to-Host-Featured-Event-at-ETHDenver-and-Conduct-Curated-Studio-Interviews-with-Web3-Innovators/115778,itnewsonline.com,108,15
2026-02-13,"Coinbase ( COIN ) Seen as Strong Crypto Franchise by Baird , Starts Coverage With Neutral Rating","Coinbase ( COIN ) Seen as Strong Crypto Franchise by Baird , Starts Coverage With Neutral Rating",https://www.insidermonkey.com/blog/coinbase-coin-seen-as-strong-crypto-franchise-by-baird-starts-coverage-with-neutral-rating-1695141/,insidermonkey.com,96,17
2026-02-13,Pete Davidson Bitcoin Biopic  Killing Satoshi  to Use AI Locations,Pete Davidson Bitcoin Biopic  Killing Satoshi  to Use AI Locations,https://variety.com/2026/film/news/pete-davidson-killing-satoshi-ai-doug-liman-ryan-kavanaugh-1236661170/,variety.com,66,10
2026-02-13,Bitcoin Hits  Deep Value  as RSI Plummets to 23 : Is the High - Conviction Bottom In ?,Bitcoin Hits  Deep Value  as RSI Plummets to 23 : Is the High - Conviction Bottom In ?,https://www.coinspeaker.com/bitcoin-hits-deep-value-rsi-plummets-23/,coinspeaker.com,86,18
2026-02-13,"Why you should be watching beyond price : Infrastructure , regulation and innovation still push crypto forward","Why you should be watching beyond price : Infrastructure , regulation and innovation still push crypto forward",https://www.proactiveinvestors.co.uk/companies/news/1087365/why-you-should-be-watching-beyond-price-infrastructure-regulation-and-innovation-still-push-crypto-forward-1087365.html,proactiveinvestors.co.uk,110,17
2026-02-13,Coinbase Wrapped BTC ( CBBTC ) Hits Self Reported Market Cap of $5 . 86 Billion,Coinbase Wrapped BTC ( CBBTC ) Hits Self Reported Market Cap of $5 . 86 Billion,https://www.dailypolitical.com/2026/02/13/coinbase-wrapped-btc-cbbtc-hits-self-reported-market-cap-of-5-86-billion.html,dailypolitical.com,79,16
2026-02-13,Bhutan Liquidates Another $6 . 77 Million in Bitcoin,Bhutan Liquidates Another $6 . 77 Million in Bitcoin,https://techstory.in/himalayan-treasury-in-motion-bhutan-liquidates-another-6-77-million-in-bitcoin/,techstory.in,52,9
2026-02-13,Universal BTC One Day Volume Tops $189 . 65 Thousand ( UNIBTC ),Universal BTC One Day Volume Tops $189 . 65 Thousand ( UNIBTC ),https://www.themarketsdaily.com/2026/02/13/universal-btc-one-day-volume-tops-189-65-thousand-unibtc.html,themarketsdaily.com,63,13
2026-02-13,Bitcoin On - Chain Heatmap Shows All Major Metrics In The Red,Bitcoin On - Chain Heatmap Shows All Major Metrics In The Red,https://www.newsbtc.com/bitcoin-news/bitcoin-on-chain-heatmap-major-metrics-red/,newsbtc.com,61,12
2026-02-13,Are Quantum - Proof Bitcoin Wallets Insurance or a Fear Tax ?,Are Quantum - Proof Bitcoin Wallets Insurance or a Fear Tax ?,https://cointelegraph.com/news/quantum-proof-bitcoin-wallets-insurance-fear-tax,cointelegraph.com,61,12
2026-02-13,"Bitcoin Eyes $70 , 000 Reclaim As Ethereum , XRP , Dogecoin Flip Green Bullish Weekend Ahead ?","Bitcoin Eyes $70 , 000 Reclaim As Ethereum , XRP , Dogecoin Flip Green Bullish Weekend Ahead ?",https://www.benzinga.com/crypto/cryptocurrency/26/02/50622430/bitcoin-eyes-70000-reclaim-as-ethereum-xrp-dogecoin-flip-green-bullish-weekend-ahead,benzinga.com,94,18
2026-02-14,Romance scams target older adults with cryptocurrency schemes,Romance scams target older adults with cryptocurrency schemes,https://www.wbay.com:443/2026/02/13/romance-scams-target-older-adults-with-cryptocurrency-schemes/,wbay.com,61,8
2026-02-14,"Ethereum ( ETH ) Price Prediction : ETH Tests $1 , 850 Support as Bearish Pressure Persists","Ethereum ( ETH ) Price Prediction : ETH Tests $1 , 850 Support as Bearish Pressure Persists",https://bravenewcoin.com/insights/ethereum-eth-price-prediction-eth-tests-1850-support-as-bearish-pressure-persists,bravenewcoin.com,91,17
2026-02-14,"Bitcoin rebounds slightly , but weekly decline streak clouds near term outlook","Bitcoin rebounds slightly , but weekly decline streak clouds near term outlook",https://www.businesstoday.in/personal-finance/investment/story/bitcoin-rebounds-slightly-but-weekly-decline-streak-clouds-near-term-outlook-516144-2026-02-14,businesstoday.in,78,12
2026-02-14,"Bitcoin price approaches $69 , 000","Bitcoin price approaches $69 , 000",https://en.apa.az/bourse/bitcoin-price-approaches-69000-491738,en.apa.az,34,6
2026-02-14,Krypto News : Kursexplosion dank KI ? Binance - CEO erklärt These,Krypto News : Kursexplosion dank KI ? Binance - CEO erklärt These,https://www.finanzen.ch/nachrichten/devisen/krypto-news-kursexplosion-dank-ki-binance-ceo-erklart-these-1035828325,finanzen.ch,65,12
2026-02-14,Morgan Stanley says to buy these 2 crypto stocks that are pivoting to AI and primed for 150 % gains,Morgan Stanley says to buy these 2 crypto stocks that are pivoting to AI and primed for 150 % gains,https://finance.yahoo.com/news/morgan-stanley-says-buy-2-180542448.html,finance.yahoo.com,99,20
2026-02-14,Coinbase shrugs off quarterly loss as crypto market tanks,Coinbase shrugs off quarterly loss as crypto market tanks,https://finance.yahoo.com/news/coinbase-shrugs-off-quarterly-loss-225959385.html,finance.yahoo.com,57,9
2026-02-14,Bitcoin NUPL Back In Hope / Fear Region : What Happens Next ?,Bitcoin NUPL Back In Hope / Fear Region : What Happens Next ?,https://www.newsbtc.com/bitcoin-news/bitcoin-nupl-hope-fear-region-what-happens-next/,newsbtc.com,61,13
2026-02-14,"XRP Set To Dethrone Bitcoin Within 6 Years , Entrepreneur Says","XRP Set To Dethrone Bitcoin Within 6 Years , Entrepreneur Says",https://www.newsbtc.com/altcoin/xrp-set-to-dethrone-bitcoin-within-6-years-entrepreneur-says/,newsbtc.com,62,11
2026-02-14,3 Things Every Bitcoin Investor Needs to Know,3 Things Every Bitcoin Investor Needs to Know,https://www.fool.com/investing/2026/02/13/3-things-every-bitcoin-investor-needs-to-know/?source=iedfolrf0000001,fool.com,45,8
2026-02-14,"Bitcoin and Ethereum near $68 , 000 and $2 , 054 ; experts flag caution from on - chain data","Bitcoin and Ethereum near $68 , 000 and $2 , 054 ; experts flag caution from on - chain data",https://economictimes.indiatimes.com/markets/cryptocurrency/bitcoin-and-ethereum-near-68000-and-2054-experts-flag-caution-from-on-chain-data/articleshow/128335387.cms,economictimes.indiatimes.com,92,20
2026-02-14,Coinbase posts surprise loss on crypto trading slowdown,Coinbase posts surprise loss on crypto trading slowdown,https://finance.yahoo.com/news/cryptocurrency-exchange-coinbases-swings-quarterly-211420186.html,finance.yahoo.com,55,8
2026-02-14,Grant Cardone Is Selling A Mega Mansion For Bitcoin Only And Says Hell Be  Better Off  By 2029 But Will Anyone Bite ? - Grayscale Bitcoin Mini Trust ( BTC ) ( ARCA : BTC ),Grant Cardone Is Selling A Mega Mansion For Bitcoin Only And Says Hell Be  Better Off  By 2029 But Will Anyone Bite ? - Grayscale Bitcoin Mini Trust ( BTC ) ( ARCA : BTC ),https://www.benzinga.com/crypto/cryptocurrency/26/02/50632640/grant-cardone-is-selling-a-mega-mansion-for-bitcoin-only-and-says-hell-be-better-off-by-2029-but-will-anyone-bite,benzinga.com,171,36
2026-02-14,Top 10 Cryptocurrency Platforms for Buying Ethereum in 2026 - GIS user technology news,Top 10 Cryptocurrency Platforms for Buying Ethereum in 2026 - GIS user technology news,https://gisuser.com/2026/02/top-10-cryptocurrency-platforms-for-buying-ethereum-in-2026/,gisuser.com,86,14
2026-02-14,Bitcoin On - Chain Data Indicates High Volatility Ahead Following Post - CPI Reaction,Bitcoin On - Chain Data Indicates High Volatility Ahead Following Post - CPI Reaction,https://www.newsbtc.com/news/bitcoin/bitcoin-on-chain-data-indicates-high-volatility-ahead-following-post-cpi-reaction/,newsbtc.com,85,14
2026-02-14,Zašto je uopće nastao Bitcoin i kako su kriptovalute izrasle iz trulog bankarskog sustava ?,Zašto je uopće nastao Bitcoin i kako su kriptovalute izrasle iz trulog bankarskog sustava ?,https://www.dnevno.hr/gospodarstvo-i-turizam/zasto-je-uopce-nastao-bitcoin-i-kako-su-kriptovalute-izrasle-iz-trulog-bankarskog-sustava-3212191/,dnevno.hr,91,15
2026-02-14,How the first bitcoin heist helped its success,How the first bitcoin heist helped its success,https://www.nbr.co.nz/book-review/how-the-first-bitcoin-heist-helped-its-success/,nbr.co.nz,46,8
2026-02-14,"Bitcoin Eyes Untapped Liquidity : $64 , 000 Support Could Be Next Target","Bitcoin Eyes Untapped Liquidity : $64 , 000 Support Could Be Next Target",https://www.newsbtc.com/news/bitcoin/bitcoin-eyes-untapped-liquidity/,newsbtc.com,72,13
2026-02-14,Fed - up mystery tipster hikes bitcoin demand for Nancy Guthrie kidnapper identity,Fed - up mystery tipster hikes bitcoin demand for Nancy Guthrie kidnapper identity,https://www.rawstory.com/nancy-guthrie-2675268747/,rawstory.com,82,13
2026-02-14,Friday Mix97  Hollywood Dirt : Nancy Guthrie Bitcoin Demands Escalate as Steven Spielberg Backs James Van Der Beek Fundraiser and Lewis Hamilton Dodges Kim Kardashian Romance,Friday Mix97  Hollywood Dirt : Nancy Guthrie Bitcoin Demands Escalate as Steven Spielberg Backs James Van Der Beek Fundraiser and Lewis Hamilton Dodges Kim Kardashian Romance,https://mix97.com/2026/02/13/fridays-mix97-hollywood-dirt-nancy-guthrie-bitcoin-demands-escalate-as-steven-spielberg-backs-james-van-der-beek-fundraiser-and-lewis-hamilton-dodges-kim-kardashian-romance/,mix97.com,174,26
2026-02-14,Nancy Guthrie disappearance case puts spotlight on cryptocurrency tracking,Nancy Guthrie disappearance case puts spotlight on cryptocurrency tracking,https://www.fox26houston.com/news/nancy-guthrie-disappearance-case-puts-spotlight-cryptocurrency-tracking,fox26houston.com,74,9
2026-02-14,"Financial expert weighs economy outlook , cautious investors and cryptocurrency latest","Financial expert weighs economy outlook , cautious investors and cryptocurrency latest",https://wjla.com/news/local/financial-expert-ric-eldelman-economyoutlook-cautious-investors-cryptocurrency-bitcoin-fall-stocks-market-tariffs-global-economics-american-dream-crypto-winter-prices-cost-of-living-affordability-trump,wjla.com,86,11
2026-02-14,When Will Bitcoin Bounce Back ? Top Analyst Breaks Down Prior Major Corrections,When Will Bitcoin Bounce Back ? Top Analyst Breaks Down Prior Major Corrections,https://www.newsbtc.com/bitcoin-news/when-will-bitcoin-bounce-back-top-analyst-breaks-down-prior-major-corrections/,newsbtc.com,79,13
2026-02-14,GraniteShares YieldBOOST Bitcoin ETF ( NASDAQ : XBTY ) Declares Dividend of $0 . 16,GraniteShares YieldBOOST Bitcoin ETF ( NASDAQ : XBTY ) Declares Dividend of $0 . 16,https://www.tickerreport.com/banking-finance/13346351/graniteshares-yieldboost-bitcoin-etf-nasdaqxbty-declares-dividend-of-0-16.html,tickerreport.com,83,15
2026-02-14,Bessent Says Crypto Firms Are Sabotaging Best Chance for Rules,Bessent Says Crypto Firms Are Sabotaging Best Chance for Rules,https://www.pymnts.com/cryptocurrency/2026/bessent-says-crypto-firms-are-sabotaging-best-chance-for-rules/,pymnts.com,62,10
2026-02-14,Urgent Crypto Reform : Treasury Secretary Says Clock Is Ticking,Urgent Crypto Reform : Treasury Secretary Says Clock Is Ticking,https://www.newsbtc.com/altcoin/urgent-crypto-reform-treasury-secretary-says-the-clock-is-ticking/,newsbtc.com,63,10
2026-02-14,France is a capital of bitcoin kidnapping :  They cut off his finger,France is a capital of bitcoin kidnapping :  They cut off his finger,https://www.thetimes.com/world/europe/article/bitcoin-cryptocurrency-wrenching-ransom-france-0872x6xj8,thetimes.com,68,13
2026-02-14,Bitcoin hebt ab : Jetzt geht schnell !,Bitcoin hebt ab : Jetzt geht schnell !,https://www.finanzen.net/nachricht/devisen/bitcoin-hebt-ab-jetzt-geht-s-schnell-15491541,finanzen.net,38,8
2026-02-14,Cryptocurrency Stocks To Follow Now – February 14th,Cryptocurrency Stocks To Follow Now – February 14th,https://www.tickerreport.com/banking-finance/13347315/cryptocurrency-stocks-to-follow-now-february-14th.html,tickerreport.com,51,8
2026-02-14,"Bitcoin Surges to $70 , 000 After $8 . 7 Billion Market Recovery","Bitcoin Surges to $70 , 000 After $8 . 7 Billion Market Recovery",https://www.el-balad.com/6851904,el-balad.com,64,13
2026-02-14,Promising Blockchain Stocks Worth Watching – February 13th,Promising Blockchain Stocks Worth Watching – February 13th,https://www.themarketsdaily.com/2026/02/14/promising-blockchain-stocks-worth-watching-february-13th.html,themarketsdaily.com,58,8
2026-02-14,New Altcoin Analysts Say Could Mirror Bitcoin ( BTC ) Past,New Altcoin Analysts Say Could Mirror Bitcoin ( BTC ) Past,https://www.openpr.com/news/4390844/new-altcoin-analysts-say-could-mirror-bitcoin-btc-s-past,openpr.com,58,11
2026-02-14,Ethereum Open Interest Plunges : Cooling Off Or Cracks Forming ?,Ethereum Open Interest Plunges : Cooling Off Or Cracks Forming ?,https://www.newsbtc.com/news/ethereum/ethereum-open-interest-plunges-cooling-off-or-cracks-forming/,newsbtc.com,64,11
2026-02-14,Trump Crypto Boom Falters as Markets Slide and Supporters Question the Hype – Sri Lanka Guardian,Trump Crypto Boom Falters as Markets Slide and Supporters Question the Hype – Sri Lanka Guardian,https://slguardian.org/trumps-crypto-boom-falters-as-markets-slide-and-supporters-question-the-hype/,slguardian.org,96,16
2026-02-14,"Michael Saylor : Strategy Has No Liquidation Risk Until Bitcoin Falls to $8 , 000 How Is That Possible ?","Michael Saylor : Strategy Has No Liquidation Risk Until Bitcoin Falls to $8 , 000 How Is That Possible ?",https://finance.yahoo.com/news/michael-saylor-strategy-no-liquidation-090216780.html,finance.yahoo.com,104,20
2026-02-14,Why Couples Are Marrying With Crypto Prenups,Why Couples Are Marrying With Crypto Prenups,https://www.pymnts.com/cryptocurrency/2026/love-honor-ledger-why-couples-are-marrying-with-crypto-prenups/,pymnts.com,44,7
2026-02-14,"Bitcoin Signals Turning Point But No Clear Bottom Yet , Experts Say","Bitcoin Signals Turning Point But No Clear Bottom Yet , Experts Say",https://finance.yahoo.com/news/bitcoin-signals-turning-point-no-042434205.html,finance.yahoo.com,67,12
2026-02-14,Bitcoin : Lohnt sich der Einstieg ? Sieben Indikatoren geben Orientierung,Bitcoin : Lohnt sich der Einstieg ? Sieben Indikatoren geben Orientierung,https://www.handelsblatt.com/finanzen/anlagestrategie/trends/bitcoin-lohnt-sich-der-einstieg-sieben-indikatoren-geben-orientierung/100198763.html,handelsblatt.com,73,11
2026-02-14,How Bitcoin Could Help You Retire a Millionaire,How Bitcoin Could Help You Retire a Millionaire,https://www.fool.com/investing/2026/02/14/how-cryptocurrency-could-help-you-retire-a-million/?source=iedfolrf0000001,fool.com,47,8
2026-02-14,Dutch Parliament Approves 36 % Tax on Unrealized Crypto,Dutch Parliament Approves 36 % Tax on Unrealized Crypto,https://techstory.in/dutch-parliament-approves-controversial-36-tax-on-unrealized-crypto-and-stock-gains/,techstory.in,55,9
2026-02-14,Bitcoin & Co . aktuell : Wie sich Kryptowährungen am Vormittag entwickeln,Bitcoin & Co . aktuell : Wie sich Kryptowährungen am Vormittag entwickeln,https://www.finanzen.net/nachricht/devisen/digitalwaehrungen-im-fokus-so-bewegen-sich-bitcoin-co-am-vormittag-15491504,finanzen.net,73,12
2026-02-14,A New Crypto Project Approaches $21M Raised as V1 Protocol,A New Crypto Project Approaches $21M Raised as V1 Protocol,https://www.openpr.com/news/4390849/a-new-crypto-project-approaches-21m-raised-as-v1-protocol,openpr.com,58,10
2026-02-14,"Ponzi schemer behind $201 million Bitcoin scam sentenced to 20 years in federal prison promised 3 % daily returns on Bitcoin investments , left investors reeling","Ponzi schemer behind $201 million Bitcoin scam sentenced to 20 years in federal prison promised 3 % daily returns on Bitcoin investments , left investors reeling",https://www.tomshardware.com/tech-industry/cryptocurrency/ponzi-schemer-who-promised-3-percent-in-daily-returns-on-bitcoin-investment-sentenced-to-20-years-in-federal-prison-usd201-million-scam-predictably-collapsed-leaving-investors-reeling,tomshardware.com,161,26
2026-02-14,Bitcoin Mining and the Electricity Grid : A Quiet Savior,Bitcoin Mining and the Electricity Grid : A Quiet Savior,https://mises.org/mises-wire/bitcoin-mining-and-electricity-grid-quiet-savior,mises.org,56,10
2026-02-14,Best Altcoin to Buy Today ? This $0 . 04 Token Is Targeting $1 For 3,Best Altcoin to Buy Today ? This $0 . 04 Token Is Targeting $1 For 3,https://www.openpr.com/news/4390848/best-altcoin-to-buy-today-this-0-04-token-is-targeting-1-for-3,openpr.com,68,16
2026-02-14,"Crypto Prices Are Tumbling Across the Board . Here How Id Put $1 , 000 to Work Today .","Crypto Prices Are Tumbling Across the Board . Here How Id Put $1 , 000 to Work Today .",https://www.fool.com/investing/2026/02/14/crypto-prices-are-tumbling-across-the-board/?source=iedfolrf0000001,fool.com,86,19
2026-02-14,Bitcoin & Co . aktuell : Wie sich Kryptowährungen am Nachmittag entwickeln,Bitcoin & Co . aktuell : Wie sich Kryptowährungen am Nachmittag entwickeln,https://www.finanzen.net/nachricht/devisen/bitcoin-ether-co-so-schlagen-sich-die-kryptowaehrungen-am-samstagnachmittag-15491723,finanzen.net,74,12
2026-02-14,"Bitcoin , Ether & Co : So schlagen sich die Kryptowährungen am Samstagnachmittag","Bitcoin , Ether & Co : So schlagen sich die Kryptowährungen am Samstagnachmittag",https://www.finanzen.ch/nachrichten/devisen/bitcoin-ether-&-co-so-schlagen-sich-die-kryptowahrungen-am-samstagnachmittag-1035828529,finanzen.ch,80,13
2026-02-14,Why France Has Become The Epicenter Of Crypto Kidnappings,Why France Has Become The Epicenter Of Crypto Kidnappings,https://www.forbes.com/sites/digital-assets/2026/02/14/france-crypto-kidnappings-leaks-and-zero-convictions-fuel-the-crisis/,forbes.com,57,9
2026-02-14,"Bitcoin Is Down Bad , But Hasnt Yet Hit Its  Ultimate Bear Market Bottom : Analysts","Bitcoin Is Down Bad , But Hasnt Yet Hit Its  Ultimate Bear Market Bottom : Analysts",https://finance.yahoo.com/news/bitcoin-down-bad-hasnt-yet-161105690.html,finance.yahoo.com,83,16
2026-02-14,"EXCLUSIVE : Infrastructure Gap To Widen : Cango , As AI Pivot Flags ETF Opportunity - Global X Artificial Intelligence & Technology ETF ( NASDAQ : AIQ ), Amplify Blockchain Technology ETF ( ARCA : BLOK )","EXCLUSIVE : Infrastructure Gap To Widen : Cango , As AI Pivot Flags ETF Opportunity - Global X Artificial Intelligence & Technology ETF ( NASDAQ : AIQ ), Amplify Blockchain Technology ETF ( ARCA : BLOK )",https://www.benzinga.com/etfs/broad-u-s-equity-etfs/26/02/50632407/exclusive-inference-infrastructure-gap-to-widen-bitcoin-miner-cangos-ai-pivot-signals-an-etf-opportunity,benzinga.com,203,37
2026-02-15,Crypto investors who dont fill out this new tax form the right way could overpay on their taxes,Crypto investors who dont fill out this new tax form the right way could overpay on their taxes,https://finance.yahoo.com/news/crypto-investors-don-t-fill-130000556.html,finance.yahoo.com,95,18
2026-02-15,Bitcoin & Co . aktuell : Wie sich Kryptowährungen am Mittag entwickeln,Bitcoin & Co . aktuell : Wie sich Kryptowährungen am Mittag entwickeln,https://www.finanzen.net/nachricht/devisen/kryptokurse-am-sonntagmittag-15493640,finanzen.net,70,12
2026-02-15,Cryptocurrency Stocks To Research – February 12th,Cryptocurrency Stocks To Research – February 12th,https://www.dailypolitical.com/2026/02/15/cryptocurrency-stocks-to-research-february-12th.html,dailypolitical.com,49,7
2026-02-15,Crash course : Vietnam crypto boom goes bust,Crash course : Vietnam crypto boom goes bust,https://www.gjsentinel.com/news/national/crash-course-vietnams-crypto-boom-goes-bust/article_a9628fa0-f3ea-53e8-84e4-b980db0559b9.html,gjsentinel.com,44,8
2026-02-15,"This New Crypto Under $0 . 05 Is Building a 600 % Growth Case ,","This New Crypto Under $0 . 05 Is Building a 600 % Growth Case ,",https://www.openpr.com/news/4391003/this-new-crypto-under-0-05-is-building-a-600-growth-case,openpr.com,63,15
2026-02-15,2x Bitcoin Strategy ETF ( BATS : BITX ) Stock Price Up 10 . 1 % – Still a Buy ?,2x Bitcoin Strategy ETF ( BATS : BITX ) Stock Price Up 10 . 1 % – Still a Buy ?,https://www.tickerreport.com/banking-finance/13348178/2x-bitcoin-strategy-etf-batsbitx-stock-price-up-10-1-still-a-buy.html,tickerreport.com,79,21
2026-02-15,"Bitcoin bulls fail to crack $69 , 000 as market weakness points to potential drop to $55K - $65K range – NaturalNews . com","Bitcoin bulls fail to crack $69 , 000 as market weakness points to potential drop to $55K - $65K range – NaturalNews . com",https://www.naturalnews.com/2026-02-15-bitcoin-bulls-fail-crack-69000-market-drop.html,naturalnews.com,122,24
2026-02-15,Morgan Stanley Seeks Crypto Talent to Build DeFi and Tokenization Infrastructure,Morgan Stanley Seeks Crypto Talent to Build DeFi and Tokenization Infrastructure,https://finance.yahoo.com/news/morgan-stanley-seeks-crypto-talent-142159694.html,finance.yahoo.com,80,11
2026-02-15,Crypto ATM Market to Reach USD 10 Billion by 2035 | CAGR 17 . 1 % Crypto ATM Market to Reach USD 10 Bill,Crypto ATM Market to Reach USD 10 Billion by 2035 | CAGR 17 . 1 % Crypto ATM Market to Reach USD 10 Bill,https://www.briefingwire.com/pr/crypto-atm-market-to-reach-usd-10-billion-by-2035-cagr-171crypto-atm-market-to-reach-usd-10-bill,briefingwire.com,104,24
2026-02-15,Bitcoin Historical Data Offers Clues On Potential Market Reversal,Bitcoin Historical Data Offers Clues On Potential Market Reversal,https://www.newsbtc.com/news/bitcoin/bitcoin-historical-data-offers-clues-on-potential-market-reversal-details/,newsbtc.com,65,9
2026-02-15,IBIT vs . ETHA : Two Unique Approaches for Investing in Crypto,IBIT vs . ETHA : Two Unique Approaches for Investing in Crypto,https://finance.yahoo.com/news/ibit-vs-etha-two-unique-032129492.html,finance.yahoo.com,62,12
2026-02-15,It  Inevitable  Elon Musk Suddenly Confirms Massive  Game - Changer  As X Reveals Bitcoin And Crypto Price Updates,It  Inevitable  Elon Musk Suddenly Confirms Massive  Game - Changer  As X Reveals Bitcoin And Crypto Price Updates,https://www.forbes.com/sites/digital-assets/2026/02/15/its-inevitable-elon-musk-is-quietly-fueling-2027-bitcoin-and-crypto-speculation-amid-the-price-crash/,forbes.com,114,18
2026-02-15,"Strategy Inc ( MSTR ) a Strong Buy , Analysts Forecast 193 % Upside","Strategy Inc ( MSTR ) a Strong Buy , Analysts Forecast 193 % Upside",https://www.insidermonkey.com/blog/strategy-inc-mstr-a-strong-buy-analysts-forecast-193-upside-1696147/,insidermonkey.com,67,14
2026-02-15,Bitcoin Dev Inaction on Quantum Will Frustrate Institutions : VC,Bitcoin Dev Inaction on Quantum Will Frustrate Institutions : VC,https://cointelegraph.com/news/bitcoin-quantum-computing-risk-institutions-developers,cointelegraph.com,64,10
2026-02-15,Post - Peak Bitcoin : Future Trends and Strategic Positioning,Post - Peak Bitcoin : Future Trends and Strategic Positioning,https://www.el-balad.com/6852038,el-balad.com,61,10
2026-02-15,Hashdex Bitcoin ETF ( NYSEARCA : DEFI ) Short Interest Down 50 . 0 % in January,Hashdex Bitcoin ETF ( NYSEARCA : DEFI ) Short Interest Down 50 . 0 % in January,https://www.tickerreport.com/banking-finance/13347484/hashdex-bitcoin-etf-nysearcadefi-short-interest-down-50-0-in-january.html,tickerreport.com,79,17
2026-02-15,"Stake . us vs 7bet vs Spartans : Where Lil Baby Bets , Players Win 33 % Back | The Ultimate Online Bitcoin Casino of 2026","Stake . us vs 7bet vs Spartans : Where Lil Baby Bets , Players Win 33 % Back | The Ultimate Online Bitcoin Casino of 2026",https://punchng.com/stake-us-vs-7bet-vs-spartans-where-lil-baby-bets-players-win-33-back-the-ultimate-online-bitcoin-casino-of-2026/,punchng.com,121,26
2026-02-15,Giá Bitcoin hôm nay 15 . 2 . 2026 : Quay lại mốc 70 . 000 USD,Giá Bitcoin hôm nay 15 . 2 . 2026 : Quay lại mốc 70 . 000 USD,https://thanhnien.vn/gia-bitcoin-hom-nay-1522026-quay-lai-moc-70000-usd-185260215074901993.htm,thanhnien.vn,61,17
2026-02-15,Bitcoin Mining And The Electricity Grid : A Quiet Savior – OpEd,Bitcoin Mining And The Electricity Grid : A Quiet Savior – OpEd,https://www.eurasiareview.com/15022026-bitcoin-mining-and-the-electricity-grid-a-quiet-savior-oped/,eurasiareview.com,63,12
2026-02-15,IREN Drops 14 % as Bitcoin Mining Revenue Falls to $167 Million,IREN Drops 14 % as Bitcoin Mining Revenue Falls to $167 Million,https://finance.yahoo.com/news/iren-drops-14-bitcoin-mining-185240052.html,finance.yahoo.com,63,12
2026-02-15,Bitcoin Mining & The Electricity Grid : A Quiet Savior,Bitcoin Mining & The Electricity Grid : A Quiet Savior,https://www.zerohedge.com/crypto/bitcoin-mining-electricity-grid-quiet-savior,zerohedge.com,54,10
2026-02-15,"Bitcoin Price Reclaims $70 , 000 After Deep February Slide","Bitcoin Price Reclaims $70 , 000 After Deep February Slide",https://bitcoinmagazine.com/markets/bitcoin-price-reclaims-70000-after-feb,bitcoinmagazine.com,58,10
2026-02-15,The Ghost in the Machine : How a Bitcoin Mystery Film Reignited Hollywood Fiercest AI Debate,The Ghost in the Machine : How a Bitcoin Mystery Film Reignited Hollywood Fiercest AI Debate,https://www.webpronews.com/the-ghost-in-the-machine-how-a-bitcoin-mystery-film-reignited-hollywoods-fiercest-ai-debate/,webpronews.com,92,16
2026-02-15,"Trump Media Files to Launch Truth Social - Branded Bitcoin , Ethereum , Cronos ETFs","Trump Media Files to Launch Truth Social - Branded Bitcoin , Ethereum , Cronos ETFs",https://finance.yahoo.com/news/trump-media-files-launch-truth-212246960.html,finance.yahoo.com,83,15
2026-02-15,3 Tech Stocks With More Potential Than Any Cryptocurrency,3 Tech Stocks With More Potential Than Any Cryptocurrency,https://finance.yahoo.com/news/3-tech-stocks-more-potential-093500450.html,finance.yahoo.com,57,9
2026-02-15,Bitcoin Miners Built a $77K Price Floor - Are We on the Cusp of a Miner - Fueled Bitcoin Rebound ?,Bitcoin Miners Built a $77K Price Floor - Are We on the Cusp of a Miner - Fueled Bitcoin Rebound ?,https://www.finanznachrichten.de/nachrichten-2026-02/67705556-bitcoin-miners-built-a-dollar-77k-price-floor-are-we-on-the-cusp-of-a-miner-fueled-bitcoin-rebound-385.htm,finanznachrichten.de,98,21
2026-02-15,"Northmoreland Township man loses nearly $21 , 000 in Bitcoin kiosk extortion scam","Northmoreland Township man loses nearly $21 , 000 in Bitcoin kiosk extortion scam",https://fox56.com/news/local/northmoreland-township-man-loses-nearly-21000-in-bitcoin-kiosk-extortion-scam,fox56.com,81,13
2026-02-15,Hong Kong is trying to build up its crypto regulations : State of Crypto,Hong Kong is trying to build up its crypto regulations : State of Crypto,https://www.coindesk.com/policy/2026/02/16/hong-kong-is-trying-to-build-up-its-crypto-regulations-state-of-crypto,coindesk.com,72,14
2026-02-15,Saylor Signals Week 12 of Consecutive Bitcoin Buys From Strategy,Saylor Signals Week 12 of Consecutive Bitcoin Buys From Strategy,https://cointelegraph.com/news/michael-saylor-signals-strategy-buy-bitcoin,cointelegraph.com,64,10
2026-02-15,"Strategy Can Fully Cover $6 Billion In Debt if Bitcoin Drops 90 %, But What Happens Below That Line ?","Strategy Can Fully Cover $6 Billion In Debt if Bitcoin Drops 90 %, But What Happens Below That Line ?",https://finance.yahoo.com/news/strategy-fully-cover-6-billion-200828726.html,finance.yahoo.com,101,20
2026-02-15,Iowa Bitcoin Mining Facility Uses More Power Than Town Residents,Iowa Bitcoin Mining Facility Uses More Power Than Town Residents,https://www.governing.com/next/iowa-bitcoin-mining-facility-uses-more-power-than-town-residents,governing.com,64,10
2026-02-15,Bitcoin Price Prediction : Bitcoin Tests 0 . 382 Fibonacci as IBIT Signals Mounting Bearish Pressure,Bitcoin Price Prediction : Bitcoin Tests 0 . 382 Fibonacci as IBIT Signals Mounting Bearish Pressure,https://bravenewcoin.com/insights/bitcoin-price-prediction-bitcoin-tests-0-382-fibonacci-as-ibit-signals-mounting-bearish-pressure,bravenewcoin.com,100,16
2026-02-15,This Crypto Sell - Off Points To Increased Institutional Influence In 2026,This Crypto Sell - Off Points To Increased Institutional Influence In 2026,https://www.forbes.com/sites/digital-assets/2026/02/15/this-crypto-sell-off-points-to-increased-institutional-influence-in-2026/,forbes.com,74,12
2026-02-15,Quantencomputer vs . Bitcoin : Warum ein Top - Analyst jetzt Alarm schlägt,Quantencomputer vs . Bitcoin : Warum ein Top - Analyst jetzt Alarm schlägt,https://www.finanzen.ch/nachrichten/devisen/quantencomputer-vs-bitcoin-warum-ein-top-analyst-jetzt-alarm-schlagt-1035820087,finanzen.ch,74,13
2026-02-15,Trillions in Institutional Capital Poised to Flood Crypto Markets Pending Regulation,Trillions in Institutional Capital Poised to Flood Crypto Markets Pending Regulation,https://techstory.in/white-house-adviser-trillions-in-institutional-capital-poised-to-flood-crypto-markets-pending-regulation/,techstory.in,84,11
2026-02-15,2 Predictions for Crypto Treasury Firms in 2026,2 Predictions for Crypto Treasury Firms in 2026,https://finance.yahoo.com/news/2-predictions-crypto-treasury-firms-161000228.html,finance.yahoo.com,47,8
2026-02-15,Bitcoin price drop : ETF flows are down but dont signal investor panic,Bitcoin price drop : ETF flows are down but dont signal investor panic,https://www.cnbc.com/2026/02/15/bitcoin-price-crash-crypto-winter-investors-etf-flows.html,cnbc.com,70,13
2026-02-15,"Consensus Hong Kong 2026 : Crypto , AI Agents and the New Machine Economy","Consensus Hong Kong 2026 : Crypto , AI Agents and the New Machine Economy",https://www.masdark.com/1699,masdark.com,73,14
2026-02-15,"Weekend Round - Up : Bitcoin Wild Ride , Schiff Bitcoin Blast And Pudgy Penguin Valentine Day Pop - Up","Weekend Round - Up : Bitcoin Wild Ride , Schiff Bitcoin Blast And Pudgy Penguin Valentine Day Pop - Up",https://www.benzinga.com/crypto/cryptocurrency/26/02/50634625/weekend-round-up-bitcoins-wild-ride-schiffs-bitcoin-blast-and-pudgy-penguins-valentines-day-pop-up,benzinga.com,102,20
2026-02-15,Bitcoin Price To Bottom At $45K ? On - Chain Indicator Says Yes,Bitcoin Price To Bottom At $45K ? On - Chain Indicator Says Yes,https://www.newsbtc.com/news/bitcoin/bitcoin-price-to-bottom-at-45k-on-chain-indicator-says-yes/,newsbtc.com,63,13
2026-02-15,Bitcoin Price Continues Market Focus in 2026 as BM Blockchain,Bitcoin Price Continues Market Focus in 2026 as BM Blockchain,https://www.openpr.com/news/4391140/bitcoin-price-continues-market-focus-in-2026-as-bm-blockchain,openpr.com,61,10
2026-02-15,"Coinbase misses Q4 earnings , Ethereum eyes  V - shaped recovery : Hodler Digest , Feb . 8","Coinbase misses Q4 earnings , Ethereum eyes  V - shaped recovery : Hodler Digest , Feb . 8",https://cointelegraph.com/magazine/crypto-exchange-coinbase-ethereum-price-recovery-bitcoin-etf-hodlers-digest/,cointelegraph.com,90,18
2026-02-15,WLFI May Have Signaled Crypto Crash Hours Before Bitcoin : Study,WLFI May Have Signaled Crypto Crash Hours Before Bitcoin : Study,https://cointelegraph.com/news/wlfi-early-warning-signal-crypto-amberdata-study,cointelegraph.com,64,11
2026-02-15,State Police investigate over $30K Bitcoin warrant payment fraud in Northampton County,State Police investigate over $30K Bitcoin warrant payment fraud in Northampton County,https://fox56.com/news/local/state-police-investigate-over-30k-bitcoin-warrant-payment-fraud-in-northampton-county,fox56.com,86,12
2026-02-15,"Proof Of Work Is What In Your Wallet , Not On The Bitcoin Blockchain","Proof Of Work Is What In Your Wallet , Not On The Bitcoin Blockchain",https://www.forbes.com/sites/johntamny/2026/02/15/proof-of-work-is-whats-in-your-wallet-not-on-the-bitcoin-blockchain/,forbes.com,68,14
2026-02-16,Brian Armstrong Praises Coinbase User  Diamond Hand But Sells $101M in COIN Himself,Brian Armstrong Praises Coinbase User  Diamond Hand But Sells $101M in COIN Himself,https://finance.yahoo.com/news/brian-armstrong-praises-coinbase-users-072557552.html,finance.yahoo.com,83,13
2026-02-16,Crypto Payments to Human Traffickers Surges 85 % - Infosecurity Magazine,Crypto Payments to Human Traffickers Surges 85 % - Infosecurity Magazine,https://www.infosecurity-magazine.com/news/crypto-payments-human-traffickers/,infosecurity-magazine.com,72,11
2026-02-16,The Best Cryptocurrency to Buy With $100 Right Now,The Best Cryptocurrency to Buy With $100 Right Now,https://www.fool.com/investing/2026/02/16/the-best-cryptocurrency-to-buy-with-100-right-now/?source=iedfolrf0000001,fool.com,50,9
2026-02-16,Is BTC stuck in consolidation amid mixed on - chain signals ?,Is BTC stuck in consolidation amid mixed on - chain signals ?,https://www.fxstreet.com/cryptocurrencies/news/bitcoin-price-forecast-btc-consolidates-as-on-chain-data-show-mixed-signals-202602161048,fxstreet.com,61,12
2026-02-16,Analiză Binance : Pieţele crypto reduc riscul şi arată semnale structurale noi,Analiză Binance : Pieţele crypto reduc riscul şi arată semnale structurale noi,https://www.bursa.ro/analiza-binance-pietele-crypto-reduc-riscul-si-arata-semnale-structurale-noi-86104854,bursa.ro,78,12
2026-02-16,E teoria conspiratiei sau nu ? Jeffrey Epstein e celebrul Satochi Nakamata care a inventat Bitcoin . Ce se întâmplă după atingerea limitei maxime de 21 de milioane de BTC .,E teoria conspiratiei sau nu ? Jeffrey Epstein e celebrul Satochi Nakamata care a inventat Bitcoin . Ce se întâmplă după atingerea limitei maxime de 21 de milioane de BTC .,https://www.ziuanews.ro/stiri/e-teoria-conspiratiei-sau-nu-jeffrey-epstein-e-celebrul-satochi-nakamata-care-a-inventat-bitcoin-ce-se-intampla-dupa-atingerea-limitei-maxime-de-21-de-milioane-de-btc-1592718,ziuanews.ro,172,31
2026-02-16,Jak bardzo potanieje jeszcze Bitcoin ? Analityk wskazał poziom  twardego dna,Jak bardzo potanieje jeszcze Bitcoin ? Analityk wskazał poziom  twardego dna,"https://forsal.pl/finanse/kryptowaluty/artykuly/10644037,jak-bardzo-potanieje-jeszcze-bitcoin-analityk-wskazal-poziom-twardego-dna.html",forsal.pl,76,11
2026-02-16,"Michael Saylor Strategy says it can survive a bitcoin ( BTC ) price crash to $8 , 000","Michael Saylor Strategy says it can survive a bitcoin ( BTC ) price crash to $8 , 000",https://www.coindesk.com/markets/2026/02/16/strategy-says-it-can-survive-even-if-bitcoin-drops-to-usd8-000-and-will-equitize-debt,coindesk.com,85,18
2026-02-16,"Hive , Riot earnings reports , FOMC minutes : Crypto Week Ahead","Hive , Riot earnings reports , FOMC minutes : Crypto Week Ahead",https://www.coindesk.com/markets/2026/02/14/hive-riot-earnings-reports-fed-rate-decision-minutes-crypto-week-ahead,coindesk.com,63,12
2026-02-16,Binance kurucusu CZden kritik uyarı : Gizlilik olmadan ...,Binance kurucusu CZden kritik uyarı : Gizlilik olmadan ...,https://www.dunya.com/finans/kripto-para/binance-kurucusu-czden-kritik-uyari-gizlilik-olmadan-haberi-815248,dunya.com,58,9
2026-02-16,Crypto company Nexo returns to US in partnership with Bakkt ( BKKT : NYSE ),Crypto company Nexo returns to US in partnership with Bakkt ( BKKT : NYSE ),https://seekingalpha.com/news/4552291-crypto-company-nexo-returns-to-us-in-partnership-with-bakkt,seekingalpha.com,75,15
2026-02-16,Bitcoin Price Analysis : What to Expect for the Rest of February 2026,Bitcoin Price Analysis : What to Expect for the Rest of February 2026,https://sofokleous10.gr/2026/02/16/bitcoin-price-analysis-what-to-expect-for-the-rest-of-february-2026/,sofokleous10.gr,69,13
2026-02-16,BlackRock Snaps Up Bitmine Stake as Ethereum Tops Target Lists,BlackRock Snaps Up Bitmine Stake as Ethereum Tops Target Lists,https://www.coinspeaker.com/blackrock-acquires-bitmine-stake-ethereum/,coinspeaker.com,62,10
2026-02-16,Fast food workers accused of using customer card to buy Bitcoin,Fast food workers accused of using customer card to buy Bitcoin,http://jamaica-star.com/article/news/20260216/fast-food-workers-accused-using-customers-card-buy-bitcoin,jamaica-star.com,63,11
2026-02-16,Ethereum Whale Offloads $543M in ETH : Red Alert For The Market ?,Ethereum Whale Offloads $543M in ETH : Red Alert For The Market ?,https://www.coinspeaker.com/ethereum-whale-offloads-543m-eth-risk/,coinspeaker.com,65,13
2026-02-16,Bitcoin Price Drops Amid BTC ETF Outflows : Here Why,Bitcoin Price Drops Amid BTC ETF Outflows : Here Why,https://www.coinspeaker.com/bitcoin-price-drops-etf-outflows-weakening-institutional-interest/,coinspeaker.com,52,10
2026-02-16,"Ethereum Price Reverses Under $2 , 000 , Bulls On The Back Foot","Ethereum Price Reverses Under $2 , 000 , Bulls On The Back Foot",https://www.newsbtc.com/analysis/eth/ethereum-price-reverses-under-2000/,newsbtc.com,63,13
2026-02-16,"Bitcoin , Ethereum Slip 3 % As XRP , Dogecoin Fall Over 6 % On Holiday - Thinned Trading - Grayscale Bitcoin Mini Trust ( BTC ) ( ARCA : BTC )","Bitcoin , Ethereum Slip 3 % As XRP , Dogecoin Fall Over 6 % On Holiday - Thinned Trading - Grayscale Bitcoin Mini Trust ( BTC ) ( ARCA : BTC )",https://www.benzinga.com/crypto/cryptocurrency/26/02/50637612/bitcoin-ethereum-slip-3-as-xrp-dogecoin-fall-over-6-on-holiday-thinned-trading,benzinga.com,142,32
2026-02-16,What Is a Crypto Card ?,What Is a Crypto Card ?,https://bravenewcoin.com/sponsored/article/what-is-a-crypto-card,bravenewcoin.com,23,6
2026-02-16,Bitcoin - ETFs im Abwärtstrend : Massive Abflüsse und sinkendes Interesse institutioneller Investoren,Bitcoin - ETFs im Abwärtstrend : Massive Abflüsse und sinkendes Interesse institutioneller Investoren,https://www.finanzen.net/nachricht/etf/etf-abzug-bitcoin-etfs-unter-druck-massive-abfluesse-institutionelle-investoren-auf-dem-rueckzug-00-15465548,finanzen.net,101,13
2026-02-16,Crypto winter 2026 : institutional risk - off and quantum threat,Crypto winter 2026 : institutional risk - off and quantum threat,https://www.marketscreener.com/news/crypto-winter-2026-institutional-risk-off-and-quantum-threat-ce7e5dd8d88af726,marketscreener.com,64,11
2026-02-16,2026 – a crypto tipping point for African merchants,2026 – a crypto tipping point for African merchants,https://www.itweb.co.za/article/2026-a-crypto-tipping-point-for-african-merchants/6GxRKqYQeQ8qb3Wj,itweb.co.za,51,9
2026-02-16,"Top 3 Price Prediction : Bitcoin , Ethereum , Ripple – BTC , ETH and XRP consolidate within key ranges as selling pressure eases","Top 3 Price Prediction : Bitcoin , Ethereum , Ripple – BTC , ETH and XRP consolidate within key ranges as selling pressure eases",https://www.fxstreet.com/cryptocurrencies/news/top-3-price-prediction-bitcoin-ethereum-ripple-btc-eth-and-xrp-consolidate-within-key-ranges-as-selling-pressure-eases-202602160351,fxstreet.com,128,24
2026-02-16,Bitcoin Price Faces Another Rejection As Upside Momentum Fades,Bitcoin Price Faces Another Rejection As Upside Momentum Fades,https://www.newsbtc.com/analysis/btc/bitcoin-price-faces-another-rejection-71k/,newsbtc.com,62,9
2026-02-16,"Strategy outlines survival at $8 , 000 bitcoin","Strategy outlines survival at $8 , 000 bitcoin",https://thearabianpost.com/strategy-outlines-survival-at-8000-bitcoin/,thearabianpost.com,46,8
2026-02-16,Grayscale Bitcoin Miners ETF ( NYSEARCA : MNRS ) Sees Significant Decrease in Short Interest,Grayscale Bitcoin Miners ETF ( NYSEARCA : MNRS ) Sees Significant Decrease in Short Interest,https://www.themarketsdaily.com/2026/02/16/grayscale-bitcoin-miners-etf-nysearcamnrs-sees-significant-decrease-in-short-interest.html,themarketsdaily.com,92,15
2026-02-16,Short Interest in ProShares Ultra Bitcoin ETF ( NYSEARCA : BITU ) Rises By 64 . 4 %,Short Interest in ProShares Ultra Bitcoin ETF ( NYSEARCA : BITU ) Rises By 64 . 4 %,https://www.tickerreport.com/banking-finance/13348345/short-interest-in-proshares-ultra-bitcoin-etf-nysearcabitu-rises-by-64-4.html,tickerreport.com,83,18
2026-02-16,XRP Gains Strength Against Bitcoin As Liquidity Expands Is A Bigger Move Ahead ? - Bitwise XRP ETF ( ARCA : XRP ),XRP Gains Strength Against Bitcoin As Liquidity Expands Is A Bigger Move Ahead ? - Bitwise XRP ETF ( ARCA : XRP ),https://www.benzinga.com/crypto/cryptocurrency/26/02/50638772/xrp-gains-strength-against-bitcoin-as-liquidity-expands-is-a-bigger-move-ahead,benzinga.com,113,23
2026-02-16,"Bitcoin hovers near $68 , 700 as ETF inflows decline ; caution rises","Bitcoin hovers near $68 , 700 as ETF inflows decline ; caution rises",https://economictimes.indiatimes.com/markets/cryptocurrency/bitcoin-hovers-near-68700-as-etf-inflows-decline-caution-rises/articleshow/128408647.cms,economictimes.indiatimes.com,68,13
2026-02-16,Crypto Funds See $173M Outflows As Altcoins Gain Momentum,Crypto Funds See $173M Outflows As Altcoins Gain Momentum,https://cointelegraph.com/news/crypto-etf-4-week-outflows-173-million-btc-below-70k,cointelegraph.com,57,9
2026-02-16,"Trump Media files for new Bitcoin , Ethereum ETFs in president ongoing crypto blitz","Trump Media files for new Bitcoin , Ethereum ETFs in president ongoing crypto blitz",https://finance.yahoo.com/news/trump-media-files-bitcoin-ethereum-221141199.html,finance.yahoo.com,83,14
2026-02-16,"Barry Silbert Forecasts Up To 10 % Of Bitcoin Market Cap Will Move To Privacy Coins Crypto Mogul Says Zcash Can Rocket 500x , BTC Wont","Barry Silbert Forecasts Up To 10 % Of Bitcoin Market Cap Will Move To Privacy Coins Crypto Mogul Says Zcash Can Rocket 500x , BTC Wont",https://finance.yahoo.com/news/barry-silbert-forecasts-10-bitcoins-160229662.html,finance.yahoo.com,134,26
2026-02-16,"Opinion : Crypto , human trafficking , heavy losses , and no regulation – Another disaster incoming ? Yep .","Opinion : Crypto , human trafficking , heavy losses , and no regulation – Another disaster incoming ? Yep .",https://www.digitaljournal.com/business/opinion-crypto-human-trafficking-heavy-losses-and-no-regulation-another-disaster-incoming-yep/article,digitaljournal.com,107,20
2026-02-16,"Strategy $8 , 000 Bitcoin Safety Net","Strategy $8 , 000 Bitcoin Safety Net",https://techstory.in/strategys-8000-bitcoin-safety-net-a-mathematical-shield-or-a-glass-floor/,techstory.in,36,7
2026-02-16,"Russia daily crypto turnover is over $650 million , Ministry of Finance says","Russia daily crypto turnover is over $650 million , Ministry of Finance says",https://www.coindesk.com/business/2026/02/16/russia-s-daily-crypto-turnover-is-over-usd650-million-ministry-of-finance-says,coindesk.com,76,13
2026-02-16,"Bitcoin , Ethereum , XRP Hold Steady While Dogecoin Slips Traders Eye  Best Buying Opportunity  - Grayscale Bitcoin Mini Trust ( BTC ) ( ARCA : BTC )","Bitcoin , Ethereum , XRP Hold Steady While Dogecoin Slips Traders Eye  Best Buying Opportunity  - Grayscale Bitcoin Mini Trust ( BTC ) ( ARCA : BTC )",https://www.benzinga.com/crypto/cryptocurrency/26/02/50639515/bitcoin-ethereum-xrp-hold-steady-while-dogecoin-slips-traders-eye-best-buying-opportunity,benzinga.com,149,28
2026-02-16,"Trump - Linked Truth Social Files for Bitcoin , Ethereum and CRO Staking ETFs","Trump - Linked Truth Social Files for Bitcoin , Ethereum and CRO Staking ETFs",https://finance.yahoo.com/news/trump-linked-truth-social-files-105000773.html,finance.yahoo.com,77,14
2026-02-16,"Crypto is playing a growing role in human trafficking networks , report shows","Crypto is playing a growing role in human trafficking networks , report shows",https://www.cnbcafrica.com/2026/crypto-is-playing-a-growing-role-in-human-trafficking-networks-report-shows,cnbcafrica.com,77,13
2026-02-16,Why gold has beaten Bitcoin,Why gold has beaten Bitcoin,https://www.zerohedge.com/sponsored-post/why-gold-has-beaten-bitcoin,zerohedge.com,27,5
2026-02-16,TeraWulf Recasts Bitcoin Roots Into AI Power Capacity Opportunity,TeraWulf Recasts Bitcoin Roots Into AI Power Capacity Opportunity,https://finance.yahoo.com/news/terawulf-recasts-bitcoin-roots-ai-070700946.html,finance.yahoo.com,65,9
2026-02-16,"What Happens To Strategy Bitcoin Model If Prices Crash To $8 , 000 ? Michael Saylor Has A Plan","What Happens To Strategy Bitcoin Model If Prices Crash To $8 , 000 ? Michael Saylor Has A Plan",https://www.benzinga.com/crypto/cryptocurrency/26/02/50635600/what-happens-to-strategys-bitcoin-model-if-prices-crash-to-8000-michael-saylor-has-a-plan,benzinga.com,94,19
2026-02-16,Bittensor ( TAO ) Outperforms the Crypto Market to Become Today Top Gainer : Here Why,Bittensor ( TAO ) Outperforms the Crypto Market to Become Today Top Gainer : Here Why,https://finance.yahoo.com/news/bittensor-tao-outperforms-crypto-market-062759251.html,finance.yahoo.com,85,16
2026-02-16,"Dogecoin surges ahead while Bitcoin , Ethereum see short - lived gains","Dogecoin surges ahead while Bitcoin , Ethereum see short - lived gains",https://finance.yahoo.com/news/dogecoin-surges-ahead-while-bitcoin-194615201.html,finance.yahoo.com,70,12
2026-02-16,Crypto traders cautious as macro data reinforces  higher for longer  stance,Crypto traders cautious as macro data reinforces  higher for longer  stance,https://www.business-standard.com/markets/cryptocurrency/crypto-traders-cautious-as-macro-data-reinforces-higher-for-longer-stance-126021600363_1.html,business-standard.com,75,11
2026-02-16,Paradigm Challenges Bitcoin Mining Narrative Amid AI Data Center Boom,Paradigm Challenges Bitcoin Mining Narrative Amid AI Data Center Boom,https://cointelegraph.com/news/paradigm-bitcoin-mining-ai-data-centers-grid-demand,cointelegraph.com,69,10
2026-02-16,"Banks , Stablecoins , And Base By Coinbase : Fighting For Open Money Without Gatekeepers","Banks , Stablecoins , And Base By Coinbase : Fighting For Open Money Without Gatekeepers",https://www.mondaq.com:443/unitedstates/antitrust-eu-competition/1745156/banks-stablecoins-and-base-by-coinbase-fighting-for-open-money-without-gatekeepers,mondaq.com,88,15
2026-02-16,Bitcoin  Fakeouts And Shakeout Liquidate Traders This US Bank Holiday,Bitcoin  Fakeouts And Shakeout Liquidate Traders This US Bank Holiday,https://cointelegraph.com/news/bitcoin-weekly-rsi-echoes-mid-2022-bear-market-as-btc-plays-liquidity-games,cointelegraph.com,69,10
2026-02-16,"Bitcoin Holds Key Level , Altcoins Aim To Follow : Will Bears Relent ?","Bitcoin Holds Key Level , Altcoins Aim To Follow : Will Bears Relent ?",https://cointelegraph.com/news/price-predictions-2-16-spx-dxy-btc-eth-bnb-xrp-sol-doge-ada-bch,cointelegraph.com,70,14
2026-02-16,Trump Insider  Garret Jin Offloads $1 Billion in Crypto,Trump Insider  Garret Jin Offloads $1 Billion in Crypto,https://techstory.in/trump-insider-garret-jin-offloads-1-billion-in-crypto-rattling-markets/,techstory.in,55,9
2026-02-16,Bitcoin Kurs Prognose : Retail kauft den Dip – ist das bullisch ?,Bitcoin Kurs Prognose : Retail kauft den Dip – ist das bullisch ?,https://www.wallstreet-online.de/nachricht/20501313-bitcoin-kurs-prognose-retail-kauft-dip-bullisch,wallstreet-online.de,65,13
2026-02-16,Bitcoin Korrektur : Schlechtester Jahresstart seit 2018,Bitcoin Korrektur : Schlechtester Jahresstart seit 2018,https://www.finanznachrichten.de/nachrichten-2026-02/67713007-bitcoin-korrektur-schlechtester-jahresstart-seit-2018-088.htm,finanznachrichten.de,55,7
2026-02-16,"Harvard Endowment Reduces Stake in Bitcoin ETF , Adds Ether Exposure","Harvard Endowment Reduces Stake in Bitcoin ETF , Adds Ether Exposure",https://cointelegraph.com/news/harvard-stake-blackrock-bitcoin-etf-ether-investments,cointelegraph.com,68,11
2026-02-16,South Korea biggest securities firm snaps up crypto exchange as stock market soars,South Korea biggest securities firm snaps up crypto exchange as stock market soars,https://finance.yahoo.com/news/south-korea-biggest-securities-firm-125353183.html,finance.yahoo.com,82,13
2026-02-16,"Bitcoin Could Plunge to $10 , 000 as  Buy the Dip  Era Ends","Bitcoin Could Plunge to $10 , 000 as  Buy the Dip  Era Ends",https://techstory.in/bloomberg-strategist-sounds-alarm-bitcoin-could-plunge-to-10000-as-buy-the-dip-era-ends/,techstory.in,59,13
2026-02-16,Cashier among Manchester fast food workers charged for allegedly stealing card info to buy cryptocurrency,Cashier among Manchester fast food workers charged for allegedly stealing card info to buy cryptocurrency,https://jamaica-gleaner.com/article/news/20260216/cashier-among-manchester-fast-food-workers-charged-allegedly-stealing-card,jamaica-gleaner.com,105,15
2026-02-16,Harvard Bitcoin Azalttı Ether ETF Aldı,Harvard Bitcoin Azalttı Ether ETF Aldı,https://www.haberts.com/harvard-bitcoin-azaltti-ether-etf-aldi,haberts.com,38,6
2026-02-16,"Russians spending $648 million on crypto every day , says finance ministry","Russians spending $648 million on crypto every day , says finance ministry",https://finance.yahoo.com/news/russians-spending-648-million-crypto-141430968.html,finance.yahoo.com,74,12
2026-02-16,"Extreme Bitcoin Shorts Could Predict A Bottom , Here The Significance","Extreme Bitcoin Shorts Could Predict A Bottom , Here The Significance",https://www.newsbtc.com/bitcoin-news/extreme-bitcoin-shorts-bottom/,newsbtc.com,69,11
2026-02-16,"Michael Saylor Confident in Strategy to Withstand Bitcoin Crash to $8 , 000","Michael Saylor Confident in Strategy to Withstand Bitcoin Crash to $8 , 000",https://www.el-balad.com/6853547,el-balad.com,75,13
2026-02-16,"Use of cryptocurrency explodes in human trafficking networks , online scams : report","Use of cryptocurrency explodes in human trafficking networks , online scams : report",https://nypost.com/2026/02/16/business/use-of-cryptocurrency-explodes-in-human-trafficking-networks-online-scams-report/,nypost.com,84,13
2026-02-16,BlockFills crisis : Australian investors narrowly avoid losses after local outpost of high - yield crypto platform was shelved,BlockFills crisis : Australian investors narrowly avoid losses after local outpost of high - yield crypto platform was shelved,https://www.theage.com.au/technology/bullet-dodged-aussie-investors-spared-as-us-crypto-giant-freezes-funds-20260216-p5o2mr.html,theage.com.au,126,19
2026-02-16,Cardano ( ADA ) Back in  Survival Mode  Despite Whale Accumulation and DeFi Expansion Plans,Cardano ( ADA ) Back in  Survival Mode  Despite Whale Accumulation and DeFi Expansion Plans,https://www.newsbtc.com/news/cardano/cardano-ada-back-in-survival-mode-despite-whale-accumulation-and-defi-expansion-plans/,newsbtc.com,91,15
2026-02-16,"Harvard , Bitcoin ETF pozisyonunu yüzde 21 azalttı","Harvard , Bitcoin ETF pozisyonunu yüzde 21 azalttı",https://www.haberler.com/kripto-para/harvard-bitcoin-etf-pozisyonunu-yuzde-21-azaltti-19573901-haberi/,haberler.com,50,8
2026-02-16,Bitcoin pred najgorim razdobljem u povijesti,Bitcoin pred najgorim razdobljem u povijesti,https://www.index.hr/vijesti/clanak/bitcoin-pred-najgorim-razdobljem-u-povijesti/2761391.aspx,index.hr,44,6
2026-02-16,"Crypto today : Bitcoin , Ethereum , XRP steady as retail interest wanes","Crypto today : Bitcoin , Ethereum , XRP steady as retail interest wanes",https://www.fxstreet.com/cryptocurrencies/news/crypto-today-bitcoin-ethereum-xrp-trade-within-range-amid-low-retail-interest-202602161200,fxstreet.com,71,13
2026-02-16,Top Bitcoin Stocks To Keep An Eye On – February 16th,Top Bitcoin Stocks To Keep An Eye On – February 16th,https://www.dailypolitical.com/2026/02/16/top-bitcoin-stocks-to-keep-an-eye-on-february-16th.html,dailypolitical.com,52,11
2026-02-16,Hyperunit Whale Dumps $500M In Ethereum As Massive Crypto Bet Turns Sour,Hyperunit Whale Dumps $500M In Ethereum As Massive Crypto Bet Turns Sour,https://www.newsbtc.com/ethereum-news/hyperunit-whale-dumps-500m-in-ethereum-as-massive-crypto-bet-turns-sour/,newsbtc.com,72,12
2026-02-16,Bitcoin Targets $84K CME Gap After Rising Accumulation in BTC,Bitcoin Targets $84K CME Gap After Rising Accumulation in BTC,https://cointelegraph.com/news/bitcoin-accumulation-wave-puts-dollar80k-back-in-play-analyst,cointelegraph.com,61,10
2026-02-16,"Crypto market drowns in red as bitcoin falls to $68 , 000 , XRP , ETH slide over 5 %","Crypto market drowns in red as bitcoin falls to $68 , 000 , XRP , ETH slide over 5 %",https://www.coindesk.com/markets/2026/02/16/crypto-market-drowns-in-red-as-bitcoin-falls-to-usd68-000,coindesk.com,84,20
2026-02-17,"Paradigm , Bitcoin madenciliğini savundu","Paradigm , Bitcoin madenciliğini savundu",https://www.haberler.com/kripto-para/paradigm-bitcoin-madenciligini-savundu-19576293-haberi/,haberler.com,40,5
2026-02-17,Bitcoin Prognose : US - Schulden treiben Bitcoin - Hedge - Debatte an,Bitcoin Prognose : US - Schulden treiben Bitcoin - Hedge - Debatte an,https://www.finanzen.ch/nachrichten/devisen/bitcoin-prognose-us-schulden-treiben-bitcoin-hedge-debatte-an-1035833923,finanzen.ch,69,13
2026-02-17,"Nakamoto Agrees To Buy BTC And UTXO Management , Stock Rises","Nakamoto Agrees To Buy BTC And UTXO Management , Stock Rises",https://www.finanzen.ch/nachrichten/aktien/nakamoto-agrees-to-buy-btc-and-utxo-management-stock-rises-1035835263,finanzen.ch,60,11
2026-02-17,Athena Bitcoin Launches New App to Enhance User Experience,Athena Bitcoin Launches New App to Enhance User Experience,http://www.newjerseytelegraph.com/news/278873312/athena-bitcoin-launches-new-app-to-enhance-user-experience,newjerseytelegraph.com,58,9
2026-02-17,"Bitcoin Is A Bet On Trump Success , Gold A Bet On America Failure , Strategist Claims","Bitcoin Is A Bet On Trump Success , Gold A Bet On America Failure , Strategist Claims",https://www.benzinga.com/crypto/cryptocurrency/26/02/50646448/bitcoin-is-a-bet-on-trumps-success-gold-a-bet-on-americas-failure-strategist-claims,benzinga.com,85,17
2026-02-17,"Bitmine Immersion Technologies ( BMNR ) Announces ETH Holdings Reach 4 . 371 Million Tokens , and Total Crypto and Total Cash Holdings of $9 . 6 Billion","Bitmine Immersion Technologies ( BMNR ) Announces ETH Holdings Reach 4 . 371 Million Tokens , and Total Crypto and Total Cash Holdings of $9 . 6 Billion",http://www.sydneysun.com/news/278873293/bitmine-immersion-technologies-bmnr-announces-eth-holdings-reach-4371-million-tokens-and-total-crypto-and-total-cash-holdings-of-96-billion,sydneysun.com,152,28
2026-02-17,Bitcoin Cash Hits 1 - Day Trading Volume of $365 . 74 Million ( BCH ),Bitcoin Cash Hits 1 - Day Trading Volume of $365 . 74 Million ( BCH ),https://www.tickerreport.com/banking-finance/13349781/bitcoin-cash-hits-1-day-trading-volume-of-365-74-million-bch.html,tickerreport.com,69,16
2026-02-17,Harvard trims bitcoin stake and backs ether,Harvard trims bitcoin stake and backs ether,https://thearabianpost.com/harvard-trims-bitcoin-stake-and-backs-ether/,thearabianpost.com,43,7
2026-02-17,Bitcoin vs . iShares Bitcoin Trust : The Better Investment for 2026 and Beyond,Bitcoin vs . iShares Bitcoin Trust : The Better Investment for 2026 and Beyond,https://finance.yahoo.com/news/bitcoin-vs-ishares-bitcoin-trust-142000517.html,finance.yahoo.com,78,14
2026-02-17,"C2 Blockchain Reports Increase in DOG ( Bitcoin ) Holdings to 674 , 050 , 407 Coins","C2 Blockchain Reports Increase in DOG ( Bitcoin ) Holdings to 674 , 050 , 407 Coins",http://www.newjerseytelegraph.com/news/278873197/c2-blockchain-reports-increase-in-dog-bitcoin-holdings-to-674050407-coins,newjerseytelegraph.com,83,17
2026-02-17,CoinSwitch  Dukhi Expres turns Valentine heartbreak into a crypto opportunity,CoinSwitch  Dukhi Expres turns Valentine heartbreak into a crypto opportunity,https://www.adgully.com/post/12324/coinswitchs-dukhi-express-turns-valentines-heartbreak-into-a-crypto-opportunity,adgully.com,77,10
2026-02-17,Bitcoin Price Is Dropping Are Predictions Pointing to More Decline Because of the Epstein Investigation ?,Bitcoin Price Is Dropping Are Predictions Pointing to More Decline Because of the Epstein Investigation ?,https://www.ibtimes.co.uk/bitcoin-bearish-forecasts-market-uncertainty-1779509,ibtimes.co.uk,105,16
2026-02-17,Popular burger joint Steak  n Shake says bitcoin adoption boosted sales  dramatically,Popular burger joint Steak  n Shake says bitcoin adoption boosted sales  dramatically,https://www.coindesk.com/business/2026/02/17/popular-burger-joint-steak-n-shake-says-bitcoin-adoption-boosted-sales-dramatically,coindesk.com,85,12
2026-02-17,"Bitcoin remains under pressure near $68 , 000 even as panic ebbs","Bitcoin remains under pressure near $68 , 000 even as panic ebbs",https://www.coindesk.com/markets/2026/02/17/bitcoin-remains-under-pressure-near-usd68-000-even-as-panic-ebbs,coindesk.com,64,12
2026-02-17,Bitcoin has value to many people around the world,Bitcoin has value to many people around the world,https://chicago.suntimes.com/columnists/2026/02/17/bitcoin-tech-broken-economies-repression-ben-jealous,chicago.suntimes.com,49,9
2026-02-17,Crypto slides as tech stocks and gold retreat ; bitcoin - Nasdaq correlation turns positive,Crypto slides as tech stocks and gold retreat ; bitcoin - Nasdaq correlation turns positive,https://www.coindesk.com/markets/2026/02/17/crypto-slides-as-tech-stocks-and-gold-retreat-bitcoin-nasdaq-correlation-turns-positive,coindesk.com,91,15
2026-02-17,Monica Cash Revolutionizes Bitcoin Sales and Crypto - to - Naira Transactions in Nigeria,Monica Cash Revolutionizes Bitcoin Sales and Crypto - to - Naira Transactions in Nigeria,https://www.el-balad.com/6854011,el-balad.com,88,14
2026-02-17,"Harvard University Cuts Bitcoin ETF Holdings In Q4 , Enters Ethereum ETF For First Time Crypto Billionaire Changpeng Zhao Wonders  What Next  - Grayscale Bitcoin Mini Trust ( BTC ) ( ARCA : BTC )","Harvard University Cuts Bitcoin ETF Holdings In Q4 , Enters Ethereum ETF For First Time Crypto Billionaire Changpeng Zhao Wonders  What Next  - Grayscale Bitcoin Mini Trust ( BTC ) ( ARCA : BTC )",https://www.benzinga.com/crypto/cryptocurrency/26/02/50640507/harvard-university-cuts-bitcoin-etf-holdings-in-q4-enters-ethereum-etf-for-first-time-crypt,benzinga.com,195,35
2026-02-17,"After Extreme Pessimism , Crypto Market Conditions Begin To Stabilize : Analysts","After Extreme Pessimism , Crypto Market Conditions Begin To Stabilize : Analysts",https://www.newsbtc.com/altcoin/after-extreme-pessimism-crypto-market-conditions-begin-to-stabilize-analysts/,newsbtc.com,80,12
2026-02-17,Ethereum Classic ( ETC ) Reaches 24 Hour Trading Volume of $50 . 49 Million,Ethereum Classic ( ETC ) Reaches 24 Hour Trading Volume of $50 . 49 Million,https://www.themarketsdaily.com/2026/02/17/ethereum-classic-etc-reaches-24-hour-trading-volume-of-50-49-million.html,themarketsdaily.com,75,15
2026-02-17,"Bitcoin Flat , Ethereum , XRP Gain , While Dogecoin Slides : Analyst Explains Why  Most Awful  Periods Could Be Best Time To Accumulate Crypto - Grayscale Bitcoin Mini Trust ( BTC ) ( ARCA : BTC )","Bitcoin Flat , Ethereum , XRP Gain , While Dogecoin Slides : Analyst Explains Why  Most Awful  Periods Could Be Best Time To Accumulate Crypto - Grayscale Bitcoin Mini Trust ( BTC ) ( ARCA : BTC )",https://www.benzinga.com/crypto/cryptocurrency/26/02/50640336/bitcoin-flat-ethereum-xrp-gain-while-dogecoin-slides-analyst-explains-why-most-awful-period,benzinga.com,196,38
2026-02-17,Coinbase Global Inc ( COIN ): Revenue Diversification Efforts Applauded,Coinbase Global Inc ( COIN ): Revenue Diversification Efforts Applauded,https://www.insidermonkey.com/blog/coinbase-global-inc-coin-revenue-diversification-efforts-applauded-1697189/,insidermonkey.com,71,10
2026-02-17,Bungling bitcoin boy bandits busted,Bungling bitcoin boy bandits busted,https://www.eastvalleytribune.com/bungling-bitcoin-boy-bandits-busted/article_67b79493-ab68-530d-85de-1c3faea2614e.html,eastvalleytribune.com,35,5
2026-02-17,"Incredible Bitcoin prediction : Why the dollar is the real enemy , and how BTC could hit $1 million","Incredible Bitcoin prediction : Why the dollar is the real enemy , and how BTC could hit $1 million",https://www.bankingnews.gr/kriptonomismata/articles/856873/incredible-bitcoin-prediction-why-the-dollar-is-the-real-enemy-and-how-btc-could-hit-1-million,bankingnews.gr,99,19
2026-02-17,Crypto Funds Bleed $173M As Outflows Extend To Fourth Week,Crypto Funds Bleed $173M As Outflows Extend To Fourth Week,https://www.newsbtc.com/news/crypto-funds-bleed-173m-as-outflows-extend-to-fourth-week-report/,newsbtc.com,58,10
2026-02-17,Dangerou bitcoin thief on the loose after escaping prison twice in one week,Dangerou bitcoin thief on the loose after escaping prison twice in one week,https://www.dailystar.co.uk/news/latest-news/dangerous-bitcoin-thief-loose-after-36738034,dailystar.co.uk,75,13
2026-02-17,"Crypto custodian BitGo a potential acquisition target for Wall Street , analysts say","Crypto custodian BitGo a potential acquisition target for Wall Street , analysts say",https://www.coindesk.com/markets/2026/02/17/crypto-custodian-bitgo-a-potential-acquisition-target-for-wall-street-firms-analysts-say,coindesk.com,84,13
2026-02-17,$695K bitcoin ? $21K ether ? Here where 21 experts think crypto is headed next,$695K bitcoin ? $21K ether ? Here where 21 experts think crypto is headed next,https://finance.yahoo.com/news/695k-bitcoin-21k-ether-rsquo-200000203.html,finance.yahoo.com,78,15
2026-02-17,Steak  n Shake Says Bitcoin Helps Beef Up Sales,Steak  n Shake Says Bitcoin Helps Beef Up Sales,https://www.pymnts.com/cryptocurrency/2026/steak-n-shake-says-bitcoin-helps-beef-up-sales/,pymnts.com,47,9
2026-02-17,"Bitcoin ( BTC ) Price Reaches $67 , 524 . 29 on Major Exchanges","Bitcoin ( BTC ) Price Reaches $67 , 524 . 29 on Major Exchanges",https://www.themarketsdaily.com/2026/02/17/bitcoin-btc-price-reaches-67524-29-on-major-exchanges.html,themarketsdaily.com,63,14
2026-02-17,Bitcoin compresses below key resistance . Looking for a move away from consolidation soon,Bitcoin compresses below key resistance . Looking for a move away from consolidation soon,https://investinglive.com:443/Cryptocurrency/bitcoin-compresses-below-key-resistance-looking-for-a-move-away-from-consolidation-soon-20260217/,investinglive.com,89,14
2026-02-17,Bitcoin sufrió una caída que borró miles de millones de dólares en capitalización de mercado,Bitcoin sufrió una caída que borró miles de millones de dólares en capitalización de mercado,https://www.aporrea.org/internacionales/n415694.html,aporrea.org,92,15
2026-02-17,List of Top 10 Crypto Casino Sites for 2026,List of Top 10 Crypto Casino Sites for 2026,https://www.sfexaminer.com/marketplace/list-of-top-10-crypto-casino-sites-for-2026/article_52007b39-7171-4d2d-a449-b680bc877bf2.html,sfexaminer.com,43,9
2026-02-17,"Why Bitcoin risks drop to $60 , 000 level ?","Why Bitcoin risks drop to $60 , 000 level ?",https://www.fxstreet.com/cryptocurrencies/news/bitcoin-price-forecast-btc-slips-below-68-000-as-defensive-stance-limits-recovery-202602171209,fxstreet.com,43,10
2026-02-17,Exclusive : Crypto venture firm Dragonfly closes $650 million fund even as VCs face  mass extinction,Exclusive : Crypto venture firm Dragonfly closes $650 million fund even as VCs face  mass extinction,https://fortune.com/2026/02/17/dragonfly-fourth-fund-crypto-venture-capital-blockchain-polymarket-ethena/,fortune.com,100,16
2026-02-17,"Standard Chartered slashes XRP price target by 65 %, expects  further decline for crypto market","Standard Chartered slashes XRP price target by 65 %, expects  further decline for crypto market",https://finance.yahoo.com/news/standard-chartered-slashes-xrp-price-142250719.html,finance.yahoo.com,95,15
2026-02-17,Nik - Author Archives - Bitcoin Magazine,Nik - Author Archives - Bitcoin Magazine,https://bitcoinmagazine.com/authors/nik?mab_v3=50545,bitcoinmagazine.com,40,7
2026-02-17,"Cathie Wood : Bitcoin Drop Driven By Algorithmic Selling , Not Fundamentals","Cathie Wood : Bitcoin Drop Driven By Algorithmic Selling , Not Fundamentals",https://www.benzinga.com/crypto/cryptocurrency/26/02/50655357/cathie-wood-bitcoins-drop-driven-by-algorithmic-selling-not-fundamentals,benzinga.com,75,12
2026-02-17,Crypto Fear and Greed Index Falls to Record Low of 5,Crypto Fear and Greed Index Falls to Record Low of 5,https://www.moroccoworldnews.com/2026/02/279082/crypto-fear-and-greed-index-falls-to-record-low-of-5/,moroccoworldnews.com,52,11
2026-02-17,Stablecoin Flows Slow As Binance Consolidates CEX Liquidity,Stablecoin Flows Slow As Binance Consolidates CEX Liquidity,https://cointelegraph.com/news/stablecoin-outflows-slow-binance-65-cex-usdt-usdc-reserves,cointelegraph.com,59,8
2026-02-17,South Korea Ends 9 - Year Corporate Crypto Ban Under Strict New Rules,South Korea Ends 9 - Year Corporate Crypto Ban Under Strict New Rules,https://cointelegraph.com/news/south-korea-lifts-9-year-corporate-crypto-ban-what-the-policy-change-means,cointelegraph.com,69,13
2026-02-17,"Bitcoin Crash Forshadows The Next US Recession ;  Buy The Dip  Mantra Is Over , Strategist Says","Bitcoin Crash Forshadows The Next US Recession ;  Buy The Dip  Mantra Is Over , Strategist Says",https://www.ibtimes.co.uk/cryptocurrency-prices-signal-financial-downturn-1779636,ibtimes.co.uk,95,17
2026-02-17,Ethereum Price Down 2 . 8 % This Week ( ETH ),Ethereum Price Down 2 . 8 % This Week ( ETH ),https://www.tickerreport.com/banking-finance/13349923/ethereum-price-down-2-8-this-week-eth.html,tickerreport.com,45,12
2026-02-17,In crypto we trust,In crypto we trust,https://www.dailymaverick.co.za/opinionista/2026-02-17-crypto-insurgents-take-on-wall-street-in-battle-for-financial-dominance/,dailymaverick.co.za,18,4
2026-02-17,FinancialContent - Coinbase ( COIN ) Surges 16 % After $1 . 7B Share Buyback,FinancialContent - Coinbase ( COIN ) Surges 16 % After $1 . 7B Share Buyback,https://markets.financialcontent.com/stocks/article/marketminute-2026-2-17-coinbase-coin-surges-16-after-17b-share-buyback,markets.financialcontent.com,76,15
2026-02-17,Return of  YOLO  market : Wells Fargo thinks hefty tax refunds will boost bitcoin,Return of  YOLO  market : Wells Fargo thinks hefty tax refunds will boost bitcoin,https://www.cnbc.com/2026/02/17/return-of-yolo-market-wells-fargo-thinks-hefty-tax-refunds-will-boost-bitcoin.html,cnbc.com,81,14
2026-02-19,Trump - linked World Liberty targets real estate as crypto slides,Trump - linked World Liberty targets real estate as crypto slides,https://www.businesstimes.com.sg/wealth/crypto-alternative-assets/trump-linked-world-liberty-targets-real-estate-crypto-slides,businesstimes.com.sg,65,11
2026-02-19,Eric Trump Says This Type Of Crypto Could  Arguably  End Up Saving The Dollar : Will Bring In  Literally  Trillions To US Economy,Eric Trump Says This Type Of Crypto Could  Arguably  End Up Saving The Dollar : Will Bring In  Literally  Trillions To US Economy,https://www.benzinga.com/crypto/cryptocurrency/26/02/50710537/eric-trump-says-this-type-of-crypto-could-arguably-end-up-saving-the-dollar-will-bring-in-l,benzinga.com,129,23
2026-02-19,Goldman Sachs CEOsu artık Bitcoin sahibi | Kripto Para haberleri,Goldman Sachs CEOsu artık Bitcoin sahibi | Kripto Para haberleri,https://www.bloomberght.com/goldman-sachs-ceosu-artik-bitcoin-sahibi-3769535,bloomberght.com,64,10
2026-02-19,How mainstream adoption is now hammering the Bitcoin price,How mainstream adoption is now hammering the Bitcoin price,https://www.fool.com.au/2026/02/19/how-mainstream-adoption-is-now-hammering-the-bitcoin-price/,fool.com.au,58,9
2026-02-19,"Raoul Pal : Retail Didnt Quit Crypto , The  Robinhood Crowd  Rotated To AI","Raoul Pal : Retail Didnt Quit Crypto , The  Robinhood Crowd  Rotated To AI",https://www.benzinga.com/crypto/cryptocurrency/26/02/50729735/raoul-pal-retail-didnt-quit-crypto-the-robinhood-crowd-rotated-to-ai,benzinga.com,74,14
2026-02-19,"Bitcoin price news : BTC climbs to $67 , 000 as Trump says U . S . deficit cut by 78 %","Bitcoin price news : BTC climbs to $67 , 000 as Trump says U . S . deficit cut by 78 %",https://www.coindesk.com/markets/2026/02/19/bitcoin-shakes-off-u-s-session-losses-as-trump-says-u-s-trade-deficit-cut-by-78,coindesk.com,86,22
2026-02-19,"WLFI surges 10 % after Apex stablecoin deal , outperforming BTC and ETH","WLFI surges 10 % after Apex stablecoin deal , outperforming BTC and ETH",https://www.coindesk.com/markets/2026/02/19/wlfi-surges-10-after-apex-stablecoin-deal-outperforming-btc-and-eth,coindesk.com,71,13
2026-02-19,Krypto - Update : Bitcoin & Co . Bewegungen am Donnerstagvormittag,Krypto - Update : Bitcoin & Co . Bewegungen am Donnerstagvormittag,https://www.finanzen.net/nachricht/devisen/bitcoin-dogecoin-ethereum-co-am-vormittag-15502437,finanzen.net,66,11
2026-02-19,Iren Limited ( IREN ) is a Buy Amid Pivot from Bitcoin Mining to Data Centers,Iren Limited ( IREN ) is a Buy Amid Pivot from Bitcoin Mining to Data Centers,https://www.insidermonkey.com/blog/iren-limited-iren-is-a-buy-amid-pivot-from-bitcoin-mining-to-data-centers-1698457/,insidermonkey.com,77,16
2026-02-19,Bitcoin News : Kaum Aktivität mehr - das Ende von BTC ?,Bitcoin News : Kaum Aktivität mehr - das Ende von BTC ?,https://www.finanzen.net/nachricht/devisen/bitcoin-news-kaum-aktivitaet-mehr-das-ende-von-btc-15502641,finanzen.net,55,12
2026-02-19,"ETH , XRP , SOL price news : Crypto majors dive despite tech - led lift in Asian markets","ETH , XRP , SOL price news : Crypto majors dive despite tech - led lift in Asian markets",https://www.coindesk.com/markets/2026/02/19/ether-xrp-solana-slide-in-crypto-retreat-despite-tech-led-lift-in-asia-stocks,coindesk.com,88,19
2026-02-19,Bhutan Bitcoin Tourism : Low Interest After Nine Months,Bhutan Bitcoin Tourism : Low Interest After Nine Months,https://www.heise.de/en/news/Bhutan-s-Bitcoin-Tourism-Low-Interest-After-Nine-Months-11181060.html,heise.de,55,9
2026-02-19,Trump Family Crypto Bash Convenes Wall Street New Believers,Trump Family Crypto Bash Convenes Wall Street New Believers,https://www.bloomberg.com:443/news/articles/2026-02-18/trump-family-crypto-bash-convenes-wall-street-s-new-believers,bloomberg.com,59,9
2026-02-19,Investors weigh buying or selling bitcoin amid cooling momentum,Investors weigh buying or selling bitcoin amid cooling momentum,https://www.koreatimes.co.kr/economy/cryptocurrency/20260219/investors-weigh-buying-or-selling-bitcoin-amid-cooling-momentum,koreatimes.co.kr,63,9
2026-02-19,"The Altcoin Exodus : Trading Volumes Halve As Capital Flees To Bitcoin $65 , 000 Fortress","The Altcoin Exodus : Trading Volumes Halve As Capital Flees To Bitcoin $65 , 000 Fortress",https://www.newsbtc.com/altcoin/the-altcoin-exodus-trading-volumes-halve-as-capital-flees-to-bitcoin-65000-fortress/,newsbtc.com,89,16
2026-02-19,Bitcoin price news : BTC bounce from this month crash evaporates,Bitcoin price news : BTC bounce from this month crash evaporates,https://www.coindesk.com/markets/2026/02/18/bitcoin-sinks-to-usd66-000-u-s-stocks-lose-steam-as-fed-minutes-mention-possible-rate-hike,coindesk.com,64,11
2026-02-19,"BlackRock , Coinbase to keep 18 % of Ethereum staking revenue in new ETF","BlackRock , Coinbase to keep 18 % of Ethereum staking revenue in new ETF",https://finance.yahoo.com/news/blackrock-coinbase-keep-18-ethereum-203135863.html,finance.yahoo.com,72,14
2026-02-19,Janusz Krypto . Bitcoin i kryptowaluty pod lupą sceptyka,Janusz Krypto . Bitcoin i kryptowaluty pod lupą sceptyka,https://www.bankier.pl/wiadomosc/Janusz-Krypto-Bitcoin-i-kryptowaluty-pod-lupa-sceptyka-9084235.html,bankier.pl,56,9
2026-02-19,Bitcoin ( BTC ) news : Fed Kashkari says crypto is  utterly useless,Bitcoin ( BTC ) news : Fed Kashkari says crypto is  utterly useless,https://www.coindesk.com/policy/2026/02/19/fed-s-neel-kashkari-calls-crypto-utterly-useless-dismisses-stablecoins-as-buzzword-salad,coindesk.com,67,13
2026-02-19,"World Liberty : Krypto - Konferenz in Mar - a - Lago – Bitcoin fällt , Trump - Coin WLFI steigt","World Liberty : Krypto - Konferenz in Mar - a - Lago – Bitcoin fällt , Trump - Coin WLFI steigt",https://www.handelsblatt.com/finanzen/maerkte/devisen-rohstoffe/world-liberty-krypto-konferenz-in-mar-a-lago-bitcoin-faellt-trump-coin-wlfi-steigt/100201498.html,handelsblatt.com,95,21
2026-02-19,Bitcoin Going to Zero  Google Searches Rise With Crypto Sentiment in the Dumps,Bitcoin Going to Zero  Google Searches Rise With Crypto Sentiment in the Dumps,https://finance.yahoo.com/news/bitcoin-going-zero-google-searches-183633328.html,finance.yahoo.com,78,13
2026-02-19,Legislation for greater regulation of crypto kiosks advances in state Senate,Legislation for greater regulation of crypto kiosks advances in state Senate,https://wvmetronews.com/2026/02/18/legislation-for-greater-regulation-of-crypto-kiosks-advances-in-state-senate/,wvmetronews.com,76,11
2026-02-19,"Bitcoin ETFs Hold Billions as BTC Slips Below $70K , Analysts Warn of Potential Free Fall","Bitcoin ETFs Hold Billions as BTC Slips Below $70K , Analysts Warn of Potential Free Fall",https://www.newsbtc.com/news/bitcoin/bitcoin-etfs-hold-billions-as-btc-slips-below-70k-analysts-warn-of-potential-free-fall/,newsbtc.com,89,16
2026-02-19,Sen . Warren tells Fed and Treasury : No bailout for crypto billionaires,Sen . Warren tells Fed and Treasury : No bailout for crypto billionaires,https://www.cnbc.com/2026/02/18/warren-fed-treasury-crypto-billionaires-bailout-trump.html,cnbc.com,72,13
2026-02-19,Ledn Sells $188M Bitcoin - Backed Bonds In Unprecedented Deal,Ledn Sells $188M Bitcoin - Backed Bonds In Unprecedented Deal,https://bitcoinmagazine.com/news/ledn-sells-188m-bitcoin-backed-bonds,bitcoinmagazine.com,61,10
2026-02-19,Strategy Bitcoin Buying Accelerates as $48 Billion BTC Stash Sits Underwater,Strategy Bitcoin Buying Accelerates as $48 Billion BTC Stash Sits Underwater,https://finance.yahoo.com/news/strategy-bitcoin-buying-accelerates-48-161342523.html,finance.yahoo.com,76,11
2026-02-19,I Sold Bitcoin and Owed This Much in Taxes Here How To Calculate Yours,I Sold Bitcoin and Owed This Much in Taxes Here How To Calculate Yours,https://finance.yahoo.com/news/sold-bitcoin-owed-much-taxes-154144346.html,finance.yahoo.com,70,14
2026-02-19,65 % Yield from the YieldMax MSTR Option Income Strategy ETF ( MSTY ): Is It Real ?,65 % Yield from the YieldMax MSTR Option Income Strategy ETF ( MSTY ): Is It Real ?,https://finance.yahoo.com/news/65-yield-yieldmax-mstr-option-155119389.html,finance.yahoo.com,83,18
2026-02-19,Ethereum im Fokus : Warum die Foundation jetzt auf Post - Quantum - Kryptographie setzt,Ethereum im Fokus : Warum die Foundation jetzt auf Post - Quantum - Kryptographie setzt,https://www.finanzen.net/nachricht/devisen/quantensicherheit-ethereum-und-quantencomputer-foundation-gruendet-eigenes-sicherheitsteam-00-15468505,finanzen.net,87,15
2026-02-19,"Bitcoin Bottom Signal That Preceded 1 , 900 % Rally Flashes Again","Bitcoin Bottom Signal That Preceded 1 , 900 % Rally Flashes Again",https://cointelegraph.com/news/bitcoin-bottom-signal-that-preceded-1900percent-rally-flashes-again,cointelegraph.com,65,12
2026-02-19,"Nine Narratives That Could Drive The Next Crypto Bull Market , According To Bitwise Investment Chief Matt Hougan","Nine Narratives That Could Drive The Next Crypto Bull Market , According To Bitwise Investment Chief Matt Hougan",https://finance.yahoo.com/news/nine-narratives-could-drive-next-164908395.html,finance.yahoo.com,112,18
2026-02-19,Bitcoin : Wende bei Goldman Sachs () | aktiencheck . de,Bitcoin : Wende bei Goldman Sachs () | aktiencheck . de,https://www.aktiencheck.de/analysen/Artikel-Bitcoin_Wende_Goldman_Sachs-19485397,aktiencheck.de,55,11
2026-02-19,"As U . S . Regulators Pave Way For Crypto , Banks Continue To Object","As U . S . Regulators Pave Way For Crypto , Banks Continue To Object",https://www.forbes.com/sites/jasonbrett/2026/02/18/as-us-regulators-pave-way-for-crypto-banks-continue-to-object/,forbes.com,68,15
2026-02-19,Eric Trump reitrates claim bitcoin ( BTC ) is just getting started on its road to $1 million,Eric Trump reitrates claim bitcoin ( BTC ) is just getting started on its road to $1 million,https://www.coindesk.com/markets/2026/02/19/eric-trump-double-downs-on-usd1-million-bitcoin-prediction-during-world-financial-forum,coindesk.com,92,18
2026-02-19,Crypto M & A : Susquehanna - backed Blockfills seek sale after millions in lending losses,Crypto M & A : Susquehanna - backed Blockfills seek sale after millions in lending losses,https://www.coindesk.com/business/2026/02/19/susquehanna-backed-blockfills-up-for-sale-after-usd75-million-lending-loss,coindesk.com,89,16
2026-02-19,"Bitcoin news : UAE sits on $344 million in BTC mining profits , Arkham says","Bitcoin news : UAE sits on $344 million in BTC mining profits , Arkham says",https://www.coindesk.com/markets/2026/02/19/uae-sits-on-usd344-million-unrealized-profit-from-its-bitcoin-mining-operations,coindesk.com,75,15
2026-02-19,"Bitcoin , Ethereum Flat , While XRP , Dogecoin Dive Amid US - Iran Tensions : Analyst Compares Current Downturn To 2022 , Forecasts BTC At $51 , 000 - Grayscale Bitcoin Mini Trust ( BTC ) ( ARCA : BTC )","Bitcoin , Ethereum Flat , While XRP , Dogecoin Dive Amid US - Iran Tensions : Analyst Compares Current Downturn To 2022 , Forecasts BTC At $51 , 000 - Grayscale Bitcoin Mini Trust ( BTC ) ( ARCA : BTC )",https://www.benzinga.com/crypto/cryptocurrency/26/02/50710100/bitcoin-ethereum-flat-while-xrp-dogecoin-dive-amid-us-iran-tensions-analyst-compares-curren,benzinga.com,202,42
2026-02-19,"Goldman CEO Solomon , Long a Crypto Skeptic , Says He Owns Bitcoin","Goldman CEO Solomon , Long a Crypto Skeptic , Says He Owns Bitcoin",https://www.bloomberg.com:443/news/articles/2026-02-18/goldman-ceo-solomon-long-a-crypto-skeptic-says-he-owns-bitcoin,bloomberg.com,66,13
2026-02-19,Bitcoin & Co . heute : Alle Kursbewegungen auf einen Blick,Bitcoin & Co . heute : Alle Kursbewegungen auf einen Blick,https://www.finanzen.net/nachricht/devisen/so-entwickeln-sich-bitcoin-co-am-nachmittag-15503676,finanzen.net,58,11
2026-02-19,"Cryptocurrencies Price Prediction : XRP , Bitcoin & Litecoin – European Wrap 19 February","Cryptocurrencies Price Prediction : XRP , Bitcoin & Litecoin – European Wrap 19 February",https://www.fxstreet.com/cryptocurrencies/news/cryptocurrencies-price-prediction-xrp-bitcoin-litecoin-european-wrap-19-february-202602191111,fxstreet.com,88,14
2026-02-19,"Four Sub - $60 , 000 BTC Price Levels Form Bitcoin Bottom  Roadmap","Four Sub - $60 , 000 BTC Price Levels Form Bitcoin Bottom  Roadmap",https://cointelegraph.com/news/bitcoin-roadmap-to-bottom-says-58-7k-binance-cost-basis-now-crucial,cointelegraph.com,66,13
2026-02-19,Bitcoin Powerful Rally Signal Is Back : Is History About To Repeat ?,Bitcoin Powerful Rally Signal Is Back : Is History About To Repeat ?,https://www.newsbtc.com/news/bitcoin/bitcoins-powerful-rally-signal-is-back-is-history-about-to-repeat/,newsbtc.com,68,13
2026-02-19,Did Quantum Computing Fears Crash Bitcoin ? NYDIG Says No,Did Quantum Computing Fears Crash Bitcoin ? NYDIG Says No,https://www.newsbtc.com/news/bitcoin/did-quantum-fears-crash-bitcoin-nydig-says-no/,newsbtc.com,57,10
2026-02-19,Are Chinese Firms Secretly Buying Bitcoin ? The Mystery $436M Hong Kong BlackRock ETF Bet  Hiding in Plain Sight,Are Chinese Firms Secretly Buying Bitcoin ? The Mystery $436M Hong Kong BlackRock ETF Bet  Hiding in Plain Sight,https://finance.yahoo.com/news/chinese-firms-secretly-buying-bitcoin-154715373.html,finance.yahoo.com,112,19
2026-02-19,Bitcoin Ransom : Can It Crack Kidnapper Trail ?,Bitcoin Ransom : Can It Crack Kidnapper Trail ?,https://www.miragenews.com/bitcoin-ransom-can-it-crack-kidnappers-trail-1623100/,miragenews.com,47,9
2026-02-19,Bitcoin price falls as US - Iran tensions rattle risk assets,Bitcoin price falls as US - Iran tensions rattle risk assets,https://www.aol.co.uk/articles/bitcoin-price-falls-us-iran-100515390.html,aol.co.uk,60,11
2026-02-19,Bitcoin Going to Zero  Google Searches Hit Highest Level Since FTX,Bitcoin Going to Zero  Google Searches Hit Highest Level Since FTX,https://cointelegraph.com/news/bitcoin-going-to-zero-searches-spike-extreme-fear,cointelegraph.com,66,11
2026-02-19,Do Coinbase Stock Buybacks Make COIN a Good Buy Here ?,Do Coinbase Stock Buybacks Make COIN a Good Buy Here ?,https://finance.yahoo.com/news/coinbase-stock-buybacks-coin-good-160223323.html,finance.yahoo.com,54,11
2026-02-19,The Perfect Fraud : How A Fake Aristocrat Stole $400M From Mexico Biggest Bitcoin Bull,The Perfect Fraud : How A Fake Aristocrat Stole $400M From Mexico Biggest Bitcoin Bull,https://www.benzinga.com/markets/prediction-markets/26/02/50739171/the-perfect-fraud-how-a-fake-aristocrat-stole-400m-from-mexicos-biggest-bitcoin-bull,benzinga.com,86,15
2026-02-19,Is bitcoin price slump an investing opportunity ? Here how to buy bitcoin .,Is bitcoin price slump an investing opportunity ? Here how to buy bitcoin .,https://finance.yahoo.com/personal-finance/investing/article/is-bitcoins-price-slump-an-investing-opportunity-heres-how-to-buy-bitcoin-222211113.html,finance.yahoo.com,75,14
2026-02-19,"New Hanover County sheriff warns residents about phone scams demanding gift cards , Bitcoin","New Hanover County sheriff warns residents about phone scams demanding gift cards , Bitcoin",https://www.wect.com/2026/02/19/new-hanover-county-sheriff-warns-residents-about-phone-scams-demanding-gift-cards-bitcoin/,wect.com,91,14
2026-02-19,Nouriel Roubini Says Bitcoin Could Crash,Nouriel Roubini Says Bitcoin Could Crash,https://www.finanznachrichten.de/nachrichten-2026-02/67745158-nouriel-roubini-says-bitcoin-could-crash-here-s-why-385.htm,finanznachrichten.de,40,6
2026-02-19,"McGlone shifts bitcoin forecast to $28 , 000 after critics blast $10 , 000 call as  nonsense","McGlone shifts bitcoin forecast to $28 , 000 after critics blast $10 , 000 call as  nonsense",https://www.coindesk.com/markets/2026/02/19/mike-mcglone-softens-bitcoin-downside-target-to-usd28-000-after-backlash-over-usd10-000-call,coindesk.com,92,17
2026-02-19,Should You Bet on a Short Squeeze In This 1 Highly Shorted Bitcoin Stock ?,Should You Bet on a Short Squeeze In This 1 Highly Shorted Bitcoin Stock ?,https://finance.yahoo.com/news/bet-short-squeeze-1-highly-155114107.html,finance.yahoo.com,74,15
2026-02-19,Bitcoin Lightning Network Passes $1 Billion In Monthly Volume,Bitcoin Lightning Network Passes $1 Billion In Monthly Volume,https://bitcoinmagazine.com/news/bitcoins-lightning-network-surpasses,bitcoinmagazine.com,61,9
2026-02-19,"Warren warns Fed , Treasury against crypto bailout","Warren warns Fed , Treasury against crypto bailout",https://www.americanbanker.com/news/warren-warns-fed-treasury-against-crypto-bailout,americanbanker.com,50,8
2026-02-19,Tight Bitcoin Bollinger Bands Signal Big Move : Analyst,Tight Bitcoin Bollinger Bands Signal Big Move : Analyst,https://cointelegraph.com/news/tightening-bitcoin-bollinger-bands-forecast-explosive-price-move-but-which-way,cointelegraph.com,55,9
2026-02-19,Warren To U . S . Government :  No Bailouts For Crypto,Warren To U . S . Government :  No Bailouts For Crypto,https://bitcoinmagazine.com/news/senator-warren-not-to-bail-out-crypto,bitcoinmagazine.com,54,12
2026-02-19,"Voltage Launches First Payment - Volume Line of Credit : Bitcoin Finality , USD Settlement","Voltage Launches First Payment - Volume Line of Credit : Bitcoin Finality , USD Settlement",https://www.financial-news.co.uk/voltage-launches-first-payment-volume-line-of-credit-bitcoin-finality-usd-settlement/,financial-news.co.uk,90,15
2026-02-19,Bitcoin ATM scams in Montana expose residents to fraud risks,Bitcoin ATM scams in Montana expose residents to fraud risks,https://www.kulr8.com/news/bitcoin-atm-scams-in-montana-expose-residents-to-fraud-risks/article_3845ac19-930f-4b99-8d70-6575f834f251.html,kulr8.com,60,10
2026-02-19,Ethereum Resting on a 6 - Year Trend,Ethereum Resting on a 6 - Year Trend,https://www.actionforex.com/contributors/fundamental-analysis/630110-ethereum-resting-on-a-6-year-trend/,actionforex.com,36,8
2026-02-19,"Bitcoin At $66 , 000 As Ethereum , XRP , Dogecoin Slide On ETF Outflows","Bitcoin At $66 , 000 As Ethereum , XRP , Dogecoin Slide On ETF Outflows",https://www.benzinga.com/crypto/cryptocurrency/26/02/50715975/bitcoin-at-66000-as-ethereum-xrp-dogecoin-slide-on-etf-outflows,benzinga.com,71,15
2026-02-19,BTC Recovery from Recent Crash Fades,BTC Recovery from Recent Crash Fades,https://www.el-balad.com/6855740,el-balad.com,36,6
2026-02-19,Ledn $188M Bitcoin - Backed ABS Deal Enters US Bond Market,Ledn $188M Bitcoin - Backed ABS Deal Enters US Bond Market,https://cointelegraph.com/news/ledn-bitcoin-backed-abs-188m-sp-ratings,cointelegraph.com,58,11
2026-02-19,Bitcoin ETFs Extend Losses as Solana Funds Keep Ground,Bitcoin ETFs Extend Losses as Solana Funds Keep Ground,https://cointelegraph.com/news/bitcoin-etf-133-million-outflows-extreme-fear-sentiment,cointelegraph.com,54,9
2026-02-19,"Coinbase launches XRP , DOGE , LTC and ADA backed loans but fails to spark demand","Coinbase launches XRP , DOGE , LTC and ADA backed loans but fails to spark demand",https://www.fxstreet.com/cryptocurrencies/news/xrp-doge-ltc-and-ada-under-pressure-despite-coinbases-new-instant-loan-feature-202602191102,fxstreet.com,81,16
2026-02-19,Bitcoin Consolidating In A Triangle Is A 15 % Move Next ?,Bitcoin Consolidating In A Triangle Is A 15 % Move Next ?,https://www.newsbtc.com/bitcoin-news/bitcoin-consolidating-in-a-triangle-15-move-next/,newsbtc.com,57,12
2026-02-19,The Future Of Crypto : Fintech 50 2026,The Future Of Crypto : Fintech 50 2026,https://www.forbes.com/sites/ninabambysheva/2026/02/19/the-future-of-crypto-fintech-50-2026/,forbes.com,38,8
2026-02-19,"Revealed : The Biggest Bitcoin Holders Of 2026 , According To Arkham Data","Revealed : The Biggest Bitcoin Holders Of 2026 , According To Arkham Data",https://www.newsbtc.com/bitcoin-news/revealed-the-biggest-bitcoin-holders-of-2026-according-to-arkham-data/,newsbtc.com,73,13
2026-02-19,Investitori instituționali privilegiază Ethereum ca infrastructură digitală în fața Bitcoin,Investitori instituționali privilegiază Ethereum ca infrastructură digitală în fața Bitcoin,https://business24.ro/ethereum/investitori-institutionali-ethereum-infrastructura-digitala-bitcoin-1641363,business24.ro,91,10
2026-02-19,Bitcoin ve ether yatay seyirde : Gözler PCE verisinde,Bitcoin ve ether yatay seyirde : Gözler PCE verisinde,https://www.dunya.com/finans/kripto-para/bitcoin-ve-ether-yatay-seyirde-gozler-pce-verisinde-haberi-815626,dunya.com,53,9
2026-02-19,Devlet fonları ETFlere akın ediyor ! Abu Dabiden 1 milyar dolarlık Bitcoin hamlesi ...,Devlet fonları ETFlere akın ediyor ! Abu Dabiden 1 milyar dolarlık Bitcoin hamlesi ...,https://www.dunya.com/finans/kripto-para/devlet-fonlari-etflere-akin-ediyor-abu-dabiden-1-milyar-dolarlik-bitcoin-hamlesi-haberi-815610,dunya.com,86,14
2026-02-19,"Elizabeth Warren Says Fed , Treasury Shouldnt  Use Taxpayer Dollars To Bail Out Crypto Billionaires","Elizabeth Warren Says Fed , Treasury Shouldnt  Use Taxpayer Dollars To Bail Out Crypto Billionaires",https://www.benzinga.com/crypto/cryptocurrency/26/02/50717277/elizabeth-warren-says-fed-treasury-shouldnt-use-taxpayer-dollars-to-bail-out-crypto-billionaires,benzinga.com,99,15
2026-02-19,Bitget : Investitorii instituționali își mută atenția spre Ethereum . Devine noul „ aur digital  al pieței cripto ?,Bitget : Investitorii instituționali își mută atenția spre Ethereum . Devine noul „ aur digital  al pieței cripto ?,https://www.forbes.ro/bitget-investitorii-institutionali-isi-muta-atentia-spre-ethereum-devine-noul-aur-digital-al-pietei-cripto-488565,forbes.ro,115,19
2026-02-19,CME Group Announces Upcoming 24 / 7 Crypto Futures and Options Trading,CME Group Announces Upcoming 24 / 7 Crypto Futures and Options Trading,https://cointelegraph.com/news/cme-may-24-7-crypto-derivative-trading,cointelegraph.com,70,12
2026-02-19,"Coinbase , zincir üstü kredi ürününe XRP , DOGE , ADA ve LTC teminat desteği ekledi","Coinbase , zincir üstü kredi ürününe XRP , DOGE , ADA ve LTC teminat desteği ekledi",https://www.haberler.com/kripto-para/coinbase-zincir-ustu-kredi-urunune-xrp-doge-19584357-haberi/,haberler.com,83,16
2026-02-24,Crypto : Capitulation or Double Bottom ?,Crypto : Capitulation or Double Bottom ?,https://www.actionforex.com/contributors/fundamental-analysis/630923-crypto-capitulation-or-double-bottom/,actionforex.com,40,7
2026-02-24,"Bitdeer sells all Bitcoin , Metaplanet rejects misconduct claims : Asia Express","Bitdeer sells all Bitcoin , Metaplanet rejects misconduct claims : Asia Express",https://magazine.cointelegraph.com/bitdeer-sells-all-bitcoin-metaplanet-rejects-misconduct-claims-asia-express/,magazine.cointelegraph.com,79,12
2026-02-24,Crypto VC Framework Ventures to take $45 million stake in mortgage issuer Better . com,Crypto VC Framework Ventures to take $45 million stake in mortgage issuer Better . com,https://fortune.com/2026/02/23/better-com-framework-ventures-homecoin-tokenized-mortgages/,fortune.com,86,15
2026-02-24,Bitcoin nastavlja svoj pad,Bitcoin nastavlja svoj pad,https://www.index.hr/vijesti/clanak/cijena-bitcoina-pala-ispod-63000-dolara-takticko-smanjenje-rizika/2764041.aspx,index.hr,26,4
2026-02-24,Bitcoin Crisis : Worst Drop Since 2022,Bitcoin Crisis : Worst Drop Since 2022,https://athens-times.com/bitcoin-in-crisis-worst-monthly-drop-since-2022-collapse/,athens-times.com,38,7
2026-02-24,"Bitmine , Ethereum hazinesini 4 , 42 milyon ETHye çıkardı","Bitmine , Ethereum hazinesini 4 , 42 milyon ETHye çıkardı",https://www.haberler.com/kripto-para/bitmine-ethereum-hazinesini-4-42-milyon-eth-ye-19596634-haberi/,haberler.com,57,10
2026-02-24,Let the Bitcoin bubble deflate : It time to tokenize assets that hold intrinsic value,Let the Bitcoin bubble deflate : It time to tokenize assets that hold intrinsic value,https://www.livemint.com/opinion/online-views/bitcoin-bubble-deflate-tokenize-real-assets-intrinsic-value-blockchain-carbon-capture-11771738663833.html,livemint.com,85,15
2026-02-24,"Bitcoin falls to $63 , 000","Bitcoin falls to $63 , 000",https://en.apa.az/cryptocurrency/bitcoin-falls-to-63000-492780,en.apa.az,26,6
2026-02-24,"Bitcoin prices crash 19 % in February , set for worst monthly fall in almost 4 years : More pain ahead ?","Bitcoin prices crash 19 % in February , set for worst monthly fall in almost 4 years : More pain ahead ?",https://www.livemint.com/market/cryptocurrency/bitcoin-prices-crash-19-in-february-set-for-worst-monthly-fall-in-almost-4-years-more-pain-ahead-11771919103228.html,livemint.com,104,22
2026-02-24,Strategic Credit Facility Established w / Coinbase | Company Announcement,Strategic Credit Facility Established w / Coinbase | Company Announcement,https://www.investegate.co.uk/announcement/rns/the-smarter-web-company-plc--swc/strategic-credit-facility-established-w-coinbase/9443508,investegate.co.uk,73,10
2026-02-24,"Bitcoin se prăbușește sub presiunea globală : cădere abruptă sub 63 . 000 de dolari , pe fondul tensiunilor geopolitice și al fugii de risc","Bitcoin se prăbușește sub presiunea globală : cădere abruptă sub 63 . 000 de dolari , pe fondul tensiunilor geopolitice și al fugii de risc",https://www.stiripesurse.ro/bitcoin-se-prabuseste-sub-presiunea-globala-cadere-abrupta-sub-63000-de-dolari-pe-fondul-tensiunilor-geopolitice-si-al-fugii-de-risc_3862091,stiripesurse.ro,139,25
2026-02-24,"TRM Labs , Finray Launch Crypto and Fiat Monitoring","TRM Labs , Finray Launch Crypto and Fiat Monitoring",https://cointelegraph.com/news/trm-labs-finray-crypto-fiat-monitoring-mica-compliance,cointelegraph.com,51,9
2026-02-24,"Bitmine Immersion ( BMNR ) Reports $9 . 6B in Crypto and Cash , Plus 4 . 423M ETH","Bitmine Immersion ( BMNR ) Reports $9 . 6B in Crypto and Cash , Plus 4 . 423M ETH",https://www.el-balad.com/6859597,el-balad.com,81,19
2026-02-24,Rumor : GTA 6 Had Plans To Incorporate Crypto As In - Game Cash - But They Scrapped It Years Ago,Rumor : GTA 6 Had Plans To Incorporate Crypto As In - Game Cash - But They Scrapped It Years Ago,https://gameranx.com/updates/id/561384/article/rumor-gta-6-had-plans-to-incorporate-crypto-as-in-game-cash-but-they-scrapped-it-years-ago/,gameranx.com,96,21
2026-02-24,The Saylor Discount : Why Bitcoin Trading Below Strategy Realized Price is a Gift for Late - Cycle Allocators,The Saylor Discount : Why Bitcoin Trading Below Strategy Realized Price is a Gift for Late - Cycle Allocators,https://www.newsbtc.com/bitcoin-news/the-saylor-discount-why-bitcoin-trading-below-strategys-realized-price-is-a-gift-for-late-cycle-allocators/,newsbtc.com,109,19
2026-02-24,Better Buy : Bitcoin vs . Ethereum,Better Buy : Bitcoin vs . Ethereum,https://finance.yahoo.com/news/better-buy-bitcoin-vs-ethereum-104500643.html,finance.yahoo.com,34,7
2026-02-24,"Bitcoin Price Sinks to New Weekly Low , Bulls Lose Key Support","Bitcoin Price Sinks to New Weekly Low , Bulls Lose Key Support",https://www.newsbtc.com/analysis/btc/bitcoin-price-sinks-to-63500/,newsbtc.com,62,12
2026-02-24,"Ethereum Price Slides Deeper , $1 , 800 Emerges as Crucial Battleground","Ethereum Price Slides Deeper , $1 , 800 Emerges as Crucial Battleground",https://www.newsbtc.com/analysis/eth/ethereum-price-slides-deeper-1800/,newsbtc.com,71,12
2026-02-24,"Bitcoin hovers near $63 , 000 as global risk - off sentiment weighs on crypto markets","Bitcoin hovers near $63 , 000 as global risk - off sentiment weighs on crypto markets",https://economictimes.indiatimes.com/markets/cryptocurrency/bitcoin-hovers-near-63000-as-global-risk-off-sentiment-weighs-on-crypto-markets/articleshow/128742210.cms,economictimes.indiatimes.com,85,16
2026-02-24,Bitcoin zalicza najgorszy miesiąc od krachu z 2022 roku . Rynek reaguje na cła Trumpa,Bitcoin zalicza najgorszy miesiąc od krachu z 2022 roku . Rynek reaguje na cła Trumpa,https://www.money.pl/gospodarka/bitcoin-zalicza-najgorszy-miesiac-od-krachu-z-2022-roku-rynek-reaguje-na-cla-trumpa-7257768488061312a.html,money.pl,85,15
2026-02-24,Kansas family loses $20K in crypto ATM scam as regulators step in,Kansas family loses $20K in crypto ATM scam as regulators step in,https://www.kmbc.com/article/kansas-regulators-probe-banks-crypto-atms-after-20000-scam/70470525,kmbc.com,65,12
2026-02-24,"Retail lender Rate embraces cryptocurrency , stablecoins","Retail lender Rate embraces cryptocurrency , stablecoins",https://www.nationalmortgagenews.com/news/retail-lender-rate-embraces-cryptocurrency-stablecoins,nationalmortgagenews.com,56,7
2026-02-24,Promising Cryptocurrency Stocks To Keep An Eye On – February 21st,Promising Cryptocurrency Stocks To Keep An Eye On – February 21st,https://www.dailypolitical.com/2026/02/23/promising-cryptocurrency-stocks-to-keep-an-eye-on-february-21st.html,dailypolitical.com,65,11
2026-02-24,"Bitcoin extends decline , falling over 5 % to below $63 , 000","Bitcoin extends decline , falling over 5 % to below $63 , 000",https://www.cnbc.com/2026/02/24/bitcoin-extends-decline-falling-below-64000-btc-trump-tariffs-ai-crypto.html,cnbc.com,61,13
2026-02-24,"Bitcoin , Ethereum Slip , XRP , Dogecoin Flat Amid Trump Tariffs Strain : Analyst Says  Matter Of Time  Before BTC Falls Below This Level - Grayscale Bitcoin Mini Trust ( BTC ) ( ARCA : BTC )","Bitcoin , Ethereum Slip , XRP , Dogecoin Flat Amid Trump Tariffs Strain : Analyst Says  Matter Of Time  Before BTC Falls Below This Level - Grayscale Bitcoin Mini Trust ( BTC ) ( ARCA : BTC )",https://www.benzinga.com/crypto/cryptocurrency/26/02/50804283/bitcoin-ethereum-slip-xrp-dogecoin-flat-amid-trump-tariffs-strain-analyst-says-matter-of-time-before-btc-falls-below-this-level,benzinga.com,191,38
2026-02-24,Bitcoin s - a prăbușit . Cea mai puternică criptomonedă scade sub 63 . 000$ pe fondul tensiunilor geopolitice globale,Bitcoin s - a prăbușit . Cea mai puternică criptomonedă scade sub 63 . 000$ pe fondul tensiunilor geopolitice globale,https://www.capital.ro/bitcoin-s-a-prabusit-cea-mai-puternica-criptomoneda-scade-sub-63-000-pe-fondul-tensiunilor-geopolitice-globale.html,capital.ro,117,20
2026-02-24,Software Stocks Slide on AI Fears : What Does It Mean for Bitcoin Price ?,Software Stocks Slide on AI Fears : What Does It Mean for Bitcoin Price ?,https://finance.yahoo.com/news/software-stocks-slide-ai-fears-094331478.html,finance.yahoo.com,73,15
2026-02-24,Krypto News : Bitcoin - Reserve 2 . 0 ? Dieser US - Bundesstaat macht Ernst,Krypto News : Bitcoin - Reserve 2 . 0 ? Dieser US - Bundesstaat macht Ernst,https://www.finanzen.net/nachricht/devisen/krypto-news-bitcoin-reserve-2-0-dieser-us-bundesstaat-macht-ernst-15511189,finanzen.net,75,16
2026-02-24,The $45 Million Crypto Hammer : Whale Inflow To Binance Threatens To Shatter XRP Recovery,The $45 Million Crypto Hammer : Whale Inflow To Binance Threatens To Shatter XRP Recovery,https://www.newsbtc.com/xrp-news/the-45-million-crypto-hammer-whale-inflow-to-binance-threatens-to-shatter-xrps-recovery/,newsbtc.com,89,15
2026-02-24,Bitcoin în scădere puternică . Pierde peste 19 % în februarie și ajunge la cel mai mic nivel din ultimele luni,Bitcoin în scădere puternică . Pierde peste 19 % în februarie și ajunge la cel mai mic nivel din ultimele luni,https://news.yam.md/ro/story/18689888,news.yam.md,110,21
2026-02-24,Coinbase Aktie : Ernüchternde Erkenntnisse ?,Coinbase Aktie : Ernüchternde Erkenntnisse ?,https://www.stock-world.de/coinbase-aktie-ernuechternde-erkenntnisse/,stock-world.de,44,6
2026-02-24,Next Bull Run Moves Beyond Charts : APEMARS Leads Altcoin Index,Next Bull Run Moves Beyond Charts : APEMARS Leads Altcoin Index,https://www.openpr.com/news/4403661/next-bull-run-moves-beyond-charts-apemars-leads-altcoin-index,openpr.com,63,11
2026-02-24,Chasing Top Altcoin Picks ? As XRP Locks Onto $1 . 3 And NEAR Ticks Up,Chasing Top Altcoin Picks ? As XRP Locks Onto $1 . 3 And NEAR Ticks Up,https://www.openpr.com/news/4403707/chasing-top-altcoin-picks-as-xrp-locks-onto-1-3-and-near-ticks-up,openpr.com,70,16
2026-02-24,Bitcoin traci na wartości . Czy inwestorzy mają powody do obaw ? • Region,Bitcoin traci na wartości . Czy inwestorzy mają powody do obaw ? • Region,https://www.nowiny.pl/wiadomosci/247012-bitcoin-traci-na-wartosci-czy-inwestorzy-maja-powody-do-obaw.html,nowiny.pl,73,14
2026-02-24,Bitcoin : Ausverkauf oder Kaufchance ?,Bitcoin : Ausverkauf oder Kaufchance ?,https://www.stock-world.de/bitcoin-ausverkauf-oder-kaufchance/,stock-world.de,38,6
2026-02-24,Wenatchee Fire Linked to Bitcoin Mining Operation,Wenatchee Fire Linked to Bitcoin Mining Operation,https://newstalkkit.com/ixp/1134/p/bitcoin-mining-fire-wenatchee-building/,newstalkkit.com,49,7
2026-02-24,New England states target crypto ATM operator over alleged scams,New England states target crypto ATM operator over alleged scams,https://fox23maine.com/news/i-team/new-england-states-target-crypto-atm-operator-over-alleged-scams,fox23maine.com,64,10
2026-02-24,"Bitcoin falls to $65 , 000 , putting token on pace for fifth month of losses","Bitcoin falls to $65 , 000 , putting token on pace for fifth month of losses",https://finance.yahoo.com/news/bitcoin-falls-to-65000-putting-token-on-pace-for-fifth-month-of-losses-152405934.html,finance.yahoo.com,76,16
2026-02-24,"Bitcoin faces cascade below $60 , 000","Bitcoin faces cascade below $60 , 000",https://thearabianpost.com/bitcoin-faces-cascade-below-60000/,thearabianpost.com,37,7
2026-02-24,"FinancialContent - Bitcoin Plummets to $63 , 067 as Tariff Shock Triggers Worst Monthly Rout Since 2022","FinancialContent - Bitcoin Plummets to $63 , 067 as Tariff Shock Triggers Worst Monthly Rout Since 2022",https://markets.financialcontent.com/stocks/article/marketminute-2026-2-24-bitcoin-plummets-to-63067-as-tariff-shock-triggers-worst-monthly-rout-since-2022,markets.financialcontent.com,103,17
2026-02-24,Best Bitcoin Stocks To Follow Today – February 23rd,Best Bitcoin Stocks To Follow Today – February 23rd,https://www.themarketsdaily.com/2026/02/24/best-bitcoin-stocks-to-follow-today-february-23rd.html,themarketsdaily.com,51,9
2026-02-24,"Crypto crash is macro reset , not meltdown : India top exchanges to Firstpost – Firstpost","Crypto crash is macro reset , not meltdown : India top exchanges to Firstpost – Firstpost",https://www.firstpost.com/business/bitcoin-february-crash-bitcoin-crypto-macro-asset-india-exchanges-meltdown-market-correction-firstpost-13983325.html,firstpost.com,89,16
2026-02-24,Crypto funds endure heavy outflows amid investor caution,Crypto funds endure heavy outflows amid investor caution,https://thearabianpost.com/crypto-funds-endure-heavy-outflows-amid-investor-caution/,thearabianpost.com,56,8
2026-02-24,Polymarket Shows 75 % Odds of Bitcoin Dropping Below $55K – What Traders Need to Know,Polymarket Shows 75 % Odds of Bitcoin Dropping Below $55K – What Traders Need to Know,https://finance.yahoo.com/news/polymarket-shows-75-odds-bitcoin-121119394.html,finance.yahoo.com,85,16
2026-02-24,Bitcoin - Kurs aktuell : Strukturelle Risiken bedrohen Kryptowährung,Bitcoin - Kurs aktuell : Strukturelle Risiken bedrohen Kryptowährung,https://deutsche-wirtschafts-nachrichten.de/719238/bitcoin-kurs-aktuell-unter-65000-dollar-kryptowaehrung-unter-strukturellem-druck-was-das-heisst,deutsche-wirtschafts-nachrichten.de,68,9
2026-02-24,Bitdeer $62m Bitcoin liquidation  not a concern  as miner eyes land acquisitions,Bitdeer $62m Bitcoin liquidation  not a concern  as miner eyes land acquisitions,https://finance.yahoo.com/news/bitdeer-62m-bitcoin-liquidation-not-104659652.html,finance.yahoo.com,80,12
2026-02-24,"Bitcoin stabilizohet rreth 66 , 000 dollarëve : Tregu në tension mes lajmeve ekonomike dhe gjeopolitike","Bitcoin stabilizohet rreth 66 , 000 dollarëve : Tregu në tension mes lajmeve ekonomike dhe gjeopolitike",https://kohanews.com/bitcoin-stabilizohet-rreth-66000-dollareve-tregu-ne-tension-mes-lajmeve-ekonomike-dhe-gjeopolitike/,kohanews.com,103,16
2026-02-24,"iTrustCapital Launches Crypto Treasury Accounts For Businesses , Trusts , & Non - Profits","iTrustCapital Launches Crypto Treasury Accounts For Businesses , Trusts , & Non - Profits",http://www.californiatelegraph.com/news/278886364/itrustcapital-launches-crypto-treasury-accounts-for-businesses-trusts-non-profits,californiatelegraph.com,89,14
2026-02-24,"BTC price teeters near $63 , 000 as pippin rally shows speculative froth remains : Crypto Daybook Americas","BTC price teeters near $63 , 000 as pippin rally shows speculative froth remains : Crypto Daybook Americas",https://www.coindesk.com/daybook-us/2026/02/24/bitcoin-teeters-near-usd63-000-as-pippin-s-rally-shows-froth-remains,coindesk.com,106,18
2026-02-24,Ethereum Is Growing . So Why Is The ETH Price Collapsing ?,Ethereum Is Growing . So Why Is The ETH Price Collapsing ?,https://www.forbes.com/sites/greatspeculations/2026/02/24/ethereum-is-growing-so-why-is-the-eth-price-collapsing/,forbes.com,58,12
2026-02-24,The Smarter Web Company agrees $30m credit facility with Coinbase,The Smarter Web Company agrees $30m credit facility with Coinbase,https://www.proactiveinvestors.co.uk/companies/news/1087827/the-smarter-web-company-agrees-30m-credit-facility-with-coinbase-1087827.html,proactiveinvestors.co.uk,65,10
2026-02-24,"What Is Jane Street Really Doing ? Terraform Allegations , Bitcoin Sale , MSTR Buys","What Is Jane Street Really Doing ? Terraform Allegations , Bitcoin Sale , MSTR Buys",https://finance.yahoo.com/news/jane-street-really-doing-terraform-111715480.html,finance.yahoo.com,83,15
2026-02-24,Permissibility is the real prize for banks in crypto bill,Permissibility is the real prize for banks in crypto bill,https://www.americanbanker.com/news/permissibility-is-the-real-prize-for-banks-in-crypto-bill,americanbanker.com,57,10
2026-02-24,"Canaan , Cipher Miningin Batı Teksastaki Bitcoin madencilik projelerindeki payını satın aldı","Canaan , Cipher Miningin Batı Teksastaki Bitcoin madencilik projelerindeki payını satın aldı",https://www.haberler.com/kripto-para/canaan-cipher-mining-in-bati-teksas-taki-bitcoin-19597844-haberi/,haberler.com,92,12
2026-02-24,"Prediction market now prices a 42 % chance Bitcoin falls below $60 , 000 before February ends","Prediction market now prices a 42 % chance Bitcoin falls below $60 , 000 before February ends",https://www.proactiveinvestors.co.uk/companies/news/1087832/prediction-market-now-prices-a-42-chance-bitcoin-falls-below-60-000-before-february-ends-1087832.html,proactiveinvestors.co.uk,93,17
2026-02-24,Bitcoin Tumbles As Tariff Trauma Adds To AI Anguish,Bitcoin Tumbles As Tariff Trauma Adds To AI Anguish,https://www.rttnews.com/3624349/bitcoin-tumbles-as-tariff-trauma-adds-to-ai-anguish.aspx,rttnews.com,51,9
2026-02-24,What is behind the Bitcoin price collapse ?,What is behind the Bitcoin price collapse ?,https://news.az/news/what-is-behind-the-bitcoin-price-collapse,news.az,43,8
2026-02-24,"Bitcoin Bull Market Was a Bubble , Peter Schiff Claims , Says Gold Rise Reflects De - Dollarization","Bitcoin Bull Market Was a Bubble , Peter Schiff Claims , Says Gold Rise Reflects De - Dollarization",https://finance.yahoo.com/news/bitcoin-bull-market-bubble-peter-120215684.html,finance.yahoo.com,99,18
2026-02-24,"Delhi High Court rejects investor pleas seeking crypto regulation , CBI probe into Bitbns","Delhi High Court rejects investor pleas seeking crypto regulation , CBI probe into Bitbns",https://www.barandbench.com/news/litigation/delhi-high-court-rejects-investor-pleas-seeking-crypto-regulation-cbi-probe-into-bitbns,barandbench.com,89,14
2026-02-24,Bitcoin heads for worst month since crypto collapse of 2022,Bitcoin heads for worst month since crypto collapse of 2022,https://www.adn.com/business-economy/2026/02/24/bitcoin-heads-for-worst-month-since-crypto-collapse-of-2022/,adn.com,59,10
2026-02-24,"Unbeirrt trotz Abwärtswind : NASDAQ - Aktie Strategy baut Bitcoin - Bestand aus - Coinbase , Block & Co . tiefrot","Unbeirrt trotz Abwärtswind : NASDAQ - Aktie Strategy baut Bitcoin - Bestand aus - Coinbase , Block & Co . tiefrot",https://www.finanzen.net/nachricht/aktien/zoll-drama-krypto-aktien-brechen-ein-strategy-kauft-dennoch-unbeirrt-bitcoin-nach-coinbase-block-co-im-blick-15512146,finanzen.net,113,21
2026-02-26,"Elliot Wave Analyst Predicts Bitcoin Price Will Crash In Final Move , What The Target ?","Elliot Wave Analyst Predicts Bitcoin Price Will Crash In Final Move , What The Target ?",https://www.newsbtc.com/bitcoin-news/bitcoin-crash-in-final-move/,newsbtc.com,87,16
2026-02-26,"Bitcoin , Ethereum , XRP , Dogecoin Surge With Stocks , But Analyst Warns This Might Just Be A  Relief Rally  - Grayscale Bitcoin Mini Trust ( BTC ) ( ARCA : BTC )","Bitcoin , Ethereum , XRP , Dogecoin Surge With Stocks , But Analyst Warns This Might Just Be A  Relief Rally  - Grayscale Bitcoin Mini Trust ( BTC ) ( ARCA : BTC )",https://www.benzinga.com/crypto/cryptocurrency/26/02/50876048/bitcoin-ethereum-xrp-dogecoin-surge-with-stocks-but-analyst-warns-this-might-just-be-a-relief-rally,benzinga.com,163,34
2026-02-26,Strategy Stock Plunges 60 % in a Year : Why the Dip Signals a Buying Chance,Strategy Stock Plunges 60 % in a Year : Why the Dip Signals a Buying Chance,https://www.investing.com/analysis/strategy-stock-plunges-60-in-a-year-why-the-dip-signals-a-buying-chance-200675691,investing.com,75,16
2026-02-26,Bitcoin at $68K After $1T Drop Is Recovery Sustainable ?,Bitcoin at $68K After $1T Drop Is Recovery Sustainable ?,https://athens-times.com/bitcoin-hovers-near-68000-amid-1-trillion-market-loss-but-long-term-support-remains-strong/,athens-times.com,56,10
2026-02-26,"Tom Lee : Bitcoin 50 % Drop Is A  Crypto Squall , Not A Winter","Tom Lee : Bitcoin 50 % Drop Is A  Crypto Squall , Not A Winter",https://finance.yahoo.com/news/tom-lee-bitcoins-50-drop-230109686.html,finance.yahoo.com,62,15
2026-02-26,"Bitcoin , Ethereum & Co : Kurssprung heute !","Bitcoin , Ethereum & Co : Kurssprung heute !",https://www.finanzen.net/nachricht/devisen/krypto-marktbericht-kryptokurse-steigen-kraeftig-so-performen-bitcoin-dogecoin-etherum-ripple-co-heute-15518472,finanzen.net,44,9
2026-02-26,Trump brothers - backed American Bitcoin swings to quarterly loss amid crypto selloff,Trump brothers - backed American Bitcoin swings to quarterly loss amid crypto selloff,https://finance.yahoo.com/news/trump-brothers-backed-american-bitcoin-122144114.html,finance.yahoo.com,85,13
2026-02-26,American Bitcoin Reports Fourth Quarter and Full Year 2025 Results,American Bitcoin Reports Fourth Quarter and Full Year 2025 Results,http://www.prnewswire.com/news-releases/american-bitcoin-reports-fourth-quarter-and-full-year-2025-results-302697789.html,prnewswire.com,66,10
2026-02-26,Bitcoin ve Ethereumda toparlanma sinyalleri - Kripto Para Haberleri,Bitcoin ve Ethereumda toparlanma sinyalleri - Kripto Para Haberleri,https://www.haberturk.com/bitcoin-ve-ethereum-da-toparlanma-sinyalleri-3865124-ekonomi,haberturk.com,67,9
2026-02-26,"Bitcoin news : $75 turns into $200 , 000 jackpot for lucky BTC miner","Bitcoin news : $75 turns into $200 , 000 jackpot for lucky BTC miner",https://www.coindesk.com/markets/2026/02/25/solo-bitcoin-miner-turns-usd75-of-rented-hashrate-into-a-usd200-000-block-reward,coindesk.com,68,14
2026-02-26,"Crypto market rebounds as Bitcoin jumps 5 %, trades near $68K on strong ETF inflows","Crypto market rebounds as Bitcoin jumps 5 %, trades near $68K on strong ETF inflows",https://economictimes.indiatimes.com/markets/cryptocurrency/crypto-market-rebounds-as-bitcoin-jumps-5-trades-near-68k-on-strong-etf-inflows/articleshow/128806994.cms,economictimes.indiatimes.com,83,15
2026-02-26,Top 3 NFT Collectibles Lead Multi - Million Dollar Sales Surge,Top 3 NFT Collectibles Lead Multi - Million Dollar Sales Surge,https://www.el-balad.com/6861051,el-balad.com,62,11
2026-02-26,Cum să - ți transformi portofelul crypto într - o sursă de venit pasiv în 2026,Cum să - ți transformi portofelul crypto într - o sursă de venit pasiv în 2026,https://ziare.com/criptomonede/cum-sa-ti-transformi-portofelul-crypto-intr-o-sursa-de-venit-pasiv-in-2026-1996818,ziare.com,78,16
2026-02-26,"Binance bets on Greek labour , security for EU growth , co - CEO Teng says","Binance bets on Greek labour , security for EU growth , co - CEO Teng says",https://www.businesstimes.com.sg/wealth/crypto-alternative-assets/binance-bets-greek-labour-security-eu-growth-co-ceo-teng-says,businesstimes.com.sg,74,16
2026-02-26,"Gold , stocks , crypto extend losses amid  extreme fear  among investors","Gold , stocks , crypto extend losses amid  extreme fear  among investors",https://finance.yahoo.com/news/gold-stocks-crypto-extend-losses-171006801.html,finance.yahoo.com,72,12
2026-02-26,GTA 6 Abandoned Plans for Crypto as In - Game Currency Years Ago,GTA 6 Abandoned Plans for Crypto as In - Game Currency Years Ago,https://www.el-balad.com/6860951,el-balad.com,64,13
2026-02-26,Three Firms Buy Strategy STRC Could This Push MSTR Above $140 ? - Strategy ( NASDAQ : MSTR ),Three Firms Buy Strategy STRC Could This Push MSTR Above $140 ? - Strategy ( NASDAQ : MSTR ),https://www.benzinga.com/crypto/cryptocurrency/26/02/50885297/three-firms-buy-strategys-strc-could-this-push-mstr-above-140,benzinga.com,92,19
2026-02-26,Michael Saylor unveils Bitcoin - backed  Digital Credit  vision at Strategy World,Michael Saylor unveils Bitcoin - backed  Digital Credit  vision at Strategy World,https://www.fxstreet.com/cryptocurrencies/news/michael-saylor-unveils-bitcoin-backed-digital-credit-vision-at-strategy-world-202602260235,fxstreet.com,81,12
2026-02-26,UK Security Chair Wants Temporary Ban on Crypto Donations,UK Security Chair Wants Temporary Ban on Crypto Donations,https://cointelegraph.com/news/uk-temporary-ban-crypto-political-donations-matt-western,cointelegraph.com,57,9
2026-02-26,Citrini AI report terrified Wall Street . Here why its vision is a boon for Bitcoin price,Citrini AI report terrified Wall Street . Here why its vision is a boon for Bitcoin price,https://finance.yahoo.com/news/citrini-ai-report-terrified-wall-170723307.html,finance.yahoo.com,89,17
2026-02-26,DMG Blockchain Solutions Reports First Quarter 2026 Financial Results,DMG Blockchain Solutions Reports First Quarter 2026 Financial Results,https://www.manilatimes.net/2026/02/26/tmt-newswire/globenewswire/dmg-blockchain-solutions-reports-first-quarter-2026-financial-results/2285516,manilatimes.net,69,9
2026-02-26,BTC Digital ( NASDAQ : METX ) Stock Price Up 8 . 5 % – Here What Happened,BTC Digital ( NASDAQ : METX ) Stock Price Up 8 . 5 % – Here What Happened,https://www.tickerreport.com/banking-finance/13358682/btc-digital-nasdaqmetx-stock-price-up-8-5-heres-what-happened.html,tickerreport.com,73,18
2026-02-26,Altcoin News : Rebound stark – mehr Potenzial ! Top 20 Coin schon überbewertet,Altcoin News : Rebound stark – mehr Potenzial ! Top 20 Coin schon überbewertet,https://www.wallstreet-online.de/nachricht/20546886-altcoin-news-rebound-stark-potenzial-top-20-coin-ueberbewertet,wallstreet-online.de,78,14
2026-02-26,"Jane Street Two - Continent Problem : Barred In India , Sued In Crypto","Jane Street Two - Continent Problem : Barred In India , Sued In Crypto",https://www.forbes.com/sites/boazsobrado/2026/02/26/jane-streets-two-continent-problem-barred-in-india-sued-in-crypto/,forbes.com,70,14
2026-02-26,21shares launches strategy yield ETP,21shares launches strategy yield ETP,https://funds-europe.com/21shares-launches-strategy-yield-etp/,funds-europe.com,36,5
2026-02-26,Morgan Stanley : We Want To Have Bitcoin Trading And Custody,Morgan Stanley : We Want To Have Bitcoin Trading And Custody,https://bitcoinmagazine.com/news/morgan-stanley-plans-for-bitcoin-trading,bitcoinmagazine.com,60,11
2026-02-26,Simplify Bitcoin Strategy PLUS Income ETF ( NASDAQ : MAXI ) Sees Large Decline in Short Interest,Simplify Bitcoin Strategy PLUS Income ETF ( NASDAQ : MAXI ) Sees Large Decline in Short Interest,https://www.tickerreport.com/banking-finance/13358655/simplify-bitcoin-strategy-plus-income-etf-nasdaqmaxi-sees-large-decline-in-short-interest.html,tickerreport.com,96,17
2026-02-26,"Bitcoin Critic David Stockman Gets Reality Check After Popular Analyst Likens BTC Slump To Drawdowns In  Trillion Dollar Stock Like Nvidia , Amazon","Bitcoin Critic David Stockman Gets Reality Check After Popular Analyst Likens BTC Slump To Drawdowns In  Trillion Dollar Stock Like Nvidia , Amazon",https://finance.yahoo.com/news/bitcoin-critic-david-stockman-gets-193018806.html,finance.yahoo.com,147,23
2026-02-26,"The 10 a . m . Drop : Jane Street , Terra , and the Bitcoin Suppression Machine","The 10 a . m . Drop : Jane Street , Terra , and the Bitcoin Suppression Machine",https://bravenewcoin.com/insights/the-10-a-m-drop-jane-street-terra-and-bitcoin-suppression-machine,bravenewcoin.com,79,18
2026-02-26,BTC USD Eyes $70K Breakout as Nvidia Earnings Causes Chaos,BTC USD Eyes $70K Breakout as Nvidia Earnings Causes Chaos,https://www.coinspeaker.com/btc-usd-eyes-70k-breakout-nvidia-earnings-short-liquidations/,coinspeaker.com,58,10
2026-02-26,Bitcoin Emerges As Strategic Asset In Emirates NBD Investment Plans,Bitcoin Emerges As Strategic Asset In Emirates NBD Investment Plans,https://www.newsbtc.com/news/bitcoin/bitcoin-in-emirates-investment-plans/,newsbtc.com,67,10
2026-02-26,Blockchain Stocks Worth Watching – February 26th,Blockchain Stocks Worth Watching – February 26th,https://www.tickerreport.com/banking-finance/13359761/blockchain-stocks-worth-watching-february-26th.html,tickerreport.com,48,7
2026-02-26,FinancialContent - The Evolution of an  Everything Exchange : A Deep - Dive into Coinbase ( COIN ) Recent Surge and Future Path,FinancialContent - The Evolution of an  Everything Exchange : A Deep - Dive into Coinbase ( COIN ) Recent Surge and Future Path,https://markets.financialcontent.com/stocks/article/finterra-2026-2-26-the-evolution-of-an-everything-exchange-a-deep-dive-into-coinbases-coin-recent-surge-and-future-path,markets.financialcontent.com,127,23
2026-02-26,This financial model unlocks liquidity without selling your crypto,This financial model unlocks liquidity without selling your crypto,https://finance.yahoo.com/news/financial-model-unlocks-liquidity-without-172425978.html,finance.yahoo.com,66,9
2026-02-26,Ethereum auf der Überholspur : Neue Roadmap ändert alles !,Ethereum auf der Überholspur : Neue Roadmap ändert alles !,https://www.finanzen.net/nachricht/devisen/ethereum-auf-der-ueberholspur-neue-roadmap-aendert-alles-15520593,finanzen.net,58,10
2026-02-26,Is Jane Street responsible for the Bitcoin slump ?,Is Jane Street responsible for the Bitcoin slump ?,https://fortune.com/2026/02/26/bitcoin-slump-jane-street-conspiracy-theory/,fortune.com,50,9
2026-02-26,Coinbase Stock Is Down 27 % But Analysts Still See a Turnaround Coming,Coinbase Stock Is Down 27 % But Analysts Still See a Turnaround Coming,https://finance.yahoo.com/news/coinbase-stock-down-27-analysts-130132528.html,finance.yahoo.com,70,13
2026-02-26,"Strategy becomes the most shorted stock as Bitcoin price soars near $70 , 000","Strategy becomes the most shorted stock as Bitcoin price soars near $70 , 000",https://finance.yahoo.com/news/strategy-becomes-most-shorted-stock-204659547.html,finance.yahoo.com,77,14
2026-02-26,Bitcoin Miner MARA jumps 17 % after striking a deal with Starwood to build AI data centers,Bitcoin Miner MARA jumps 17 % after striking a deal with Starwood to build AI data centers,https://www.coindesk.com/markets/2026/02/26/bitcoin-miner-mara-jumps-17-after-striking-a-deal-with-starwood-to-build-ai-data-centers,coindesk.com,90,17
2026-02-26,Antelope Enterprise ( AEHL ) Shares Soar On Bitcoin  Genius Plan  - Antelope Enterprise Hldgs ( NASDAQ : AEHL ),Antelope Enterprise ( AEHL ) Shares Soar On Bitcoin  Genius Plan  - Antelope Enterprise Hldgs ( NASDAQ : AEHL ),https://www.benzinga.com/trading-ideas/movers/26/02/50903351/antelope-enterprise-aehl-shares-soar-on-bitcoin-genius-plan,benzinga.com,111,20
2026-02-26,"Modernizing the nest egg : the past , present , and future of crypto in 401 ( k ) plans","Modernizing the nest egg : the past , present , and future of crypto in 401 ( k ) plans",https://www.coindesk.com/coindesk-indices/2026/02/25/crypto-for-advisors-crypto-s-fixture-in-401-k-plans,coindesk.com,87,20
2026-02-26,XRP Sentiment Just Hit a 5 - Week High While Bitcoin Turns Bearish,XRP Sentiment Just Hit a 5 - Week High While Bitcoin Turns Bearish,https://247wallst.com/investing/2026/02/26/xrp-sentiment-just-hit-a-5-week-high-while-bitcoin-turns-bearish/,247wallst.com,66,13
2026-02-26,"Analyst Predicts Bitcoin Price Surge To $500 , 000 As Ribbon Fractal Emerges","Analyst Predicts Bitcoin Price Surge To $500 , 000 As Ribbon Fractal Emerges",https://www.newsbtc.com/news/bitcoin/bitcoin-price-surge-to-500000/,newsbtc.com,76,13
2026-02-26,Why strategist Tom Lee believes the AI and crypto selloffs are almost over,Why strategist Tom Lee believes the AI and crypto selloffs are almost over,https://www.morningstar.com/news/marketwatch/20260226188/why-strategist-tom-lee-believes-the-ai-and-crypto-selloffs-are-almost-over,morningstar.com,74,13
2026-02-26,"Stocks making big moves yesterday : Strategy , CAVA , CLEAR Secure , Super Micro , and Target Hospitality","Stocks making big moves yesterday : Strategy , CAVA , CLEAR Secure , Super Micro , and Target Hospitality",https://finance.yahoo.com/news/stocks-making-big-moves-yesterday-221433122.html,finance.yahoo.com,105,19
2026-02-26,"Coinbase Global , Inc . $COIN is WIM INVESTMENT MANAGEMENT Ltd 4th Largest Position","Coinbase Global , Inc . $COIN is WIM INVESTMENT MANAGEMENT Ltd 4th Largest Position",https://www.themarketsdaily.com/2026/02/26/coinbase-global-inc-coin-is-wim-investment-management-ltds-4th-largest-position.html,themarketsdaily.com,83,14
2026-02-26,FinancialContent - Coinbase in 2026 : From Crypto Exchange to Financial Infrastructure Powerhouse,FinancialContent - Coinbase in 2026 : From Crypto Exchange to Financial Infrastructure Powerhouse,https://markets.financialcontent.com/stocks/article/finterra-2026-2-26-coinbase-in-2026-from-crypto-exchange-to-financial-infrastructure-powerhouse,markets.financialcontent.com,97,13
2026-02-26,Antelope Enterprise Holdings Limited Launches  Genius Plan ， a Structured Digital Asset Management Strategy Amid BTC Market,Antelope Enterprise Holdings Limited Launches  Genius Plan ， a Structured Digital Asset Management Strategy Amid BTC Market,https://www.manilatimes.net/2026/02/26/tmt-newswire/globenewswire/antelope-enterprise-holdings-limited-launches-genius-plana-structured-digital-asset-management-strategy-amid-btc-market/2286010,manilatimes.net,123,17
2026-02-26,Bitcoin Pauses At $68K Awaiting Next Catalyst,Bitcoin Pauses At $68K Awaiting Next Catalyst,https://www.benzinga.com/Opinion/26/02/50896898/bitcoin-pauses-at-68k-awaiting-next-catalyst,benzinga.com,45,7
2026-02-26,Growing Creative Literacy In The Age Of Bitcoin : A Conversation With Bruce Barone Jr . Of BrainSprout,Growing Creative Literacy In The Age Of Bitcoin : A Conversation With Bruce Barone Jr . Of BrainSprout,https://bitcoinmagazine.com/culture/growing-creative-literacy-in-the-age-of-bitcoin-a-conversation-with-bruce-barone-jr-of-brainsprout,bitcoinmagazine.com,102,18
2026-02-26,Bull case for bitcoin is hiding in the US$1 trillion wreckage,Bull case for bitcoin is hiding in the US$1 trillion wreckage,https://windsorstar.com:443/fp-finance/cryptocurrency/bull-case-bitcoin-1-trillion-wreckage,windsorstar.com,61,11
2026-02-26,Bitcoin Miner Tied to Trump Family Pummeled by Crypto Crash | finance,Bitcoin Miner Tied to Trump Family Pummeled by Crypto Crash | finance,https://digg.com/finance/frJdMOk/bitcoin-miner-tied-to-trump-family,digg.com,69,12
2026-02-26,Crypto Crash Hits Bitcoin Miner Linked to Trump Family,Crypto Crash Hits Bitcoin Miner Linked to Trump Family,https://www.el-balad.com/6861424,el-balad.com,54,9
2026-02-26,"Bitcoin Soars to $68 , 000 Amid Major Market Rebound","Bitcoin Soars to $68 , 000 Amid Major Market Rebound",https://www.el-balad.com/6861422,el-balad.com,52,10
2026-02-26,Bitcoin ( BTC ) Price Prediction : Death Cross Puts $66K Support at Risk Will BTC Reclaim $74K as IBIT Signals Fresh Accumulation ?,Bitcoin ( BTC ) Price Prediction : Death Cross Puts $66K Support at Risk Will BTC Reclaim $74K as IBIT Signals Fresh Accumulation ?,https://bravenewcoin.com/insights/bitcoin-btc-price-prediction-death-cross-puts-66k-support-at-risk-will-btc-reclaim-74k-as-ibit-signals-fresh-accumulation,bravenewcoin.com,131,24
2026-02-26,What Behind Bitcoin 10 AM Drop ? Economist Says Data Tells A Different Story,What Behind Bitcoin 10 AM Drop ? Economist Says Data Tells A Different Story,https://www.benzinga.com/crypto/cryptocurrency/26/02/50899378/whats-behind-bitcoins-10-am-drop-economist-says-data-tells-a-different-story,benzinga.com,76,14
2026-02-26,The Two Key Villains of 2022 Crypto Crash are Trying to Rewrite History,The Two Key Villains of 2022 Crypto Crash are Trying to Rewrite History,https://gizmodo.com/the-two-key-villains-of-2022s-crypto-crash-are-trying-to-rewrite-history-2000727029,gizmodo.com,71,13
2026-02-26,Bitcoin - Debakel : Haben sich die Trumps bei ihrer Krypto - Wette verzockt ?,Bitcoin - Debakel : Haben sich die Trumps bei ihrer Krypto - Wette verzockt ?,https://www.finanznachrichten.de/nachrichten-2026-02/67803309-bitcoin-debakel-haben-sich-die-trumps-bei-ihrer-krypto-wette-verzockt-124.htm,finanznachrichten.de,77,15
2026-02-26,"Bitcoin Price Eyes $80 , 000 Liquidity Grab as ETFs Resume Buying BTC","Bitcoin Price Eyes $80 , 000 Liquidity Grab as ETFs Resume Buying BTC",https://cointelegraph.com/news/bitcoin-traders-explain-why-80k-next-target-for-bulls,cointelegraph.com,69,13
2026-02-26,"Middle East Tensions Drive Flight to Gold as Investors Exit Equities , BTC","Middle East Tensions Drive Flight to Gold as Investors Exit Equities , BTC",https://cointelegraph.com/news/rising-middle-east-tensions-safe-haven-demand-gold-investors-flee-equities-bitcoin,cointelegraph.com,74,13
2026-02-26,Bitcoin ETFs Gain Momentum as BlackRock Leads Inflows,Bitcoin ETFs Gain Momentum as BlackRock Leads Inflows,https://cointelegraph.com/news/bitcoin-etf-rise-507-million-inflows-btc-reclaims-68k,cointelegraph.com,53,8
2026-02-26,El Salvador issues Bitcoin passports to lure global crypto elite,El Salvador issues Bitcoin passports to lure global crypto elite,https://www.azernews.az/region/254961.html,azernews.az,64,10
2026-02-27,"Altcoin News Today : TRX Hovers Around $0 . 2 And ADA Rises , As","Altcoin News Today : TRX Hovers Around $0 . 2 And ADA Rises , As",https://www.openpr.com/news/4407382/altcoin-news-today-trx-hovers-around-0-2-and-ada-rises-as,openpr.com,64,15
2026-02-27,"ETH , SOL , XRP price news : Bitcoin slides Friday after Nvidia earning pullback","ETH , SOL , XRP price news : Bitcoin slides Friday after Nvidia earning pullback",https://www.coindesk.com/markets/2026/02/27/bitcoin-slides-friday-as-risk-off-mood-persists-but-majors-hold-weekly-gains,coindesk.com,80,15
2026-02-27,"Bitcoin Giant Strategy , Coinbase Among Most - Shorted Stocks : Goldman Sachs","Bitcoin Giant Strategy , Coinbase Among Most - Shorted Stocks : Goldman Sachs",https://finance.yahoo.com/news/bitcoin-giant-strategy-coinbase-among-174358025.html,finance.yahoo.com,77,13
2026-02-27,Australian Crypto Executives Signal Crypto Growth Despite Challenges,Australian Crypto Executives Signal Crypto Growth Despite Challenges,https://cointelegraph.com/news/australia-crypto-adoption-regulation-smsf-growth-2026,cointelegraph.com,68,8
2026-02-27,Florida man arrested in alleged $328M cryptocurrency Ponzi scheme,Florida man arrested in alleged $328M cryptocurrency Ponzi scheme,https://www.wyff4.com/article/florida-company-cryptocurrency-ponzi-scheme/70526906,wyff4.com,65,9
2026-02-27,"Bitcoin , Ethereum and Solana Shorts Get Rekt as BTC Price Rebounds Near $69K","Bitcoin , Ethereum and Solana Shorts Get Rekt as BTC Price Rebounds Near $69K",https://finance.yahoo.com/news/bitcoin-ethereum-solana-shorts-rekt-181417564.html,finance.yahoo.com,77,14
2026-02-27,"Bitcoin slips to $67 , 000 , Ethereum near $2 , 018 as cautious mood weighs on crypto market","Bitcoin slips to $67 , 000 , Ethereum near $2 , 018 as cautious mood weighs on crypto market",https://economictimes.indiatimes.com/markets/cryptocurrency/bitcoin-slips-to-67000-ethereum-near-2018-as-cautious-mood-weighs-on-crypto-market/articleshow/128837663.cms,economictimes.indiatimes.com,92,19
2026-02-27,"Bitcoin Price Consolidates Above Support , Breakout Hopes Strengthen","Bitcoin Price Consolidates Above Support , Breakout Hopes Strengthen",https://www.newsbtc.com/analysis/btc/bitcoin-price-consolidates-above-66500/,newsbtc.com,68,9
2026-02-27,Metaspins Introduces New Original Instant - Win Crypto Games,Metaspins Introduces New Original Instant - Win Crypto Games,https://ventureburn.com/metaspins-introduces-new-original-instant-win-crypto-games/,ventureburn.com,60,9
2026-02-27,"Starknet unveils strkBTC , shielded Bitcoin transactions on Ethereum Layer 2","Starknet unveils strkBTC , shielded Bitcoin transactions on Ethereum Layer 2",https://www.fxstreet.com/cryptocurrencies/news/starknet-unveils-strkbtc-shielded-bitcoin-transactions-on-ethereum-layer-2-202602270401,fxstreet.com,76,11
2026-02-27,Wall Street giants announce  worldchanging  crypto roadmap,Wall Street giants announce  worldchanging  crypto roadmap,https://www.investordaily.com.au/wall-street-giants-announces-worldchanging-crypto-roadmap/,investordaily.com.au,58,7
2026-02-27,Setting the Standards for Optimal Blockchain Security,Setting the Standards for Optimal Blockchain Security,https://www.thefastmode.com/expert-opinion/47361-setting-the-standards-for-optimal-blockchain-security,thefastmode.com,53,7
2026-02-27,Bitcoin Selling Pressure Eases But More Pain Likely Ahead,Bitcoin Selling Pressure Eases But More Pain Likely Ahead,https://cointelegraph.com/news/bearish-bitcoin-selloff-by-investors-is-exhausted-analysts,cointelegraph.com,57,9
2026-02-27,Vom Mega - Hype zur Flaute : Wie sich das Bitcoin - Runes - Protokoll neu erfindet,Vom Mega - Hype zur Flaute : Wie sich das Bitcoin - Runes - Protokoll neu erfindet,https://www.finanzen.net/nachricht/devisen/neuer-bitcoin-token-standard-bitcoin-runes-protokoll-was-seit-dem-launch-aus-dem-token-standard-geworden-ist-13455959,finanzen.net,82,17
2026-02-27,Dragonfly dismisses Jane Street Bitcoin  dump  theory,Dragonfly dismisses Jane Street Bitcoin  dump  theory,https://finance.yahoo.com/news/dragonfly-dismisses-jane-street-bitcoin-014500233.html,finance.yahoo.com,53,7
2026-02-27,Bitcoin - Debakel : Haben sich die Trumps bei ihrer Krypto - Wette verzockt ? (),Bitcoin - Debakel : Haben sich die Trumps bei ihrer Krypto - Wette verzockt ? (),https://www.aktiencheck.de/news/Artikel-Bitcoin_Debakel_Haben_sich_Trumps_ihrer_Krypto_Wette_verzockt-19510597,aktiencheck.de,80,16
2026-02-27,What Crypto Whales Are Buying For Potential Gains In March 2026,What Crypto Whales Are Buying For Potential Gains In March 2026,https://finance.yahoo.com/news/crypto-whales-buying-potential-gains-170000216.html,finance.yahoo.com,63,11
2026-02-27,Buterin Outlines Ethereum Quantum Resistance Roadmap,Buterin Outlines Ethereum Quantum Resistance Roadmap,https://cointelegraph.com/news/vitalik-proposes-4-fixes-quantum-resistance-roadmap-for-ethereum,cointelegraph.com,52,6
2026-02-27,"Top 3 Price Prediction : Bitcoin , Ethereum , Ripple – BTC , ETH and XRP consolidate with short - term cautious bullish bias","Top 3 Price Prediction : Bitcoin , Ethereum , Ripple – BTC , ETH and XRP consolidate with short - term cautious bullish bias",https://www.fxstreet.com/cryptocurrencies/news/top-3-price-prediction-bitcoin-ethereum-ripple-btc-eth-and-xrp-consolidate-with-short-term-cautious-bullish-bias-202602270356,fxstreet.com,124,24
2026-02-27,Krypto News : Bodenbildung bei Bitcoin ? Jetzt wird wirklich spannend,Krypto News : Bodenbildung bei Bitcoin ? Jetzt wird wirklich spannend,https://www.finanzen.net/nachricht/devisen/krypto-news-bodenbildung-bei-bitcoin-jetzt-wird-s-wirklich-spannend-15521108,finanzen.net,69,11
2026-02-27,How to Accept Crypto Payments : A 2026 Guide for Businesses,How to Accept Crypto Payments : A 2026 Guide for Businesses,https://ventureburn.com/how-to-accept-crypto-payments-in-your-business-2026-guide/,ventureburn.com,59,11
2026-02-27,JPMorgan sees crypto boost if market - structure bill passes,JPMorgan sees crypto boost if market - structure bill passes,https://www.businesstimes.com.sg/companies-markets/banking-finance/jpmorgan-sees-crypto-boost-if-market-structure-bill-passes,businesstimes.com.sg,60,10
2026-02-27,Learn about Bitcoin at March 4 Forum,Learn about Bitcoin at March 4 Forum,https://www.montrosepress.com/news/learn-about-bitcoin-at-march-4-forum/article_534f7bbc-d4ab-4750-86a5-a21344c87eea.html,montrosepress.com,36,7
2026-02-27,Stellar Climbs Past $0 . 16 Amid Renewed Debate Over Decentralization in Blockchain Networks,Stellar Climbs Past $0 . 16 Amid Renewed Debate Over Decentralization in Blockchain Networks,https://www.newsbtc.com/news/stellar-xlm/stellar-climbs-past-0-16-amid-renewed-debate-over-decentralization-in-blockchain-networks/,newsbtc.com,92,14
2026-02-27,"Ethereum Still Undervalued As Bitcoin , XRP Sit Near Neutral , Santiment Says","Ethereum Still Undervalued As Bitcoin , XRP Sit Near Neutral , Santiment Says",https://www.newsbtc.com/news/ethereum/ethereum-undervalued-bitcoin-xrp-neutral-santiment/,newsbtc.com,77,13
2026-02-27,"Bitcoin 5TH Wave Is Not Over Yet , And Price Could Still Crash To $52 , 000 ; Analyst Warns","Bitcoin 5TH Wave Is Not Over Yet , And Price Could Still Crash To $52 , 000 ; Analyst Warns",https://www.newsbtc.com/news/bitcoin/bitcoin-5th-wave-not-over-yet/,newsbtc.com,91,20
2026-02-27,"Ethereum Price Signals Fresh Rally Attempt , Traders Watch Key Levels","Ethereum Price Signals Fresh Rally Attempt , Traders Watch Key Levels",https://www.newsbtc.com/analysis/eth/ethereum-price-signals-fresh-rally-2080/,newsbtc.com,69,11
2026-02-27,Police Lost $1 . 4M in Seized BTC After Storing it in an External Cold Wallet,Police Lost $1 . 4M in Seized BTC After Storing it in an External Cold Wallet,https://cointelegraph.com/news/2-arrested-after-south-korean-cops-lost-1-4m-bitcoin,cointelegraph.com,77,16
2026-02-27,Engine Stalled : How The $8 Billion  October Shock  Left Bitcoin Spot Market In A Liquidity Trap,Engine Stalled : How The $8 Billion  October Shock  Left Bitcoin Spot Market In A Liquidity Trap,https://www.newsbtc.com/bitcoin-news/engine-stalled-how-the-8-billion-october-shock-left-bitcoins-spot-market-in-a-liquidity-trap/,newsbtc.com,96,17
2026-02-27,"Bitcoin , Ethereum , XRP , Dogecoin Retreat As Nvidia Drags Down Tech Stocks : Analyst Highlights Historical  Sweet Spot  Where BTC Bottomed - Grayscale Bitcoin Mini Trust ( BTC ) ( ARCA : BTC )","Bitcoin , Ethereum , XRP , Dogecoin Retreat As Nvidia Drags Down Tech Stocks : Analyst Highlights Historical  Sweet Spot  Where BTC Bottomed - Grayscale Bitcoin Mini Trust ( BTC ) ( ARCA : BTC )",https://www.benzinga.com/crypto/cryptocurrency/26/02/50918288/bitcoin-ethereum-xrp-dogecoin-retreat-as-nvidia-drags-down-tech-stocks-analyst-highlights-historical-sweet-spot-where-btc-bottomed,benzinga.com,194,36
2026-02-27,Crypto Exchange Script - Step By Step Guide To Build Your Crypto Trading Platform,Crypto Exchange Script - Step By Step Guide To Build Your Crypto Trading Platform,https://whatech.com/og/cryptocurrency/blog/1011562-crypto-exchange-script-step-by-step-guide-to-build-your-crypto-trading-platform.html,whatech.com,81,14
2026-02-27,Meta ( Possible ) Crypto Comeback Highlights Stablecoin Acceleration,Meta ( Possible ) Crypto Comeback Highlights Stablecoin Acceleration,https://www.forbes.com/sites/digital-assets/2026/02/26/metas-possible-crypto-comeback-highlights-stablecoin-acceleration/,forbes.com,68,9
2026-02-27,"Bitcoin Drops Toward $65 , 000 Amid Inflation Concerns","Bitcoin Drops Toward $65 , 000 Amid Inflation Concerns",https://athens-times.com/bitcoin-dips-toward-65000-as-inflation-data-dampens-risk-appetite/,athens-times.com,54,9
2026-02-27,"Crypto Rebound : Bitcoin Hits $68K , Circle Revenue Jumps , NEAR Outperforms","Crypto Rebound : Bitcoin Hits $68K , Circle Revenue Jumps , NEAR Outperforms",https://finance.yahoo.com/news/crypto-rebound-bitcoin-hits-68k-134410089.html,finance.yahoo.com,76,13
2026-02-27,Bitcoin Wallets Holding 100 BTC About To Hit 20K : Santiment,Bitcoin Wallets Holding 100 BTC About To Hit 20K : Santiment,https://cointelegraph.com/news/bitcoin-large-wallet-holders-growing-bullish-santiment,cointelegraph.com,60,11
2026-02-27,How to buy ethereum and what to know before you do,How to buy ethereum and what to know before you do,https://finance.yahoo.com/personal-finance/investing/article/how-to-buy-ethereum--and-what-to-know-before-you-do-221336099.html,finance.yahoo.com,50,11
2026-02-27,"Bitcoin Sinks Towards $65 , 000 as Inflation Douses Risk Appetite","Bitcoin Sinks Towards $65 , 000 as Inflation Douses Risk Appetite",https://www.bloomberg.com/news/articles/2026-02-27/bitcoin-sinks-towards-65-000-as-inflation-douses-risk-appetite,bloomberg.com,65,11
2026-02-27,MetaMask and Mastercard Revolutionize Crypto Spending,MetaMask and Mastercard Revolutionize Crypto Spending,https://techstory.in/metamask-and-mastercard-revolutionize-crypto-spending-with-nationwide-u-s-debit-card-launch/,techstory.in,53,6
2026-02-27,"Bitcoin BTC USD worst month since 2022 explained : BTC USD price today drops to $65 , 000 level : Why is Bitcoin on track for its worst month since 2022 crypto crash ?","Bitcoin BTC USD worst month since 2022 explained : BTC USD price today drops to $65 , 000 level : Why is Bitcoin on track for its worst month since 2022 crypto crash ?",https://economictimes.indiatimes.com/news/international/us/btc-usd-price-today-drops-to-65000-level-why-is-bitcoin-on-track-for-its-worst-month-since-2022-crypto-crash/articleshow/128860179.cms,economictimes.indiatimes.com,167,34
2026-02-27,"Bitcoin Weekly Forecast : Another month of losses , and it been five","Bitcoin Weekly Forecast : Another month of losses , and it been five",https://www.fxstreet.com/cryptocurrencies/news/bitcoin-weekly-forecast-another-month-of-losses-and-its-been-five-202602271039,fxstreet.com,68,13
2026-02-27,Bitcoin : Runes - Protokoll enttäuscht,Bitcoin : Runes - Protokoll enttäuscht,https://www.stock-world.de/bitcoin-runes-protokoll-enttaeuscht/,stock-world.de,38,6
2026-02-27,Bitcoin Nears Major Milestone As 100 BTC Wallets Approach Record Levels,Bitcoin Nears Major Milestone As 100 BTC Wallets Approach Record Levels,https://www.newsbtc.com/news/bitcoin/bitcoin-nears-major-milestone/,newsbtc.com,71,11
2026-02-27,"Bitcoin Headed For Worst Month In 4 Years :  Either It Dead Or Dollar Cost Average From Here , Analyst Says","Bitcoin Headed For Worst Month In 4 Years :  Either It Dead Or Dollar Cost Average From Here , Analyst Says",https://finance.yahoo.com/news/bitcoin-headed-worst-month-4-023108347.html,finance.yahoo.com,107,21
2026-02-27,"Bitcoin sinks towards $65 , 000 as inflation douses risk appetite","Bitcoin sinks towards $65 , 000 as inflation douses risk appetite",https://www.moneycontrol.com/news/cryptocurrency/bitcoin-sinks-towards-65-000-as-inflation-douses-risk-appetite-13846297.html,moneycontrol.com,65,11
2026-02-27,"The 10 AM Bitcoin Dump Theory : Fact , Fiction , and the Alleged Role of Jane Street","The 10 AM Bitcoin Dump Theory : Fact , Fiction , and the Alleged Role of Jane Street",https://finance.yahoo.com/news/10-am-bitcoin-dump-theory-093614446.html,finance.yahoo.com,84,18
2026-02-27,"Drake , Adin Ross Have Unusual Win Rates at Crypto Casino Stake","Drake , Adin Ross Have Unusual Win Rates at Crypto Casino Stake",https://www.bloomberg.com:443/features/2026-stake-drake-crypto-casino-adin-ross-gambling/,bloomberg.com,63,12
2026-02-27,Crypto New Contender ? TSUI ETF Puts Sui On The Map - 21Shares Sui ETF ( NASDAQ : TSUI ),Crypto New Contender ? TSUI ETF Puts Sui On The Map - 21Shares Sui ETF ( NASDAQ : TSUI ),https://www.benzinga.com/etfs/new-etfs/26/02/50946034/cryptos-new-contender-tsui-etf-puts-sui-on-the-map,benzinga.com,88,20
2026-02-27,Global Money Supply Hits Record High : Why Gold Is Rallying but Bitcoin Is Not,Global Money Supply Hits Record High : Why Gold Is Rallying but Bitcoin Is Not,https://finance.yahoo.com/news/global-money-supply-hits-record-082308763.html,finance.yahoo.com,78,15
2026-02-27,The SEC  Guide Toward Crypto Adoption and Signals a Capital Friendly Future | Davis Wright Tremaine LLP,The SEC  Guide Toward Crypto Adoption and Signals a Capital Friendly Future | Davis Wright Tremaine LLP,https://www.jdsupra.com/legalnews/the-sec-guides-toward-crypto-adoption-4692767/,jdsupra.com,103,17
2026-02-27,"There Is No Bitcoin Conspiracy , Bitwise Matt Hougan Says :  Reality Is More Boring","There Is No Bitcoin Conspiracy , Bitwise Matt Hougan Says :  Reality Is More Boring",https://www.benzinga.com/crypto/cryptocurrency/26/02/50925260/there-is-no-bitcoin-conspiracy-bitwises-matt-hougan-says-reality-is-more-boring,benzinga.com,83,15
2026-02-27,Bitcoin - Kurs aktuell : Bitcoin fällt vor Wochenende auf 65 . 940 USD – Altcoins im Minus - 27 . 02 . 26,Bitcoin - Kurs aktuell : Bitcoin fällt vor Wochenende auf 65 . 940 USD – Altcoins im Minus - 27 . 02 . 26,https://www.wallstreet-online.de/nachricht/20556885-bitcoin-kurs-aktuell-bitcoin-faellt-wochenende-65-940-usd-altcoins-minus-27-02-26,wallstreet-online.de,105,24
2026-02-27,"Bitcoin at $67 , 500 : Is a Bullish Trend Developing ? - London Business News","Bitcoin at $67 , 500 : Is a Bullish Trend Developing ? - London Business News",https://londonlovesbusiness.com/bitcoin-at-67500-between-momentum-and-liquidation/,londonlovesbusiness.com,77,16
2026-02-27,MARA Posts $1 . 7B Q4 Loss as Bitcoin Slump Hits Earnings,MARA Posts $1 . 7B Q4 Loss as Bitcoin Slump Hits Earnings,https://cointelegraph.com/news/marathon-posts-1-7b-quarterly-loss-bitcoin,cointelegraph.com,57,12
2026-02-27,Crypto Crash Today : Here Why Altcoins are Going Down,Crypto Crash Today : Here Why Altcoins are Going Down,https://www.banklesstimes.com/articles/2026/02/27/crypto-crash-today-heres-why-altcoins-are-going-down/,banklesstimes.com,53,10
2026-02-27,Bitcoin Rebound Stalls at $65K as Stocks Fall and Gold Rises,Bitcoin Rebound Stalls at $65K as Stocks Fall and Gold Rises,https://finance.yahoo.com/news/bitcoin-rebound-stalls-65k-stocks-193335336.html,finance.yahoo.com,60,11
2026-02-27,"Ethereum Slides 35 % In A Month , But LinkedIn Co - Founder Reid Hoffman Stays Long","Ethereum Slides 35 % In A Month , But LinkedIn Co - Founder Reid Hoffman Stays Long",https://www.benzinga.com/crypto/cryptocurrency/26/02/50926736/ethereum-slides-35-in-a-month-but-linkedin-co-founder-reid-hoffman-stays-long,benzinga.com,83,17
2026-02-27,"Why The Bitcoin Price May Have Hit Rock Bottom Already At $63 , 000","Why The Bitcoin Price May Have Hit Rock Bottom Already At $63 , 000",https://www.newsbtc.com/news/bitcoin/why-the-bitcoin-price-may-have-hit-rock-bottom-already-at-63000/,newsbtc.com,67,14
2026-02-27,Bitcoin geri çekildi ! Meydan altcoinlere kaldı,Bitcoin geri çekildi ! Meydan altcoinlere kaldı,https://www.dunya.com/finans/kripto-para/bitcoin-geri-cekildi-meydan-altcoinlere-kaldi-haberi-816483,dunya.com,47,7
2026-02-27,"Eric Trump Says He Believes In BTC  Long Term  And American Bitcoin  Growth Metric  Is To Increase Its Stash , Not Chase Exhashes Like Other Miners - American Bitcoin ( NASDAQ : ABTC )","Eric Trump Says He Believes In BTC  Long Term  And American Bitcoin  Growth Metric  Is To Increase Its Stash , Not Chase Exhashes Like Other Miners - American Bitcoin ( NASDAQ : ABTC )",https://www.benzinga.com/crypto/cryptocurrency/26/02/50919764/eric-trump-says-he-believes-in-btc-long-term-and-american-bitcoins-growth-metric-is-to-incr,benzinga.com,184,34
2026-02-27,Bitcoin ( BTCUSD ) Elliott Wave Analysis : Corrective Bounce or Bullish Breakout ?,Bitcoin ( BTCUSD ) Elliott Wave Analysis : Corrective Bounce or Bullish Breakout ?,https://www.actionforex.com/contributors/technical-analysis/631353-bitcoin-btcusd-elliott-wave-analysis-corrective-bounce-or-bullish-breakout/,actionforex.com,82,14
2026-02-27,"Bitcoin Enters a Downtrend , Holders Flock to WPA Hash for New Profitable Paths","Bitcoin Enters a Downtrend , Holders Flock to WPA Hash for New Profitable Paths",https://newsroompanama.com/2026/02/27/bitcoin-enters-a-downtrend-holders-flock-to-wpa-hash-for-new-profitable-paths/,newsroompanama.com,79,14
2026-02-28,Whales Dump $4 . 5 Billion From Bitcoin ETFs in 2026 While Rotating,Whales Dump $4 . 5 Billion From Bitcoin ETFs in 2026 While Rotating,https://www.openpr.com/news/4408610/whales-dump-4-5-billion-from-bitcoin-etfs-in-2026-while-rotating,openpr.com,67,13
2026-02-28,Dont Miss Out the Top 1000x Crypto Gains : APEMARS vs . Litecoin &,Dont Miss Out the Top 1000x Crypto Gains : APEMARS vs . Litecoin &,https://www.openpr.com/news/4408613/don-t-miss-out-the-top-1000x-crypto-gains-apemars-vs-litecoin,openpr.com,66,14
2026-02-28,$2K to $120K ? APEMARS Could Be the Next Top Crypto to Buy in 2026 as,$2K to $120K ? APEMARS Could Be the Next Top Crypto to Buy in 2026 as,https://www.openpr.com/news/4408611/2k-to-120k-apemars-could-be-the-next-top-crypto-to-buy-in-2026-as,openpr.com,69,16
2026-03-01,"Bitcoin , Ripple & Co .: Die Kursentwicklungen am Sonntagmittag","Bitcoin , Ripple & Co .: Die Kursentwicklungen am Sonntagmittag",https://www.finanzen.net/nachricht/devisen/bitcoin-ether-co-so-schlagen-sich-die-kryptowaehrungen-am-mittag-15526628,finanzen.net,63,10
2026-03-01,"Michael Saylor Unveils  Digital Credit  Vision , Signals Expansion Beyond Bitcoin To Solana","Michael Saylor Unveils  Digital Credit  Vision , Signals Expansion Beyond Bitcoin To Solana",https://finance.yahoo.com/news/michael-saylor-unveils-digital-credit-110031292.html,finance.yahoo.com,91,13
2026-03-01,Kryptomarkt im Fokus : Wann sollten Anleger Bitcoin kaufen ?,Kryptomarkt im Fokus : Wann sollten Anleger Bitcoin kaufen ?,https://deutsche-wirtschafts-nachrichten.de/719191/bitcoin-kaufen-oder-weiter-abwarten-zwischen-korrektur-und-stabilisierung,deutsche-wirtschafts-nachrichten.de,60,10
2026-03-01,Bitcoin Sudden Braced For A Massive Price Shock,Bitcoin Sudden Braced For A Massive Price Shock,https://www.forbes.com/sites/digital-assets/2026/03/01/bitcoin-suddenly-plunges-as-markets-brace-for-iran-war-price-crash/,forbes.com,47,8
2026-03-01,Lombard Staked BTC ( LBTC ) Reaches 24 - Hour Volume of $63 . 46 Thousand,Lombard Staked BTC ( LBTC ) Reaches 24 - Hour Volume of $63 . 46 Thousand,https://www.tickerreport.com/banking-finance/13363657/lombard-staked-btc-lbtc-reaches-24-hour-volume-of-63-46-thousand.html,tickerreport.com,73,16
2026-03-01,Banking Giant Barclays Mulls Crypto Payments Push : Bloomberg,Banking Giant Barclays Mulls Crypto Payments Push : Bloomberg,https://finance.yahoo.com/news/banking-giant-barclays-mulls-crypto-215408313.html,finance.yahoo.com,61,9
2026-03-01,Bitcoin STH Holds Steady : No Panic Amid Middle East Conflict,Bitcoin STH Holds Steady : No Panic Amid Middle East Conflict,https://www.newsbtc.com/news/bitcoin/bitcoin-sth-holds-steady-no-panic-amid-middle-east-conflict-details/,newsbtc.com,61,11
2026-03-01,Weekend Round - Up : Crypto Controversies And Predictions,Weekend Round - Up : Crypto Controversies And Predictions,https://www.benzinga.com/crypto/cryptocurrency/26/03/50954346/weekend-round-up-crypto-controversies-and-predictions,benzinga.com,57,9
2026-03-01,"After The Iran Attack , Is Bitcoin GIving A  Green Light  Ahead Of Monday Market Open","After The Iran Attack , Is Bitcoin GIving A  Green Light  Ahead Of Monday Market Open",https://www.zerohedge.com/markets/after-iran-attack-bitcoin-giving-green-light-ahead-mondays-market-open,zerohedge.com,85,16
2026-03-01,"Bitcoin price news : What next as BTC tops $68 , 000 after Iran confirms Khamenei death","Bitcoin price news : What next as BTC tops $68 , 000 after Iran confirms Khamenei death",https://www.coindesk.com/markets/2026/03/01/bitcoin-tops-usd68-000-after-iran-confirms-leader-killed-in-u-s-israel-airstrikes,coindesk.com,87,17
2026-03-01,"Bitcoin Rallies After US , Israel Initiate Airstrikes on Iran","Bitcoin Rallies After US , Israel Initiate Airstrikes on Iran",https://www.el-balad.com/6864055,el-balad.com,61,10
2026-03-01,Minnesota Lawmakers Propose Statewide Ban on Crypto ATMs Amid Surge in Elder Fraud Scams,Minnesota Lawmakers Propose Statewide Ban on Crypto ATMs Amid Surge in Elder Fraud Scams,https://www.ibtimes.com.au/minnesota-lawmakers-propose-statewide-ban-crypto-atms-amid-surge-elder-fraud-scams-1862382,ibtimes.com.au,88,14
2026-03-01,Bitcoin news : Elon Musk SpaceX $780 million bitcoin stack now down to about $545 million ahead of IPO filing,Bitcoin news : Elon Musk SpaceX $780 million bitcoin stack now down to about $545 million ahead of IPO filing,https://www.coindesk.com/markets/2026/03/01/spacex-s-usd780-million-bitcoin-stack-now-down-to-about-usd545-million-ahead-of-ipo-filing,coindesk.com,109,20
2026-03-01,"Bitcoin Is Headed to $500 , 000 . This Wall Street Analyst Explains Why .","Bitcoin Is Headed to $500 , 000 . This Wall Street Analyst Explains Why .",https://www.fool.com/investing/2026/02/28/bitcoin-is-headed-to-500000-this-wall-street-analy/,fool.com,73,15
2026-03-01,Block Inc boosts Bitcoin stash as Q4 earnings hit expectations,Block Inc boosts Bitcoin stash as Q4 earnings hit expectations,https://thearabianpost.com/block-inc-boosts-bitcoin-stash-as-q4-earnings-hit-expectations/,thearabianpost.com,62,10
2026-03-01,Why Minnesota lawmakers are trying to ban crypto ATMs,Why Minnesota lawmakers are trying to ban crypto ATMs,https://mashable.com/article/minnesota-bill-to-ban-cryptocurrency-atms,mashable.com,53,9
2026-03-01,Perp DEX trading volumes retreat amid softer crypto mood,Perp DEX trading volumes retreat amid softer crypto mood,https://thearabianpost.com/perp-dex-trading-volumes-retreat-amid-softer-crypto-mood/,thearabianpost.com,56,9
2026-03-01,"Better Cryptocurrency to Buy Now With $1 , 000 And Hold For 3 Years : XRP vs . Bitcoin","Better Cryptocurrency to Buy Now With $1 , 000 And Hold For 3 Years : XRP vs . Bitcoin",https://www.fool.com/investing/2026/03/01/better-cryptocurrency-to-buy-now-with-1000-and-hol/?source=iedfolrf0000001,fool.com,86,19
2026-03-01,Iran Bitcoin Economy : Will U . S .- Israeli Airstrikes Target Its Cryptocurrency Mining Farms ?,Iran Bitcoin Economy : Will U . S .- Israeli Airstrikes Target Its Cryptocurrency Mining Farms ?,https://www.haaretz.com/middle-east-news/iran/2026-03-01/ty-article/.premium/irans-bitcoin-economy-will-u-s-israeli-airstrikes-target-its-mining-farms/0000019c-a865-db36-abdc-eb67afcc0000,haaretz.com,96,17
2026-03-01,Why you should mix bitcoin with gold,Why you should mix bitcoin with gold,https://moneyweek.com/investments/bitcoin-crypto/invest-in-bitcoin-and-gold,moneyweek.com,36,7
2026-03-01,Crypto Snack Trading Up 0 . 3 % Over Last Week ( SNACK ),Crypto Snack Trading Up 0 . 3 % Over Last Week ( SNACK ),https://www.themarketsdaily.com/2026/03/01/crypto-snack-trading-up-0-3-over-last-week-snack.html,themarketsdaily.com,56,14
2026-03-01,Strategy ( MSTR ) news : Company Stretch preferred stock now paying 11 . 5 % dividend,Strategy ( MSTR ) news : Company Stretch preferred stock now paying 11 . 5 % dividend,https://www.coindesk.com/markets/2026/03/01/strategy-lifts-strc-dividend-to-11-5-as-mstr-extends-monthly-losing-streak-to-8,coindesk.com,85,17
2026-03-01,Bitcoin Price Prediction : Why BTC May Rebound in March,Bitcoin Price Prediction : Why BTC May Rebound in March,https://www.banklesstimes.com/articles/2026/03/01/bitcoin-price-prediction-why-btc-may-rebound-in-march/,banklesstimes.com,55,10
2026-03-01,"As Coinbase Rolls out 24 / 5 Stock Trading , Should You Snap up COIN ?","As Coinbase Rolls out 24 / 5 Stock Trading , Should You Snap up COIN ?",https://finance.yahoo.com/news/coinbase-rolls-24-5-stock-150002316.html,finance.yahoo.com,70,16
2026-03-01,Grok AI $40K Bitcoin Price Prediction : Why Analysts Say It Too Bearish,Grok AI $40K Bitcoin Price Prediction : Why Analysts Say It Too Bearish,https://finance.yahoo.com/news/grok-ai-40k-bitcoin-price-131321029.html,finance.yahoo.com,71,13
2026-03-01,ProShares Bitcoin ETF ( NYSEARCA : BITO ) Sees Large Decline in Short Interest,ProShares Bitcoin ETF ( NYSEARCA : BITO ) Sees Large Decline in Short Interest,https://www.themarketsdaily.com/2026/03/01/proshares-bitcoin-etf-nysearcabito-sees-large-decline-in-short-interest.html,themarketsdaily.com,78,14
2026-03-01,"Crypto market declined over week , with BTC losing 3 %","Crypto market declined over week , with BTC losing 3 %",https://www.fixygen.ua/news/20260301/crypto-market-declined-over-week-with-btc-losing-3-fixygen-analysis.html,fixygen.ua,54,11
2026-03-01,Bitchat : Jack Dorsey Revolutionary Offline Bitcoin App,Bitchat : Jack Dorsey Revolutionary Offline Bitcoin App,https://www.onlinecasinoreports.com/articles/bitchat-jack-dorseys-revolutionary-offline-bitcoin-app.php,onlinecasinoreports.com,55,8
2026-03-01,Anthony Scaramucci Once Said Steve Job  Shoot The iPod  Mindset Fueled His Big Bitcoin Bet :  Disrupt Yourself Before Someone Else Does,Anthony Scaramucci Once Said Steve Job  Shoot The iPod  Mindset Fueled His Big Bitcoin Bet :  Disrupt Yourself Before Someone Else Does,https://www.benzinga.com/markets/tech/26/03/50954870/anthony-scaramucci-once-said-steve-jobs-shoot-the-ipod-mindset-fueled-his-big-bitcoin-bet-disrupt-yourself-before-someone-else-does,benzinga.com,135,22
2026-03-01,Promising Cryptocurrency Stocks To Watch Today – February 27th,Promising Cryptocurrency Stocks To Watch Today – February 27th,https://www.tickerreport.com/banking-finance/13363920/promising-cryptocurrency-stocks-to-watch-today-february-27th.html,tickerreport.com,62,9
2026-03-01,"Here Why Bitcoin Must Hold Crucial Support At $63 , 111","Here Why Bitcoin Must Hold Crucial Support At $63 , 111",https://www.newsbtc.com/news/bitcoin/heres-why-bitcoin-must-hold-crucial-support-at-63111-analyst/,newsbtc.com,55,11
2026-03-01,Coinbase Wrapped BTC 24 Hour Trading Volume Reaches $490 . 56 Million ( CBBTC ),Coinbase Wrapped BTC 24 Hour Trading Volume Reaches $490 . 56 Million ( CBBTC ),https://www.themarketsdaily.com/2026/03/01/coinbase-wrapped-btc-24-hour-trading-volume-reaches-490-56-million-cbbtc.html,themarketsdaily.com,79,15
2026-03-01,"Huobi BTC ( HBTC ) Price Reaches $51 , 112 . 33 on Major Exchanges","Huobi BTC ( HBTC ) Price Reaches $51 , 112 . 33 on Major Exchanges",https://www.dailypolitical.com/2026/03/01/huobi-btc-hbtc-price-reaches-51112-33-on-major-exchanges.html,dailypolitical.com,66,15
2026-03-01,How Anonymous Crypto Traders Made $1 . 2M on the Iran Strike,How Anonymous Crypto Traders Made $1 . 2M on the Iran Strike,https://techstory.in/predictive-profits-or-illegal-intel-how-anonymous-crypto-traders-made-1-2m-on-the-iran-strike/,techstory.in,60,12
2026-03-01,South Korean Police Lose Seized Crypto By Posting Password Online,South Korean Police Lose Seized Crypto By Posting Password Online,https://gizmodo.com/south-korean-police-lose-seized-crypto-by-posting-password-online-2000728191,gizmodo.com,65,10
2026-03-01,"Spot Bitcoin ETFs Record $787 Million Inflows , End 5 - Weeks Of Consecutive Outlows","Spot Bitcoin ETFs Record $787 Million Inflows , End 5 - Weeks Of Consecutive Outlows",https://www.newsbtc.com/news/bitcoin/spot-bitcoin-etfs-record-787-million-inflows-end-5-week-consecutive-outflows/,newsbtc.com,84,15
2026-03-01,How an Oil Shock Could Trigger Bitcoin Next Liquidity Selloff,How an Oil Shock Could Trigger Bitcoin Next Liquidity Selloff,https://finance.yahoo.com/news/oil-shock-could-trigger-bitcoin-180255226.html,finance.yahoo.com,61,10
2026-03-01,You Can Earn Real Bitcoin for Playing This Mining Empire Game Should You Bother ?,You Can Earn Real Bitcoin for Playing This Mining Empire Game Should You Bother ?,https://tech.yahoo.com/gaming/articles/earn-real-bitcoin-playing-mining-170103986.html,tech.yahoo.com,81,15
2026-03-01,How will the Israel - US - Iran war reshape the cryptocurrency market,How will the Israel - US - Iran war reshape the cryptocurrency market,https://news.az/news/how-will-the-israel-us-iran-war-reshape-the-cryptocurrency-market,news.az,69,13
2026-03-01,inSure DeFi ( SURE ) Price Reaches $0 . 0003 on Exchanges,inSure DeFi ( SURE ) Price Reaches $0 . 0003 on Exchanges,https://www.dailypolitical.com/2026/03/01/insure-defi-sure-price-reaches-0-0003-on-exchanges.html,dailypolitical.com,57,12
2026-03-01,Tagesanalyse : So entwickeln sich Bitcoin & Co . am Sonntagnachmittag,Tagesanalyse : So entwickeln sich Bitcoin & Co . am Sonntagnachmittag,https://www.finanzen.net/nachricht/devisen/bitcoin-ether-co-so-schlagen-sich-die-kryptowaehrungen-am-sonntagnachmittag-15526790,finanzen.net,69,11
2026-03-01,"BTC price analysis : Bitcoin market bottom may be nearing , at least if measured against gold","BTC price analysis : Bitcoin market bottom may be nearing , at least if measured against gold",https://www.coindesk.com/markets/2026/03/01/bitcoin-market-bottom-may-be-nearing-at-least-if-measured-against-gold-analyst-says,coindesk.com,93,17
2026-03-01,Strategy Aktie : Tristes Bild ?,Strategy Aktie : Tristes Bild ?,https://www.stock-world.de/strategy-aktie-tristes-bild/,stock-world.de,31,6
2026-03-03,Better Buy in 2026 : Bitcoin or a Broad - Market ETF ? The Answer Couldnt Be Clearer for Long - Term Investors​,Better Buy in 2026 : Bitcoin or a Broad - Market ETF ? The Answer Couldnt Be Clearer for Long - Term Investors​,https://www.fool.com/investing/2026/03/03/better-buy-in-2026-bitcoin-or-a-broad-market-etf-t/,fool.com,111,23
2026-03-03,Crypto News : Pepeto Ethereum Based Crypto Announces $7 . 45M Raised While Bitcoin Price Prediction Target $250K,Crypto News : Pepeto Ethereum Based Crypto Announces $7 . 45M Raised While Bitcoin Price Prediction Target $250K,https://www.manilatimes.net/2026/03/04/tmt-newswire/globenewswire/crypto-news-pepeto-ethereum-based-crypto-announces-745m-raised-while-bitcoin-price-prediction-target-250k/2292630,manilatimes.net,112,18
2026-03-03,Bitcoin için devasa ralli sinyali : Z - skoru alarm verdi : Yeni bir rekor mu geliyor ?,Bitcoin için devasa ralli sinyali : Z - skoru alarm verdi : Yeni bir rekor mu geliyor ?,https://ekonomi.haber7.com/ekonomi/haber/3608792-bitcoin-icin-devasa-ralli-sinyali-z-skoru-alarm-verdi-yeni-bir-rekor-mu-geliyor,ekonomi.haber7.com,87,18
2026-03-03,"Strategy , BitMine Stock up on Bitcoin and Ethereum as Paper Losses Cross $16B","Strategy , BitMine Stock up on Bitcoin and Ethereum as Paper Losses Cross $16B",https://finance.yahoo.com/news/strategy-bitmine-stock-bitcoin-ethereum-083050997.html,finance.yahoo.com,78,14
2026-03-03,63 bin dolara kadar gerilemişti ! Bitcoin savaşın etkisiyle sert dalgalanıyor,63 bin dolara kadar gerilemişti ! Bitcoin savaşın etkisiyle sert dalgalanıyor,https://www.sabah.com.tr/finans/kripto-para/63-bin-dolara-kadar-gerilemisti-bitcoin-savasin-etkisiyle-sert-dalgalaniyor-7535546,sabah.com.tr,77,11
2026-03-03,Bitcoin Rebound Tactical Not Structural Bear Market : Analysts,Bitcoin Rebound Tactical Not Structural Bear Market : Analysts,https://cointelegraph.com/news/bitcoin-downside-momentum-fading-but-no-confirmed-trend-reversal-analysts,cointelegraph.com,62,9
2026-03-03,BTC Price Bottom is Forming as Four - Year Halving Cycle Ends Says VanEck CEO,BTC Price Bottom is Forming as Four - Year Halving Cycle Ends Says VanEck CEO,https://cointelegraph.com/news/bitcoin-forming-bottom-vaneck-ceo,cointelegraph.com,77,15
2026-03-03,Strategy ostaa bitcoinia seitsemän miljardin tappioista välittämättä,Strategy ostaa bitcoinia seitsemän miljardin tappioista välittämättä,https://www.salkunrakentaja.fi/2026/03/strategy-bitcoin-tappiot/,salkunrakentaja.fi,68,7
2026-03-03,"Bitcoin , Dogecoin , Ethereum & Co . am Vormittag","Bitcoin , Dogecoin , Ethereum & Co . am Vormittag",https://www.finanzen.ch/nachrichten/devisen/bitcoin-dogecoin-ethereum-&-co-am-vormittag-1035889876,finanzen.ch,49,10
2026-03-03,Is Bitcoin Safe from AI Replacement Threats ?,Is Bitcoin Safe from AI Replacement Threats ?,https://finance.yahoo.com/news/bitcoin-safe-ai-replacement-threats-105000254.html,finance.yahoo.com,45,8
2026-03-03,This Blockchain ETF Is Quietly Becoming an AI Infrastructure Play,This Blockchain ETF Is Quietly Becoming an AI Infrastructure Play,https://247wallst.com/investing/2026/03/02/this-blockchain-etf-is-quietly-becoming-an-ai-infrastructure-play/,247wallst.com,65,10
2026-03-03,"Riot Platforms to Sell Bitcoin for Operational Funding , Says VP","Riot Platforms to Sell Bitcoin for Operational Funding , Says VP",https://www.el-balad.com/6865872,el-balad.com,64,11
2026-03-03,"Connecting Excellence CEO on strong H1 update , growth & Bitcoin strategy","Connecting Excellence CEO on strong H1 update , growth & Bitcoin strategy",https://www.proactiveinvestors.co.uk/companies/news/1088196/connecting-excellence-ceo-on-strong-h1-update-growth-bitcoin-strategy-1088196.html,proactiveinvestors.co.uk,73,12
2026-03-03,"Bitcoin 2026 Conference announces first wave of world - class speakers , redesigned programming , and expanded cultural experience","Bitcoin 2026 Conference announces first wave of world - class speakers , redesigned programming , and expanded cultural experience",https://www.fxstreet.com/press-releases/bitcoin-2026-conference-announces-first-wave-of-world-class-speakers-redesigned-programming-and-expanded-cultural-experience-202603030700,fxstreet.com,130,19
2026-03-03,"Seasoned Trader Says Final Bitcoin Flush Is Coming , Here The Target","Seasoned Trader Says Final Bitcoin Flush Is Coming , Here The Target",https://www.newsbtc.com/news/bitcoin/final-bitcoin-flush-is-coming/,newsbtc.com,68,12
2026-03-03,Crypto Market Rally : Why Bitcoin and Altcoins are Going Up Amid War in Iran,Crypto Market Rally : Why Bitcoin and Altcoins are Going Up Amid War in Iran,https://www.banklesstimes.com/articles/2026/03/03/crypto-market-rally-why-bitcoin-and-altcoins-are-going-up-amid-war-in-iran/,banklesstimes.com,76,15
2026-03-03,"Steak  n Shake Says It Paying Hourly Employees A Bitcoin Bonus For Every Hour Worked , Pledges Trump Account Contributions - Biglari Holdings ( NYSE : BH )","Steak  n Shake Says It Paying Hourly Employees A Bitcoin Bonus For Every Hour Worked , Pledges Trump Account Contributions - Biglari Holdings ( NYSE : BH )",https://www.benzinga.com/crypto/cryptocurrency/26/03/50990925/steak-n-shake-says-its-paying-hourly-employees-a-bitcoin-bonus-for-every-hour-worked-pledges-trump-account-contributions,benzinga.com,155,28
2026-03-03,"Bitcoin Dropping to $60 , 000 Could Crush Every Stock Inside This $1 . 2B ETF","Bitcoin Dropping to $60 , 000 Could Crush Every Stock Inside This $1 . 2B ETF",https://247wallst.com/investing/2026/03/02/bitcoin-dropping-to-60000-could-crush-every-stock-inside-this-1-2b-etf/,247wallst.com,77,16
2026-03-03,Atomic Swaps Explained : How Multi - Protocol Trades Actually Execute in DeFi,Atomic Swaps Explained : How Multi - Protocol Trades Actually Execute in DeFi,https://bravenewcoin.com/insights/atomic-swaps-explained-how-multi-protocol-trades-actually-execute-in-defi,bravenewcoin.com,77,13
2026-03-03,Iran Crypto Outflows Rose 700 % After US - Israel Attack,Iran Crypto Outflows Rose 700 % After US - Israel Attack,https://cointelegraph.com/news/iran-crypto-outflows-rose-after-us-israel-attack,cointelegraph.com,56,11
2026-03-03,Steak  n Shake offers Bitcoin bonus to workers in fast - food industry first,Steak  n Shake offers Bitcoin bonus to workers in fast - food industry first,https://www.foxnews.com/food-drink/steak-n-shake-sparks-online-debate-21-cent-bitcoin-bonus-workers-this-way,foxnews.com,76,14
2026-03-03,"Ethereum Price Targets $2 , 150 Again , Bulls Seek Breakout Confirmation","Ethereum Price Targets $2 , 150 Again , Bulls Seek Breakout Confirmation",https://www.newsbtc.com/analysis/eth/ethereum-price-targets-2150/,newsbtc.com,72,12
2026-03-03,Ex - LAPD officer found guilty of crypto - related home invasion robbery,Ex - LAPD officer found guilty of crypto - related home invasion robbery,https://www.latimes.com/california/story/2026-03-02/former-lapd-officer-guilty-crypto-home-invasion-robbery,latimes.com,72,13
2026-03-03,The new structural cycle driving gold and Bitcoin,The new structural cycle driving gold and Bitcoin,https://www.zerohedge.com/news/2026-03-02/new-structural-cycle-driving-gold-and-bitcoin,zerohedge.com,49,8
2026-03-03,From Ethereum Origins to a Global Sovereign Digital Society : The Aligned Philosophies of CryptoMondays and Swarm Culminate in Global Product Rollout,From Ethereum Origins to a Global Sovereign Digital Society : The Aligned Philosophies of CryptoMondays and Swarm Culminate in Global Product Rollout,https://www.itnewsonline.com/GlobeNewswire/From-Ethereums-Origins-to-a-Global-Sovereign-Digital-Society-The-Aligned-Philosophies-of-CryptoMondays-and-Swarm-Culminate-in-Global-Product-Rollout/116826,itnewsonline.com,149,22
2026-03-03,"Ethereum Based Crypto Pepeto Announces $7 , 44M Raised While XRP Price Prediction Targets $20","Ethereum Based Crypto Pepeto Announces $7 , 44M Raised While XRP Price Prediction Targets $20",https://www.manilatimes.net/2026/03/03/tmt-newswire/globenewswire/ethereum-based-crypto-pepeto-announces-744m-raised-while-xrp-price-prediction-targets-20/2291727,manilatimes.net,93,15
2026-03-03,"Meta mizează pe monede stabile , Ethereum se pregătește de amenințarea  cuantică , iar Bitcoin revine la 70 . 000 de dolari","Meta mizează pe monede stabile , Ethereum se pregătește de amenințarea  cuantică , iar Bitcoin revine la 70 . 000 de dolari",https://www.stiripesurse.ro/meta-mizeaza-pe-monede-stabile-ethereum-se-pregateste-de-amenintarea-cuantica-iar-bitcoin-revine-la-70000-de-dolari_3864178,stiripesurse.ro,123,22
2026-03-03,"Bitcoin , Ethereum , XRP Rally , Dogecoin Flat As Iran Conflict Enters Its 3rd Day : Analyst Says Selling Pressure From Recent Buyers  Fading  - Grayscale Bitcoin Mini Trust ( BTC ) ( ARCA : BTC )","Bitcoin , Ethereum , XRP Rally , Dogecoin Flat As Iran Conflict Enters Its 3rd Day : Analyst Says Selling Pressure From Recent Buyers  Fading  - Grayscale Bitcoin Mini Trust ( BTC ) ( ARCA : BTC )",https://www.benzinga.com/crypto/cryptocurrency/26/03/50990204/bitcoin-ethereum-xrp-rally-dogecoin-flat-as-iran-conflict-enters-its-3rd-day-analyst-says-s,benzinga.com,196,38
2026-03-03,Texa $10M bitcoin investment slips into the red amid crypto price dive,Texa $10M bitcoin investment slips into the red amid crypto price dive,https://www.texarkanagazette.com/news/2026/mar/02/texas-10m-bitcoin-investment-slips-into-the-red/,texarkanagazette.com,70,12
2026-03-03,Bitcoin Prints Fifth Straight Red Month ; Previous Streak Was Followed By 300 % Surge,Bitcoin Prints Fifth Straight Red Month ; Previous Streak Was Followed By 300 % Surge,https://www.newsbtc.com/bitcoin-news/bitcoin-prints-fifth-straight-red-month-previous-streak-was-followed-by-300-surge/,newsbtc.com,85,15
2026-03-03,"Bitcoin Price Upside Capped Again , $70K Proves Tough Ceiling","Bitcoin Price Upside Capped Again , $70K Proves Tough Ceiling",https://www.newsbtc.com/analysis/btc/bitcoin-price-upside-capped-70k/,newsbtc.com,61,10
2026-03-03,Bitcoin Leads Crypto Funds $1B Rebound To End Negative Streak,Bitcoin Leads Crypto Funds $1B Rebound To End Negative Streak,https://www.newsbtc.com/news/bitcoin/bitcoin-crypto-funds-1-billion-rebound/,newsbtc.com,61,10
2026-03-03,Bitcoin analysis today shows breakout pauses near 69K as short - term pressure builds,Bitcoin analysis today shows breakout pauses near 69K as short - term pressure builds,https://investinglive.com:443/Cryptocurrency/bitcoin-analysis-today-shows-breakout-pauses-near-69k-as-short-term-pressure-builds-20260303/,investinglive.com,85,14
2026-03-03,Bitcoin Near Inflection Point Amid Mounting Geopolitical Stress,Bitcoin Near Inflection Point Amid Mounting Geopolitical Stress,https://www.actionforex.com/contributors/technical-analysis/631767-bitcoin-near-inflection-point-amid-mounting-geopolitical-stress/,actionforex.com,63,8
2026-03-03,Bitcoin Just Made Progress Against This 1 Existential Risk . Is It a Buy ?,Bitcoin Just Made Progress Against This 1 Existential Risk . Is It a Buy ?,https://www.fool.com/investing/2026/03/02/bitcoin-just-made-progress-against-this-1-existent/?source=iedfolrf0000001,fool.com,74,15
2026-03-03,Four Headwinds Stalling Bitcoin $70K Breakout,Four Headwinds Stalling Bitcoin $70K Breakout,https://finance.yahoo.com/news/four-headwinds-stalling-bitcoins-70k-114825780.html,finance.yahoo.com,45,6
2026-03-03,Steak  n Shake sparks online debate with 21 - cent bitcoin bonus for workers :  This is the way,Steak  n Shake sparks online debate with 21 - cent bitcoin bonus for workers :  This is the way,https://nypost.com/2026/03/02/lifestyle/steak-n-shake-sparks-online-debate-with-21-cent-bitcoin-bonus-for-workers-this-is-the-way/,nypost.com,95,19
2026-03-03,"Bitcoin jumps above $68 , 000 after five straight monthly losses ; $1 billion inflows reflect strong investor faith","Bitcoin jumps above $68 , 000 after five straight monthly losses ; $1 billion inflows reflect strong investor faith",https://economictimes.indiatimes.com/markets/cryptocurrency/bitcoin-jumps-above-68000-after-five-straight-monthly-losses-1-billion-inflows-reflect-strong-investor-faith/articleshow/128960883.cms,economictimes.indiatimes.com,115,19
2026-03-03,Why XRP Is Being Hailed As The Top Trade Over Bitcoin And Ethereum,Why XRP Is Being Hailed As The Top Trade Over Bitcoin And Ethereum,https://www.newsbtc.com/analysis/xrp/xrp-over-bitcoin-ethereum/,newsbtc.com,66,13
2026-03-03,Bitcoin Futures Activity Keeps Dropping : Are Investors Giving Up on BTC ?,Bitcoin Futures Activity Keeps Dropping : Are Investors Giving Up on BTC ?,https://cointelegraph.com/news/bitcoin-futures-demand-falls-to-2024-lows-are-institutions-exiting-the-market,cointelegraph.com,74,13
2026-03-03,Your Employer Probably wont Let You Invest in Bitcoin – EntornoInteligente . com,Your Employer Probably wont Let You Invest in Bitcoin – EntornoInteligente . com,https://entornointeligente.com/your-employer-probably-wont-let-you-invest-in-bitcoin/,entornointeligente.com,80,13
2026-03-03,"Elliot Wave Theory Says Bitcoin Price Is Headed To $40 , 000 , But The End Game Will Shock You","Elliot Wave Theory Says Bitcoin Price Is Headed To $40 , 000 , But The End Game Will Shock You",https://www.newsbtc.com/news/bitcoin/bitcoin-is-headed-to-40000/,newsbtc.com,94,20
2026-03-03,Bitcoin - Kurs auf dünnem Eis : Warum die Bodenbildung noch dauern könnte (),Bitcoin - Kurs auf dünnem Eis : Warum die Bodenbildung noch dauern könnte (),https://www.aktiencheck.de/news/Artikel-Bitcoin_Kurs_auf_duennem_Eis_Warum_Bodenbildung_noch_dauern_koennte-19524185,aktiencheck.de,76,14
2026-03-03,"Crypto News : Pepeto Announces $7 . 45M Raised Fast as Bitcoin Price Prediction Hits $750 , 000 After Iran Conflict","Crypto News : Pepeto Announces $7 . 45M Raised Fast as Bitcoin Price Prediction Hits $750 , 000 After Iran Conflict",https://www.manilatimes.net/2026/03/04/tmt-newswire/globenewswire/crypto-news-pepeto-announces-745m-raised-fast-as-bitcoin-price-prediction-hits-750000-after-iran-conflict/2292619,manilatimes.net,115,21
2026-03-03,Best Crypto App 2026 : The Clear Choice for Investors,Best Crypto App 2026 : The Clear Choice for Investors,https://www.sfweekly.com/marketplace/best-crypto-app-2026-the-clear-choice-for-investors/article_60163bd3-9d0c-4391-b7d3-c75325568270.html,sfweekly.com,53,10
2026-03-03,Massachusetts Attorney General Sues Bitcoin Depot for Allegedly Aiding Scams,Massachusetts Attorney General Sues Bitcoin Depot for Allegedly Aiding Scams,https://hot969boston.com/2026/03/03/massachusetts-attorney-general-sues-bitcoin-depot-for-allegedly-aiding-scams/,hot969boston.com,76,10
2026-03-03,Trump Family - backed American Bitcoin ( ABTC ) expands mining fleet 12 % as rivals pivot toward AI,Trump Family - backed American Bitcoin ( ABTC ) expands mining fleet 12 % as rivals pivot toward AI,https://www.coindesk.com/business/2026/03/03/eric-trump-s-american-bitcoin-buys-11-298-asic-miners-increasing-capacity-by-12,coindesk.com,99,19
2026-03-03,BitGo Launches MiCA - Compliant Crypto - as - a - Service Across 30 EEA Countries,BitGo Launches MiCA - Compliant Crypto - as - a - Service Across 30 EEA Countries,https://cointelegraph.com/news/bitgo-expands-mica-compliant-crypto-as-a-service-across-the-eea,cointelegraph.com,81,16
2026-03-03,Is Bitcoin ( BTC / USD ) second $70k rejection a  buy the dip  opportunity ?,Is Bitcoin ( BTC / USD ) second $70k rejection a  buy the dip  opportunity ?,https://www.marketpulse.com/markets/is-bitcoins-btcusd-second-70k-rejection-a-buy-the-dip-opportunity/,marketpulse.com,76,16
2026-03-03,"Current price of Bitcoin for March 3 , 2026","Current price of Bitcoin for March 3 , 2026",https://fortune.com/article/price-of-bitcoin-03-03-2026/,fortune.com,43,9
2026-03-03,Bitcoin and WW3 : 5 Key Indicators as BTC Eyes Global Liquidity Surge,Bitcoin and WW3 : 5 Key Indicators as BTC Eyes Global Liquidity Surge,https://finance.yahoo.com/news/bitcoin-ww3-5-key-indicators-131759692.html,finance.yahoo.com,69,13
2026-03-03,"Bitcoin Year - End Odds of Reaching $150 , 000 Just Slipped to 10 % on Prediction Markets -- Here What That Really Means for Crypto Investors","Bitcoin Year - End Odds of Reaching $150 , 000 Just Slipped to 10 % on Prediction Markets -- Here What That Really Means for Crypto Investors",https://finance.yahoo.com/news/bitcoins-end-odds-reaching-150-125900314.html,finance.yahoo.com,141,27
2026-03-03,"Ex - LAPD Officer Convicted in $350 , 000 Bitcoin Kidnapping Case","Ex - LAPD Officer Convicted in $350 , 000 Bitcoin Kidnapping Case",https://techstory.in/justice-in-the-digital-age-ex-lapd-officer-convicted-in-350000-bitcoin-kidnapping-case/,techstory.in,65,12
2026-03-03,Threshold Launches All - in - One Bitcoin Liquidity App,Threshold Launches All - in - One Bitcoin Liquidity App,https://www.benzinga.com/pressreleases/26/03/51017034/threshold-launches-all-in-one-bitcoin-liquidity-app,benzinga.com,55,10
2026-03-03,"Eric Trump American Bitcoin Expands Hashrate , Deepens BTC Bet","Eric Trump American Bitcoin Expands Hashrate , Deepens BTC Bet",https://cointelegraph.com/news/american-bitcoin-adds-3ehs-mining-capacity-expands-btc-treasury,cointelegraph.com,62,10
2026-03-03,DXY Hits 3 Month High : Will Bitcoin Rise Or Fall As A Result ?,DXY Hits 3 Month High : Will Bitcoin Rise Or Fall As A Result ?,https://cointelegraph.com/news/us-dollar-index-nears-3-month-high-is-this-good-or-bad-for-bitcoin,cointelegraph.com,63,15
2026-03-03,Building the Backbone : Institutional Leaders on Crypto Infrastructure at Liquidity Summit 2026,Building the Backbone : Institutional Leaders on Crypto Infrastructure at Liquidity Summit 2026,https://finance.yahoo.com/news/building-backbone-institutional-leaders-crypto-112909753.html,finance.yahoo.com,95,13
2026-03-03,"Bitcoin Slides Again as Iran War Jitters Hit BTC , Risk Assets","Bitcoin Slides Again as Iran War Jitters Hit BTC , Risk Assets",https://www.newsbtc.com/bitcoin-news/bitcoin-slides-again-iran-war-hit-btc/,newsbtc.com,62,12
2026-03-03,Bitcoin recuperează teren după vânzările provocate de conflictul SUA – Iran . Cea mai valoroasă criptomonedă revine spre 67 . 000 de dolari după corecţia bruscă din weekend . Piaţa cripto a pierdut 350 mld . dolari din capitalizare în ultima lună,Bitcoin recuperează teren după vânzările provocate de conflictul SUA – Iran . Cea mai valoroasă criptomonedă revine spre 67 . 000 de dolari după corecţia bruscă din weekend . Piaţa cripto a pierdut 350 mld . dolari din capitalizare în ultima lună,https://www.zfcorporate.ro/zf-ro/business-international/bitcoin-recupereaza-teren-dupa-vanzarile-provocate-conflictul-sua-23074222,zfcorporate.ro,246,42
2026-03-03,"Xgram . io Enables BTC to XMR Swaps , Delivering Fast and Secure Bitcoin to Monero Exchanges","Xgram . io Enables BTC to XMR Swaps , Delivering Fast and Secure Bitcoin to Monero Exchanges",https://www.benzinga.com/pressreleases/26/03/51018477/xgram-io-enables-btc-to-xmr-swaps-delivering-fast-and-secure-bitcoin-to-monero-exchanges,benzinga.com,92,17
2026-03-03,Bitcoin Coiling At Key Support Major Move Brewing,Bitcoin Coiling At Key Support Major Move Brewing,https://www.newsbtc.com/news/bitcoin/bitcoin-coiling-at-key-support/,newsbtc.com,49,8
2026-03-03,Iran crypto outflows after US Israel airstrikes : Why did Iran largest crypto exchange see a 700 % withdrawal spike minutes after US - Israel airstrikes hit Tehran ?,Iran crypto outflows after US Israel airstrikes : Why did Iran largest crypto exchange see a 700 % withdrawal spike minutes after US - Israel airstrikes hit Tehran ?,https://economictimes.indiatimes.com/news/international/us/why-did-irans-largest-crypto-exchange-see-a-700-withdrawal-spike-minutes-after-us-israel-airstrikes-hit-tehran/articleshow/128977821.cms,economictimes.indiatimes.com,165,29
2026-03-03,"Bitcoin At $67 , 000 , Ethereum , XRP , Dogecoin Hold Support As Sentiment Improves","Bitcoin At $67 , 000 , Ethereum , XRP , Dogecoin Hold Support As Sentiment Improves",https://www.benzinga.com/crypto/cryptocurrency/26/03/50997740/bitcoin-at-67000-ethereum-xrp-dogecoin-hold-support-as-sentiment-improves,benzinga.com,83,16
2026-03-03,Bitcoin scade din cauza temerilor prelungirii conflictului din Orientul Mijlociu,Bitcoin scade din cauza temerilor prelungirii conflictului din Orientul Mijlociu,https://ziare.com/razboi-iran/bitcoin-depreciere-active-risc-prelungire-conflict-1997858,ziare.com,80,10
2026-03-03,"Raport Binance : Meta revine la stablecoin - uri , Ethereum accelerează upgrade - urile anti - cuantice , iar Bitcoin revine la 70 . 000 de dolari","Raport Binance : Meta revine la stablecoin - uri , Ethereum accelerează upgrade - urile anti - cuantice , iar Bitcoin revine la 70 . 000 de dolari",https://www.bursa.ro/raport-binance-meta-revine-la-stablecoin-uri-ethereum-accelereaza-upgrade-urile-anti-cuantice-iar-bitcoin-revine-la-70000-de-dolari-24455851,bursa.ro,146,28
2026-03-03,"Iran War : An Oil Crisis , A Crypto Stress Test , And An AI Reckoning","Iran War : An Oil Crisis , A Crypto Stress Test , And An AI Reckoning",https://www.forbes.com/sites/digital-assets/2026/03/03/iran-war-an-oil-crisis-a-crypto-stress-test-and-an-ai-reckoning/,forbes.com,69,16
2026-03-03,The Big One Is Coming Soon  Serious Trump Warning Fuels A Massive Bitcoin Price Prediction,The Big One Is Coming Soon  Serious Trump Warning Fuels A Massive Bitcoin Price Prediction,https://www.forbes.com/sites/digital-assets/2026/03/03/the-big-one-is-coming-soon-serious-trump-warning-fuels-a-massive-bitcoin-price-prediction/,forbes.com,90,15
2026-03-03,South Korean authorities lose over $4 . 8 million in crypto after posting mnemonic recovery phrase online stolen PRTG tokens part of funds seized by National Tax Service from high - value tax evaders,South Korean authorities lose over $4 . 8 million in crypto after posting mnemonic recovery phrase online stolen PRTG tokens part of funds seized by National Tax Service from high - value tax evaders,https://www.tomshardware.com/tech-industry/cryptocurrency/south-korean-authorities-lose-over-usd4-8-million-in-crypto-after-posting-mnemonic-recovery-phrase-online-stolen-prtg-tokens-part-of-funds-seized-by-national-tax-service-from-high-value-tax-evaders,tomshardware.com,199,34
2026-03-03,"Bitcoin Holds $68 , 000 As Ethereum , XRP , Dogecoin Slip Despite Strong ETF Inflows","Bitcoin Holds $68 , 000 As Ethereum , XRP , Dogecoin Slip Despite Strong ETF Inflows",https://www.benzinga.com/crypto/cryptocurrency/26/03/51015309/bitcoin-holds-68000-as-ethereum-xrp-dogecoin-slip-despite-strong-etf-inflows,benzinga.com,84,16
2026-03-03,"Arthur Hayes : Bitcoin To $250 , 000 In 2026 And $750 , 000 In 2027 Because Trump Will  Print Money","Arthur Hayes : Bitcoin To $250 , 000 In 2026 And $750 , 000 In 2027 Because Trump Will  Print Money",https://www.benzinga.com/crypto/cryptocurrency/26/03/50996188/arthur-hayes-bitcoin-to-250000-in-2026-and-750000-in-2027-because-trump-will-print-money,benzinga.com,99,21
2026-03-03,Botwork Orange Capital announces launch of new Bitcoin - powered venture fund for the Machine World,Botwork Orange Capital announces launch of new Bitcoin - powered venture fund for the Machine World,https://cointelegraph.com/press-releases/botwork-orange-capital-announces-launch-of-new-bitcoin-powered-venture-fund-for-the-machine-world,cointelegraph.com,99,16
2026-03-03,Promising Cryptocurrency Stocks To Consider – March 3rd,Promising Cryptocurrency Stocks To Consider – March 3rd,https://www.tickerreport.com/banking-finance/13366123/promising-cryptocurrency-stocks-to-consider-march-3rd.html,tickerreport.com,55,8
2026-03-03,Why Bitcoin Is Falling Today | The Motley Fool,Why Bitcoin Is Falling Today | The Motley Fool,https://www.fool.com/investing/2026/03/03/why-bitcoin-is-falling-today/?source=iedfolrf0000001,fool.com,46,9
2026-03-03,"Bitcoin , la 48 % sub maximul istoric , după 5 luni consecutive de scăderi","Bitcoin , la 48 % sub maximul istoric , după 5 luni consecutive de scăderi",https://news.yam.md/ro/story/18730834,news.yam.md,74,15
2026-03-03,7 Mistakes People Make When Investing in Bitcoin,7 Mistakes People Make When Investing in Bitcoin,https://redditchstandard.co.uk/lifestyle/7-mistakes-people-make-when-investing-in-bitcoin/,redditchstandard.co.uk,48,8
2026-03-03,"Harvard Adjusts Tech Portfolio , Loses 35 % in 2 Months on Ethereum ETF Bet","Harvard Adjusts Tech Portfolio , Loses 35 % in 2 Months on Ethereum ETF Bet",https://www.ai-cio.com/news/harvard-adjusts-tech-portfolio-loses-35-in-2-months-on-ethereum-etf-bet/,ai-cio.com,75,15
2026-03-03,Geopolitical shock rattles crypto markets ; extended uncertainty clouds Bitcoin recovery path,Geopolitical shock rattles crypto markets ; extended uncertainty clouds Bitcoin recovery path,https://www.thehindubusinessline.com/money-and-banking/cryptocurrency/geopolitical-shock-rattles-crypto-markets-extended-uncertainty-clouds-bitcoins-recovery-path/article70699938.ece,thehindubusinessline.com,93,12
2026-03-03,Bitcoin plunges as risk of prolonged Iran war weighs on crypto,Bitcoin plunges as risk of prolonged Iran war weighs on crypto,https://www.businesstimes.com.sg/companies-markets/banking-finance/bitcoin-plunges-risk-prolonged-iran-war-weighs-crypto,businesstimes.com.sg,62,11
2026-03-03,Why Bitcoin Is Falling Today,Why Bitcoin Is Falling Today,https://finance.yahoo.com/news/why-bitcoin-falling-today-175225283.html,finance.yahoo.com,28,5
2026-03-05,Bitcoin Surges As Market Relief Rally Meets Trump Crypto Backing,Bitcoin Surges As Market Relief Rally Meets Trump Crypto Backing,https://memeburn.com/2026/03/bitcoin-price-surge/,memeburn.com,64,10
2026-03-05,Crypto Crash : Is Bitcoin a Buy After Its 40 % Slump ?,Crypto Crash : Is Bitcoin a Buy After Its 40 % Slump ?,https://finance.yahoo.com/news/crypto-crash-bitcoin-buy-40-112000179.html,finance.yahoo.com,54,13
2026-03-05,"AI Agents Love to Hodl Bitcoin and Spend Stablecoins , Study Finds","AI Agents Love to Hodl Bitcoin and Spend Stablecoins , Study Finds",https://gizmodo.com/ai-agents-love-to-hodl-bitcoin-and-spend-stablecoins-study-finds-2000729877,gizmodo.com,66,12
2026-03-05,"Kryptokurse heute : Bitcoin , Ethereum & Co . am Donnerstagvormittag","Kryptokurse heute : Bitcoin , Ethereum & Co . am Donnerstagvormittag",https://www.finanzen.net/nachricht/devisen/so-entwickeln-sich-bitcoin-ripple-co-am-vormittag-am-kryptomarkt-15536150,finanzen.net,68,11
2026-03-05,Altcoin Social Media Interest Hits 12 - Month Low : Santiment,Altcoin Social Media Interest Hits 12 - Month Low : Santiment,https://cointelegraph.com/news/altcoin-crypto-market-social-media-interest-sinks-bitcoin-dominance,cointelegraph.com,61,11
2026-03-05,"Bitcoin riskten besleniyor , 72 bin dolar aşıldı","Bitcoin riskten besleniyor , 72 bin dolar aşıldı",https://www.ntv.com.tr/ntvpara/kripto-para/bitcoin-riskten-besleniyor-72-bin-dolar-asildi-1714568,ntv.com.tr,48,8
2026-03-05,Kripto parada reni ralli : Bitcoin 72 bin dolar seviyesinde,Kripto parada reni ralli : Bitcoin 72 bin dolar seviyesinde,https://mansethaber.com/kripto-parada-reni-ralli-bitcoin-72-bin-dolar-seviyesinde,mansethaber.com,59,10
2026-03-05,Crypto Stocks Soar as US Regulators Push Ahead,Crypto Stocks Soar as US Regulators Push Ahead,https://cointelegraph.com/news/crypto-stocks-rally-trump-regulation-bitcoin-surge,cointelegraph.com,46,8
2026-03-05,"Bitcoin surges amid relief rally , Trump intervention","Bitcoin surges amid relief rally , Trump intervention",https://it-online.co.za/2026/03/05/bitcoin-surges-amid-relief-rally-trumps-intervention/,it-online.co.za,53,8
2026-03-05,"Pi Network , Dogecoin , and Bitcoin Prices are Rising : Is this the Start of a Crypto Bull Run ?","Pi Network , Dogecoin , and Bitcoin Prices are Rising : Is this the Start of a Crypto Bull Run ?",https://www.banklesstimes.com/articles/2026/03/05/pi-network-dogecoin-and-bitcoin-prices-are-rising-is-this-the-start-of-a-crypto-bull-run/,banklesstimes.com,96,21
2026-03-05,Anthony Scaramucci Says Kraken Evolving Into Something  Much Bigger  After Crypto Exchange Makes History : They Are  Quietly  Building - Bullish ( NYSE : BLSH ),Anthony Scaramucci Says Kraken Evolving Into Something  Much Bigger  After Crypto Exchange Makes History : They Are  Quietly  Building - Bullish ( NYSE : BLSH ),https://www.benzinga.com/crypto/cryptocurrency/26/03/51058083/anthony-scaramucci-says-kraken-evolving-into-something-much-bigger-after-crypto-exchange-ma,benzinga.com,160,26
2026-03-05,Rallye oder Dead Cat Bounce ?: Bitcoin : Short - Squeeze - oder droht eine Liquidationswelle ab 67 . 000 ?,Rallye oder Dead Cat Bounce ?: Bitcoin : Short - Squeeze - oder droht eine Liquidationswelle ab 67 . 000 ?,https://www.finanznachrichten.de/nachrichten-2026-03/67866877-rallye-oder-dead-cat-bounce-bitcoin-short-squeeze-oder-droht-eine-liquidationswelle-ab-67-000-049.htm,finanznachrichten.de,106,21
2026-03-05,Bitcoin nears $74K before paring gains ; key cues investors should watch,Bitcoin nears $74K before paring gains ; key cues investors should watch,https://www.moneycontrol.com/news/business/personal-finance/bitcoin-nears-74k-before-paring-gains-key-cues-investors-should-watch-13851111.html,moneycontrol.com,72,12
2026-03-05,"So entwickeln sich Bitcoin , Ripple & Co am Vormittag am Kryptomarkt","So entwickeln sich Bitcoin , Ripple & Co am Vormittag am Kryptomarkt",https://www.finanzen.ch/nachrichten/devisen/so-entwickeln-sich-bitcoin-ripple-&-co-am-vormittag-am-kryptomarkt-1035899335,finanzen.ch,68,12
2026-03-05,"Bitcoin price analysis : BTC gains above $73 , 000 as money flees South Korean stocks","Bitcoin price analysis : BTC gains above $73 , 000 as money flees South Korean stocks",https://www.coindesk.com/markets/2026/03/04/how-this-week-s-rout-in-korean-stocks-might-have-triggered-crypto-s-surge-higher,coindesk.com,85,16
2026-03-05,Bitcoin Institutional Moment : Why the World Largest Cryptocurrency Is Surging Again :,Bitcoin Institutional Moment : Why the World Largest Cryptocurrency Is Surging Again :,https://www.hedgeco.net/news/03/2026/bitcoins-institutional-moment-why-the-worlds-largest-cryptocurrency-is-surging-again.html,hedgeco.net,86,13
2026-03-05,"Ray Dalio thinks bitcoin is no gold , and that is exactly why bulls are buying","Ray Dalio thinks bitcoin is no gold , and that is exactly why bulls are buying",https://www.coindesk.com/markets/2026/03/04/crypto-bulls-slam-ray-dalio-s-tired-narratives-in-defense-of-bitcoin-s-future,coindesk.com,78,16
2026-03-05,"Bitcoin tops $72 , 000 as ETFs pull $155 million , extending two week inflow streak","Bitcoin tops $72 , 000 as ETFs pull $155 million , extending two week inflow streak",https://www.coindesk.com/markets/2026/03/05/bitcoin-tops-usd72k-as-etfs-pull-usd155-million-extending-two-week-inflow-streak,coindesk.com,83,16
2026-03-05,Bitcoin Bulls Strike Back But $78K May Remain Resistance,Bitcoin Bulls Strike Back But $78K May Remain Resistance,https://cointelegraph.com/news/bitcoins-bullish-momentum-accelerates-but-topping-78k-remains-a-challenge,cointelegraph.com,56,9
2026-03-05,Crypto scores first historic access to Fed payment system,Crypto scores first historic access to Fed payment system,https://www.aol.com/articles/crypto-scores-first-historic-access-213700628.html,aol.com,57,9
2026-03-05,Bitcoin Latest News Today : BTC May Be Undervalued Against Gold as,Bitcoin Latest News Today : BTC May Be Undervalued Against Gold as,https://www.openpr.com/news/4413100/bitcoin-latest-news-today-btc-may-be-undervalued-against-gold-as,openpr.com,66,12
2026-03-05,"YieldMax MSTR Is A Nightmare ETF , Despite Dreamy Dividends","YieldMax MSTR Is A Nightmare ETF , Despite Dreamy Dividends",https://finance.yahoo.com/news/yieldmax-mstr-nightmare-etf-despite-012633555.html,finance.yahoo.com,59,10
2026-03-05,"Coinbase Global ( COIN ) Climbs 14 . 6 % on CEO - Trump Meet , Crypto Backing","Coinbase Global ( COIN ) Climbs 14 . 6 % on CEO - Trump Meet , Crypto Backing",https://www.insidermonkey.com/blog/coinbase-global-coin-climbs-14-6-on-ceo-trump-meet-crypto-backing-1709269/,insidermonkey.com,77,18
2026-03-05,"BTC Hovers Below Key $72 , 000 Resistance Level","BTC Hovers Below Key $72 , 000 Resistance Level",https://www.el-balad.com/16868130,el-balad.com,47,9
2026-03-05,Bitwise Makes Latest Donation to Open - Source Bitcoin Devs,Bitwise Makes Latest Donation to Open - Source Bitcoin Devs,https://cointelegraph.com/news/bitwise-second-donation-bitcoin-devs,cointelegraph.com,59,10
2026-03-05,BTC - Absturz auf 20 . 000 US - Dollar ? Peter Schiff rät Bitcoin jetzt zu verkaufen,BTC - Absturz auf 20 . 000 US - Dollar ? Peter Schiff rät Bitcoin jetzt zu verkaufen,https://www.finanzen.net/nachricht/devisen/im-abwaertssog-peter-schiff-laesst-alarmglocken-schrillen-bitcoin-jetzt-verkaufen-sturz-auf-20-000-us-dollar-droht-15522417,finanzen.net,84,18
2026-03-05,Core Scientific May Sell  All  Bitcoin to Finance AI Pivot,Core Scientific May Sell  All  Bitcoin to Finance AI Pivot,https://finance.yahoo.com/news/core-scientific-may-sell-bitcoin-174234646.html,finance.yahoo.com,58,10
2026-03-05,"Eric Trump Says JPMorgan , Wells Fargo And Bank of America Trying To Block Americans From Getting Higher Yields On Savings By Sabotaging Clarity Act - American Bitcoin ( NASDAQ : ABTC ), Bank of America ( NYSE : BAC )","Eric Trump Says JPMorgan , Wells Fargo And Bank of America Trying To Block Americans From Getting Higher Yields On Savings By Sabotaging Clarity Act - American Bitcoin ( NASDAQ : ABTC ), Bank of America ( NYSE : BAC )",https://www.benzinga.com/crypto/cryptocurrency/26/03/51057623/eric-trump-says-jpmorgan-wells-fargo-and-bank-of-america-trying-to-block-americans-from-getting-higher-yields-on-savings-by-sabotaging-clarity-act,benzinga.com,217,41
2026-03-05,Get the Facts : How Kentucky is working to crack down on crypto kiosk scams,Get the Facts : How Kentucky is working to crack down on crypto kiosk scams,https://www.wlky.com/article/kentucky-crypto-kiosk-scams-bills/70611225,wlky.com,75,15
2026-03-05,"Bitcoin surges : Up 5 % in 24 hours , holds firm above $72 , 000 as ETF inflows boost sentiment – Firstpost","Bitcoin surges : Up 5 % in 24 hours , holds firm above $72 , 000 as ETF inflows boost sentiment – Firstpost",https://www.firstpost.com/business/bitcoin-surges-5-in-24-hours-holds-firm-above-72000-as-etf-inflows-boost-sentiment-13986436.html,firstpost.com,107,23
2026-03-05,US Bitcoin ETFs Post $462 Million Inflows as BTC Tops $73K,US Bitcoin ETFs Post $462 Million Inflows as BTC Tops $73K,https://cointelegraph.com/news/spot-bitcoin-etfs-462-million-inflows-btc-surge-73k,cointelegraph.com,58,11
2026-03-05,"US govt contractor busted on ritzy Caribbean island for stealing $46M in crypto from US Marshals Service , FBI says","US govt contractor busted on ritzy Caribbean island for stealing $46M in crypto from US Marshals Service , FBI says",https://nypost.com/2026/03/05/us-news/us-govt-contractor-busted-on-ritzy-caribbean-island-for-stealing-46m-in-crypto-from-us-marshals-service-fbi-says/,nypost.com,115,20
2026-03-05,Indiana Governor Signs Bill Allowing Crypto In Retirement Plans,Indiana Governor Signs Bill Allowing Crypto In Retirement Plans,https://www.zerohedge.com/crypto/indiana-governor-signs-bill-allowing-crypto-retirement-plans,zerohedge.com,63,9
2026-03-05,"IRS 1099 - DA Reporting Gaps Could Cause Crypto Investors to Overpay Taxes by $14 , 500 , Summ Analysis Finds","IRS 1099 - DA Reporting Gaps Could Cause Crypto Investors to Overpay Taxes by $14 , 500 , Summ Analysis Finds",https://www.cpapracticeadvisor.com/2026/03/05/irs-1099-da-reporting-gaps-could-cause-crypto-investors-to-overpay-taxes-by-14500-analysis-finds/179323/,cpapracticeadvisor.com,109,21
2026-03-05,Cathedra Bitcoin Inc .: Cathedra Bitcoin and Sphere3D Announce Business Combination,Cathedra Bitcoin Inc .: Cathedra Bitcoin and Sphere3D Announce Business Combination,https://www.finanznachrichten.de/nachrichten-2026-03/67870733-cathedra-bitcoin-inc-cathedra-bitcoin-and-sphere3d-announce-business-combination-296.htm,finanznachrichten.de,83,11
2026-03-05,"XRP To Pass Bitcoin , US Veteran Claims Amid War Forecast","XRP To Pass Bitcoin , US Veteran Claims Amid War Forecast",https://www.newsbtc.com/news/bitcoin/xrp-to-pass-bitcoin-us-veteran-claims-amid-war-forecast/,newsbtc.com,57,11
2026-03-05,"Bitcoin Consolidates Near Key Support Band $77 , 000 Holds The Key To The Next Move","Bitcoin Consolidates Near Key Support Band $77 , 000 Holds The Key To The Next Move",https://www.newsbtc.com/news/bitcoin/bitcoin-near-key-support-band/,newsbtc.com,83,16
2026-03-05,"Bitcoin Just Flashed Death Cross That Has Led To Previous Bottoms , But What The Target ?","Bitcoin Just Flashed Death Cross That Has Led To Previous Bottoms , But What The Target ?",https://www.newsbtc.com/news/bitcoin/bitcoin-flashed-death-cross-2/,newsbtc.com,89,17
2026-03-05,Bitcoin Liquidity Set To Expand With Morgan Stanley BTC ETF Option,Bitcoin Liquidity Set To Expand With Morgan Stanley BTC ETF Option,https://www.newsbtc.com/news/bitcoin/bitcoin-liquidity-set-to-expand/,newsbtc.com,66,11
2026-03-05,Best Crypto Telegram Channels in 2026 : Ranked & Reviewed,Best Crypto Telegram Channels in 2026 : Ranked & Reviewed,https://www.directionsmag.com/crypto/best-crypto-telegram-channels-in-2026-ranked-reviewed-and-safe-to-use,directionsmag.com,57,10
2026-03-05,Bitcoin Treasuries Media Announces The Ultimate Bitcoin Vegas 2026 Kick - Off,Bitcoin Treasuries Media Announces The Ultimate Bitcoin Vegas 2026 Kick - Off,https://www.financial-news.co.uk/bitcoin-treasuries-media-announces-the-ultimate-bitcoin-vegas-2026-kick-off/,financial-news.co.uk,77,12
2026-03-05,"Bitcoin Surges Past $73 , 000 Amid South Korean Stock Exodus","Bitcoin Surges Past $73 , 000 Amid South Korean Stock Exodus",https://www.el-balad.com/16869020,el-balad.com,60,11
2026-03-05,Harvard Picks ETH USD After Trimming Bitcoin ETF Exposure,Harvard Picks ETH USD After Trimming Bitcoin ETF Exposure,https://finance.yahoo.com/news/harvard-picks-eth-usd-trimming-084949386.html,finance.yahoo.com,57,9
2026-03-05,Coinbase Derivative contracts made available to Ripple clients,Coinbase Derivative contracts made available to Ripple clients,https://www.assetservicingtimes.com/assetservicesnews/digitalassetsarticle.php?article_id=17753,assetservicingtimes.com,62,8
2026-03-05,Update|Two more fast food workers charged in $1 . 5 million bitcoin scam,Update|Two more fast food workers charged in $1 . 5 million bitcoin scam,http://jamaica-star.com/article/news/20260305/updatetwo-more-fast-food-workers-charged-15-million-bitcoin-scam,jamaica-star.com,72,13
2026-03-05,"Bitcoin Traders See Bleak Rebound Odds as $74 , 000 Fades","Bitcoin Traders See Bleak Rebound Odds as $74 , 000 Fades",https://cointelegraph.com/news/bitcoin-trader-sees-lower-soon-btc-price-starts-erase-74k-breakout,cointelegraph.com,57,11
2026-03-05,"Bitcoin Dips Below $72 , 000 Amid Geopolitical Tensions and Macro Headwinds","Bitcoin Dips Below $72 , 000 Amid Geopolitical Tensions and Macro Headwinds",https://www.ibtimes.com.au/bitcoin-dips-below-72000-amid-geopolitical-tensions-macro-headwinds-1862707,ibtimes.com.au,75,12
2026-03-05,Nach 10 - Prozent - Sprung : Neue Rally bei Strategy ?,Nach 10 - Prozent - Sprung : Neue Rally bei Strategy ?,https://www.deraktionaer.de/artikel/technischeanalyse/nach-10-prozent-sprung-neue-rally-bei-strategy-20396674.html,deraktionaer.de,54,12
2026-03-05,Crypto News : Pepeto Confirms Binance Listing Soon as XRP Price Prediction Targets $10 and Whales Move In,Crypto News : Pepeto Confirms Binance Listing Soon as XRP Price Prediction Targets $10 and Whales Move In,https://www.manilatimes.net/2026/03/06/tmt-newswire/globenewswire/crypto-news-pepeto-confirms-binance-listing-soon-as-xrp-price-prediction-targets-10-and-whales-move-in/2294516,manilatimes.net,105,18
2026-03-05,"Crypto Stocks Strategy , Coinbase , and Circle Jump in Premarket Trading Wednesday","Crypto Stocks Strategy , Coinbase , and Circle Jump in Premarket Trading Wednesday",https://finance.yahoo.com/news/crypto-stocks-strategy-coinbase-circle-134631649.html,finance.yahoo.com,82,13
2026-03-05,Best Bitcoin Stocks To Consider – March 5th,Best Bitcoin Stocks To Consider – March 5th,https://www.themarketsdaily.com/2026/03/05/best-bitcoin-stocks-to-consider-march-5th.html,themarketsdaily.com,43,8
2026-03-05,"Two more arrested in card - skimming , cryptocurrency laundering ring in Manchester","Two more arrested in card - skimming , cryptocurrency laundering ring in Manchester",https://www.jamaicaobserver.com/2026/03/05/two-arrested-card-skimming-cryptocurrency-laundering-ring-manchester/,jamaicaobserver.com,83,13
2026-03-05,"Bitcoin , XRP , and other crypto prices are rising today . What Trump said on Truth Social to boost digital assets","Bitcoin , XRP , and other crypto prices are rising today . What Trump said on Truth Social to boost digital assets",https://finance.yahoo.com/news/bitcoin-xrp-other-crypto-prices-132200858.html,finance.yahoo.com,114,22
2026-03-05,"Bitcoin Surges to $74 , 000 After President Trump Throws Support Behind Key Crypto Bill","Bitcoin Surges to $74 , 000 After President Trump Throws Support Behind Key Crypto Bill",https://www.investopedia.com/bitcoin-surges-after-president-trump-throws-support-behind-key-crypto-bill-11919161,investopedia.com,87,15
2026-03-05,"Ethereum ETFs Draw In $169M , Highest Level in Two Months","Ethereum ETFs Draw In $169M , Highest Level in Two Months",https://finance.yahoo.com/news/ethereum-etfs-draw-169m-highest-124435429.html,finance.yahoo.com,57,11
2026-03-05,"Market rebound meets a fifth day of war : traders watch payrolls , oil , and a surge in bitcoin","Market rebound meets a fifth day of war : traders watch payrolls , oil , and a surge in bitcoin",https://www.el-balad.com/16868784,el-balad.com,95,20
2026-03-05,BitFuFu Announces February 2026 Bitcoin Production and Operational Updates,BitFuFu Announces February 2026 Bitcoin Production and Operational Updates,https://www.manilatimes.net/2026/03/05/tmt-newswire/globenewswire/bitfufu-announces-february-2026-bitcoin-production-and-operational-updates/2294024,manilatimes.net,74,9
2026-03-05,American Bitcoin Adds BTC As Eric Trump Blasts Big Bank Crypto Lobbying,American Bitcoin Adds BTC As Eric Trump Blasts Big Bank Crypto Lobbying,https://bitcoinmagazine.com/news/american-bitcoin-expands-treasury-to-6500,bitcoinmagazine.com,71,12
2026-03-05,Institutional Awakening : Why the Shift in Coinbase Premium Index Points to a Sustained BTC Rally,Institutional Awakening : Why the Shift in Coinbase Premium Index Points to a Sustained BTC Rally,http://www.econotimes.com/Institutional-Awakening-Why-the-Shift-in-Coinbase-Premium-Index-Points-to-a-Sustained-BTC-Rally-1735488,econotimes.com,97,16
2026-03-05,Bitcoin - Kurs hat gute Chancen auf ein Comeback,Bitcoin - Kurs hat gute Chancen auf ein Comeback,https://www.onvista.de/news/2026/03-05-bitcoin-kurs-hat-gute-chancen-auf-ein-comeback-41121433-19-26486452,onvista.de,48,9
2026-03-05,"Morgan Stanley Files Bitcoin ETF , Backs Core Scientific With $500M","Morgan Stanley Files Bitcoin ETF , Backs Core Scientific With $500M",https://www.benzinga.com/crypto/cryptocurrency/26/03/51071902/morgan-stanley-files-bitcoin-etf-backs-core-scientific-with-500m,benzinga.com,67,11
2026-03-05,Mike Selig Confirmed As A Bitcoin 2026 Speaker,Mike Selig Confirmed As A Bitcoin 2026 Speaker,https://bitcoinmagazine.com/conference/mike-selig-confirmed-as-a-bitcoin-2026-speaker,bitcoinmagazine.com,46,8
2026-03-05,"Crypto Legislation Stalls As White House , Banks Clash","Crypto Legislation Stalls As White House , Banks Clash",https://bitcoinmagazine.com/news/crypto-legislation-stalls-in-washington,bitcoinmagazine.com,54,9
2026-03-05,"Land Bank hackers demanded R5 . 4m in bitcoin , Godongwana tells MPs","Land Bank hackers demanded R5 . 4m in bitcoin , Godongwana tells MPs",https://www.timeslive.co.za/news/south-africa/2026-03-05-land-bank-hackers-demanded-r54m-in-bitcoin/,timeslive.co.za,68,13
